image,mask
/data/heguozhen/Fire/activefire/images/patches/LC08_L1TP_158034_20200808_20200808_01_RT_p00386.tif,/data/heguozhen/Fire/activefire/masks/voting/LC08_L1TP_158034_20200808_20200808_01_RT_voting_p00386.tif
/data/heguozhen/Fire/activefire/images/patches/LC08_L1TP_170066_20200812_20200812_01_RT_p00531.tif,/data/heguozhen/Fire/activefire/masks/voting/LC08_L1TP_170066_20200812_20200812_01_RT_voting_p00531.tif
/data/heguozhen/Fire/activefire/images/patches/LC08_L1TP_182061_20200816_20200816_01_RT_p00274.tif,/data/heguozhen/Fire/activefire/masks/voting/LC08_L1TP_182061_20200816_20200816_01_RT_voting_p00274.tif
/data/heguozhen/Fire/activefire/images/patches/LC08_L1TP_022038_20200815_20200815_01_RT_p00318.tif,/data/heguozhen/Fire/activefire/masks/voting/LC08_L1TP_022038_20200815_20200815_01_RT_voting_p00318.tif
/data/heguozhen/Fire/activefire/images/patches/LC08_L1TP_166039_20200816_20200816_01_RT_p00322.tif,/data/heguozhen/Fire/activefire/masks/voting/LC08_L1TP_166039_20200816_20200816_01_RT_voting_p00322.tif
/data/heguozhen/Fire/activefire/images/patches/LC08_L1TP_121027_20200821_20200821_01_RT_p00968.tif,/data/heguozhen/Fire/activefire/masks/voting/LC08_L1TP_121027_20200821_20200821_01_RT_voting_p00968.tif
/data/heguozhen/Fire/activefire/images/patches/LC08_L1TP_174069_20200808_20200808_01_RT_p00576.tif,/data/heguozhen/Fire/activefire/masks/voting/LC08_L1TP_174069_20200808_20200808_01_RT_voting_p00576.tif
/data/heguozhen/Fire/activefire/images/patches/LC08_L1TP_161017_20200813_20200813_01_RT_p00343.tif,/data/heguozhen/Fire/activefire/masks/voting/LC08_L1TP_161017_20200813_20200813_01_RT_voting_p00343.tif
/data/heguozhen/Fire/activefire/images/patches/LC08_L1TP_172068_20200810_20200810_01_RT_p00875.tif,/data/heguozhen/Fire/activefire/masks/voting/LC08_L1TP_172068_20200810_20200810_01_RT_voting_p00875.tif
/data/heguozhen/Fire/activefire/images/patches/LC08_L1TP_033030_20200828_20200828_01_RT_p00579.tif,/data/heguozhen/Fire/activefire/masks/voting/LC08_L1TP_033030_20200828_20200828_01_RT_voting_p00579.tif
/data/heguozhen/Fire/activefire/images/patches/LC08_L1TP_169067_20200821_20200821_01_RT_p00338.tif,/data/heguozhen/Fire/activefire/masks/voting/LC08_L1TP_169067_20200821_20200821_01_RT_voting_p00338.tif
/data/heguozhen/Fire/activefire/images/patches/LC08_L1TP_130014_20200820_20200820_01_RT_p00941.tif,/data/heguozhen/Fire/activefire/masks/voting/LC08_L1TP_130014_20200820_20200820_01_RT_voting_p00941.tif
/data/heguozhen/Fire/activefire/images/patches/LC08_L1TP_110066_20200824_20200824_01_RT_p00364.tif,/data/heguozhen/Fire/activefire/masks/voting/LC08_L1TP_110066_20200824_20200824_01_RT_voting_p00364.tif
/data/heguozhen/Fire/activefire/images/patches/LC08_L1TP_197025_20200809_20200809_01_RT_p00461.tif,/data/heguozhen/Fire/activefire/masks/voting/LC08_L1TP_197025_20200809_20200809_01_RT_voting_p00461.tif
/data/heguozhen/Fire/activefire/images/patches/LC08_L1TP_142029_20200808_20200808_01_RT_p00706.tif,/data/heguozhen/Fire/activefire/masks/voting/LC08_L1TP_142029_20200808_20200808_01_RT_voting_p00706.tif
/data/heguozhen/Fire/activefire/images/patches/LC08_L1TP_170065_20200812_20200812_01_RT_p00736.tif,/data/heguozhen/Fire/activefire/masks/voting/LC08_L1TP_170065_20200812_20200812_01_RT_voting_p00736.tif
/data/heguozhen/Fire/activefire/images/patches/LC08_L1TP_133015_20200825_20200825_01_RT_p00207.tif,/data/heguozhen/Fire/activefire/masks/voting/LC08_L1TP_133015_20200825_20200825_01_RT_voting_p00207.tif
/data/heguozhen/Fire/activefire/images/patches/LC08_L1TP_001066_20200812_20200812_01_RT_p00797.tif,/data/heguozhen/Fire/activefire/masks/voting/LC08_L1TP_001066_20200812_20200812_01_RT_voting_p00797.tif
/data/heguozhen/Fire/activefire/images/patches/LC08_L1TP_182061_20200816_20200816_01_RT_p00501.tif,/data/heguozhen/Fire/activefire/masks/voting/LC08_L1TP_182061_20200816_20200816_01_RT_voting_p00501.tif
/data/heguozhen/Fire/activefire/images/patches/LC08_L1TP_124050_20200826_20200826_01_RT_p00550.tif,/data/heguozhen/Fire/activefire/masks/voting/LC08_L1TP_124050_20200826_20200826_01_RT_voting_p00550.tif
/data/heguozhen/Fire/activefire/images/patches/LC08_L1TP_175071_20200815_20200815_01_RT_p00320.tif,/data/heguozhen/Fire/activefire/masks/voting/LC08_L1TP_175071_20200815_20200815_01_RT_voting_p00320.tif
/data/heguozhen/Fire/activefire/images/patches/LC08_L1TP_154032_20200828_20200828_01_RT_p00531.tif,/data/heguozhen/Fire/activefire/masks/voting/LC08_L1TP_154032_20200828_20200828_01_RT_voting_p00531.tif
/data/heguozhen/Fire/activefire/images/patches/LC08_L1TP_173069_20200817_20200817_01_RT_p00794.tif,/data/heguozhen/Fire/activefire/masks/voting/LC08_L1TP_173069_20200817_20200817_01_RT_voting_p00794.tif
/data/heguozhen/Fire/activefire/images/patches/LC08_L1TP_220080_20200810_20200810_01_RT_p00106.tif,/data/heguozhen/Fire/activefire/masks/voting/LC08_L1TP_220080_20200810_20200810_01_RT_voting_p00106.tif
/data/heguozhen/Fire/activefire/images/patches/LC08_L1TP_136015_20200830_20200830_01_RT_p00866.tif,/data/heguozhen/Fire/activefire/masks/voting/LC08_L1TP_136015_20200830_20200830_01_RT_voting_p00866.tif
/data/heguozhen/Fire/activefire/images/patches/LC08_L1TP_121028_20200821_20200821_01_RT_p00484.tif,/data/heguozhen/Fire/activefire/masks/voting/LC08_L1TP_121028_20200821_20200821_01_RT_voting_p00484.tif
/data/heguozhen/Fire/activefire/images/patches/LC08_L1TP_172069_20200810_20200810_01_RT_p00207.tif,/data/heguozhen/Fire/activefire/masks/voting/LC08_L1TP_172069_20200810_20200810_01_RT_voting_p00207.tif
/data/heguozhen/Fire/activefire/images/patches/LC08_L1TP_005069_20200824_20200824_01_RT_p00223.tif,/data/heguozhen/Fire/activefire/masks/voting/LC08_L1TP_005069_20200824_20200824_01_RT_voting_p00223.tif
/data/heguozhen/Fire/activefire/images/patches/LC08_L1TP_128043_20200822_20200822_01_RT_p00470.tif,/data/heguozhen/Fire/activefire/masks/voting/LC08_L1TP_128043_20200822_20200822_01_RT_voting_p00470.tif
/data/heguozhen/Fire/activefire/images/patches/LC08_L1TP_181070_20200809_20200809_01_RT_p00782.tif,/data/heguozhen/Fire/activefire/masks/voting/LC08_L1TP_181070_20200809_20200809_01_RT_voting_p00782.tif
/data/heguozhen/Fire/activefire/images/patches/LC08_L1TP_227078_20200811_20200811_01_RT_p00134.tif,/data/heguozhen/Fire/activefire/masks/voting/LC08_L1TP_227078_20200811_20200811_01_RT_voting_p00134.tif
/data/heguozhen/Fire/activefire/images/patches/LC08_L1TP_179068_20200811_20200811_01_RT_p00321.tif,/data/heguozhen/Fire/activefire/masks/voting/LC08_L1TP_179068_20200811_20200811_01_RT_voting_p00321.tif
/data/heguozhen/Fire/activefire/images/patches/LC08_L1TP_172067_20200810_20200810_01_RT_p00441.tif,/data/heguozhen/Fire/activefire/masks/voting/LC08_L1TP_172067_20200810_20200810_01_RT_voting_p00441.tif
/data/heguozhen/Fire/activefire/images/patches/LC08_L1TP_170070_20200812_20200812_01_RT_p00356.tif,/data/heguozhen/Fire/activefire/masks/voting/LC08_L1TP_170070_20200812_20200812_01_RT_voting_p00356.tif
/data/heguozhen/Fire/activefire/images/patches/LC08_L1TP_118028_20200816_20200816_01_RT_p00334.tif,/data/heguozhen/Fire/activefire/masks/voting/LC08_L1TP_118028_20200816_20200816_01_RT_voting_p00334.tif
/data/heguozhen/Fire/activefire/images/patches/LC08_L1TP_172070_20200810_20200810_01_RT_p00085.tif,/data/heguozhen/Fire/activefire/masks/voting/LC08_L1TP_172070_20200810_20200810_01_RT_voting_p00085.tif
/data/heguozhen/Fire/activefire/images/patches/LC08_L1TP_122013_20200828_20200828_01_RT_p00552.tif,/data/heguozhen/Fire/activefire/masks/voting/LC08_L1TP_122013_20200828_20200828_01_RT_voting_p00552.tif
/data/heguozhen/Fire/activefire/images/patches/LC08_L1TP_001067_20200828_20200828_01_RT_p00627.tif,/data/heguozhen/Fire/activefire/masks/voting/LC08_L1TP_001067_20200828_20200828_01_RT_voting_p00627.tif
/data/heguozhen/Fire/activefire/images/patches/LC08_L1TP_202036_20200812_20200812_01_RT_p00796.tif,/data/heguozhen/Fire/activefire/masks/voting/LC08_L1TP_202036_20200812_20200812_01_RT_voting_p00796.tif
/data/heguozhen/Fire/activefire/images/patches/LC08_L1TP_001066_20200828_20200828_01_RT_p00324.tif,/data/heguozhen/Fire/activefire/masks/voting/LC08_L1TP_001066_20200828_20200828_01_RT_voting_p00324.tif
/data/heguozhen/Fire/activefire/images/patches/LC08_L1TP_170065_20200812_20200812_01_RT_p00729.tif,/data/heguozhen/Fire/activefire/masks/voting/LC08_L1TP_170065_20200812_20200812_01_RT_voting_p00729.tif
/data/heguozhen/Fire/activefire/images/patches/LC08_L1TP_220081_20200810_20200810_01_RT_p00282.tif,/data/heguozhen/Fire/activefire/masks/voting/LC08_L1TP_220081_20200810_20200810_01_RT_voting_p00282.tif
/data/heguozhen/Fire/activefire/images/patches/LC08_L1TP_170070_20200812_20200812_01_RT_p00233.tif,/data/heguozhen/Fire/activefire/masks/voting/LC08_L1TP_170070_20200812_20200812_01_RT_voting_p00233.tif
/data/heguozhen/Fire/activefire/images/patches/LC08_L1TP_122042_20200828_20200828_01_RT_p00701.tif,/data/heguozhen/Fire/activefire/masks/voting/LC08_L1TP_122042_20200828_20200828_01_RT_voting_p00701.tif
/data/heguozhen/Fire/activefire/images/patches/LC08_L1TP_182061_20200816_20200816_01_RT_p00182.tif,/data/heguozhen/Fire/activefire/masks/voting/LC08_L1TP_182061_20200816_20200816_01_RT_voting_p00182.tif
/data/heguozhen/Fire/activefire/images/patches/LC08_L1TP_227065_20200811_20200811_01_RT_p00166.tif,/data/heguozhen/Fire/activefire/masks/voting/LC08_L1TP_227065_20200811_20200811_01_RT_voting_p00166.tif
/data/heguozhen/Fire/activefire/images/patches/LC08_L1TP_224079_20200806_20200807_01_RT_p00783.tif,/data/heguozhen/Fire/activefire/masks/voting/LC08_L1TP_224079_20200806_20200807_01_RT_voting_p00783.tif
/data/heguozhen/Fire/activefire/images/patches/LC08_L1TP_119027_20200823_20200823_01_RT_p00614.tif,/data/heguozhen/Fire/activefire/masks/voting/LC08_L1TP_119027_20200823_20200823_01_RT_voting_p00614.tif
/data/heguozhen/Fire/activefire/images/patches/LC08_L1TP_154032_20200812_20200812_01_RT_p00606.tif,/data/heguozhen/Fire/activefire/masks/voting/LC08_L1TP_154032_20200812_20200812_01_RT_voting_p00606.tif
/data/heguozhen/Fire/activefire/images/patches/LC08_L1TP_124031_20200826_20200826_01_RT_p00653.tif,/data/heguozhen/Fire/activefire/masks/voting/LC08_L1TP_124031_20200826_20200826_01_RT_voting_p00653.tif
/data/heguozhen/Fire/activefire/images/patches/LC08_L1TP_122044_20200828_20200828_01_RT_p00542.tif,/data/heguozhen/Fire/activefire/masks/voting/LC08_L1TP_122044_20200828_20200828_01_RT_voting_p00542.tif
/data/heguozhen/Fire/activefire/images/patches/LC08_L1GT_160018_20200822_20200822_01_RT_p00741.tif,/data/heguozhen/Fire/activefire/masks/voting/LC08_L1GT_160018_20200822_20200822_01_RT_voting_p00741.tif
/data/heguozhen/Fire/activefire/images/patches/LC08_L1TP_174066_20200808_20200808_01_RT_p00597.tif,/data/heguozhen/Fire/activefire/masks/voting/LC08_L1TP_174066_20200808_20200808_01_RT_voting_p00597.tif
/data/heguozhen/Fire/activefire/images/patches/LC08_L1TP_008046_20200829_20200829_01_RT_p00271.tif,/data/heguozhen/Fire/activefire/masks/voting/LC08_L1TP_008046_20200829_20200829_01_RT_voting_p00271.tif
/data/heguozhen/Fire/activefire/images/patches/LC08_L1TP_124031_20200810_20200810_01_RT_p00367.tif,/data/heguozhen/Fire/activefire/masks/voting/LC08_L1TP_124031_20200810_20200810_01_RT_voting_p00367.tif
/data/heguozhen/Fire/activefire/images/patches/LC08_L1TP_181064_20200809_20200809_01_RT_p00770.tif,/data/heguozhen/Fire/activefire/masks/voting/LC08_L1TP_181064_20200809_20200809_01_RT_voting_p00770.tif
/data/heguozhen/Fire/activefire/images/patches/LC08_L1TP_170066_20200812_20200812_01_RT_p00291.tif,/data/heguozhen/Fire/activefire/masks/voting/LC08_L1TP_170066_20200812_20200812_01_RT_voting_p00291.tif
/data/heguozhen/Fire/activefire/images/patches/LC08_L1TP_025038_20200820_20200820_01_RT_p00114.tif,/data/heguozhen/Fire/activefire/masks/voting/LC08_L1TP_025038_20200820_20200820_01_RT_voting_p00114.tif
/data/heguozhen/Fire/activefire/images/patches/LC08_L1TP_179066_20200811_20200811_01_RT_p00352.tif,/data/heguozhen/Fire/activefire/masks/voting/LC08_L1TP_179066_20200811_20200811_01_RT_voting_p00352.tif
/data/heguozhen/Fire/activefire/images/patches/LC08_L1TP_131034_20200827_20200827_01_RT_p00191.tif,/data/heguozhen/Fire/activefire/masks/voting/LC08_L1TP_131034_20200827_20200827_01_RT_voting_p00191.tif
/data/heguozhen/Fire/activefire/images/patches/LC08_L1TP_220076_20200810_20200810_01_RT_p00630.tif,/data/heguozhen/Fire/activefire/masks/voting/LC08_L1TP_220076_20200810_20200810_01_RT_voting_p00630.tif
/data/heguozhen/Fire/activefire/images/patches/LC08_L1TP_100066_20200818_20200818_01_RT_p00576.tif,/data/heguozhen/Fire/activefire/masks/voting/LC08_L1TP_100066_20200818_20200818_01_RT_voting_p00576.tif
/data/heguozhen/Fire/activefire/images/patches/LC08_L1TP_120032_20200830_20200830_01_RT_p00369.tif,/data/heguozhen/Fire/activefire/masks/voting/LC08_L1TP_120032_20200830_20200830_01_RT_voting_p00369.tif
/data/heguozhen/Fire/activefire/images/patches/LC08_L1TP_175066_20200815_20200815_01_RT_p00212.tif,/data/heguozhen/Fire/activefire/masks/voting/LC08_L1TP_175066_20200815_20200815_01_RT_voting_p00212.tif
/data/heguozhen/Fire/activefire/images/patches/LC08_L1TP_115028_20200811_20200811_01_RT_p00472.tif,/data/heguozhen/Fire/activefire/masks/voting/LC08_L1TP_115028_20200811_20200811_01_RT_voting_p00472.tif
/data/heguozhen/Fire/activefire/images/patches/LC08_L1TP_021036_20200808_20200809_01_RT_p00084.tif,/data/heguozhen/Fire/activefire/masks/voting/LC08_L1TP_021036_20200808_20200809_01_RT_voting_p00084.tif
/data/heguozhen/Fire/activefire/images/patches/LC08_L1TP_140018_20200826_20200826_01_RT_p00941.tif,/data/heguozhen/Fire/activefire/masks/voting/LC08_L1TP_140018_20200826_20200826_01_RT_voting_p00941.tif
/data/heguozhen/Fire/activefire/images/patches/LC08_L1TP_121031_20200821_20200821_01_RT_p00795.tif,/data/heguozhen/Fire/activefire/masks/voting/LC08_L1TP_121031_20200821_20200821_01_RT_voting_p00795.tif
/data/heguozhen/Fire/activefire/images/patches/LC08_L1TP_222078_20200808_20200808_01_RT_p00328.tif,/data/heguozhen/Fire/activefire/masks/voting/LC08_L1TP_222078_20200808_20200808_01_RT_voting_p00328.tif
/data/heguozhen/Fire/activefire/images/patches/LC08_L1TP_174069_20200808_20200808_01_RT_p00317.tif,/data/heguozhen/Fire/activefire/masks/voting/LC08_L1TP_174069_20200808_20200808_01_RT_voting_p00317.tif
/data/heguozhen/Fire/activefire/images/patches/LC08_L1TP_028032_20200825_20200825_01_RT_p00516.tif,/data/heguozhen/Fire/activefire/masks/voting/LC08_L1TP_028032_20200825_20200825_01_RT_voting_p00516.tif
/data/heguozhen/Fire/activefire/images/patches/LC08_L1TP_168073_20200830_20200830_01_RT_p00415.tif,/data/heguozhen/Fire/activefire/masks/voting/LC08_L1TP_168073_20200830_20200830_01_RT_voting_p00415.tif
/data/heguozhen/Fire/activefire/images/patches/LC08_L1TP_165068_20200809_20200809_01_RT_p00772.tif,/data/heguozhen/Fire/activefire/masks/voting/LC08_L1TP_165068_20200809_20200809_01_RT_voting_p00772.tif
/data/heguozhen/Fire/activefire/images/patches/LC08_L1TP_165069_20200809_20200809_01_RT_p00696.tif,/data/heguozhen/Fire/activefire/masks/voting/LC08_L1TP_165069_20200809_20200809_01_RT_voting_p00696.tif
/data/heguozhen/Fire/activefire/images/patches/LC08_L1TP_169034_20200821_20200821_01_RT_p00144.tif,/data/heguozhen/Fire/activefire/masks/voting/LC08_L1TP_169034_20200821_20200821_01_RT_voting_p00144.tif
/data/heguozhen/Fire/activefire/images/patches/LC08_L1TP_119027_20200823_20200823_01_RT_p00180.tif,/data/heguozhen/Fire/activefire/masks/voting/LC08_L1TP_119027_20200823_20200823_01_RT_voting_p00180.tif
/data/heguozhen/Fire/activefire/images/patches/LC08_L1TP_173071_20200817_20200817_01_RT_p00564.tif,/data/heguozhen/Fire/activefire/masks/voting/LC08_L1TP_173071_20200817_20200817_01_RT_voting_p00564.tif
/data/heguozhen/Fire/activefire/images/patches/LC08_L1TP_175068_20200815_20200815_01_RT_p00320.tif,/data/heguozhen/Fire/activefire/masks/voting/LC08_L1TP_175068_20200815_20200815_01_RT_voting_p00320.tif
/data/heguozhen/Fire/activefire/images/patches/LC08_L1TP_124041_20200826_20200826_01_RT_p00848.tif,/data/heguozhen/Fire/activefire/masks/voting/LC08_L1TP_124041_20200826_20200826_01_RT_voting_p00848.tif
/data/heguozhen/Fire/activefire/images/patches/LC08_L1TP_120034_20200830_20200830_01_RT_p00751.tif,/data/heguozhen/Fire/activefire/masks/voting/LC08_L1TP_120034_20200830_20200830_01_RT_voting_p00751.tif
/data/heguozhen/Fire/activefire/images/patches/LC08_L1TP_224063_20200806_20200807_01_RT_p00770.tif,/data/heguozhen/Fire/activefire/masks/voting/LC08_L1TP_224063_20200806_20200807_01_RT_voting_p00770.tif
/data/heguozhen/Fire/activefire/images/patches/LC08_L1TP_166067_20200816_20200816_01_RT_p00493.tif,/data/heguozhen/Fire/activefire/masks/voting/LC08_L1TP_166067_20200816_20200816_01_RT_voting_p00493.tif
/data/heguozhen/Fire/activefire/images/patches/LC08_L1TP_124037_20200826_20200826_01_RT_p00643.tif,/data/heguozhen/Fire/activefire/masks/voting/LC08_L1TP_124037_20200826_20200826_01_RT_voting_p00643.tif
/data/heguozhen/Fire/activefire/images/patches/LC08_L1TP_122044_20200812_20200812_01_RT_p00578.tif,/data/heguozhen/Fire/activefire/masks/voting/LC08_L1TP_122044_20200812_20200812_01_RT_voting_p00578.tif
/data/heguozhen/Fire/activefire/images/patches/LC08_L1TP_001066_20200828_20200828_01_RT_p00206.tif,/data/heguozhen/Fire/activefire/masks/voting/LC08_L1TP_001066_20200828_20200828_01_RT_voting_p00206.tif
/data/heguozhen/Fire/activefire/images/patches/LC08_L1TP_047021_20200830_20200831_01_RT_p00478.tif,/data/heguozhen/Fire/activefire/masks/voting/LC08_L1TP_047021_20200830_20200831_01_RT_voting_p00478.tif
/data/heguozhen/Fire/activefire/images/patches/LC08_L1TP_166070_20200816_20200816_01_RT_p00613.tif,/data/heguozhen/Fire/activefire/masks/voting/LC08_L1TP_166070_20200816_20200816_01_RT_voting_p00613.tif
/data/heguozhen/Fire/activefire/images/patches/LC08_L1TP_222072_20200808_20200808_01_RT_p00720.tif,/data/heguozhen/Fire/activefire/masks/voting/LC08_L1TP_222072_20200808_20200808_01_RT_voting_p00720.tif
/data/heguozhen/Fire/activefire/images/patches/LC08_L1TP_175069_20200815_20200815_01_RT_p00645.tif,/data/heguozhen/Fire/activefire/masks/voting/LC08_L1TP_175069_20200815_20200815_01_RT_voting_p00645.tif
/data/heguozhen/Fire/activefire/images/patches/LC08_L1TP_190025_20200808_20200808_01_RT_p00711.tif,/data/heguozhen/Fire/activefire/masks/voting/LC08_L1TP_190025_20200808_20200808_01_RT_voting_p00711.tif
/data/heguozhen/Fire/activefire/images/patches/LC08_L1TP_172063_20200810_20200810_01_RT_p00457.tif,/data/heguozhen/Fire/activefire/masks/voting/LC08_L1TP_172063_20200810_20200810_01_RT_voting_p00457.tif
/data/heguozhen/Fire/activefire/images/patches/LC08_L1TP_175027_20200815_20200815_01_RT_p00085.tif,/data/heguozhen/Fire/activefire/masks/voting/LC08_L1TP_175027_20200815_20200815_01_RT_voting_p00085.tif
/data/heguozhen/Fire/activefire/images/patches/LC08_L1TP_160075_20200822_20200822_01_RT_p00114.tif,/data/heguozhen/Fire/activefire/masks/voting/LC08_L1TP_160075_20200822_20200822_01_RT_voting_p00114.tif
/data/heguozhen/Fire/activefire/images/patches/LC08_L1TP_117018_20200809_20200809_01_RT_p00451.tif,/data/heguozhen/Fire/activefire/masks/voting/LC08_L1TP_117018_20200809_20200809_01_RT_voting_p00451.tif
/data/heguozhen/Fire/activefire/images/patches/LC08_L1TP_173063_20200817_20200817_01_RT_p00450.tif,/data/heguozhen/Fire/activefire/masks/voting/LC08_L1TP_173063_20200817_20200817_01_RT_voting_p00450.tif
/data/heguozhen/Fire/activefire/images/patches/LC08_L1TP_119038_20200823_20200823_01_RT_p00571.tif,/data/heguozhen/Fire/activefire/masks/voting/LC08_L1TP_119038_20200823_20200823_01_RT_voting_p00571.tif
/data/heguozhen/Fire/activefire/images/patches/LC08_L1TP_166071_20200816_20200816_01_RT_p00409.tif,/data/heguozhen/Fire/activefire/masks/voting/LC08_L1TP_166071_20200816_20200816_01_RT_voting_p00409.tif
/data/heguozhen/Fire/activefire/images/patches/LC08_L1TP_172068_20200810_20200810_01_RT_p00332.tif,/data/heguozhen/Fire/activefire/masks/voting/LC08_L1TP_172068_20200810_20200810_01_RT_voting_p00332.tif
/data/heguozhen/Fire/activefire/images/patches/LC08_L1TP_175067_20200815_20200815_01_RT_p00789.tif,/data/heguozhen/Fire/activefire/masks/voting/LC08_L1TP_175067_20200815_20200815_01_RT_voting_p00789.tif
/data/heguozhen/Fire/activefire/images/patches/LC08_L1TP_156021_20200810_20200810_01_RT_p00360.tif,/data/heguozhen/Fire/activefire/masks/voting/LC08_L1TP_156021_20200810_20200810_01_RT_voting_p00360.tif
/data/heguozhen/Fire/activefire/images/patches/LC08_L1TP_170069_20200812_20200812_01_RT_p00791.tif,/data/heguozhen/Fire/activefire/masks/voting/LC08_L1TP_170069_20200812_20200812_01_RT_voting_p00791.tif
/data/heguozhen/Fire/activefire/images/patches/LC08_L1TP_122022_20200812_20200812_01_RT_p00504.tif,/data/heguozhen/Fire/activefire/masks/voting/LC08_L1TP_122022_20200812_20200812_01_RT_voting_p00504.tif
/data/heguozhen/Fire/activefire/images/patches/LC08_L1TP_120013_20200830_20200830_01_RT_p00409.tif,/data/heguozhen/Fire/activefire/masks/voting/LC08_L1TP_120013_20200830_20200830_01_RT_voting_p00409.tif
/data/heguozhen/Fire/activefire/images/patches/LC08_L1TP_161072_20200813_20200813_01_RT_p00789.tif,/data/heguozhen/Fire/activefire/masks/voting/LC08_L1TP_161072_20200813_20200813_01_RT_voting_p00789.tif
/data/heguozhen/Fire/activefire/images/patches/LC08_L1TP_168061_20200830_20200830_01_RT_p00389.tif,/data/heguozhen/Fire/activefire/masks/voting/LC08_L1TP_168061_20200830_20200830_01_RT_voting_p00389.tif
/data/heguozhen/Fire/activefire/images/patches/LC08_L1TP_170069_20200812_20200812_01_RT_p00458.tif,/data/heguozhen/Fire/activefire/masks/voting/LC08_L1TP_170069_20200812_20200812_01_RT_voting_p00458.tif
/data/heguozhen/Fire/activefire/images/patches/LC08_L1TP_166068_20200816_20200816_01_RT_p00144.tif,/data/heguozhen/Fire/activefire/masks/voting/LC08_L1TP_166068_20200816_20200816_01_RT_voting_p00144.tif
/data/heguozhen/Fire/activefire/images/patches/LC08_L1TP_170070_20200812_20200812_01_RT_p00442.tif,/data/heguozhen/Fire/activefire/masks/voting/LC08_L1TP_170070_20200812_20200812_01_RT_voting_p00442.tif
/data/heguozhen/Fire/activefire/images/patches/LC08_L1TP_121028_20200821_20200821_01_RT_p00430.tif,/data/heguozhen/Fire/activefire/masks/voting/LC08_L1TP_121028_20200821_20200821_01_RT_voting_p00430.tif
/data/heguozhen/Fire/activefire/images/patches/LC08_L1TP_179069_20200811_20200811_01_RT_p00320.tif,/data/heguozhen/Fire/activefire/masks/voting/LC08_L1TP_179069_20200811_20200811_01_RT_voting_p00320.tif
/data/heguozhen/Fire/activefire/images/patches/LC08_L1TP_115066_20200827_20200827_01_RT_p00849.tif,/data/heguozhen/Fire/activefire/masks/voting/LC08_L1TP_115066_20200827_20200827_01_RT_voting_p00849.tif
/data/heguozhen/Fire/activefire/images/patches/LC08_L1TP_173065_20200817_20200817_01_RT_p00877.tif,/data/heguozhen/Fire/activefire/masks/voting/LC08_L1TP_173065_20200817_20200817_01_RT_voting_p00877.tif
/data/heguozhen/Fire/activefire/images/patches/LC08_L1TP_175068_20200815_20200815_01_RT_p00189.tif,/data/heguozhen/Fire/activefire/masks/voting/LC08_L1TP_175068_20200815_20200815_01_RT_voting_p00189.tif
/data/heguozhen/Fire/activefire/images/patches/LC08_L1TP_124052_20200826_20200826_01_RT_p00400.tif,/data/heguozhen/Fire/activefire/masks/voting/LC08_L1TP_124052_20200826_20200826_01_RT_voting_p00400.tif
/data/heguozhen/Fire/activefire/images/patches/LC08_L1TP_227077_20200811_20200811_01_RT_p00243.tif,/data/heguozhen/Fire/activefire/masks/voting/LC08_L1TP_227077_20200811_20200811_01_RT_voting_p00243.tif
/data/heguozhen/Fire/activefire/images/patches/LC08_L1TP_138039_20200828_20200828_01_RT_p00585.tif,/data/heguozhen/Fire/activefire/masks/voting/LC08_L1TP_138039_20200828_20200828_01_RT_voting_p00585.tif
/data/heguozhen/Fire/activefire/images/patches/LC08_L1TP_222064_20200808_20200808_01_RT_p00725.tif,/data/heguozhen/Fire/activefire/masks/voting/LC08_L1TP_222064_20200808_20200808_01_RT_voting_p00725.tif
/data/heguozhen/Fire/activefire/images/patches/LC08_L1TP_123038_20200819_20200819_01_RT_p00279.tif,/data/heguozhen/Fire/activefire/masks/voting/LC08_L1TP_123038_20200819_20200819_01_RT_voting_p00279.tif
/data/heguozhen/Fire/activefire/images/patches/LC08_L1TP_179063_20200811_20200811_01_RT_p00081.tif,/data/heguozhen/Fire/activefire/masks/voting/LC08_L1TP_179063_20200811_20200811_01_RT_voting_p00081.tif
/data/heguozhen/Fire/activefire/images/patches/LC08_L1TP_172070_20200810_20200810_01_RT_p00408.tif,/data/heguozhen/Fire/activefire/masks/voting/LC08_L1TP_172070_20200810_20200810_01_RT_voting_p00408.tif
/data/heguozhen/Fire/activefire/images/patches/LC08_L1TP_174066_20200808_20200808_01_RT_p00424.tif,/data/heguozhen/Fire/activefire/masks/voting/LC08_L1TP_174066_20200808_20200808_01_RT_voting_p00424.tif
/data/heguozhen/Fire/activefire/images/patches/LC08_L1TP_168065_20200830_20200830_01_RT_p00753.tif,/data/heguozhen/Fire/activefire/masks/voting/LC08_L1TP_168065_20200830_20200830_01_RT_voting_p00753.tif
/data/heguozhen/Fire/activefire/images/patches/LC08_L1TP_172070_20200810_20200810_01_RT_p00789.tif,/data/heguozhen/Fire/activefire/masks/voting/LC08_L1TP_172070_20200810_20200810_01_RT_voting_p00789.tif
/data/heguozhen/Fire/activefire/images/patches/LC08_L1TP_175070_20200815_20200815_01_RT_p00676.tif,/data/heguozhen/Fire/activefire/masks/voting/LC08_L1TP_175070_20200815_20200815_01_RT_voting_p00676.tif
/data/heguozhen/Fire/activefire/images/patches/LC08_L1TP_126033_20200824_20200824_01_RT_p00664.tif,/data/heguozhen/Fire/activefire/masks/voting/LC08_L1TP_126033_20200824_20200824_01_RT_voting_p00664.tif
/data/heguozhen/Fire/activefire/images/patches/LC08_L1TP_114067_20200820_20200820_01_RT_p00875.tif,/data/heguozhen/Fire/activefire/masks/voting/LC08_L1TP_114067_20200820_20200820_01_RT_voting_p00875.tif
/data/heguozhen/Fire/activefire/images/patches/LC08_L1TP_135018_20200823_20200823_01_RT_p00144.tif,/data/heguozhen/Fire/activefire/masks/voting/LC08_L1TP_135018_20200823_20200823_01_RT_voting_p00144.tif
/data/heguozhen/Fire/activefire/images/patches/LC08_L1TP_181063_20200809_20200809_01_RT_p00327.tif,/data/heguozhen/Fire/activefire/masks/voting/LC08_L1TP_181063_20200809_20200809_01_RT_voting_p00327.tif
/data/heguozhen/Fire/activefire/images/patches/LC08_L1TP_220080_20200810_20200810_01_RT_p00229.tif,/data/heguozhen/Fire/activefire/masks/voting/LC08_L1TP_220080_20200810_20200810_01_RT_voting_p00229.tif
/data/heguozhen/Fire/activefire/images/patches/LC08_L1TP_123026_20200819_20200819_01_RT_p00446.tif,/data/heguozhen/Fire/activefire/masks/voting/LC08_L1TP_123026_20200819_20200819_01_RT_voting_p00446.tif
/data/heguozhen/Fire/activefire/images/patches/LC08_L1TP_011061_20200818_20200818_01_RT_p00643.tif,/data/heguozhen/Fire/activefire/masks/voting/LC08_L1TP_011061_20200818_20200818_01_RT_voting_p00643.tif
/data/heguozhen/Fire/activefire/images/patches/LC08_L1TP_031038_20200814_20200815_01_RT_p00356.tif,/data/heguozhen/Fire/activefire/masks/voting/LC08_L1TP_031038_20200814_20200815_01_RT_voting_p00356.tif
/data/heguozhen/Fire/activefire/images/patches/LC08_L1TP_170068_20200812_20200812_01_RT_p00427.tif,/data/heguozhen/Fire/activefire/masks/voting/LC08_L1TP_170068_20200812_20200812_01_RT_voting_p00427.tif
/data/heguozhen/Fire/activefire/images/patches/LC08_L1TP_130032_20200820_20200820_01_RT_p00636.tif,/data/heguozhen/Fire/activefire/masks/voting/LC08_L1TP_130032_20200820_20200820_01_RT_voting_p00636.tif
/data/heguozhen/Fire/activefire/images/patches/LC08_L1TP_179070_20200811_20200811_01_RT_p00112.tif,/data/heguozhen/Fire/activefire/masks/voting/LC08_L1TP_179070_20200811_20200811_01_RT_voting_p00112.tif
/data/heguozhen/Fire/activefire/images/patches/LC08_L1TP_001066_20200828_20200828_01_RT_p00676.tif,/data/heguozhen/Fire/activefire/masks/voting/LC08_L1TP_001066_20200828_20200828_01_RT_voting_p00676.tif
/data/heguozhen/Fire/activefire/images/patches/LC08_L1TP_130032_20200820_20200820_01_RT_p00665.tif,/data/heguozhen/Fire/activefire/masks/voting/LC08_L1TP_130032_20200820_20200820_01_RT_voting_p00665.tif
/data/heguozhen/Fire/activefire/images/patches/LC08_L1TP_174069_20200808_20200808_01_RT_p00700.tif,/data/heguozhen/Fire/activefire/masks/voting/LC08_L1TP_174069_20200808_20200808_01_RT_voting_p00700.tif
/data/heguozhen/Fire/activefire/images/patches/LC08_L1TP_166070_20200816_20200816_01_RT_p00660.tif,/data/heguozhen/Fire/activefire/masks/voting/LC08_L1TP_166070_20200816_20200816_01_RT_voting_p00660.tif
/data/heguozhen/Fire/activefire/images/patches/LC08_L1TP_161072_20200813_20200813_01_RT_p00641.tif,/data/heguozhen/Fire/activefire/masks/voting/LC08_L1TP_161072_20200813_20200813_01_RT_voting_p00641.tif
/data/heguozhen/Fire/activefire/images/patches/LC08_L1TP_122032_20200828_20200828_01_RT_p00230.tif,/data/heguozhen/Fire/activefire/masks/voting/LC08_L1TP_122032_20200828_20200828_01_RT_voting_p00230.tif
/data/heguozhen/Fire/activefire/images/patches/LC08_L1TP_131035_20200827_20200827_01_RT_p00678.tif,/data/heguozhen/Fire/activefire/masks/voting/LC08_L1TP_131035_20200827_20200827_01_RT_voting_p00678.tif
/data/heguozhen/Fire/activefire/images/patches/LC08_L1TP_119031_20200807_20200807_01_RT_p00607.tif,/data/heguozhen/Fire/activefire/masks/voting/LC08_L1TP_119031_20200807_20200807_01_RT_voting_p00607.tif
/data/heguozhen/Fire/activefire/images/patches/LC08_L1TP_166070_20200816_20200816_01_RT_p00239.tif,/data/heguozhen/Fire/activefire/masks/voting/LC08_L1TP_166070_20200816_20200816_01_RT_voting_p00239.tif
/data/heguozhen/Fire/activefire/images/patches/LC08_L1TP_119032_20200823_20200823_01_RT_p00408.tif,/data/heguozhen/Fire/activefire/masks/voting/LC08_L1TP_119032_20200823_20200823_01_RT_voting_p00408.tif
/data/heguozhen/Fire/activefire/images/patches/LC08_L1TP_173070_20200817_20200817_01_RT_p00616.tif,/data/heguozhen/Fire/activefire/masks/voting/LC08_L1TP_173070_20200817_20200817_01_RT_voting_p00616.tif
/data/heguozhen/Fire/activefire/images/patches/LC08_L1TP_170065_20200812_20200812_01_RT_p00491.tif,/data/heguozhen/Fire/activefire/masks/voting/LC08_L1TP_170065_20200812_20200812_01_RT_voting_p00491.tif
/data/heguozhen/Fire/activefire/images/patches/LC08_L1TP_115027_20200811_20200811_01_RT_p00271.tif,/data/heguozhen/Fire/activefire/masks/voting/LC08_L1TP_115027_20200811_20200811_01_RT_voting_p00271.tif
/data/heguozhen/Fire/activefire/images/patches/LC08_L1GT_101064_20200825_20200825_01_RT_p00271.tif,/data/heguozhen/Fire/activefire/masks/voting/LC08_L1GT_101064_20200825_20200825_01_RT_voting_p00271.tif
/data/heguozhen/Fire/activefire/images/patches/LC08_L1TP_173073_20200817_20200817_01_RT_p00720.tif,/data/heguozhen/Fire/activefire/masks/voting/LC08_L1TP_173073_20200817_20200817_01_RT_voting_p00720.tif
/data/heguozhen/Fire/activefire/images/patches/LC08_L1TP_166070_20200816_20200816_01_RT_p00328.tif,/data/heguozhen/Fire/activefire/masks/voting/LC08_L1TP_166070_20200816_20200816_01_RT_voting_p00328.tif
/data/heguozhen/Fire/activefire/images/patches/LC08_L1TP_114028_20200820_20200820_01_RT_p00470.tif,/data/heguozhen/Fire/activefire/masks/voting/LC08_L1TP_114028_20200820_20200820_01_RT_voting_p00470.tif
/data/heguozhen/Fire/activefire/images/patches/LC08_L1TP_170066_20200812_20200812_01_RT_p00614.tif,/data/heguozhen/Fire/activefire/masks/voting/LC08_L1TP_170066_20200812_20200812_01_RT_voting_p00614.tif
/data/heguozhen/Fire/activefire/images/patches/LC08_L1TP_154031_20200812_20200812_01_RT_p00488.tif,/data/heguozhen/Fire/activefire/masks/voting/LC08_L1TP_154031_20200812_20200812_01_RT_voting_p00488.tif
/data/heguozhen/Fire/activefire/images/patches/LC08_L1TP_119028_20200807_20200807_01_RT_p00820.tif,/data/heguozhen/Fire/activefire/masks/voting/LC08_L1TP_119028_20200807_20200807_01_RT_voting_p00820.tif
/data/heguozhen/Fire/activefire/images/patches/LC08_L1TP_173066_20200817_20200817_01_RT_p00318.tif,/data/heguozhen/Fire/activefire/masks/voting/LC08_L1TP_173066_20200817_20200817_01_RT_voting_p00318.tif
/data/heguozhen/Fire/activefire/images/patches/LC08_L1TP_101065_20200825_20200825_01_RT_p00284.tif,/data/heguozhen/Fire/activefire/masks/voting/LC08_L1TP_101065_20200825_20200825_01_RT_voting_p00284.tif
/data/heguozhen/Fire/activefire/images/patches/LC08_L1TP_121059_20200821_20200821_01_RT_p00272.tif,/data/heguozhen/Fire/activefire/masks/voting/LC08_L1TP_121059_20200821_20200821_01_RT_voting_p00272.tif
/data/heguozhen/Fire/activefire/images/patches/LC08_L1TP_181063_20200809_20200809_01_RT_p00129.tif,/data/heguozhen/Fire/activefire/masks/voting/LC08_L1TP_181063_20200809_20200809_01_RT_voting_p00129.tif
/data/heguozhen/Fire/activefire/images/patches/LC08_L1TP_173065_20200817_20200817_01_RT_p00578.tif,/data/heguozhen/Fire/activefire/masks/voting/LC08_L1TP_173065_20200817_20200817_01_RT_voting_p00578.tif
/data/heguozhen/Fire/activefire/images/patches/LC08_L1TP_126048_20200824_20200824_01_RT_p00534.tif,/data/heguozhen/Fire/activefire/masks/voting/LC08_L1TP_126048_20200824_20200824_01_RT_voting_p00534.tif
/data/heguozhen/Fire/activefire/images/patches/LC08_L1TP_126034_20200824_20200824_01_RT_p00878.tif,/data/heguozhen/Fire/activefire/masks/voting/LC08_L1TP_126034_20200824_20200824_01_RT_voting_p00878.tif
/data/heguozhen/Fire/activefire/images/patches/LC08_L1TP_175067_20200815_20200815_01_RT_p00636.tif,/data/heguozhen/Fire/activefire/masks/voting/LC08_L1TP_175067_20200815_20200815_01_RT_voting_p00636.tif
/data/heguozhen/Fire/activefire/images/patches/LC08_L1TP_179069_20200811_20200811_01_RT_p00345.tif,/data/heguozhen/Fire/activefire/masks/voting/LC08_L1TP_179069_20200811_20200811_01_RT_voting_p00345.tif
/data/heguozhen/Fire/activefire/images/patches/LC08_L1TP_170069_20200812_20200812_01_RT_p00079.tif,/data/heguozhen/Fire/activefire/masks/voting/LC08_L1TP_170069_20200812_20200812_01_RT_voting_p00079.tif
/data/heguozhen/Fire/activefire/images/patches/LC08_L1TP_179057_20200811_20200811_01_RT_p00146.tif,/data/heguozhen/Fire/activefire/masks/voting/LC08_L1TP_179057_20200811_20200811_01_RT_voting_p00146.tif
/data/heguozhen/Fire/activefire/images/patches/LC08_L1TP_118030_20200816_20200816_01_RT_p00406.tif,/data/heguozhen/Fire/activefire/masks/voting/LC08_L1TP_118030_20200816_20200816_01_RT_voting_p00406.tif
/data/heguozhen/Fire/activefire/images/patches/LC08_L1TP_170079_20200812_20200812_01_RT_p00377.tif,/data/heguozhen/Fire/activefire/masks/voting/LC08_L1TP_170079_20200812_20200812_01_RT_voting_p00377.tif
/data/heguozhen/Fire/activefire/images/patches/LC08_L1TP_168073_20200830_20200830_01_RT_p00614.tif,/data/heguozhen/Fire/activefire/masks/voting/LC08_L1TP_168073_20200830_20200830_01_RT_voting_p00614.tif
/data/heguozhen/Fire/activefire/images/patches/LC08_L1TP_126033_20200824_20200824_01_RT_p00877.tif,/data/heguozhen/Fire/activefire/masks/voting/LC08_L1TP_126033_20200824_20200824_01_RT_voting_p00877.tif
/data/heguozhen/Fire/activefire/images/patches/LC08_L1TP_173068_20200817_20200817_01_RT_p00412.tif,/data/heguozhen/Fire/activefire/masks/voting/LC08_L1TP_173068_20200817_20200817_01_RT_voting_p00412.tif
/data/heguozhen/Fire/activefire/images/patches/LC08_L1TP_173069_20200817_20200817_01_RT_p00164.tif,/data/heguozhen/Fire/activefire/masks/voting/LC08_L1TP_173069_20200817_20200817_01_RT_voting_p00164.tif
/data/heguozhen/Fire/activefire/images/patches/LC08_L1TP_008065_20200813_20200813_01_RT_p00607.tif,/data/heguozhen/Fire/activefire/masks/voting/LC08_L1TP_008065_20200813_20200813_01_RT_voting_p00607.tif
/data/heguozhen/Fire/activefire/images/patches/LC08_L1TP_118028_20200816_20200816_01_RT_p00172.tif,/data/heguozhen/Fire/activefire/masks/voting/LC08_L1TP_118028_20200816_20200816_01_RT_voting_p00172.tif
/data/heguozhen/Fire/activefire/images/patches/LC08_L1TP_124025_20200826_20200826_01_RT_p00681.tif,/data/heguozhen/Fire/activefire/masks/voting/LC08_L1TP_124025_20200826_20200826_01_RT_voting_p00681.tif
/data/heguozhen/Fire/activefire/images/patches/LC08_L1TP_229075_20200809_20200809_01_RT_p00768.tif,/data/heguozhen/Fire/activefire/masks/voting/LC08_L1TP_229075_20200809_20200809_01_RT_voting_p00768.tif
/data/heguozhen/Fire/activefire/images/patches/LC08_L1TP_172078_20200810_20200810_01_RT_p00484.tif,/data/heguozhen/Fire/activefire/masks/voting/LC08_L1TP_172078_20200810_20200810_01_RT_voting_p00484.tif
/data/heguozhen/Fire/activefire/images/patches/LC08_L1TP_173064_20200817_20200817_01_RT_p00266.tif,/data/heguozhen/Fire/activefire/masks/voting/LC08_L1TP_173064_20200817_20200817_01_RT_voting_p00266.tif
/data/heguozhen/Fire/activefire/images/patches/LC08_L1TP_185027_20200821_20200821_01_RT_p00159.tif,/data/heguozhen/Fire/activefire/masks/voting/LC08_L1TP_185027_20200821_20200821_01_RT_voting_p00159.tif
/data/heguozhen/Fire/activefire/images/patches/LC08_L1TP_172062_20200810_20200810_01_RT_p00568.tif,/data/heguozhen/Fire/activefire/masks/voting/LC08_L1TP_172062_20200810_20200810_01_RT_voting_p00568.tif
/data/heguozhen/Fire/activefire/images/patches/LC08_L1TP_172065_20200810_20200810_01_RT_p00562.tif,/data/heguozhen/Fire/activefire/masks/voting/LC08_L1TP_172065_20200810_20200810_01_RT_voting_p00562.tif
/data/heguozhen/Fire/activefire/images/patches/LC08_L1TP_123051_20200819_20200819_01_RT_p00082.tif,/data/heguozhen/Fire/activefire/masks/voting/LC08_L1TP_123051_20200819_20200819_01_RT_voting_p00082.tif
/data/heguozhen/Fire/activefire/images/patches/LC08_L1TP_173070_20200817_20200817_01_RT_p00731.tif,/data/heguozhen/Fire/activefire/masks/voting/LC08_L1TP_173070_20200817_20200817_01_RT_voting_p00731.tif
/data/heguozhen/Fire/activefire/images/patches/LC08_L1TP_126032_20200824_20200824_01_RT_p00602.tif,/data/heguozhen/Fire/activefire/masks/voting/LC08_L1TP_126032_20200824_20200824_01_RT_voting_p00602.tif
/data/heguozhen/Fire/activefire/images/patches/LC08_L1TP_170064_20200812_20200812_01_RT_p00771.tif,/data/heguozhen/Fire/activefire/masks/voting/LC08_L1TP_170064_20200812_20200812_01_RT_voting_p00771.tif
/data/heguozhen/Fire/activefire/images/patches/LC08_L1TP_172065_20200810_20200810_01_RT_p00335.tif,/data/heguozhen/Fire/activefire/masks/voting/LC08_L1TP_172065_20200810_20200810_01_RT_voting_p00335.tif
/data/heguozhen/Fire/activefire/images/patches/LC08_L1TP_224079_20200806_20200807_01_RT_p00820.tif,/data/heguozhen/Fire/activefire/masks/voting/LC08_L1TP_224079_20200806_20200807_01_RT_voting_p00820.tif
/data/heguozhen/Fire/activefire/images/patches/LC08_L1TP_121027_20200821_20200821_01_RT_p00753.tif,/data/heguozhen/Fire/activefire/masks/voting/LC08_L1TP_121027_20200821_20200821_01_RT_voting_p00753.tif
/data/heguozhen/Fire/activefire/images/patches/LC08_L1TP_114066_20200820_20200820_01_RT_p00170.tif,/data/heguozhen/Fire/activefire/masks/voting/LC08_L1TP_114066_20200820_20200820_01_RT_voting_p00170.tif
/data/heguozhen/Fire/activefire/images/patches/LC08_L1TP_010061_20200811_20200811_01_RT_p00579.tif,/data/heguozhen/Fire/activefire/masks/voting/LC08_L1TP_010061_20200811_20200811_01_RT_voting_p00579.tif
/data/heguozhen/Fire/activefire/images/patches/LC08_L1TP_179027_20200811_20200811_01_RT_p00719.tif,/data/heguozhen/Fire/activefire/masks/voting/LC08_L1TP_179027_20200811_20200811_01_RT_voting_p00719.tif
/data/heguozhen/Fire/activefire/images/patches/LC08_L1TP_129033_20200813_20200813_01_RT_p00818.tif,/data/heguozhen/Fire/activefire/masks/voting/LC08_L1TP_129033_20200813_20200813_01_RT_voting_p00818.tif
/data/heguozhen/Fire/activefire/images/patches/LC08_L1TP_170032_20200812_20200812_01_RT_p00607.tif,/data/heguozhen/Fire/activefire/masks/voting/LC08_L1TP_170032_20200812_20200812_01_RT_voting_p00607.tif
/data/heguozhen/Fire/activefire/images/patches/LC08_L1TP_229070_20200809_20200809_01_RT_p00483.tif,/data/heguozhen/Fire/activefire/masks/voting/LC08_L1TP_229070_20200809_20200809_01_RT_voting_p00483.tif
/data/heguozhen/Fire/activefire/images/patches/LC08_L1TP_170070_20200812_20200812_01_RT_p00441.tif,/data/heguozhen/Fire/activefire/masks/voting/LC08_L1TP_170070_20200812_20200812_01_RT_voting_p00441.tif
/data/heguozhen/Fire/activefire/images/patches/LC08_L1TP_182061_20200816_20200816_01_RT_p00758.tif,/data/heguozhen/Fire/activefire/masks/voting/LC08_L1TP_182061_20200816_20200816_01_RT_voting_p00758.tif
/data/heguozhen/Fire/activefire/images/patches/LC08_L1TP_179072_20200811_20200811_01_RT_p00874.tif,/data/heguozhen/Fire/activefire/masks/voting/LC08_L1TP_179072_20200811_20200811_01_RT_voting_p00874.tif
/data/heguozhen/Fire/activefire/images/patches/LC08_L1TP_227076_20200811_20200811_01_RT_p00788.tif,/data/heguozhen/Fire/activefire/masks/voting/LC08_L1TP_227076_20200811_20200811_01_RT_voting_p00788.tif
/data/heguozhen/Fire/activefire/images/patches/LC08_L1TP_146030_20200820_20200820_01_RT_p00192.tif,/data/heguozhen/Fire/activefire/masks/voting/LC08_L1TP_146030_20200820_20200820_01_RT_voting_p00192.tif
/data/heguozhen/Fire/activefire/images/patches/LC08_L1TP_134015_20200816_20200816_01_RT_p00537.tif,/data/heguozhen/Fire/activefire/masks/voting/LC08_L1TP_134015_20200816_20200816_01_RT_voting_p00537.tif
/data/heguozhen/Fire/activefire/images/patches/LC08_L1TP_170064_20200812_20200812_01_RT_p00488.tif,/data/heguozhen/Fire/activefire/masks/voting/LC08_L1TP_170064_20200812_20200812_01_RT_voting_p00488.tif
/data/heguozhen/Fire/activefire/images/patches/LC08_L1TP_146028_20200820_20200820_01_RT_p00409.tif,/data/heguozhen/Fire/activefire/masks/voting/LC08_L1TP_146028_20200820_20200820_01_RT_voting_p00409.tif
/data/heguozhen/Fire/activefire/images/patches/LC08_L1TP_124011_20200826_20200826_01_RT_p00834.tif,/data/heguozhen/Fire/activefire/masks/voting/LC08_L1TP_124011_20200826_20200826_01_RT_voting_p00834.tif
/data/heguozhen/Fire/activefire/images/patches/LC08_L1TP_096066_20200822_20200822_01_RT_p00501.tif,/data/heguozhen/Fire/activefire/masks/voting/LC08_L1TP_096066_20200822_20200822_01_RT_voting_p00501.tif
/data/heguozhen/Fire/activefire/images/patches/LC08_L1TP_166065_20200816_20200816_01_RT_p00218.tif,/data/heguozhen/Fire/activefire/masks/voting/LC08_L1TP_166065_20200816_20200816_01_RT_voting_p00218.tif
/data/heguozhen/Fire/activefire/images/patches/LC08_L1TP_160074_20200822_20200822_01_RT_p00797.tif,/data/heguozhen/Fire/activefire/masks/voting/LC08_L1TP_160074_20200822_20200822_01_RT_voting_p00797.tif
/data/heguozhen/Fire/activefire/images/patches/LC08_L1TP_122033_20200828_20200828_01_RT_p00355.tif,/data/heguozhen/Fire/activefire/masks/voting/LC08_L1TP_122033_20200828_20200828_01_RT_voting_p00355.tif
/data/heguozhen/Fire/activefire/images/patches/LC08_L1TP_170034_20200812_20200812_01_RT_p00674.tif,/data/heguozhen/Fire/activefire/masks/voting/LC08_L1TP_170034_20200812_20200812_01_RT_voting_p00674.tif
/data/heguozhen/Fire/activefire/images/patches/LC08_L1TP_008065_20200829_20200829_01_RT_p00815.tif,/data/heguozhen/Fire/activefire/masks/voting/LC08_L1TP_008065_20200829_20200829_01_RT_voting_p00815.tif
/data/heguozhen/Fire/activefire/images/patches/LC08_L1TP_165068_20200809_20200809_01_RT_p00414.tif,/data/heguozhen/Fire/activefire/masks/voting/LC08_L1TP_165068_20200809_20200809_01_RT_voting_p00414.tif
/data/heguozhen/Fire/activefire/images/patches/LC08_L1TP_182061_20200816_20200816_01_RT_p00392.tif,/data/heguozhen/Fire/activefire/masks/voting/LC08_L1TP_182061_20200816_20200816_01_RT_voting_p00392.tif
/data/heguozhen/Fire/activefire/images/patches/LC08_L1TP_160074_20200822_20200822_01_RT_p00593.tif,/data/heguozhen/Fire/activefire/masks/voting/LC08_L1TP_160074_20200822_20200822_01_RT_voting_p00593.tif
/data/heguozhen/Fire/activefire/images/patches/LC08_L1TP_156015_20200810_20200810_01_RT_p00499.tif,/data/heguozhen/Fire/activefire/masks/voting/LC08_L1TP_156015_20200810_20200810_01_RT_voting_p00499.tif
/data/heguozhen/Fire/activefire/images/patches/LC08_L1TP_181062_20200809_20200809_01_RT_p00642.tif,/data/heguozhen/Fire/activefire/masks/voting/LC08_L1TP_181062_20200809_20200809_01_RT_voting_p00642.tif
/data/heguozhen/Fire/activefire/images/patches/LC08_L1TP_001066_20200828_20200828_01_RT_p00610.tif,/data/heguozhen/Fire/activefire/masks/voting/LC08_L1TP_001066_20200828_20200828_01_RT_voting_p00610.tif
/data/heguozhen/Fire/activefire/images/patches/LC08_L1TP_179063_20200811_20200811_01_RT_p00428.tif,/data/heguozhen/Fire/activefire/masks/voting/LC08_L1TP_179063_20200811_20200811_01_RT_voting_p00428.tif
/data/heguozhen/Fire/activefire/images/patches/LC08_L1TP_119065_20200823_20200823_01_RT_p00792.tif,/data/heguozhen/Fire/activefire/masks/voting/LC08_L1TP_119065_20200823_20200823_01_RT_voting_p00792.tif
/data/heguozhen/Fire/activefire/images/patches/LC08_L1TP_122044_20200828_20200828_01_RT_p00516.tif,/data/heguozhen/Fire/activefire/masks/voting/LC08_L1TP_122044_20200828_20200828_01_RT_voting_p00516.tif
/data/heguozhen/Fire/activefire/images/patches/LC08_L1TP_172061_20200810_20200810_01_RT_p00691.tif,/data/heguozhen/Fire/activefire/masks/voting/LC08_L1TP_172061_20200810_20200810_01_RT_voting_p00691.tif
/data/heguozhen/Fire/activefire/images/patches/LC08_L1TP_118029_20200816_20200816_01_RT_p00188.tif,/data/heguozhen/Fire/activefire/masks/voting/LC08_L1TP_118029_20200816_20200816_01_RT_voting_p00188.tif
/data/heguozhen/Fire/activefire/images/patches/LC08_L1TP_217066_20200821_20200821_01_RT_p00085.tif,/data/heguozhen/Fire/activefire/masks/voting/LC08_L1TP_217066_20200821_20200821_01_RT_voting_p00085.tif
/data/heguozhen/Fire/activefire/images/patches/LC08_L1TP_117066_20200825_20200825_01_RT_p00281.tif,/data/heguozhen/Fire/activefire/masks/voting/LC08_L1TP_117066_20200825_20200825_01_RT_voting_p00281.tif
/data/heguozhen/Fire/activefire/images/patches/LC08_L1TP_172069_20200810_20200810_01_RT_p00192.tif,/data/heguozhen/Fire/activefire/masks/voting/LC08_L1TP_172069_20200810_20200810_01_RT_voting_p00192.tif
/data/heguozhen/Fire/activefire/images/patches/LC08_L1TP_179067_20200811_20200811_01_RT_p00731.tif,/data/heguozhen/Fire/activefire/masks/voting/LC08_L1TP_179067_20200811_20200811_01_RT_voting_p00731.tif
/data/heguozhen/Fire/activefire/images/patches/LC08_L1TP_118017_20200816_20200816_01_RT_p00567.tif,/data/heguozhen/Fire/activefire/masks/voting/LC08_L1TP_118017_20200816_20200816_01_RT_voting_p00567.tif
/data/heguozhen/Fire/activefire/images/patches/LC08_L1TP_172069_20200810_20200810_01_RT_p00244.tif,/data/heguozhen/Fire/activefire/masks/voting/LC08_L1TP_172069_20200810_20200810_01_RT_voting_p00244.tif
/data/heguozhen/Fire/activefire/images/patches/LC08_L1TP_182061_20200816_20200816_01_RT_p00285.tif,/data/heguozhen/Fire/activefire/masks/voting/LC08_L1TP_182061_20200816_20200816_01_RT_voting_p00285.tif
/data/heguozhen/Fire/activefire/images/patches/LC08_L1TP_174066_20200808_20200808_01_RT_p00616.tif,/data/heguozhen/Fire/activefire/masks/voting/LC08_L1TP_174066_20200808_20200808_01_RT_voting_p00616.tif
/data/heguozhen/Fire/activefire/images/patches/LC08_L1TP_223067_20200815_20200815_01_RT_p00548.tif,/data/heguozhen/Fire/activefire/masks/voting/LC08_L1TP_223067_20200815_20200815_01_RT_voting_p00548.tif
/data/heguozhen/Fire/activefire/images/patches/LC08_L1TP_019039_20200810_20200810_01_RT_p00753.tif,/data/heguozhen/Fire/activefire/masks/voting/LC08_L1TP_019039_20200810_20200810_01_RT_voting_p00753.tif
/data/heguozhen/Fire/activefire/images/patches/LC08_L1TP_173070_20200817_20200817_01_RT_p00439.tif,/data/heguozhen/Fire/activefire/masks/voting/LC08_L1TP_173070_20200817_20200817_01_RT_voting_p00439.tif
/data/heguozhen/Fire/activefire/images/patches/LC08_L1TP_170070_20200812_20200812_01_RT_p00534.tif,/data/heguozhen/Fire/activefire/masks/voting/LC08_L1TP_170070_20200812_20200812_01_RT_voting_p00534.tif
/data/heguozhen/Fire/activefire/images/patches/LC08_L1TP_166069_20200816_20200816_01_RT_p00173.tif,/data/heguozhen/Fire/activefire/masks/voting/LC08_L1TP_166069_20200816_20200816_01_RT_voting_p00173.tif
/data/heguozhen/Fire/activefire/images/patches/LC08_L1TP_166038_20200816_20200816_01_RT_p00225.tif,/data/heguozhen/Fire/activefire/masks/voting/LC08_L1TP_166038_20200816_20200816_01_RT_voting_p00225.tif
/data/heguozhen/Fire/activefire/images/patches/LC08_L1TP_129032_20200813_20200813_01_RT_p00415.tif,/data/heguozhen/Fire/activefire/masks/voting/LC08_L1TP_129032_20200813_20200813_01_RT_voting_p00415.tif
/data/heguozhen/Fire/activefire/images/patches/LC08_L1TP_170070_20200812_20200812_01_RT_p00447.tif,/data/heguozhen/Fire/activefire/masks/voting/LC08_L1TP_170070_20200812_20200812_01_RT_voting_p00447.tif
/data/heguozhen/Fire/activefire/images/patches/LC08_L1TP_126053_20200824_20200824_01_RT_p00741.tif,/data/heguozhen/Fire/activefire/masks/voting/LC08_L1TP_126053_20200824_20200824_01_RT_voting_p00741.tif
/data/heguozhen/Fire/activefire/images/patches/LC08_L1TP_124025_20200826_20200826_01_RT_p00768.tif,/data/heguozhen/Fire/activefire/masks/voting/LC08_L1TP_124025_20200826_20200826_01_RT_voting_p00768.tif
/data/heguozhen/Fire/activefire/images/patches/LC08_L1TP_122033_20200828_20200828_01_RT_p00293.tif,/data/heguozhen/Fire/activefire/masks/voting/LC08_L1TP_122033_20200828_20200828_01_RT_voting_p00293.tif
/data/heguozhen/Fire/activefire/images/patches/LC08_L1TP_121029_20200821_20200821_01_RT_p00765.tif,/data/heguozhen/Fire/activefire/masks/voting/LC08_L1TP_121029_20200821_20200821_01_RT_voting_p00765.tif
/data/heguozhen/Fire/activefire/images/patches/LC08_L1TP_165068_20200809_20200809_01_RT_p00251.tif,/data/heguozhen/Fire/activefire/masks/voting/LC08_L1TP_165068_20200809_20200809_01_RT_voting_p00251.tif
/data/heguozhen/Fire/activefire/images/patches/LC08_L1TP_120041_20200814_20200814_01_RT_p00703.tif,/data/heguozhen/Fire/activefire/masks/voting/LC08_L1TP_120041_20200814_20200814_01_RT_voting_p00703.tif
/data/heguozhen/Fire/activefire/images/patches/LC08_L1TP_121059_20200821_20200821_01_RT_p00332.tif,/data/heguozhen/Fire/activefire/masks/voting/LC08_L1TP_121059_20200821_20200821_01_RT_voting_p00332.tif
/data/heguozhen/Fire/activefire/images/patches/LC08_L1TP_001071_20200828_20200828_01_RT_p00324.tif,/data/heguozhen/Fire/activefire/masks/voting/LC08_L1TP_001071_20200828_20200828_01_RT_voting_p00324.tif
/data/heguozhen/Fire/activefire/images/patches/LC08_L1TP_230079_20200816_20200816_01_RT_p00103.tif,/data/heguozhen/Fire/activefire/masks/voting/LC08_L1TP_230079_20200816_20200816_01_RT_voting_p00103.tif
/data/heguozhen/Fire/activefire/images/patches/LC08_L1TP_173064_20200817_20200817_01_RT_p00707.tif,/data/heguozhen/Fire/activefire/masks/voting/LC08_L1TP_173064_20200817_20200817_01_RT_voting_p00707.tif
/data/heguozhen/Fire/activefire/images/patches/LC08_L1TP_173067_20200817_20200817_01_RT_p00104.tif,/data/heguozhen/Fire/activefire/masks/voting/LC08_L1TP_173067_20200817_20200817_01_RT_voting_p00104.tif
/data/heguozhen/Fire/activefire/images/patches/LC08_L1TP_169069_20200821_20200821_01_RT_p00081.tif,/data/heguozhen/Fire/activefire/masks/voting/LC08_L1TP_169069_20200821_20200821_01_RT_voting_p00081.tif
/data/heguozhen/Fire/activefire/images/patches/LC08_L1TP_167021_20200823_20200823_01_RT_p00604.tif,/data/heguozhen/Fire/activefire/masks/voting/LC08_L1TP_167021_20200823_20200823_01_RT_voting_p00604.tif
/data/heguozhen/Fire/activefire/images/patches/LC08_L1TP_170066_20200812_20200812_01_RT_p00140.tif,/data/heguozhen/Fire/activefire/masks/voting/LC08_L1TP_170066_20200812_20200812_01_RT_voting_p00140.tif
/data/heguozhen/Fire/activefire/images/patches/LC08_L1TP_124050_20200826_20200826_01_RT_p00677.tif,/data/heguozhen/Fire/activefire/masks/voting/LC08_L1TP_124050_20200826_20200826_01_RT_voting_p00677.tif
/data/heguozhen/Fire/activefire/images/patches/LC08_L1TP_179066_20200811_20200811_01_RT_p00743.tif,/data/heguozhen/Fire/activefire/masks/voting/LC08_L1TP_179066_20200811_20200811_01_RT_voting_p00743.tif
/data/heguozhen/Fire/activefire/images/patches/LC08_L1TP_168065_20200830_20200830_01_RT_p00077.tif,/data/heguozhen/Fire/activefire/masks/voting/LC08_L1TP_168065_20200830_20200830_01_RT_voting_p00077.tif
/data/heguozhen/Fire/activefire/images/patches/LC08_L1TP_120041_20200814_20200814_01_RT_p00821.tif,/data/heguozhen/Fire/activefire/masks/voting/LC08_L1TP_120041_20200814_20200814_01_RT_voting_p00821.tif
/data/heguozhen/Fire/activefire/images/patches/LC08_L1TP_110066_20200824_20200824_01_RT_p00301.tif,/data/heguozhen/Fire/activefire/masks/voting/LC08_L1TP_110066_20200824_20200824_01_RT_voting_p00301.tif
/data/heguozhen/Fire/activefire/images/patches/LC08_L1TP_136018_20200830_20200830_01_RT_p00825.tif,/data/heguozhen/Fire/activefire/masks/voting/LC08_L1TP_136018_20200830_20200830_01_RT_voting_p00825.tif
/data/heguozhen/Fire/activefire/images/patches/LC08_L1TP_173071_20200817_20200817_01_RT_p00677.tif,/data/heguozhen/Fire/activefire/masks/voting/LC08_L1TP_173071_20200817_20200817_01_RT_voting_p00677.tif
/data/heguozhen/Fire/activefire/images/patches/LC08_L1TP_166039_20200816_20200816_01_RT_p00413.tif,/data/heguozhen/Fire/activefire/masks/voting/LC08_L1TP_166039_20200816_20200816_01_RT_voting_p00413.tif
/data/heguozhen/Fire/activefire/images/patches/LC08_L1TP_126032_20200824_20200824_01_RT_p00880.tif,/data/heguozhen/Fire/activefire/masks/voting/LC08_L1TP_126032_20200824_20200824_01_RT_voting_p00880.tif
/data/heguozhen/Fire/activefire/images/patches/LC08_L1TP_227069_20200811_20200811_01_RT_p00300.tif,/data/heguozhen/Fire/activefire/masks/voting/LC08_L1TP_227069_20200811_20200811_01_RT_voting_p00300.tif
/data/heguozhen/Fire/activefire/images/patches/LC08_L1TP_008046_20200829_20200829_01_RT_p00397.tif,/data/heguozhen/Fire/activefire/masks/voting/LC08_L1TP_008046_20200829_20200829_01_RT_voting_p00397.tif
/data/heguozhen/Fire/activefire/images/patches/LC08_L1TP_181062_20200809_20200809_01_RT_p00427.tif,/data/heguozhen/Fire/activefire/masks/voting/LC08_L1TP_181062_20200809_20200809_01_RT_voting_p00427.tif
/data/heguozhen/Fire/activefire/images/patches/LC08_L1TP_160074_20200822_20200822_01_RT_p00665.tif,/data/heguozhen/Fire/activefire/masks/voting/LC08_L1TP_160074_20200822_20200822_01_RT_voting_p00665.tif
/data/heguozhen/Fire/activefire/images/patches/LC08_L1TP_181062_20200809_20200809_01_RT_p00852.tif,/data/heguozhen/Fire/activefire/masks/voting/LC08_L1TP_181062_20200809_20200809_01_RT_voting_p00852.tif
/data/heguozhen/Fire/activefire/images/patches/LC08_L1TP_118029_20200816_20200816_01_RT_p00423.tif,/data/heguozhen/Fire/activefire/masks/voting/LC08_L1TP_118029_20200816_20200816_01_RT_voting_p00423.tif
/data/heguozhen/Fire/activefire/images/patches/LC08_L1TP_170071_20200812_20200812_01_RT_p00531.tif,/data/heguozhen/Fire/activefire/masks/voting/LC08_L1TP_170071_20200812_20200812_01_RT_voting_p00531.tif
/data/heguozhen/Fire/activefire/images/patches/LC08_L1TP_166067_20200816_20200816_01_RT_p00454.tif,/data/heguozhen/Fire/activefire/masks/voting/LC08_L1TP_166067_20200816_20200816_01_RT_voting_p00454.tif
/data/heguozhen/Fire/activefire/images/patches/LC08_L1TP_220063_20200810_20200810_01_RT_p00794.tif,/data/heguozhen/Fire/activefire/masks/voting/LC08_L1TP_220063_20200810_20200810_01_RT_voting_p00794.tif
/data/heguozhen/Fire/activefire/images/patches/LC08_L1TP_153032_20200821_20200821_01_RT_p00874.tif,/data/heguozhen/Fire/activefire/masks/voting/LC08_L1TP_153032_20200821_20200821_01_RT_voting_p00874.tif
/data/heguozhen/Fire/activefire/images/patches/LC08_L1TP_119027_20200823_20200823_01_RT_p00554.tif,/data/heguozhen/Fire/activefire/masks/voting/LC08_L1TP_119027_20200823_20200823_01_RT_voting_p00554.tif
/data/heguozhen/Fire/activefire/images/patches/LC08_L1TP_173072_20200817_20200817_01_RT_p00171.tif,/data/heguozhen/Fire/activefire/masks/voting/LC08_L1TP_173072_20200817_20200817_01_RT_voting_p00171.tif
/data/heguozhen/Fire/activefire/images/patches/LC08_L1TP_227072_20200811_20200811_01_RT_p00876.tif,/data/heguozhen/Fire/activefire/masks/voting/LC08_L1TP_227072_20200811_20200811_01_RT_voting_p00876.tif
/data/heguozhen/Fire/activefire/images/patches/LC08_L1TP_165069_20200809_20200809_01_RT_p00053.tif,/data/heguozhen/Fire/activefire/masks/voting/LC08_L1TP_165069_20200809_20200809_01_RT_voting_p00053.tif
/data/heguozhen/Fire/activefire/images/patches/LC08_L1TP_142029_20200808_20200808_01_RT_p00118.tif,/data/heguozhen/Fire/activefire/masks/voting/LC08_L1TP_142029_20200808_20200808_01_RT_voting_p00118.tif
/data/heguozhen/Fire/activefire/images/patches/LC08_L1TP_175068_20200815_20200815_01_RT_p00762.tif,/data/heguozhen/Fire/activefire/masks/voting/LC08_L1TP_175068_20200815_20200815_01_RT_voting_p00762.tif
/data/heguozhen/Fire/activefire/images/patches/LC08_L1TP_173067_20200817_20200817_01_RT_p00117.tif,/data/heguozhen/Fire/activefire/masks/voting/LC08_L1TP_173067_20200817_20200817_01_RT_voting_p00117.tif
/data/heguozhen/Fire/activefire/images/patches/LC08_L1TP_025038_20200820_20200820_01_RT_p00468.tif,/data/heguozhen/Fire/activefire/masks/voting/LC08_L1TP_025038_20200820_20200820_01_RT_voting_p00468.tif
/data/heguozhen/Fire/activefire/images/patches/LC08_L1TP_161072_20200813_20200813_01_RT_p00604.tif,/data/heguozhen/Fire/activefire/masks/voting/LC08_L1TP_161072_20200813_20200813_01_RT_voting_p00604.tif
/data/heguozhen/Fire/activefire/images/patches/LC08_L1TP_227063_20200811_20200811_01_RT_p00478.tif,/data/heguozhen/Fire/activefire/masks/voting/LC08_L1TP_227063_20200811_20200811_01_RT_voting_p00478.tif
/data/heguozhen/Fire/activefire/images/patches/LC08_L1TP_121030_20200821_20200821_01_RT_p00727.tif,/data/heguozhen/Fire/activefire/masks/voting/LC08_L1TP_121030_20200821_20200821_01_RT_voting_p00727.tif
/data/heguozhen/Fire/activefire/images/patches/LC08_L1TP_173068_20200817_20200817_01_RT_p00688.tif,/data/heguozhen/Fire/activefire/masks/voting/LC08_L1TP_173068_20200817_20200817_01_RT_voting_p00688.tif
/data/heguozhen/Fire/activefire/images/patches/LC08_L1TP_120043_20200814_20200814_01_RT_p00823.tif,/data/heguozhen/Fire/activefire/masks/voting/LC08_L1TP_120043_20200814_20200814_01_RT_voting_p00823.tif
/data/heguozhen/Fire/activefire/images/patches/LC08_L1TP_172066_20200810_20200810_01_RT_p00538.tif,/data/heguozhen/Fire/activefire/masks/voting/LC08_L1TP_172066_20200810_20200810_01_RT_voting_p00538.tif
/data/heguozhen/Fire/activefire/images/patches/LC08_L1TP_122044_20200828_20200828_01_RT_p00695.tif,/data/heguozhen/Fire/activefire/masks/voting/LC08_L1TP_122044_20200828_20200828_01_RT_voting_p00695.tif
/data/heguozhen/Fire/activefire/images/patches/LC08_L1TP_179069_20200811_20200811_01_RT_p00173.tif,/data/heguozhen/Fire/activefire/masks/voting/LC08_L1TP_179069_20200811_20200811_01_RT_voting_p00173.tif
/data/heguozhen/Fire/activefire/images/patches/LC08_L1TP_120030_20200814_20200814_01_RT_p00500.tif,/data/heguozhen/Fire/activefire/masks/voting/LC08_L1TP_120030_20200814_20200814_01_RT_voting_p00500.tif
/data/heguozhen/Fire/activefire/images/patches/LC08_L1TP_029031_20200816_20200816_01_RT_p00538.tif,/data/heguozhen/Fire/activefire/masks/voting/LC08_L1TP_029031_20200816_20200816_01_RT_voting_p00538.tif
/data/heguozhen/Fire/activefire/images/patches/LC08_L1TP_008052_20200829_20200829_01_RT_p00611.tif,/data/heguozhen/Fire/activefire/masks/voting/LC08_L1TP_008052_20200829_20200829_01_RT_voting_p00611.tif
/data/heguozhen/Fire/activefire/images/patches/LC08_L1TP_137014_20200821_20200821_01_RT_p00488.tif,/data/heguozhen/Fire/activefire/masks/voting/LC08_L1TP_137014_20200821_20200821_01_RT_voting_p00488.tif
/data/heguozhen/Fire/activefire/images/patches/LC08_L1TP_126015_20200824_20200824_01_RT_p00340.tif,/data/heguozhen/Fire/activefire/masks/voting/LC08_L1TP_126015_20200824_20200824_01_RT_voting_p00340.tif
/data/heguozhen/Fire/activefire/images/patches/LC08_L1TP_172062_20200810_20200810_01_RT_p00577.tif,/data/heguozhen/Fire/activefire/masks/voting/LC08_L1TP_172062_20200810_20200810_01_RT_voting_p00577.tif
/data/heguozhen/Fire/activefire/images/patches/LC08_L1TP_224064_20200806_20200807_01_RT_p00751.tif,/data/heguozhen/Fire/activefire/masks/voting/LC08_L1TP_224064_20200806_20200807_01_RT_voting_p00751.tif
/data/heguozhen/Fire/activefire/images/patches/LC08_L1TP_173069_20200817_20200817_01_RT_p00305.tif,/data/heguozhen/Fire/activefire/masks/voting/LC08_L1TP_173069_20200817_20200817_01_RT_voting_p00305.tif
/data/heguozhen/Fire/activefire/images/patches/LC08_L1TP_120064_20200814_20200814_01_RT_p00649.tif,/data/heguozhen/Fire/activefire/masks/voting/LC08_L1TP_120064_20200814_20200814_01_RT_voting_p00649.tif
/data/heguozhen/Fire/activefire/images/patches/LC08_L1TP_190040_20200808_20200808_01_RT_p00387.tif,/data/heguozhen/Fire/activefire/masks/voting/LC08_L1TP_190040_20200808_20200808_01_RT_voting_p00387.tif
/data/heguozhen/Fire/activefire/images/patches/LC08_L1TP_181067_20200809_20200809_01_RT_p00480.tif,/data/heguozhen/Fire/activefire/masks/voting/LC08_L1TP_181067_20200809_20200809_01_RT_voting_p00480.tif
/data/heguozhen/Fire/activefire/images/patches/LC08_L1TP_126031_20200824_20200824_01_RT_p00678.tif,/data/heguozhen/Fire/activefire/masks/voting/LC08_L1TP_126031_20200824_20200824_01_RT_voting_p00678.tif
/data/heguozhen/Fire/activefire/images/patches/LC08_L1TP_134020_20200816_20200816_01_RT_p00454.tif,/data/heguozhen/Fire/activefire/masks/voting/LC08_L1TP_134020_20200816_20200816_01_RT_voting_p00454.tif
/data/heguozhen/Fire/activefire/images/patches/LC08_L1TP_110066_20200824_20200824_01_RT_p00105.tif,/data/heguozhen/Fire/activefire/masks/voting/LC08_L1TP_110066_20200824_20200824_01_RT_voting_p00105.tif
/data/heguozhen/Fire/activefire/images/patches/LC08_L1TP_222065_20200808_20200808_01_RT_p00502.tif,/data/heguozhen/Fire/activefire/masks/voting/LC08_L1TP_222065_20200808_20200808_01_RT_voting_p00502.tif
/data/heguozhen/Fire/activefire/images/patches/LC08_L1TP_125053_20200817_20200817_01_RT_p00874.tif,/data/heguozhen/Fire/activefire/masks/voting/LC08_L1TP_125053_20200817_20200817_01_RT_voting_p00874.tif
/data/heguozhen/Fire/activefire/images/patches/LC08_L1TP_130032_20200820_20200820_01_RT_p00757.tif,/data/heguozhen/Fire/activefire/masks/voting/LC08_L1TP_130032_20200820_20200820_01_RT_voting_p00757.tif
/data/heguozhen/Fire/activefire/images/patches/LC08_L1TP_172066_20200810_20200810_01_RT_p00390.tif,/data/heguozhen/Fire/activefire/masks/voting/LC08_L1TP_172066_20200810_20200810_01_RT_voting_p00390.tif
/data/heguozhen/Fire/activefire/images/patches/LC08_L1TP_174069_20200808_20200808_01_RT_p00680.tif,/data/heguozhen/Fire/activefire/masks/voting/LC08_L1TP_174069_20200808_20200808_01_RT_voting_p00680.tif
/data/heguozhen/Fire/activefire/images/patches/LC08_L1TP_173069_20200817_20200817_01_RT_p00343.tif,/data/heguozhen/Fire/activefire/masks/voting/LC08_L1TP_173069_20200817_20200817_01_RT_voting_p00343.tif
/data/heguozhen/Fire/activefire/images/patches/LC08_L1TP_165068_20200809_20200809_01_RT_p00394.tif,/data/heguozhen/Fire/activefire/masks/voting/LC08_L1TP_165068_20200809_20200809_01_RT_voting_p00394.tif
/data/heguozhen/Fire/activefire/images/patches/LC08_L1TP_144029_20200822_20200822_01_RT_p00850.tif,/data/heguozhen/Fire/activefire/masks/voting/LC08_L1TP_144029_20200822_20200822_01_RT_voting_p00850.tif
/data/heguozhen/Fire/activefire/images/patches/LC08_L1TP_090080_20200811_20200812_01_RT_p00483.tif,/data/heguozhen/Fire/activefire/masks/voting/LC08_L1TP_090080_20200811_20200812_01_RT_voting_p00483.tif
/data/heguozhen/Fire/activefire/images/patches/LC08_L1TP_170078_20200812_20200812_01_RT_p00105.tif,/data/heguozhen/Fire/activefire/masks/voting/LC08_L1TP_170078_20200812_20200812_01_RT_voting_p00105.tif
/data/heguozhen/Fire/activefire/images/patches/LC08_L1TP_161073_20200813_20200813_01_RT_p00678.tif,/data/heguozhen/Fire/activefire/masks/voting/LC08_L1TP_161073_20200813_20200813_01_RT_voting_p00678.tif
/data/heguozhen/Fire/activefire/images/patches/LC08_L1TP_224075_20200806_20200807_01_RT_p00208.tif,/data/heguozhen/Fire/activefire/masks/voting/LC08_L1TP_224075_20200806_20200807_01_RT_voting_p00208.tif
/data/heguozhen/Fire/activefire/images/patches/LC08_L1TP_169035_20200821_20200821_01_RT_p00493.tif,/data/heguozhen/Fire/activefire/masks/voting/LC08_L1TP_169035_20200821_20200821_01_RT_voting_p00493.tif
/data/heguozhen/Fire/activefire/images/patches/LC08_L1TP_224067_20200806_20200807_01_RT_p00148.tif,/data/heguozhen/Fire/activefire/masks/voting/LC08_L1TP_224067_20200806_20200807_01_RT_voting_p00148.tif
/data/heguozhen/Fire/activefire/images/patches/LC08_L1TP_170065_20200812_20200812_01_RT_p00273.tif,/data/heguozhen/Fire/activefire/masks/voting/LC08_L1TP_170065_20200812_20200812_01_RT_voting_p00273.tif
/data/heguozhen/Fire/activefire/images/patches/LC08_L1TP_024024_20200813_20200813_01_RT_p00243.tif,/data/heguozhen/Fire/activefire/masks/voting/LC08_L1TP_024024_20200813_20200813_01_RT_voting_p00243.tif
/data/heguozhen/Fire/activefire/images/patches/LC08_L1TP_008064_20200829_20200829_01_RT_p00520.tif,/data/heguozhen/Fire/activefire/masks/voting/LC08_L1TP_008064_20200829_20200829_01_RT_voting_p00520.tif
/data/heguozhen/Fire/activefire/images/patches/LC08_L1TP_119065_20200823_20200823_01_RT_p00670.tif,/data/heguozhen/Fire/activefire/masks/voting/LC08_L1TP_119065_20200823_20200823_01_RT_voting_p00670.tif
/data/heguozhen/Fire/activefire/images/patches/LC08_L1TP_172070_20200810_20200810_01_RT_p00632.tif,/data/heguozhen/Fire/activefire/masks/voting/LC08_L1TP_172070_20200810_20200810_01_RT_voting_p00632.tif
/data/heguozhen/Fire/activefire/images/patches/LC08_L1TP_175068_20200815_20200815_01_RT_p00239.tif,/data/heguozhen/Fire/activefire/masks/voting/LC08_L1TP_175068_20200815_20200815_01_RT_voting_p00239.tif
/data/heguozhen/Fire/activefire/images/patches/LC08_L1TP_166070_20200816_20200816_01_RT_p00303.tif,/data/heguozhen/Fire/activefire/masks/voting/LC08_L1TP_166070_20200816_20200816_01_RT_voting_p00303.tif
/data/heguozhen/Fire/activefire/images/patches/LC08_L1TP_124063_20200810_20200810_01_RT_p00825.tif,/data/heguozhen/Fire/activefire/masks/voting/LC08_L1TP_124063_20200810_20200810_01_RT_voting_p00825.tif
/data/heguozhen/Fire/activefire/images/patches/LC08_L1TP_172036_20200810_20200810_01_RT_p00907.tif,/data/heguozhen/Fire/activefire/masks/voting/LC08_L1TP_172036_20200810_20200810_01_RT_voting_p00907.tif
/data/heguozhen/Fire/activefire/images/patches/LC08_L1TP_008047_20200829_20200829_01_RT_p00343.tif,/data/heguozhen/Fire/activefire/masks/voting/LC08_L1TP_008047_20200829_20200829_01_RT_voting_p00343.tif
/data/heguozhen/Fire/activefire/images/patches/LC08_L1GT_117029_20200825_20200825_01_RT_p00194.tif,/data/heguozhen/Fire/activefire/masks/voting/LC08_L1GT_117029_20200825_20200825_01_RT_voting_p00194.tif
/data/heguozhen/Fire/activefire/images/patches/LC08_L1TP_101072_20200809_20200809_01_RT_p00691.tif,/data/heguozhen/Fire/activefire/masks/voting/LC08_L1TP_101072_20200809_20200809_01_RT_voting_p00691.tif
/data/heguozhen/Fire/activefire/images/patches/LC08_L1TP_169069_20200821_20200821_01_RT_p00337.tif,/data/heguozhen/Fire/activefire/masks/voting/LC08_L1TP_169069_20200821_20200821_01_RT_voting_p00337.tif
/data/heguozhen/Fire/activefire/images/patches/LC08_L1TP_122017_20200828_20200828_01_RT_p00466.tif,/data/heguozhen/Fire/activefire/masks/voting/LC08_L1TP_122017_20200828_20200828_01_RT_voting_p00466.tif
/data/heguozhen/Fire/activefire/images/patches/LC08_L1TP_174066_20200808_20200808_01_RT_p00386.tif,/data/heguozhen/Fire/activefire/masks/voting/LC08_L1TP_174066_20200808_20200808_01_RT_voting_p00386.tif
/data/heguozhen/Fire/activefire/images/patches/LC08_L1TP_141055_20200817_20200817_01_RT_p00749.tif,/data/heguozhen/Fire/activefire/masks/voting/LC08_L1TP_141055_20200817_20200817_01_RT_voting_p00749.tif
/data/heguozhen/Fire/activefire/images/patches/LC08_L1TP_173072_20200817_20200817_01_RT_p00617.tif,/data/heguozhen/Fire/activefire/masks/voting/LC08_L1TP_173072_20200817_20200817_01_RT_voting_p00617.tif
/data/heguozhen/Fire/activefire/images/patches/LC08_L1TP_173065_20200817_20200817_01_RT_p00637.tif,/data/heguozhen/Fire/activefire/masks/voting/LC08_L1TP_173065_20200817_20200817_01_RT_voting_p00637.tif
/data/heguozhen/Fire/activefire/images/patches/LC08_L1TP_179067_20200811_20200811_01_RT_p00397.tif,/data/heguozhen/Fire/activefire/masks/voting/LC08_L1TP_179067_20200811_20200811_01_RT_voting_p00397.tif
/data/heguozhen/Fire/activefire/images/patches/LC08_L1TP_202024_20200812_20200812_01_RT_p00761.tif,/data/heguozhen/Fire/activefire/masks/voting/LC08_L1TP_202024_20200812_20200812_01_RT_voting_p00761.tif
/data/heguozhen/Fire/activefire/images/patches/LC08_L1TP_173072_20200817_20200817_01_RT_p00812.tif,/data/heguozhen/Fire/activefire/masks/voting/LC08_L1TP_173072_20200817_20200817_01_RT_voting_p00812.tif
/data/heguozhen/Fire/activefire/images/patches/LC08_L1TP_165069_20200809_20200809_01_RT_p00570.tif,/data/heguozhen/Fire/activefire/masks/voting/LC08_L1TP_165069_20200809_20200809_01_RT_voting_p00570.tif
/data/heguozhen/Fire/activefire/images/patches/LC08_L1TP_002053_20200819_20200820_01_RT_p00672.tif,/data/heguozhen/Fire/activefire/masks/voting/LC08_L1TP_002053_20200819_20200820_01_RT_voting_p00672.tif
/data/heguozhen/Fire/activefire/images/patches/LC08_L1TP_172060_20200810_20200810_01_RT_p00601.tif,/data/heguozhen/Fire/activefire/masks/voting/LC08_L1TP_172060_20200810_20200810_01_RT_voting_p00601.tif
/data/heguozhen/Fire/activefire/images/patches/LC08_L1TP_175068_20200815_20200815_01_RT_p00542.tif,/data/heguozhen/Fire/activefire/masks/voting/LC08_L1TP_175068_20200815_20200815_01_RT_voting_p00542.tif
/data/heguozhen/Fire/activefire/images/patches/LC08_L1TP_172034_20200810_20200810_01_RT_p00331.tif,/data/heguozhen/Fire/activefire/masks/voting/LC08_L1TP_172034_20200810_20200810_01_RT_voting_p00331.tif
/data/heguozhen/Fire/activefire/images/patches/LC08_L1TP_172067_20200810_20200810_01_RT_p00106.tif,/data/heguozhen/Fire/activefire/masks/voting/LC08_L1TP_172067_20200810_20200810_01_RT_voting_p00106.tif
/data/heguozhen/Fire/activefire/images/patches/LC08_L1TP_161073_20200813_20200813_01_RT_p00531.tif,/data/heguozhen/Fire/activefire/masks/voting/LC08_L1TP_161073_20200813_20200813_01_RT_voting_p00531.tif
/data/heguozhen/Fire/activefire/images/patches/LC08_L1TP_218069_20200812_20200812_01_RT_p00569.tif,/data/heguozhen/Fire/activefire/masks/voting/LC08_L1TP_218069_20200812_20200812_01_RT_voting_p00569.tif
/data/heguozhen/Fire/activefire/images/patches/LC08_L1TP_172065_20200810_20200810_01_RT_p00193.tif,/data/heguozhen/Fire/activefire/masks/voting/LC08_L1TP_172065_20200810_20200810_01_RT_voting_p00193.tif
/data/heguozhen/Fire/activefire/images/patches/LC08_L1TP_138017_20200828_20200828_01_RT_p00823.tif,/data/heguozhen/Fire/activefire/masks/voting/LC08_L1TP_138017_20200828_20200828_01_RT_voting_p00823.tif
/data/heguozhen/Fire/activefire/images/patches/LC08_L1TP_170070_20200812_20200812_01_RT_p00355.tif,/data/heguozhen/Fire/activefire/masks/voting/LC08_L1TP_170070_20200812_20200812_01_RT_voting_p00355.tif
/data/heguozhen/Fire/activefire/images/patches/LC08_L1TP_156020_20200810_20200810_01_RT_p00480.tif,/data/heguozhen/Fire/activefire/masks/voting/LC08_L1TP_156020_20200810_20200810_01_RT_voting_p00480.tif
/data/heguozhen/Fire/activefire/images/patches/LC08_L1TP_168073_20200830_20200830_01_RT_p00579.tif,/data/heguozhen/Fire/activefire/masks/voting/LC08_L1TP_168073_20200830_20200830_01_RT_voting_p00579.tif
/data/heguozhen/Fire/activefire/images/patches/LC08_L1TP_170078_20200812_20200812_01_RT_p00762.tif,/data/heguozhen/Fire/activefire/masks/voting/LC08_L1TP_170078_20200812_20200812_01_RT_voting_p00762.tif
/data/heguozhen/Fire/activefire/images/patches/LC08_L1TP_160074_20200822_20200822_01_RT_p00753.tif,/data/heguozhen/Fire/activefire/masks/voting/LC08_L1TP_160074_20200822_20200822_01_RT_voting_p00753.tif
/data/heguozhen/Fire/activefire/images/patches/LC08_L1TP_123026_20200819_20200819_01_RT_p00721.tif,/data/heguozhen/Fire/activefire/masks/voting/LC08_L1TP_123026_20200819_20200819_01_RT_voting_p00721.tif
/data/heguozhen/Fire/activefire/images/patches/LC08_L1TP_131034_20200811_20200811_01_RT_p00673.tif,/data/heguozhen/Fire/activefire/masks/voting/LC08_L1TP_131034_20200811_20200811_01_RT_voting_p00673.tif
/data/heguozhen/Fire/activefire/images/patches/LC08_L1TP_115066_20200827_20200827_01_RT_p00820.tif,/data/heguozhen/Fire/activefire/masks/voting/LC08_L1TP_115066_20200827_20200827_01_RT_voting_p00820.tif
/data/heguozhen/Fire/activefire/images/patches/LC08_L1TP_179068_20200811_20200811_01_RT_p00160.tif,/data/heguozhen/Fire/activefire/masks/voting/LC08_L1TP_179068_20200811_20200811_01_RT_voting_p00160.tif
/data/heguozhen/Fire/activefire/images/patches/LC08_L1TP_165069_20200809_20200809_01_RT_p00698.tif,/data/heguozhen/Fire/activefire/masks/voting/LC08_L1TP_165069_20200809_20200809_01_RT_voting_p00698.tif
/data/heguozhen/Fire/activefire/images/patches/LC08_L1TP_170069_20200812_20200812_01_RT_p00227.tif,/data/heguozhen/Fire/activefire/masks/voting/LC08_L1TP_170069_20200812_20200812_01_RT_voting_p00227.tif
/data/heguozhen/Fire/activefire/images/patches/LC08_L1TP_173072_20200817_20200817_01_RT_p00294.tif,/data/heguozhen/Fire/activefire/masks/voting/LC08_L1TP_173072_20200817_20200817_01_RT_voting_p00294.tif
/data/heguozhen/Fire/activefire/images/patches/LC08_L1TP_223067_20200815_20200815_01_RT_p00351.tif,/data/heguozhen/Fire/activefire/masks/voting/LC08_L1TP_223067_20200815_20200815_01_RT_voting_p00351.tif
/data/heguozhen/Fire/activefire/images/patches/LC08_L1TP_001069_20200828_20200828_01_RT_p00180.tif,/data/heguozhen/Fire/activefire/masks/voting/LC08_L1TP_001069_20200828_20200828_01_RT_voting_p00180.tif
/data/heguozhen/Fire/activefire/images/patches/LC08_L1TP_124025_20200826_20200826_01_RT_p00741.tif,/data/heguozhen/Fire/activefire/masks/voting/LC08_L1TP_124025_20200826_20200826_01_RT_voting_p00741.tif
/data/heguozhen/Fire/activefire/images/patches/LC08_L1TP_227074_20200811_20200811_01_RT_p00673.tif,/data/heguozhen/Fire/activefire/masks/voting/LC08_L1TP_227074_20200811_20200811_01_RT_voting_p00673.tif
/data/heguozhen/Fire/activefire/images/patches/LC08_L1TP_227078_20200811_20200811_01_RT_p00409.tif,/data/heguozhen/Fire/activefire/masks/voting/LC08_L1TP_227078_20200811_20200811_01_RT_voting_p00409.tif
/data/heguozhen/Fire/activefire/images/patches/LC08_L1TP_138019_20200812_20200812_01_RT_p00561.tif,/data/heguozhen/Fire/activefire/masks/voting/LC08_L1TP_138019_20200812_20200812_01_RT_voting_p00561.tif
/data/heguozhen/Fire/activefire/images/patches/LC08_L1TP_179069_20200811_20200811_01_RT_p00393.tif,/data/heguozhen/Fire/activefire/masks/voting/LC08_L1TP_179069_20200811_20200811_01_RT_voting_p00393.tif
/data/heguozhen/Fire/activefire/images/patches/LC08_L1TP_129035_20200813_20200813_01_RT_p00706.tif,/data/heguozhen/Fire/activefire/masks/voting/LC08_L1TP_129035_20200813_20200813_01_RT_voting_p00706.tif
/data/heguozhen/Fire/activefire/images/patches/LC08_L1TP_166066_20200816_20200816_01_RT_p00194.tif,/data/heguozhen/Fire/activefire/masks/voting/LC08_L1TP_166066_20200816_20200816_01_RT_voting_p00194.tif
/data/heguozhen/Fire/activefire/images/patches/LC08_L1TP_121015_20200821_20200821_01_RT_p00421.tif,/data/heguozhen/Fire/activefire/masks/voting/LC08_L1TP_121015_20200821_20200821_01_RT_voting_p00421.tif
/data/heguozhen/Fire/activefire/images/patches/LC08_L1TP_169056_20200821_20200821_01_RT_p00703.tif,/data/heguozhen/Fire/activefire/masks/voting/LC08_L1TP_169056_20200821_20200821_01_RT_voting_p00703.tif
/data/heguozhen/Fire/activefire/images/patches/LC08_L1TP_169067_20200821_20200821_01_RT_p00482.tif,/data/heguozhen/Fire/activefire/masks/voting/LC08_L1TP_169067_20200821_20200821_01_RT_voting_p00482.tif
/data/heguozhen/Fire/activefire/images/patches/LC08_L1TP_003068_20200826_20200826_01_RT_p00689.tif,/data/heguozhen/Fire/activefire/masks/voting/LC08_L1TP_003068_20200826_20200826_01_RT_voting_p00689.tif
/data/heguozhen/Fire/activefire/images/patches/LC08_L1TP_227081_20200811_20200811_01_RT_p00739.tif,/data/heguozhen/Fire/activefire/masks/voting/LC08_L1TP_227081_20200811_20200811_01_RT_voting_p00739.tif
/data/heguozhen/Fire/activefire/images/patches/LC08_L1TP_122016_20200828_20200828_01_RT_p00255.tif,/data/heguozhen/Fire/activefire/masks/voting/LC08_L1TP_122016_20200828_20200828_01_RT_voting_p00255.tif
/data/heguozhen/Fire/activefire/images/patches/LC08_L1TP_117065_20200809_20200809_01_RT_p00150.tif,/data/heguozhen/Fire/activefire/masks/voting/LC08_L1TP_117065_20200809_20200809_01_RT_voting_p00150.tif
/data/heguozhen/Fire/activefire/images/patches/LC08_L1TP_169035_20200821_20200821_01_RT_p00201.tif,/data/heguozhen/Fire/activefire/masks/voting/LC08_L1TP_169035_20200821_20200821_01_RT_voting_p00201.tif
/data/heguozhen/Fire/activefire/images/patches/LC08_L1TP_001069_20200812_20200812_01_RT_p00693.tif,/data/heguozhen/Fire/activefire/masks/voting/LC08_L1TP_001069_20200812_20200812_01_RT_voting_p00693.tif
/data/heguozhen/Fire/activefire/images/patches/LC08_L1TP_169023_20200821_20200821_01_RT_p00717.tif,/data/heguozhen/Fire/activefire/masks/voting/LC08_L1TP_169023_20200821_20200821_01_RT_voting_p00717.tif
/data/heguozhen/Fire/activefire/images/patches/LC08_L1TP_165069_20200809_20200809_01_RT_p00598.tif,/data/heguozhen/Fire/activefire/masks/voting/LC08_L1TP_165069_20200809_20200809_01_RT_voting_p00598.tif
/data/heguozhen/Fire/activefire/images/patches/LC08_L1TP_227077_20200811_20200811_01_RT_p00379.tif,/data/heguozhen/Fire/activefire/masks/voting/LC08_L1TP_227077_20200811_20200811_01_RT_voting_p00379.tif
/data/heguozhen/Fire/activefire/images/patches/LC08_L1TP_184026_20200814_20200814_01_RT_p00468.tif,/data/heguozhen/Fire/activefire/masks/voting/LC08_L1TP_184026_20200814_20200814_01_RT_voting_p00468.tif
/data/heguozhen/Fire/activefire/images/patches/LC08_L1TP_174072_20200808_20200808_01_RT_p00164.tif,/data/heguozhen/Fire/activefire/masks/voting/LC08_L1TP_174072_20200808_20200808_01_RT_voting_p00164.tif
/data/heguozhen/Fire/activefire/images/patches/LC08_L1TP_166067_20200816_20200816_01_RT_p00300.tif,/data/heguozhen/Fire/activefire/masks/voting/LC08_L1TP_166067_20200816_20200816_01_RT_voting_p00300.tif
/data/heguozhen/Fire/activefire/images/patches/LC08_L1TP_169068_20200821_20200821_01_RT_p00449.tif,/data/heguozhen/Fire/activefire/masks/voting/LC08_L1TP_169068_20200821_20200821_01_RT_voting_p00449.tif
/data/heguozhen/Fire/activefire/images/patches/LC08_L1TP_123025_20200819_20200819_01_RT_p00433.tif,/data/heguozhen/Fire/activefire/masks/voting/LC08_L1TP_123025_20200819_20200819_01_RT_voting_p00433.tif
/data/heguozhen/Fire/activefire/images/patches/LC08_L1TP_146027_20200820_20200820_01_RT_p00552.tif,/data/heguozhen/Fire/activefire/masks/voting/LC08_L1TP_146027_20200820_20200820_01_RT_voting_p00552.tif
/data/heguozhen/Fire/activefire/images/patches/LC08_L1TP_165067_20200809_20200809_01_RT_p00205.tif,/data/heguozhen/Fire/activefire/masks/voting/LC08_L1TP_165067_20200809_20200809_01_RT_voting_p00205.tif
/data/heguozhen/Fire/activefire/images/patches/LC08_L1TP_220080_20200810_20200810_01_RT_p00137.tif,/data/heguozhen/Fire/activefire/masks/voting/LC08_L1TP_220080_20200810_20200810_01_RT_voting_p00137.tif
/data/heguozhen/Fire/activefire/images/patches/LC08_L1TP_138017_20200828_20200828_01_RT_p00785.tif,/data/heguozhen/Fire/activefire/masks/voting/LC08_L1TP_138017_20200828_20200828_01_RT_voting_p00785.tif
/data/heguozhen/Fire/activefire/images/patches/LC08_L1TP_170078_20200812_20200812_01_RT_p00731.tif,/data/heguozhen/Fire/activefire/masks/voting/LC08_L1TP_170078_20200812_20200812_01_RT_voting_p00731.tif
/data/heguozhen/Fire/activefire/images/patches/LC08_L1TP_166068_20200816_20200816_01_RT_p00424.tif,/data/heguozhen/Fire/activefire/masks/voting/LC08_L1TP_166068_20200816_20200816_01_RT_voting_p00424.tif
/data/heguozhen/Fire/activefire/images/patches/LC08_L1TP_165069_20200809_20200809_01_RT_p00638.tif,/data/heguozhen/Fire/activefire/masks/voting/LC08_L1TP_165069_20200809_20200809_01_RT_voting_p00638.tif
/data/heguozhen/Fire/activefire/images/patches/LC08_L1TP_173063_20200817_20200817_01_RT_p00509.tif,/data/heguozhen/Fire/activefire/masks/voting/LC08_L1TP_173063_20200817_20200817_01_RT_voting_p00509.tif
/data/heguozhen/Fire/activefire/images/patches/LC08_L1TP_175070_20200815_20200815_01_RT_p00350.tif,/data/heguozhen/Fire/activefire/masks/voting/LC08_L1TP_175070_20200815_20200815_01_RT_voting_p00350.tif
/data/heguozhen/Fire/activefire/images/patches/LC08_L1TP_172069_20200810_20200810_01_RT_p00482.tif,/data/heguozhen/Fire/activefire/masks/voting/LC08_L1TP_172069_20200810_20200810_01_RT_voting_p00482.tif
/data/heguozhen/Fire/activefire/images/patches/LC08_L1TP_170066_20200812_20200812_01_RT_p00587.tif,/data/heguozhen/Fire/activefire/masks/voting/LC08_L1TP_170066_20200812_20200812_01_RT_voting_p00587.tif
/data/heguozhen/Fire/activefire/images/patches/LC08_L1TP_136015_20200830_20200830_01_RT_p00832.tif,/data/heguozhen/Fire/activefire/masks/voting/LC08_L1TP_136015_20200830_20200830_01_RT_voting_p00832.tif
/data/heguozhen/Fire/activefire/images/patches/LC08_L1TP_136014_20200830_20200830_01_RT_p00777.tif,/data/heguozhen/Fire/activefire/masks/voting/LC08_L1TP_136014_20200830_20200830_01_RT_voting_p00777.tif
/data/heguozhen/Fire/activefire/images/patches/LC08_L1TP_144029_20200822_20200822_01_RT_p00783.tif,/data/heguozhen/Fire/activefire/masks/voting/LC08_L1TP_144029_20200822_20200822_01_RT_voting_p00783.tif
/data/heguozhen/Fire/activefire/images/patches/LC08_L1TP_139013_20200819_20200819_01_RT_p00790.tif,/data/heguozhen/Fire/activefire/masks/voting/LC08_L1TP_139013_20200819_20200819_01_RT_voting_p00790.tif
/data/heguozhen/Fire/activefire/images/patches/LC08_L1TP_172065_20200810_20200810_01_RT_p00117.tif,/data/heguozhen/Fire/activefire/masks/voting/LC08_L1TP_172065_20200810_20200810_01_RT_voting_p00117.tif
/data/heguozhen/Fire/activefire/images/patches/LC08_L1TP_172063_20200810_20200810_01_RT_p00356.tif,/data/heguozhen/Fire/activefire/masks/voting/LC08_L1TP_172063_20200810_20200810_01_RT_voting_p00356.tif
/data/heguozhen/Fire/activefire/images/patches/LC08_L1TP_170078_20200812_20200812_01_RT_p00730.tif,/data/heguozhen/Fire/activefire/masks/voting/LC08_L1TP_170078_20200812_20200812_01_RT_voting_p00730.tif
/data/heguozhen/Fire/activefire/images/patches/LC08_L1TP_151030_20200823_20200823_01_RT_p00546.tif,/data/heguozhen/Fire/activefire/masks/voting/LC08_L1TP_151030_20200823_20200823_01_RT_voting_p00546.tif
/data/heguozhen/Fire/activefire/images/patches/LC08_L1TP_220072_20200810_20200810_01_RT_p00773.tif,/data/heguozhen/Fire/activefire/masks/voting/LC08_L1TP_220072_20200810_20200810_01_RT_voting_p00773.tif
/data/heguozhen/Fire/activefire/images/patches/LC08_L1TP_141018_20200817_20200817_01_RT_p00144.tif,/data/heguozhen/Fire/activefire/masks/voting/LC08_L1TP_141018_20200817_20200817_01_RT_voting_p00144.tif
/data/heguozhen/Fire/activefire/images/patches/LC08_L1TP_118030_20200816_20200816_01_RT_p00377.tif,/data/heguozhen/Fire/activefire/masks/voting/LC08_L1TP_118030_20200816_20200816_01_RT_voting_p00377.tif
/data/heguozhen/Fire/activefire/images/patches/LC08_L1TP_170072_20200812_20200812_01_RT_p00386.tif,/data/heguozhen/Fire/activefire/masks/voting/LC08_L1TP_170072_20200812_20200812_01_RT_voting_p00386.tif
/data/heguozhen/Fire/activefire/images/patches/LC08_L1TP_129036_20200813_20200813_01_RT_p00586.tif,/data/heguozhen/Fire/activefire/masks/voting/LC08_L1TP_129036_20200813_20200813_01_RT_voting_p00586.tif
/data/heguozhen/Fire/activefire/images/patches/LC08_L1TP_158069_20200808_20200808_01_RT_p00083.tif,/data/heguozhen/Fire/activefire/masks/voting/LC08_L1TP_158069_20200808_20200808_01_RT_voting_p00083.tif
/data/heguozhen/Fire/activefire/images/patches/LC08_L1TP_126033_20200824_20200824_01_RT_p00493.tif,/data/heguozhen/Fire/activefire/masks/voting/LC08_L1TP_126033_20200824_20200824_01_RT_voting_p00493.tif
/data/heguozhen/Fire/activefire/images/patches/LC08_L1TP_129033_20200813_20200813_01_RT_p00724.tif,/data/heguozhen/Fire/activefire/masks/voting/LC08_L1TP_129033_20200813_20200813_01_RT_voting_p00724.tif
/data/heguozhen/Fire/activefire/images/patches/LC08_L1TP_137018_20200821_20200821_01_RT_p00642.tif,/data/heguozhen/Fire/activefire/masks/voting/LC08_L1TP_137018_20200821_20200821_01_RT_voting_p00642.tif
/data/heguozhen/Fire/activefire/images/patches/LC08_L1TP_122032_20200828_20200828_01_RT_p00579.tif,/data/heguozhen/Fire/activefire/masks/voting/LC08_L1TP_122032_20200828_20200828_01_RT_voting_p00579.tif
/data/heguozhen/Fire/activefire/images/patches/LC08_L1TP_142021_20200808_20200808_01_RT_p00271.tif,/data/heguozhen/Fire/activefire/masks/voting/LC08_L1TP_142021_20200808_20200808_01_RT_voting_p00271.tif
/data/heguozhen/Fire/activefire/images/patches/LC08_L1TP_114027_20200820_20200820_01_RT_p00307.tif,/data/heguozhen/Fire/activefire/masks/voting/LC08_L1TP_114027_20200820_20200820_01_RT_voting_p00307.tif
/data/heguozhen/Fire/activefire/images/patches/LC08_L1TP_166069_20200816_20200816_01_RT_p00146.tif,/data/heguozhen/Fire/activefire/masks/voting/LC08_L1TP_166069_20200816_20200816_01_RT_voting_p00146.tif
/data/heguozhen/Fire/activefire/images/patches/LC08_L1TP_120030_20200814_20200814_01_RT_p00491.tif,/data/heguozhen/Fire/activefire/masks/voting/LC08_L1TP_120030_20200814_20200814_01_RT_voting_p00491.tif
/data/heguozhen/Fire/activefire/images/patches/LC08_L1TP_170078_20200812_20200812_01_RT_p00796.tif,/data/heguozhen/Fire/activefire/masks/voting/LC08_L1TP_170078_20200812_20200812_01_RT_voting_p00796.tif
/data/heguozhen/Fire/activefire/images/patches/LC08_L1TP_003053_20200826_20200826_01_RT_p00729.tif,/data/heguozhen/Fire/activefire/masks/voting/LC08_L1TP_003053_20200826_20200826_01_RT_voting_p00729.tif
/data/heguozhen/Fire/activefire/images/patches/LC08_L1TP_172069_20200810_20200810_01_RT_p00239.tif,/data/heguozhen/Fire/activefire/masks/voting/LC08_L1TP_172069_20200810_20200810_01_RT_voting_p00239.tif
/data/heguozhen/Fire/activefire/images/patches/LC08_L1TP_118030_20200816_20200816_01_RT_p00260.tif,/data/heguozhen/Fire/activefire/masks/voting/LC08_L1TP_118030_20200816_20200816_01_RT_voting_p00260.tif
/data/heguozhen/Fire/activefire/images/patches/LC08_L1TP_161017_20200813_20200813_01_RT_p00816.tif,/data/heguozhen/Fire/activefire/masks/voting/LC08_L1TP_161017_20200813_20200813_01_RT_voting_p00816.tif
/data/heguozhen/Fire/activefire/images/patches/LC08_L1TP_125052_20200817_20200817_01_RT_p00771.tif,/data/heguozhen/Fire/activefire/masks/voting/LC08_L1TP_125052_20200817_20200817_01_RT_voting_p00771.tif
/data/heguozhen/Fire/activefire/images/patches/LC08_L1TP_172067_20200810_20200810_01_RT_p00533.tif,/data/heguozhen/Fire/activefire/masks/voting/LC08_L1TP_172067_20200810_20200810_01_RT_voting_p00533.tif
/data/heguozhen/Fire/activefire/images/patches/LC08_L1TP_001067_20200812_20200812_01_RT_p00535.tif,/data/heguozhen/Fire/activefire/masks/voting/LC08_L1TP_001067_20200812_20200812_01_RT_voting_p00535.tif
/data/heguozhen/Fire/activefire/images/patches/LC08_L1TP_165069_20200809_20200809_01_RT_p00388.tif,/data/heguozhen/Fire/activefire/masks/voting/LC08_L1TP_165069_20200809_20200809_01_RT_voting_p00388.tif
/data/heguozhen/Fire/activefire/images/patches/LC08_L1TP_115028_20200811_20200811_01_RT_p00441.tif,/data/heguozhen/Fire/activefire/masks/voting/LC08_L1TP_115028_20200811_20200811_01_RT_voting_p00441.tif
/data/heguozhen/Fire/activefire/images/patches/LC08_L1TP_173068_20200817_20200817_01_RT_p00511.tif,/data/heguozhen/Fire/activefire/masks/voting/LC08_L1TP_173068_20200817_20200817_01_RT_voting_p00511.tif
/data/heguozhen/Fire/activefire/images/patches/LC08_L1TP_175067_20200815_20200815_01_RT_p00703.tif,/data/heguozhen/Fire/activefire/masks/voting/LC08_L1TP_175067_20200815_20200815_01_RT_voting_p00703.tif
/data/heguozhen/Fire/activefire/images/patches/LC08_L1TP_126034_20200824_20200824_01_RT_p00851.tif,/data/heguozhen/Fire/activefire/masks/voting/LC08_L1TP_126034_20200824_20200824_01_RT_voting_p00851.tif
/data/heguozhen/Fire/activefire/images/patches/LC08_L1TP_135015_20200807_20200807_01_RT_p00872.tif,/data/heguozhen/Fire/activefire/masks/voting/LC08_L1TP_135015_20200807_20200807_01_RT_voting_p00872.tif
/data/heguozhen/Fire/activefire/images/patches/LC08_L1TP_218075_20200812_20200812_01_RT_p00210.tif,/data/heguozhen/Fire/activefire/masks/voting/LC08_L1TP_218075_20200812_20200812_01_RT_voting_p00210.tif
/data/heguozhen/Fire/activefire/images/patches/LC08_L1TP_173070_20200817_20200817_01_RT_p00580.tif,/data/heguozhen/Fire/activefire/masks/voting/LC08_L1TP_173070_20200817_20200817_01_RT_voting_p00580.tif
/data/heguozhen/Fire/activefire/images/patches/LC08_L1TP_121026_20200821_20200821_01_RT_p00777.tif,/data/heguozhen/Fire/activefire/masks/voting/LC08_L1TP_121026_20200821_20200821_01_RT_voting_p00777.tif
/data/heguozhen/Fire/activefire/images/patches/LC08_L1TP_153032_20200821_20200821_01_RT_p00812.tif,/data/heguozhen/Fire/activefire/masks/voting/LC08_L1TP_153032_20200821_20200821_01_RT_voting_p00812.tif
/data/heguozhen/Fire/activefire/images/patches/LC08_L1TP_170078_20200812_20200812_01_RT_p00850.tif,/data/heguozhen/Fire/activefire/masks/voting/LC08_L1TP_170078_20200812_20200812_01_RT_voting_p00850.tif
/data/heguozhen/Fire/activefire/images/patches/LC08_L1TP_119030_20200807_20200807_01_RT_p00637.tif,/data/heguozhen/Fire/activefire/masks/voting/LC08_L1TP_119030_20200807_20200807_01_RT_voting_p00637.tif
/data/heguozhen/Fire/activefire/images/patches/LC08_L1TP_161074_20200813_20200813_01_RT_p00813.tif,/data/heguozhen/Fire/activefire/masks/voting/LC08_L1TP_161074_20200813_20200813_01_RT_voting_p00813.tif
/data/heguozhen/Fire/activefire/images/patches/LC08_L1TP_175068_20200815_20200815_01_RT_p00612.tif,/data/heguozhen/Fire/activefire/masks/voting/LC08_L1TP_175068_20200815_20200815_01_RT_voting_p00612.tif
/data/heguozhen/Fire/activefire/images/patches/LC08_L1TP_174072_20200808_20200808_01_RT_p00449.tif,/data/heguozhen/Fire/activefire/masks/voting/LC08_L1TP_174072_20200808_20200808_01_RT_voting_p00449.tif
/data/heguozhen/Fire/activefire/images/patches/LC08_L1TP_119030_20200807_20200807_01_RT_p00352.tif,/data/heguozhen/Fire/activefire/masks/voting/LC08_L1TP_119030_20200807_20200807_01_RT_voting_p00352.tif
/data/heguozhen/Fire/activefire/images/patches/LC08_L1TP_175071_20200815_20200815_01_RT_p00638.tif,/data/heguozhen/Fire/activefire/masks/voting/LC08_L1TP_175071_20200815_20200815_01_RT_voting_p00638.tif
/data/heguozhen/Fire/activefire/images/patches/LC08_L1TP_167066_20200823_20200823_01_RT_p00352.tif,/data/heguozhen/Fire/activefire/masks/voting/LC08_L1TP_167066_20200823_20200823_01_RT_voting_p00352.tif
/data/heguozhen/Fire/activefire/images/patches/LC08_L1TP_172069_20200810_20200810_01_RT_p00208.tif,/data/heguozhen/Fire/activefire/masks/voting/LC08_L1TP_172069_20200810_20200810_01_RT_voting_p00208.tif
/data/heguozhen/Fire/activefire/images/patches/LC08_L1TP_172068_20200810_20200810_01_RT_p00512.tif,/data/heguozhen/Fire/activefire/masks/voting/LC08_L1TP_172068_20200810_20200810_01_RT_voting_p00512.tif
/data/heguozhen/Fire/activefire/images/patches/LC08_L1TP_197026_20200809_20200809_01_RT_p00814.tif,/data/heguozhen/Fire/activefire/masks/voting/LC08_L1TP_197026_20200809_20200809_01_RT_voting_p00814.tif
/data/heguozhen/Fire/activefire/images/patches/LC08_L1TP_142029_20200808_20200808_01_RT_p00738.tif,/data/heguozhen/Fire/activefire/masks/voting/LC08_L1TP_142029_20200808_20200808_01_RT_voting_p00738.tif
/data/heguozhen/Fire/activefire/images/patches/LC08_L1TP_200033_20200814_20200814_01_RT_p00741.tif,/data/heguozhen/Fire/activefire/masks/voting/LC08_L1TP_200033_20200814_20200814_01_RT_voting_p00741.tif
/data/heguozhen/Fire/activefire/images/patches/LC08_L1TP_119025_20200823_20200823_01_RT_p00212.tif,/data/heguozhen/Fire/activefire/masks/voting/LC08_L1TP_119025_20200823_20200823_01_RT_voting_p00212.tif
/data/heguozhen/Fire/activefire/images/patches/LC08_L1TP_173071_20200817_20200817_01_RT_p00694.tif,/data/heguozhen/Fire/activefire/masks/voting/LC08_L1TP_173071_20200817_20200817_01_RT_voting_p00694.tif
/data/heguozhen/Fire/activefire/images/patches/LC08_L1TP_124029_20200810_20200810_01_RT_p00244.tif,/data/heguozhen/Fire/activefire/masks/voting/LC08_L1TP_124029_20200810_20200810_01_RT_voting_p00244.tif
/data/heguozhen/Fire/activefire/images/patches/LC08_L1TP_161072_20200813_20200813_01_RT_p00428.tif,/data/heguozhen/Fire/activefire/masks/voting/LC08_L1TP_161072_20200813_20200813_01_RT_voting_p00428.tif
/data/heguozhen/Fire/activefire/images/patches/LC08_L1TP_166069_20200816_20200816_01_RT_p00568.tif,/data/heguozhen/Fire/activefire/masks/voting/LC08_L1TP_166069_20200816_20200816_01_RT_voting_p00568.tif
/data/heguozhen/Fire/activefire/images/patches/LC08_L1TP_175071_20200815_20200815_01_RT_p00111.tif,/data/heguozhen/Fire/activefire/masks/voting/LC08_L1TP_175071_20200815_20200815_01_RT_voting_p00111.tif
/data/heguozhen/Fire/activefire/images/patches/LC08_L1TP_003069_20200810_20200810_01_RT_p00553.tif,/data/heguozhen/Fire/activefire/masks/voting/LC08_L1TP_003069_20200810_20200810_01_RT_voting_p00553.tif
/data/heguozhen/Fire/activefire/images/patches/LC08_L1TP_224081_20200806_20200807_01_RT_p00202.tif,/data/heguozhen/Fire/activefire/masks/voting/LC08_L1TP_224081_20200806_20200807_01_RT_voting_p00202.tif
/data/heguozhen/Fire/activefire/images/patches/LC08_L1TP_174027_20200808_20200808_01_RT_p00418.tif,/data/heguozhen/Fire/activefire/masks/voting/LC08_L1TP_174027_20200808_20200808_01_RT_voting_p00418.tif
/data/heguozhen/Fire/activefire/images/patches/LC08_L1TP_185025_20200821_20200821_01_RT_p00462.tif,/data/heguozhen/Fire/activefire/masks/voting/LC08_L1TP_185025_20200821_20200821_01_RT_voting_p00462.tif
/data/heguozhen/Fire/activefire/images/patches/LC08_L1TP_182063_20200816_20200816_01_RT_p00718.tif,/data/heguozhen/Fire/activefire/masks/voting/LC08_L1TP_182063_20200816_20200816_01_RT_voting_p00718.tif
/data/heguozhen/Fire/activefire/images/patches/LC08_L1TP_153013_20200821_20200821_01_RT_p00216.tif,/data/heguozhen/Fire/activefire/masks/voting/LC08_L1TP_153013_20200821_20200821_01_RT_voting_p00216.tif
/data/heguozhen/Fire/activefire/images/patches/LC08_L1TP_181070_20200809_20200809_01_RT_p00874.tif,/data/heguozhen/Fire/activefire/masks/voting/LC08_L1TP_181070_20200809_20200809_01_RT_voting_p00874.tif
/data/heguozhen/Fire/activefire/images/patches/LC08_L1TP_182066_20200816_20200816_01_RT_p00376.tif,/data/heguozhen/Fire/activefire/masks/voting/LC08_L1TP_182066_20200816_20200816_01_RT_voting_p00376.tif
/data/heguozhen/Fire/activefire/images/patches/LC08_L1TP_166070_20200816_20200816_01_RT_p00181.tif,/data/heguozhen/Fire/activefire/masks/voting/LC08_L1TP_166070_20200816_20200816_01_RT_voting_p00181.tif
/data/heguozhen/Fire/activefire/images/patches/LC08_L1TP_167071_20200823_20200823_01_RT_p00469.tif,/data/heguozhen/Fire/activefire/masks/voting/LC08_L1TP_167071_20200823_20200823_01_RT_voting_p00469.tif
/data/heguozhen/Fire/activefire/images/patches/LC08_L1TP_175068_20200815_20200815_01_RT_p00443.tif,/data/heguozhen/Fire/activefire/masks/voting/LC08_L1TP_175068_20200815_20200815_01_RT_voting_p00443.tif
/data/heguozhen/Fire/activefire/images/patches/LC08_L1TP_160074_20200822_20200822_01_RT_p00624.tif,/data/heguozhen/Fire/activefire/masks/voting/LC08_L1TP_160074_20200822_20200822_01_RT_voting_p00624.tif
/data/heguozhen/Fire/activefire/images/patches/LC08_L1TP_130034_20200820_20200820_01_RT_p00114.tif,/data/heguozhen/Fire/activefire/masks/voting/LC08_L1TP_130034_20200820_20200820_01_RT_voting_p00114.tif
/data/heguozhen/Fire/activefire/images/patches/LC08_L1TP_173071_20200817_20200817_01_RT_p00533.tif,/data/heguozhen/Fire/activefire/masks/voting/LC08_L1TP_173071_20200817_20200817_01_RT_voting_p00533.tif
/data/heguozhen/Fire/activefire/images/patches/LC08_L1TP_121029_20200821_20200821_01_RT_p00498.tif,/data/heguozhen/Fire/activefire/masks/voting/LC08_L1TP_121029_20200821_20200821_01_RT_voting_p00498.tif
/data/heguozhen/Fire/activefire/images/patches/LC08_L1TP_139018_20200819_20200819_01_RT_p00587.tif,/data/heguozhen/Fire/activefire/masks/voting/LC08_L1TP_139018_20200819_20200819_01_RT_voting_p00587.tif
/data/heguozhen/Fire/activefire/images/patches/LC08_L1TP_179024_20200811_20200811_01_RT_p00519.tif,/data/heguozhen/Fire/activefire/masks/voting/LC08_L1TP_179024_20200811_20200811_01_RT_voting_p00519.tif
/data/heguozhen/Fire/activefire/images/patches/LC08_L1TP_119065_20200823_20200823_01_RT_p00755.tif,/data/heguozhen/Fire/activefire/masks/voting/LC08_L1TP_119065_20200823_20200823_01_RT_voting_p00755.tif
/data/heguozhen/Fire/activefire/images/patches/LC08_L1TP_119028_20200823_20200823_01_RT_p00477.tif,/data/heguozhen/Fire/activefire/masks/voting/LC08_L1TP_119028_20200823_20200823_01_RT_voting_p00477.tif
/data/heguozhen/Fire/activefire/images/patches/LC08_L1TP_124035_20200826_20200826_01_RT_p00534.tif,/data/heguozhen/Fire/activefire/masks/voting/LC08_L1TP_124035_20200826_20200826_01_RT_voting_p00534.tif
/data/heguozhen/Fire/activefire/images/patches/LC08_L1TP_121030_20200821_20200821_01_RT_p00851.tif,/data/heguozhen/Fire/activefire/masks/voting/LC08_L1TP_121030_20200821_20200821_01_RT_voting_p00851.tif
/data/heguozhen/Fire/activefire/images/patches/LC08_L1TP_165069_20200809_20200809_01_RT_p00161.tif,/data/heguozhen/Fire/activefire/masks/voting/LC08_L1TP_165069_20200809_20200809_01_RT_voting_p00161.tif
/data/heguozhen/Fire/activefire/images/patches/LC08_L1TP_141018_20200817_20200817_01_RT_p00581.tif,/data/heguozhen/Fire/activefire/masks/voting/LC08_L1TP_141018_20200817_20200817_01_RT_voting_p00581.tif
/data/heguozhen/Fire/activefire/images/patches/LC08_L1TP_227078_20200811_20200811_01_RT_p00875.tif,/data/heguozhen/Fire/activefire/masks/voting/LC08_L1TP_227078_20200811_20200811_01_RT_voting_p00875.tif
/data/heguozhen/Fire/activefire/images/patches/LC08_L1TP_161072_20200813_20200813_01_RT_p00480.tif,/data/heguozhen/Fire/activefire/masks/voting/LC08_L1TP_161072_20200813_20200813_01_RT_voting_p00480.tif
/data/heguozhen/Fire/activefire/images/patches/LC08_L1TP_182061_20200816_20200816_01_RT_p00597.tif,/data/heguozhen/Fire/activefire/masks/voting/LC08_L1TP_182061_20200816_20200816_01_RT_voting_p00597.tif
/data/heguozhen/Fire/activefire/images/patches/LC08_L1TP_126041_20200824_20200824_01_RT_p00609.tif,/data/heguozhen/Fire/activefire/masks/voting/LC08_L1TP_126041_20200824_20200824_01_RT_voting_p00609.tif
/data/heguozhen/Fire/activefire/images/patches/LC08_L1TP_025033_20200820_20200820_01_RT_p00616.tif,/data/heguozhen/Fire/activefire/masks/voting/LC08_L1TP_025033_20200820_20200820_01_RT_voting_p00616.tif
/data/heguozhen/Fire/activefire/images/patches/LC08_L1TP_110066_20200824_20200824_01_RT_p00351.tif,/data/heguozhen/Fire/activefire/masks/voting/LC08_L1TP_110066_20200824_20200824_01_RT_voting_p00351.tif
/data/heguozhen/Fire/activefire/images/patches/LC08_L1TP_170069_20200812_20200812_01_RT_p00553.tif,/data/heguozhen/Fire/activefire/masks/voting/LC08_L1TP_170069_20200812_20200812_01_RT_voting_p00553.tif
/data/heguozhen/Fire/activefire/images/patches/LC08_L1TP_131034_20200827_20200827_01_RT_p00333.tif,/data/heguozhen/Fire/activefire/masks/voting/LC08_L1TP_131034_20200827_20200827_01_RT_voting_p00333.tif
/data/heguozhen/Fire/activefire/images/patches/LC08_L1TP_001072_20200828_20200828_01_RT_p00501.tif,/data/heguozhen/Fire/activefire/masks/voting/LC08_L1TP_001072_20200828_20200828_01_RT_voting_p00501.tif
/data/heguozhen/Fire/activefire/images/patches/LC08_L1TP_182070_20200816_20200816_01_RT_p00796.tif,/data/heguozhen/Fire/activefire/masks/voting/LC08_L1TP_182070_20200816_20200816_01_RT_voting_p00796.tif
/data/heguozhen/Fire/activefire/images/patches/LC08_L1TP_179069_20200811_20200811_01_RT_p00195.tif,/data/heguozhen/Fire/activefire/masks/voting/LC08_L1TP_179069_20200811_20200811_01_RT_voting_p00195.tif
/data/heguozhen/Fire/activefire/images/patches/LC08_L1TP_179066_20200811_20200811_01_RT_p00616.tif,/data/heguozhen/Fire/activefire/masks/voting/LC08_L1TP_179066_20200811_20200811_01_RT_voting_p00616.tif
/data/heguozhen/Fire/activefire/images/patches/LC08_L1TP_119031_20200807_20200807_01_RT_p00612.tif,/data/heguozhen/Fire/activefire/masks/voting/LC08_L1TP_119031_20200807_20200807_01_RT_voting_p00612.tif
/data/heguozhen/Fire/activefire/images/patches/LC08_L1TP_119028_20200823_20200823_01_RT_p00876.tif,/data/heguozhen/Fire/activefire/masks/voting/LC08_L1TP_119028_20200823_20200823_01_RT_voting_p00876.tif
/data/heguozhen/Fire/activefire/images/patches/LC08_L1TP_129049_20200813_20200813_01_RT_p00024.tif,/data/heguozhen/Fire/activefire/masks/voting/LC08_L1TP_129049_20200813_20200813_01_RT_voting_p00024.tif
/data/heguozhen/Fire/activefire/images/patches/LC08_L1TP_169066_20200821_20200821_01_RT_p00413.tif,/data/heguozhen/Fire/activefire/masks/voting/LC08_L1TP_169066_20200821_20200821_01_RT_voting_p00413.tif
/data/heguozhen/Fire/activefire/images/patches/LC08_L1TP_125035_20200817_20200817_01_RT_p00087.tif,/data/heguozhen/Fire/activefire/masks/voting/LC08_L1TP_125035_20200817_20200817_01_RT_voting_p00087.tif
/data/heguozhen/Fire/activefire/images/patches/LC08_L1TP_118066_20200816_20200816_01_RT_p00319.tif,/data/heguozhen/Fire/activefire/masks/voting/LC08_L1TP_118066_20200816_20200816_01_RT_voting_p00319.tif
/data/heguozhen/Fire/activefire/images/patches/LC08_L1TP_153032_20200821_20200821_01_RT_p00546.tif,/data/heguozhen/Fire/activefire/masks/voting/LC08_L1TP_153032_20200821_20200821_01_RT_voting_p00546.tif
/data/heguozhen/Fire/activefire/images/patches/LC08_L1TP_121030_20200821_20200821_01_RT_p00755.tif,/data/heguozhen/Fire/activefire/masks/voting/LC08_L1TP_121030_20200821_20200821_01_RT_voting_p00755.tif
/data/heguozhen/Fire/activefire/images/patches/LC08_L1TP_118066_20200816_20200816_01_RT_p00380.tif,/data/heguozhen/Fire/activefire/masks/voting/LC08_L1TP_118066_20200816_20200816_01_RT_voting_p00380.tif
/data/heguozhen/Fire/activefire/images/patches/LC08_L1TP_175068_20200815_20200815_01_RT_p00539.tif,/data/heguozhen/Fire/activefire/masks/voting/LC08_L1TP_175068_20200815_20200815_01_RT_voting_p00539.tif
/data/heguozhen/Fire/activefire/images/patches/LC08_L1TP_179068_20200811_20200811_01_RT_p00381.tif,/data/heguozhen/Fire/activefire/masks/voting/LC08_L1TP_179068_20200811_20200811_01_RT_voting_p00381.tif
/data/heguozhen/Fire/activefire/images/patches/LC08_L1TP_108034_20200826_20200826_01_RT_p00522.tif,/data/heguozhen/Fire/activefire/masks/voting/LC08_L1TP_108034_20200826_20200826_01_RT_voting_p00522.tif
/data/heguozhen/Fire/activefire/images/patches/LC08_L1TP_114064_20200820_20200820_01_RT_p00446.tif,/data/heguozhen/Fire/activefire/masks/voting/LC08_L1TP_114064_20200820_20200820_01_RT_voting_p00446.tif
/data/heguozhen/Fire/activefire/images/patches/LC08_L1TP_124030_20200826_20200826_01_RT_p00606.tif,/data/heguozhen/Fire/activefire/masks/voting/LC08_L1TP_124030_20200826_20200826_01_RT_voting_p00606.tif
/data/heguozhen/Fire/activefire/images/patches/LC08_L1TP_170070_20200812_20200812_01_RT_p00795.tif,/data/heguozhen/Fire/activefire/masks/voting/LC08_L1TP_170070_20200812_20200812_01_RT_voting_p00795.tif
/data/heguozhen/Fire/activefire/images/patches/LC08_L1TP_161030_20200813_20200813_01_RT_p00421.tif,/data/heguozhen/Fire/activefire/masks/voting/LC08_L1TP_161030_20200813_20200813_01_RT_voting_p00421.tif
/data/heguozhen/Fire/activefire/images/patches/LC08_L1TP_008066_20200829_20200829_01_RT_p00643.tif,/data/heguozhen/Fire/activefire/masks/voting/LC08_L1TP_008066_20200829_20200829_01_RT_voting_p00643.tif
/data/heguozhen/Fire/activefire/images/patches/LC08_L1TP_165038_20200809_20200809_01_RT_p00545.tif,/data/heguozhen/Fire/activefire/masks/voting/LC08_L1TP_165038_20200809_20200809_01_RT_voting_p00545.tif
/data/heguozhen/Fire/activefire/images/patches/LC08_L1TP_125052_20200817_20200817_01_RT_p00641.tif,/data/heguozhen/Fire/activefire/masks/voting/LC08_L1TP_125052_20200817_20200817_01_RT_voting_p00641.tif
/data/heguozhen/Fire/activefire/images/patches/LC08_L1TP_224068_20200806_20200807_01_RT_p00752.tif,/data/heguozhen/Fire/activefire/masks/voting/LC08_L1TP_224068_20200806_20200807_01_RT_voting_p00752.tif
/data/heguozhen/Fire/activefire/images/patches/LC08_L1TP_103069_20200823_20200823_01_RT_p00736.tif,/data/heguozhen/Fire/activefire/masks/voting/LC08_L1TP_103069_20200823_20200823_01_RT_voting_p00736.tif
/data/heguozhen/Fire/activefire/images/patches/LC08_L1TP_117066_20200809_20200809_01_RT_p00252.tif,/data/heguozhen/Fire/activefire/masks/voting/LC08_L1TP_117066_20200809_20200809_01_RT_voting_p00252.tif
/data/heguozhen/Fire/activefire/images/patches/LC08_L1TP_141019_20200817_20200817_01_RT_p00156.tif,/data/heguozhen/Fire/activefire/masks/voting/LC08_L1TP_141019_20200817_20200817_01_RT_voting_p00156.tif
/data/heguozhen/Fire/activefire/images/patches/LC08_L1TP_224079_20200806_20200807_01_RT_p00687.tif,/data/heguozhen/Fire/activefire/masks/voting/LC08_L1TP_224079_20200806_20200807_01_RT_voting_p00687.tif
/data/heguozhen/Fire/activefire/images/patches/LC08_L1TP_118029_20200816_20200816_01_RT_p00421.tif,/data/heguozhen/Fire/activefire/masks/voting/LC08_L1TP_118029_20200816_20200816_01_RT_voting_p00421.tif
/data/heguozhen/Fire/activefire/images/patches/LC08_L1TP_169081_20200821_20200821_01_RT_p00823.tif,/data/heguozhen/Fire/activefire/masks/voting/LC08_L1TP_169081_20200821_20200821_01_RT_voting_p00823.tif
/data/heguozhen/Fire/activefire/images/patches/LC08_L1TP_174066_20200808_20200808_01_RT_p00323.tif,/data/heguozhen/Fire/activefire/masks/voting/LC08_L1TP_174066_20200808_20200808_01_RT_voting_p00323.tif
/data/heguozhen/Fire/activefire/images/patches/LC08_L1TP_224079_20200806_20200807_01_RT_p00689.tif,/data/heguozhen/Fire/activefire/masks/voting/LC08_L1TP_224079_20200806_20200807_01_RT_voting_p00689.tif
/data/heguozhen/Fire/activefire/images/patches/LC08_L1TP_166066_20200816_20200816_01_RT_p00329.tif,/data/heguozhen/Fire/activefire/masks/voting/LC08_L1TP_166066_20200816_20200816_01_RT_voting_p00329.tif
/data/heguozhen/Fire/activefire/images/patches/LC08_L1TP_119066_20200823_20200823_01_RT_p00688.tif,/data/heguozhen/Fire/activefire/masks/voting/LC08_L1TP_119066_20200823_20200823_01_RT_voting_p00688.tif
/data/heguozhen/Fire/activefire/images/patches/LC08_L1TP_169078_20200821_20200821_01_RT_p00138.tif,/data/heguozhen/Fire/activefire/masks/voting/LC08_L1TP_169078_20200821_20200821_01_RT_voting_p00138.tif
/data/heguozhen/Fire/activefire/images/patches/LC08_L1TP_170070_20200812_20200812_01_RT_p00196.tif,/data/heguozhen/Fire/activefire/masks/voting/LC08_L1TP_170070_20200812_20200812_01_RT_voting_p00196.tif
/data/heguozhen/Fire/activefire/images/patches/LC08_L1TP_224080_20200806_20200807_01_RT_p00283.tif,/data/heguozhen/Fire/activefire/masks/voting/LC08_L1TP_224080_20200806_20200807_01_RT_voting_p00283.tif
/data/heguozhen/Fire/activefire/images/patches/LC08_L1TP_169067_20200821_20200821_01_RT_p00242.tif,/data/heguozhen/Fire/activefire/masks/voting/LC08_L1TP_169067_20200821_20200821_01_RT_voting_p00242.tif
/data/heguozhen/Fire/activefire/images/patches/LC08_L1TP_170070_20200812_20200812_01_RT_p00502.tif,/data/heguozhen/Fire/activefire/masks/voting/LC08_L1TP_170070_20200812_20200812_01_RT_voting_p00502.tif
/data/heguozhen/Fire/activefire/images/patches/LC08_L1TP_119029_20200807_20200807_01_RT_p00406.tif,/data/heguozhen/Fire/activefire/masks/voting/LC08_L1TP_119029_20200807_20200807_01_RT_voting_p00406.tif
/data/heguozhen/Fire/activefire/images/patches/LC08_L1TP_173071_20200817_20200817_01_RT_p00381.tif,/data/heguozhen/Fire/activefire/masks/voting/LC08_L1TP_173071_20200817_20200817_01_RT_voting_p00381.tif
/data/heguozhen/Fire/activefire/images/patches/LC08_L1TP_118029_20200816_20200816_01_RT_p00133.tif,/data/heguozhen/Fire/activefire/masks/voting/LC08_L1TP_118029_20200816_20200816_01_RT_voting_p00133.tif
/data/heguozhen/Fire/activefire/images/patches/LC08_L1TP_008067_20200829_20200829_01_RT_p00655.tif,/data/heguozhen/Fire/activefire/masks/voting/LC08_L1TP_008067_20200829_20200829_01_RT_voting_p00655.tif
/data/heguozhen/Fire/activefire/images/patches/LC08_L1TP_119066_20200823_20200823_01_RT_p00313.tif,/data/heguozhen/Fire/activefire/masks/voting/LC08_L1TP_119066_20200823_20200823_01_RT_voting_p00313.tif
/data/heguozhen/Fire/activefire/images/patches/LC08_L1TP_160074_20200822_20200822_01_RT_p00596.tif,/data/heguozhen/Fire/activefire/masks/voting/LC08_L1TP_160074_20200822_20200822_01_RT_voting_p00596.tif
/data/heguozhen/Fire/activefire/images/patches/LC08_L1TP_170066_20200812_20200812_01_RT_p00718.tif,/data/heguozhen/Fire/activefire/masks/voting/LC08_L1TP_170066_20200812_20200812_01_RT_voting_p00718.tif
/data/heguozhen/Fire/activefire/images/patches/LC08_L1TP_120030_20200814_20200814_01_RT_p00720.tif,/data/heguozhen/Fire/activefire/masks/voting/LC08_L1TP_120030_20200814_20200814_01_RT_voting_p00720.tif
/data/heguozhen/Fire/activefire/images/patches/LC08_L1TP_182061_20200816_20200816_01_RT_p00180.tif,/data/heguozhen/Fire/activefire/masks/voting/LC08_L1TP_182061_20200816_20200816_01_RT_voting_p00180.tif
/data/heguozhen/Fire/activefire/images/patches/LC08_L1TP_170065_20200812_20200812_01_RT_p00167.tif,/data/heguozhen/Fire/activefire/masks/voting/LC08_L1TP_170065_20200812_20200812_01_RT_voting_p00167.tif
/data/heguozhen/Fire/activefire/images/patches/LC08_L1TP_170069_20200812_20200812_01_RT_p00391.tif,/data/heguozhen/Fire/activefire/masks/voting/LC08_L1TP_170069_20200812_20200812_01_RT_voting_p00391.tif
/data/heguozhen/Fire/activefire/images/patches/LC08_L1TP_118030_20200816_20200816_01_RT_p00500.tif,/data/heguozhen/Fire/activefire/masks/voting/LC08_L1TP_118030_20200816_20200816_01_RT_voting_p00500.tif
/data/heguozhen/Fire/activefire/images/patches/LC08_L1TP_170069_20200812_20200812_01_RT_p00790.tif,/data/heguozhen/Fire/activefire/masks/voting/LC08_L1TP_170069_20200812_20200812_01_RT_voting_p00790.tif
/data/heguozhen/Fire/activefire/images/patches/LC08_L1TP_175070_20200815_20200815_01_RT_p00384.tif,/data/heguozhen/Fire/activefire/masks/voting/LC08_L1TP_175070_20200815_20200815_01_RT_voting_p00384.tif
/data/heguozhen/Fire/activefire/images/patches/LC08_L1TP_182063_20200816_20200816_01_RT_p00516.tif,/data/heguozhen/Fire/activefire/masks/voting/LC08_L1TP_182063_20200816_20200816_01_RT_voting_p00516.tif
/data/heguozhen/Fire/activefire/images/patches/LC08_L1TP_173070_20200817_20200817_01_RT_p00313.tif,/data/heguozhen/Fire/activefire/masks/voting/LC08_L1TP_173070_20200817_20200817_01_RT_voting_p00313.tif
/data/heguozhen/Fire/activefire/images/patches/LC08_L1TP_175072_20200815_20200815_01_RT_p00847.tif,/data/heguozhen/Fire/activefire/masks/voting/LC08_L1TP_175072_20200815_20200815_01_RT_voting_p00847.tif
/data/heguozhen/Fire/activefire/images/patches/LC08_L1TP_118030_20200816_20200816_01_RT_p00197.tif,/data/heguozhen/Fire/activefire/masks/voting/LC08_L1TP_118030_20200816_20200816_01_RT_voting_p00197.tif
/data/heguozhen/Fire/activefire/images/patches/LC08_L1TP_042034_20200827_20200827_01_RT_p00667.tif,/data/heguozhen/Fire/activefire/masks/voting/LC08_L1TP_042034_20200827_20200827_01_RT_voting_p00667.tif
/data/heguozhen/Fire/activefire/images/patches/LC08_L1TP_170067_20200812_20200812_01_RT_p00416.tif,/data/heguozhen/Fire/activefire/masks/voting/LC08_L1TP_170067_20200812_20200812_01_RT_voting_p00416.tif
/data/heguozhen/Fire/activefire/images/patches/LC08_L1TP_175068_20200815_20200815_01_RT_p00203.tif,/data/heguozhen/Fire/activefire/masks/voting/LC08_L1TP_175068_20200815_20200815_01_RT_voting_p00203.tif
/data/heguozhen/Fire/activefire/images/patches/LC08_L1TP_173069_20200817_20200817_01_RT_p00665.tif,/data/heguozhen/Fire/activefire/masks/voting/LC08_L1TP_173069_20200817_20200817_01_RT_voting_p00665.tif
/data/heguozhen/Fire/activefire/images/patches/LC08_L1TP_130031_20200820_20200820_01_RT_p00740.tif,/data/heguozhen/Fire/activefire/masks/voting/LC08_L1TP_130031_20200820_20200820_01_RT_voting_p00740.tif
/data/heguozhen/Fire/activefire/images/patches/LC08_L1TP_121030_20200821_20200821_01_RT_p00855.tif,/data/heguozhen/Fire/activefire/masks/voting/LC08_L1TP_121030_20200821_20200821_01_RT_voting_p00855.tif
/data/heguozhen/Fire/activefire/images/patches/LC08_L1TP_224079_20200806_20200807_01_RT_p00813.tif,/data/heguozhen/Fire/activefire/masks/voting/LC08_L1TP_224079_20200806_20200807_01_RT_voting_p00813.tif
/data/heguozhen/Fire/activefire/images/patches/LC08_L1TP_173067_20200817_20200817_01_RT_p00472.tif,/data/heguozhen/Fire/activefire/masks/voting/LC08_L1TP_173067_20200817_20200817_01_RT_voting_p00472.tif
/data/heguozhen/Fire/activefire/images/patches/LC08_L1TP_122044_20200812_20200812_01_RT_p00640.tif,/data/heguozhen/Fire/activefire/masks/voting/LC08_L1TP_122044_20200812_20200812_01_RT_voting_p00640.tif
/data/heguozhen/Fire/activefire/images/patches/LC08_L1TP_173068_20200817_20200817_01_RT_p00199.tif,/data/heguozhen/Fire/activefire/masks/voting/LC08_L1TP_173068_20200817_20200817_01_RT_voting_p00199.tif
/data/heguozhen/Fire/activefire/images/patches/LC08_L1TP_170070_20200812_20200812_01_RT_p00237.tif,/data/heguozhen/Fire/activefire/masks/voting/LC08_L1TP_170070_20200812_20200812_01_RT_voting_p00237.tif
/data/heguozhen/Fire/activefire/images/patches/LC08_L1TP_170075_20200812_20200812_01_RT_p00879.tif,/data/heguozhen/Fire/activefire/masks/voting/LC08_L1TP_170075_20200812_20200812_01_RT_voting_p00879.tif
/data/heguozhen/Fire/activefire/images/patches/LC08_L1TP_141018_20200817_20200817_01_RT_p00467.tif,/data/heguozhen/Fire/activefire/masks/voting/LC08_L1TP_141018_20200817_20200817_01_RT_voting_p00467.tif
/data/heguozhen/Fire/activefire/images/patches/LC08_L1TP_121040_20200821_20200821_01_RT_p00736.tif,/data/heguozhen/Fire/activefire/masks/voting/LC08_L1TP_121040_20200821_20200821_01_RT_voting_p00736.tif
/data/heguozhen/Fire/activefire/images/patches/LC08_L1TP_174069_20200808_20200808_01_RT_p00878.tif,/data/heguozhen/Fire/activefire/masks/voting/LC08_L1TP_174069_20200808_20200808_01_RT_voting_p00878.tif
/data/heguozhen/Fire/activefire/images/patches/LC08_L1TP_175068_20200815_20200815_01_RT_p00386.tif,/data/heguozhen/Fire/activefire/masks/voting/LC08_L1TP_175068_20200815_20200815_01_RT_voting_p00386.tif
/data/heguozhen/Fire/activefire/images/patches/LC08_L1TP_169035_20200821_20200821_01_RT_p00234.tif,/data/heguozhen/Fire/activefire/masks/voting/LC08_L1TP_169035_20200821_20200821_01_RT_voting_p00234.tif
/data/heguozhen/Fire/activefire/images/patches/LC08_L1TP_125052_20200817_20200817_01_RT_p00642.tif,/data/heguozhen/Fire/activefire/masks/voting/LC08_L1TP_125052_20200817_20200817_01_RT_voting_p00642.tif
/data/heguozhen/Fire/activefire/images/patches/LC08_L1TP_126035_20200824_20200824_01_RT_p00676.tif,/data/heguozhen/Fire/activefire/masks/voting/LC08_L1TP_126035_20200824_20200824_01_RT_voting_p00676.tif
/data/heguozhen/Fire/activefire/images/patches/LC08_L1TP_173071_20200817_20200817_01_RT_p00532.tif,/data/heguozhen/Fire/activefire/masks/voting/LC08_L1TP_173071_20200817_20200817_01_RT_voting_p00532.tif
/data/heguozhen/Fire/activefire/images/patches/LC08_L1TP_019038_20200826_20200826_01_RT_p00626.tif,/data/heguozhen/Fire/activefire/masks/voting/LC08_L1TP_019038_20200826_20200826_01_RT_voting_p00626.tif
/data/heguozhen/Fire/activefire/images/patches/LC08_L1TP_165068_20200809_20200809_01_RT_p00250.tif,/data/heguozhen/Fire/activefire/masks/voting/LC08_L1TP_165068_20200809_20200809_01_RT_voting_p00250.tif
/data/heguozhen/Fire/activefire/images/patches/LC08_L1TP_128013_20200822_20200822_01_RT_p00263.tif,/data/heguozhen/Fire/activefire/masks/voting/LC08_L1TP_128013_20200822_20200822_01_RT_voting_p00263.tif
/data/heguozhen/Fire/activefire/images/patches/LC08_L1TP_120043_20200814_20200814_01_RT_p00758.tif,/data/heguozhen/Fire/activefire/masks/voting/LC08_L1TP_120043_20200814_20200814_01_RT_voting_p00758.tif
/data/heguozhen/Fire/activefire/images/patches/LC08_L1TP_120033_20200830_20200830_01_RT_p00814.tif,/data/heguozhen/Fire/activefire/masks/voting/LC08_L1TP_120033_20200830_20200830_01_RT_voting_p00814.tif
/data/heguozhen/Fire/activefire/images/patches/LC08_L1TP_172063_20200810_20200810_01_RT_p00481.tif,/data/heguozhen/Fire/activefire/masks/voting/LC08_L1TP_172063_20200810_20200810_01_RT_voting_p00481.tif
/data/heguozhen/Fire/activefire/images/patches/LC08_L1TP_173070_20200817_20200817_01_RT_p00220.tif,/data/heguozhen/Fire/activefire/masks/voting/LC08_L1TP_173070_20200817_20200817_01_RT_voting_p00220.tif
/data/heguozhen/Fire/activefire/images/patches/LC08_L1TP_172066_20200810_20200810_01_RT_p00190.tif,/data/heguozhen/Fire/activefire/masks/voting/LC08_L1TP_172066_20200810_20200810_01_RT_voting_p00190.tif
/data/heguozhen/Fire/activefire/images/patches/LC08_L1TP_163042_20200811_20200811_01_RT_p00699.tif,/data/heguozhen/Fire/activefire/masks/voting/LC08_L1TP_163042_20200811_20200811_01_RT_voting_p00699.tif
/data/heguozhen/Fire/activefire/images/patches/LC08_L1TP_173067_20200817_20200817_01_RT_p00156.tif,/data/heguozhen/Fire/activefire/masks/voting/LC08_L1TP_173067_20200817_20200817_01_RT_voting_p00156.tif
/data/heguozhen/Fire/activefire/images/patches/LC08_L1TP_142018_20200824_20200824_01_RT_p00832.tif,/data/heguozhen/Fire/activefire/masks/voting/LC08_L1TP_142018_20200824_20200824_01_RT_voting_p00832.tif
/data/heguozhen/Fire/activefire/images/patches/LC08_L1TP_024039_20200813_20200813_01_RT_p00224.tif,/data/heguozhen/Fire/activefire/masks/voting/LC08_L1TP_024039_20200813_20200813_01_RT_voting_p00224.tif
/data/heguozhen/Fire/activefire/images/patches/LC08_L1TP_141055_20200817_20200817_01_RT_p00758.tif,/data/heguozhen/Fire/activefire/masks/voting/LC08_L1TP_141055_20200817_20200817_01_RT_voting_p00758.tif
/data/heguozhen/Fire/activefire/images/patches/LC08_L1TP_166069_20200816_20200816_01_RT_p00583.tif,/data/heguozhen/Fire/activefire/masks/voting/LC08_L1TP_166069_20200816_20200816_01_RT_voting_p00583.tif
/data/heguozhen/Fire/activefire/images/patches/LC08_L1TP_182061_20200816_20200816_01_RT_p00321.tif,/data/heguozhen/Fire/activefire/masks/voting/LC08_L1TP_182061_20200816_20200816_01_RT_voting_p00321.tif
/data/heguozhen/Fire/activefire/images/patches/LC08_L1TP_119031_20200823_20200823_01_RT_p00630.tif,/data/heguozhen/Fire/activefire/masks/voting/LC08_L1TP_119031_20200823_20200823_01_RT_voting_p00630.tif
/data/heguozhen/Fire/activefire/images/patches/LC08_L1TP_118031_20200816_20200816_01_RT_p00085.tif,/data/heguozhen/Fire/activefire/masks/voting/LC08_L1TP_118031_20200816_20200816_01_RT_voting_p00085.tif
/data/heguozhen/Fire/activefire/images/patches/LC08_L1TP_118028_20200816_20200816_01_RT_p00684.tif,/data/heguozhen/Fire/activefire/masks/voting/LC08_L1TP_118028_20200816_20200816_01_RT_voting_p00684.tif
/data/heguozhen/Fire/activefire/images/patches/LC08_L1TP_125053_20200817_20200817_01_RT_p00842.tif,/data/heguozhen/Fire/activefire/masks/voting/LC08_L1TP_125053_20200817_20200817_01_RT_voting_p00842.tif
/data/heguozhen/Fire/activefire/images/patches/LC08_L1TP_181061_20200809_20200809_01_RT_p00302.tif,/data/heguozhen/Fire/activefire/masks/voting/LC08_L1TP_181061_20200809_20200809_01_RT_voting_p00302.tif
/data/heguozhen/Fire/activefire/images/patches/LC08_L1TP_118028_20200816_20200816_01_RT_p00679.tif,/data/heguozhen/Fire/activefire/masks/voting/LC08_L1TP_118028_20200816_20200816_01_RT_voting_p00679.tif
/data/heguozhen/Fire/activefire/images/patches/LC08_L1TP_170069_20200812_20200812_01_RT_p00170.tif,/data/heguozhen/Fire/activefire/masks/voting/LC08_L1TP_170069_20200812_20200812_01_RT_voting_p00170.tif
/data/heguozhen/Fire/activefire/images/patches/LC08_L1TP_161017_20200813_20200813_01_RT_p00243.tif,/data/heguozhen/Fire/activefire/masks/voting/LC08_L1TP_161017_20200813_20200813_01_RT_voting_p00243.tif
/data/heguozhen/Fire/activefire/images/patches/LC08_L1TP_120030_20200814_20200814_01_RT_p00571.tif,/data/heguozhen/Fire/activefire/masks/voting/LC08_L1TP_120030_20200814_20200814_01_RT_voting_p00571.tif
/data/heguozhen/Fire/activefire/images/patches/LC08_L1TP_179071_20200811_20200811_01_RT_p00740.tif,/data/heguozhen/Fire/activefire/masks/voting/LC08_L1TP_179071_20200811_20200811_01_RT_voting_p00740.tif
/data/heguozhen/Fire/activefire/images/patches/LC08_L1TP_160071_20200822_20200822_01_RT_p00664.tif,/data/heguozhen/Fire/activefire/masks/voting/LC08_L1TP_160071_20200822_20200822_01_RT_voting_p00664.tif
/data/heguozhen/Fire/activefire/images/patches/LC08_L1TP_120037_20200814_20200814_01_RT_p00351.tif,/data/heguozhen/Fire/activefire/masks/voting/LC08_L1TP_120037_20200814_20200814_01_RT_voting_p00351.tif
/data/heguozhen/Fire/activefire/images/patches/LC08_L1GT_117030_20200825_20200825_01_RT_p00910.tif,/data/heguozhen/Fire/activefire/masks/voting/LC08_L1GT_117030_20200825_20200825_01_RT_voting_p00910.tif
/data/heguozhen/Fire/activefire/images/patches/LC08_L1TP_170070_20200812_20200812_01_RT_p00115.tif,/data/heguozhen/Fire/activefire/masks/voting/LC08_L1TP_170070_20200812_20200812_01_RT_voting_p00115.tif
/data/heguozhen/Fire/activefire/images/patches/LC08_L1TP_161072_20200813_20200813_01_RT_p00670.tif,/data/heguozhen/Fire/activefire/masks/voting/LC08_L1TP_161072_20200813_20200813_01_RT_voting_p00670.tif
/data/heguozhen/Fire/activefire/images/patches/LC08_L1TP_169036_20200821_20200821_01_RT_p00220.tif,/data/heguozhen/Fire/activefire/masks/voting/LC08_L1TP_169036_20200821_20200821_01_RT_voting_p00220.tif
/data/heguozhen/Fire/activefire/images/patches/LC08_L1TP_118027_20200816_20200816_01_RT_p00635.tif,/data/heguozhen/Fire/activefire/masks/voting/LC08_L1TP_118027_20200816_20200816_01_RT_voting_p00635.tif
/data/heguozhen/Fire/activefire/images/patches/LC08_L1TP_010062_20200827_20200827_01_RT_p00635.tif,/data/heguozhen/Fire/activefire/masks/voting/LC08_L1TP_010062_20200827_20200827_01_RT_voting_p00635.tif
/data/heguozhen/Fire/activefire/images/patches/LC08_L1TP_174024_20200808_20200808_01_RT_p00940.tif,/data/heguozhen/Fire/activefire/masks/voting/LC08_L1TP_174024_20200808_20200808_01_RT_voting_p00940.tif
/data/heguozhen/Fire/activefire/images/patches/LC08_L1TP_119030_20200807_20200807_01_RT_p00786.tif,/data/heguozhen/Fire/activefire/masks/voting/LC08_L1TP_119030_20200807_20200807_01_RT_voting_p00786.tif
/data/heguozhen/Fire/activefire/images/patches/LC08_L1TP_224080_20200806_20200807_01_RT_p00468.tif,/data/heguozhen/Fire/activefire/masks/voting/LC08_L1TP_224080_20200806_20200807_01_RT_voting_p00468.tif
/data/heguozhen/Fire/activefire/images/patches/LC08_L1TP_133019_20200809_20200809_01_RT_p00234.tif,/data/heguozhen/Fire/activefire/masks/voting/LC08_L1TP_133019_20200809_20200809_01_RT_voting_p00234.tif
/data/heguozhen/Fire/activefire/images/patches/LC08_L1TP_173066_20200817_20200817_01_RT_p00052.tif,/data/heguozhen/Fire/activefire/masks/voting/LC08_L1TP_173066_20200817_20200817_01_RT_voting_p00052.tif
/data/heguozhen/Fire/activefire/images/patches/LC08_L1TP_181068_20200809_20200809_01_RT_p00798.tif,/data/heguozhen/Fire/activefire/masks/voting/LC08_L1TP_181068_20200809_20200809_01_RT_voting_p00798.tif
/data/heguozhen/Fire/activefire/images/patches/LC08_L1TP_224064_20200806_20200807_01_RT_p00395.tif,/data/heguozhen/Fire/activefire/masks/voting/LC08_L1TP_224064_20200806_20200807_01_RT_voting_p00395.tif
/data/heguozhen/Fire/activefire/images/patches/LC08_L1TP_179069_20200811_20200811_01_RT_p00164.tif,/data/heguozhen/Fire/activefire/masks/voting/LC08_L1TP_179069_20200811_20200811_01_RT_voting_p00164.tif
/data/heguozhen/Fire/activefire/images/patches/LC08_L1TP_141054_20200817_20200817_01_RT_p00743.tif,/data/heguozhen/Fire/activefire/masks/voting/LC08_L1TP_141054_20200817_20200817_01_RT_voting_p00743.tif
/data/heguozhen/Fire/activefire/images/patches/LC08_L1TP_166067_20200816_20200816_01_RT_p00358.tif,/data/heguozhen/Fire/activefire/masks/voting/LC08_L1TP_166067_20200816_20200816_01_RT_voting_p00358.tif
/data/heguozhen/Fire/activefire/images/patches/LC08_L1TP_154014_20200812_20200812_01_RT_p00575.tif,/data/heguozhen/Fire/activefire/masks/voting/LC08_L1TP_154014_20200812_20200812_01_RT_voting_p00575.tif
/data/heguozhen/Fire/activefire/images/patches/LC08_L1TP_126057_20200824_20200824_01_RT_p00517.tif,/data/heguozhen/Fire/activefire/masks/voting/LC08_L1TP_126057_20200824_20200824_01_RT_voting_p00517.tif
/data/heguozhen/Fire/activefire/images/patches/LC08_L1TP_179069_20200811_20200811_01_RT_p00348.tif,/data/heguozhen/Fire/activefire/masks/voting/LC08_L1TP_179069_20200811_20200811_01_RT_voting_p00348.tif
/data/heguozhen/Fire/activefire/images/patches/LC08_L1TP_230079_20200816_20200816_01_RT_p00138.tif,/data/heguozhen/Fire/activefire/masks/voting/LC08_L1TP_230079_20200816_20200816_01_RT_voting_p00138.tif
/data/heguozhen/Fire/activefire/images/patches/LC08_L1TP_138018_20200828_20200828_01_RT_p01004.tif,/data/heguozhen/Fire/activefire/masks/voting/LC08_L1TP_138018_20200828_20200828_01_RT_voting_p01004.tif
/data/heguozhen/Fire/activefire/images/patches/LC08_L1TP_126034_20200824_20200824_01_RT_p00553.tif,/data/heguozhen/Fire/activefire/masks/voting/LC08_L1TP_126034_20200824_20200824_01_RT_voting_p00553.tif
/data/heguozhen/Fire/activefire/images/patches/LC08_L1TP_181061_20200809_20200809_01_RT_p00086.tif,/data/heguozhen/Fire/activefire/masks/voting/LC08_L1TP_181061_20200809_20200809_01_RT_voting_p00086.tif
/data/heguozhen/Fire/activefire/images/patches/LC08_L1TP_172069_20200810_20200810_01_RT_p00331.tif,/data/heguozhen/Fire/activefire/masks/voting/LC08_L1TP_172069_20200810_20200810_01_RT_voting_p00331.tif
/data/heguozhen/Fire/activefire/images/patches/LC08_L1TP_182064_20200816_20200816_01_RT_p00577.tif,/data/heguozhen/Fire/activefire/masks/voting/LC08_L1TP_182064_20200816_20200816_01_RT_voting_p00577.tif
/data/heguozhen/Fire/activefire/images/patches/LC08_L1TP_119032_20200823_20200823_01_RT_p00202.tif,/data/heguozhen/Fire/activefire/masks/voting/LC08_L1TP_119032_20200823_20200823_01_RT_voting_p00202.tif
/data/heguozhen/Fire/activefire/images/patches/LC08_L1TP_175068_20200815_20200815_01_RT_p00300.tif,/data/heguozhen/Fire/activefire/masks/voting/LC08_L1TP_175068_20200815_20200815_01_RT_voting_p00300.tif
/data/heguozhen/Fire/activefire/images/patches/LC08_L1TP_224070_20200806_20200807_01_RT_p00105.tif,/data/heguozhen/Fire/activefire/masks/voting/LC08_L1TP_224070_20200806_20200807_01_RT_voting_p00105.tif
/data/heguozhen/Fire/activefire/images/patches/LC08_L1TP_172068_20200810_20200810_01_RT_p00485.tif,/data/heguozhen/Fire/activefire/masks/voting/LC08_L1TP_172068_20200810_20200810_01_RT_voting_p00485.tif
/data/heguozhen/Fire/activefire/images/patches/LC08_L1TP_161072_20200813_20200813_01_RT_p00767.tif,/data/heguozhen/Fire/activefire/masks/voting/LC08_L1TP_161072_20200813_20200813_01_RT_voting_p00767.tif
/data/heguozhen/Fire/activefire/images/patches/LC08_L1TP_172067_20200810_20200810_01_RT_p00874.tif,/data/heguozhen/Fire/activefire/masks/voting/LC08_L1TP_172067_20200810_20200810_01_RT_voting_p00874.tif
/data/heguozhen/Fire/activefire/images/patches/LC08_L1TP_126015_20200824_20200824_01_RT_p00341.tif,/data/heguozhen/Fire/activefire/masks/voting/LC08_L1TP_126015_20200824_20200824_01_RT_voting_p00341.tif
/data/heguozhen/Fire/activefire/images/patches/LC08_L1TP_125053_20200817_20200817_01_RT_p00719.tif,/data/heguozhen/Fire/activefire/masks/voting/LC08_L1TP_125053_20200817_20200817_01_RT_voting_p00719.tif
/data/heguozhen/Fire/activefire/images/patches/LC08_L1TP_227063_20200811_20200811_01_RT_p00263.tif,/data/heguozhen/Fire/activefire/masks/voting/LC08_L1TP_227063_20200811_20200811_01_RT_voting_p00263.tif
/data/heguozhen/Fire/activefire/images/patches/LC08_L1TP_124032_20200810_20200810_01_RT_p00783.tif,/data/heguozhen/Fire/activefire/masks/voting/LC08_L1TP_124032_20200810_20200810_01_RT_voting_p00783.tif
/data/heguozhen/Fire/activefire/images/patches/LC08_L1TP_181062_20200809_20200809_01_RT_p00283.tif,/data/heguozhen/Fire/activefire/masks/voting/LC08_L1TP_181062_20200809_20200809_01_RT_voting_p00283.tif
/data/heguozhen/Fire/activefire/images/patches/LC08_L1TP_118016_20200816_20200816_01_RT_p00457.tif,/data/heguozhen/Fire/activefire/masks/voting/LC08_L1TP_118016_20200816_20200816_01_RT_voting_p00457.tif
/data/heguozhen/Fire/activefire/images/patches/LC08_L1TP_227074_20200811_20200811_01_RT_p00576.tif,/data/heguozhen/Fire/activefire/masks/voting/LC08_L1TP_227074_20200811_20200811_01_RT_voting_p00576.tif
/data/heguozhen/Fire/activefire/images/patches/LC08_L1TP_124050_20200826_20200826_01_RT_p00645.tif,/data/heguozhen/Fire/activefire/masks/voting/LC08_L1TP_124050_20200826_20200826_01_RT_voting_p00645.tif
/data/heguozhen/Fire/activefire/images/patches/LC08_L1TP_168073_20200830_20200830_01_RT_p00642.tif,/data/heguozhen/Fire/activefire/masks/voting/LC08_L1TP_168073_20200830_20200830_01_RT_voting_p00642.tif
/data/heguozhen/Fire/activefire/images/patches/LC08_L1TP_166068_20200816_20200816_01_RT_p00387.tif,/data/heguozhen/Fire/activefire/masks/voting/LC08_L1TP_166068_20200816_20200816_01_RT_voting_p00387.tif
/data/heguozhen/Fire/activefire/images/patches/LC08_L1TP_170070_20200812_20200812_01_RT_p00273.tif,/data/heguozhen/Fire/activefire/masks/voting/LC08_L1TP_170070_20200812_20200812_01_RT_voting_p00273.tif
/data/heguozhen/Fire/activefire/images/patches/LC08_L1TP_158018_20200808_20200808_01_RT_p00565.tif,/data/heguozhen/Fire/activefire/masks/voting/LC08_L1TP_158018_20200808_20200808_01_RT_voting_p00565.tif
/data/heguozhen/Fire/activefire/images/patches/LC08_L1TP_172022_20200810_20200810_01_RT_p00308.tif,/data/heguozhen/Fire/activefire/masks/voting/LC08_L1TP_172022_20200810_20200810_01_RT_voting_p00308.tif
/data/heguozhen/Fire/activefire/images/patches/LC08_L1TP_126032_20200824_20200824_01_RT_p00844.tif,/data/heguozhen/Fire/activefire/masks/voting/LC08_L1TP_126032_20200824_20200824_01_RT_voting_p00844.tif
/data/heguozhen/Fire/activefire/images/patches/LC08_L1TP_115028_20200811_20200811_01_RT_p00222.tif,/data/heguozhen/Fire/activefire/masks/voting/LC08_L1TP_115028_20200811_20200811_01_RT_voting_p00222.tif
/data/heguozhen/Fire/activefire/images/patches/LC08_L1TP_119019_20200807_20200807_01_RT_p00839.tif,/data/heguozhen/Fire/activefire/masks/voting/LC08_L1TP_119019_20200807_20200807_01_RT_voting_p00839.tif
/data/heguozhen/Fire/activefire/images/patches/LC08_L1TP_124047_20200810_20200810_01_RT_p00488.tif,/data/heguozhen/Fire/activefire/masks/voting/LC08_L1TP_124047_20200810_20200810_01_RT_voting_p00488.tif
/data/heguozhen/Fire/activefire/images/patches/LC08_L1TP_172070_20200810_20200810_01_RT_p00107.tif,/data/heguozhen/Fire/activefire/masks/voting/LC08_L1TP_172070_20200810_20200810_01_RT_voting_p00107.tif
/data/heguozhen/Fire/activefire/images/patches/LC08_L1TP_172064_20200810_20200810_01_RT_p00669.tif,/data/heguozhen/Fire/activefire/masks/voting/LC08_L1TP_172064_20200810_20200810_01_RT_voting_p00669.tif
/data/heguozhen/Fire/activefire/images/patches/LC08_L1TP_121028_20200821_20200821_01_RT_p00793.tif,/data/heguozhen/Fire/activefire/masks/voting/LC08_L1TP_121028_20200821_20200821_01_RT_voting_p00793.tif
/data/heguozhen/Fire/activefire/images/patches/LC08_L1TP_161074_20200813_20200813_01_RT_p00771.tif,/data/heguozhen/Fire/activefire/masks/voting/LC08_L1TP_161074_20200813_20200813_01_RT_voting_p00771.tif
/data/heguozhen/Fire/activefire/images/patches/LC08_L1TP_169035_20200821_20200821_01_RT_p00361.tif,/data/heguozhen/Fire/activefire/masks/voting/LC08_L1TP_169035_20200821_20200821_01_RT_voting_p00361.tif
/data/heguozhen/Fire/activefire/images/patches/LC08_L1TP_124050_20200826_20200826_01_RT_p00667.tif,/data/heguozhen/Fire/activefire/masks/voting/LC08_L1TP_124050_20200826_20200826_01_RT_voting_p00667.tif
/data/heguozhen/Fire/activefire/images/patches/LC08_L1TP_118017_20200816_20200816_01_RT_p00701.tif,/data/heguozhen/Fire/activefire/masks/voting/LC08_L1TP_118017_20200816_20200816_01_RT_voting_p00701.tif
/data/heguozhen/Fire/activefire/images/patches/LC08_L1TP_173069_20200817_20200817_01_RT_p00669.tif,/data/heguozhen/Fire/activefire/masks/voting/LC08_L1TP_173069_20200817_20200817_01_RT_voting_p00669.tif
/data/heguozhen/Fire/activefire/images/patches/LC08_L1TP_182062_20200816_20200816_01_RT_p00365.tif,/data/heguozhen/Fire/activefire/masks/voting/LC08_L1TP_182062_20200816_20200816_01_RT_voting_p00365.tif
/data/heguozhen/Fire/activefire/images/patches/LC08_L1TP_002070_20200819_20200820_01_RT_p00681.tif,/data/heguozhen/Fire/activefire/masks/voting/LC08_L1TP_002070_20200819_20200820_01_RT_voting_p00681.tif
/data/heguozhen/Fire/activefire/images/patches/LC08_L1TP_044031_20200825_20200826_01_RT_p00739.tif,/data/heguozhen/Fire/activefire/masks/voting/LC08_L1TP_044031_20200825_20200826_01_RT_voting_p00739.tif
/data/heguozhen/Fire/activefire/images/patches/LC08_L1TP_179069_20200811_20200811_01_RT_p00531.tif,/data/heguozhen/Fire/activefire/masks/voting/LC08_L1TP_179069_20200811_20200811_01_RT_voting_p00531.tif
/data/heguozhen/Fire/activefire/images/patches/LC08_L1TP_173069_20200817_20200817_01_RT_p00513.tif,/data/heguozhen/Fire/activefire/masks/voting/LC08_L1TP_173069_20200817_20200817_01_RT_voting_p00513.tif
/data/heguozhen/Fire/activefire/images/patches/LC08_L1TP_181061_20200809_20200809_01_RT_p00207.tif,/data/heguozhen/Fire/activefire/masks/voting/LC08_L1TP_181061_20200809_20200809_01_RT_voting_p00207.tif
/data/heguozhen/Fire/activefire/images/patches/LC08_L1TP_116030_20200818_20200818_01_RT_p00386.tif,/data/heguozhen/Fire/activefire/masks/voting/LC08_L1TP_116030_20200818_20200818_01_RT_voting_p00386.tif
/data/heguozhen/Fire/activefire/images/patches/LC08_L1TP_130032_20200820_20200820_01_RT_p00846.tif,/data/heguozhen/Fire/activefire/masks/voting/LC08_L1TP_130032_20200820_20200820_01_RT_voting_p00846.tif
/data/heguozhen/Fire/activefire/images/patches/LC08_L1TP_179067_20200811_20200811_01_RT_p00448.tif,/data/heguozhen/Fire/activefire/masks/voting/LC08_L1TP_179067_20200811_20200811_01_RT_voting_p00448.tif
/data/heguozhen/Fire/activefire/images/patches/LC08_L1TP_120029_20200814_20200814_01_RT_p00608.tif,/data/heguozhen/Fire/activefire/masks/voting/LC08_L1TP_120029_20200814_20200814_01_RT_voting_p00608.tif
/data/heguozhen/Fire/activefire/images/patches/LC08_L1TP_166036_20200816_20200816_01_RT_p00307.tif,/data/heguozhen/Fire/activefire/masks/voting/LC08_L1TP_166036_20200816_20200816_01_RT_voting_p00307.tif
/data/heguozhen/Fire/activefire/images/patches/LC08_L1TP_121027_20200821_20200821_01_RT_p00537.tif,/data/heguozhen/Fire/activefire/masks/voting/LC08_L1TP_121027_20200821_20200821_01_RT_voting_p00537.tif
/data/heguozhen/Fire/activefire/images/patches/LC08_L1TP_175066_20200815_20200815_01_RT_p00398.tif,/data/heguozhen/Fire/activefire/masks/voting/LC08_L1TP_175066_20200815_20200815_01_RT_voting_p00398.tif
/data/heguozhen/Fire/activefire/images/patches/LC08_L1TP_121030_20200821_20200821_01_RT_p00753.tif,/data/heguozhen/Fire/activefire/masks/voting/LC08_L1TP_121030_20200821_20200821_01_RT_voting_p00753.tif
/data/heguozhen/Fire/activefire/images/patches/LC08_L1TP_131034_20200827_20200827_01_RT_p00525.tif,/data/heguozhen/Fire/activefire/masks/voting/LC08_L1TP_131034_20200827_20200827_01_RT_voting_p00525.tif
/data/heguozhen/Fire/activefire/images/patches/LC08_L1TP_121028_20200821_20200821_01_RT_p00558.tif,/data/heguozhen/Fire/activefire/masks/voting/LC08_L1TP_121028_20200821_20200821_01_RT_voting_p00558.tif
/data/heguozhen/Fire/activefire/images/patches/LC08_L1TP_220080_20200810_20200810_01_RT_p00240.tif,/data/heguozhen/Fire/activefire/masks/voting/LC08_L1TP_220080_20200810_20200810_01_RT_voting_p00240.tif
/data/heguozhen/Fire/activefire/images/patches/LC08_L1TP_168061_20200830_20200830_01_RT_p00386.tif,/data/heguozhen/Fire/activefire/masks/voting/LC08_L1TP_168061_20200830_20200830_01_RT_voting_p00386.tif
/data/heguozhen/Fire/activefire/images/patches/LC08_L1TP_168065_20200830_20200830_01_RT_p00695.tif,/data/heguozhen/Fire/activefire/masks/voting/LC08_L1TP_168065_20200830_20200830_01_RT_voting_p00695.tif
/data/heguozhen/Fire/activefire/images/patches/LC08_L1TP_161073_20200813_20200813_01_RT_p00568.tif,/data/heguozhen/Fire/activefire/masks/voting/LC08_L1TP_161073_20200813_20200813_01_RT_voting_p00568.tif
/data/heguozhen/Fire/activefire/images/patches/LC08_L1TP_173072_20200817_20200817_01_RT_p00508.tif,/data/heguozhen/Fire/activefire/masks/voting/LC08_L1TP_173072_20200817_20200817_01_RT_voting_p00508.tif
/data/heguozhen/Fire/activefire/images/patches/LC08_L1TP_122044_20200812_20200812_01_RT_p00762.tif,/data/heguozhen/Fire/activefire/masks/voting/LC08_L1TP_122044_20200812_20200812_01_RT_voting_p00762.tif
/data/heguozhen/Fire/activefire/images/patches/LC08_L1TP_118028_20200816_20200816_01_RT_p00315.tif,/data/heguozhen/Fire/activefire/masks/voting/LC08_L1TP_118028_20200816_20200816_01_RT_voting_p00315.tif
/data/heguozhen/Fire/activefire/images/patches/LC08_L1TP_153030_20200821_20200821_01_RT_p00485.tif,/data/heguozhen/Fire/activefire/masks/voting/LC08_L1TP_153030_20200821_20200821_01_RT_voting_p00485.tif
/data/heguozhen/Fire/activefire/images/patches/LC08_L1TP_117016_20200809_20200809_01_RT_p00542.tif,/data/heguozhen/Fire/activefire/masks/voting/LC08_L1TP_117016_20200809_20200809_01_RT_voting_p00542.tif
/data/heguozhen/Fire/activefire/images/patches/LC08_L1TP_169070_20200821_20200821_01_RT_p00191.tif,/data/heguozhen/Fire/activefire/masks/voting/LC08_L1TP_169070_20200821_20200821_01_RT_voting_p00191.tif
/data/heguozhen/Fire/activefire/images/patches/LC08_L1TP_165035_20200809_20200809_01_RT_p00594.tif,/data/heguozhen/Fire/activefire/masks/voting/LC08_L1TP_165035_20200809_20200809_01_RT_voting_p00594.tif
/data/heguozhen/Fire/activefire/images/patches/LC08_L1TP_166069_20200816_20200816_01_RT_p00818.tif,/data/heguozhen/Fire/activefire/masks/voting/LC08_L1TP_166069_20200816_20200816_01_RT_voting_p00818.tif
/data/heguozhen/Fire/activefire/images/patches/LC08_L1TP_172062_20200810_20200810_01_RT_p00632.tif,/data/heguozhen/Fire/activefire/masks/voting/LC08_L1TP_172062_20200810_20200810_01_RT_voting_p00632.tif
/data/heguozhen/Fire/activefire/images/patches/LC08_L1TP_028035_20200825_20200825_01_RT_p00477.tif,/data/heguozhen/Fire/activefire/masks/voting/LC08_L1TP_028035_20200825_20200825_01_RT_voting_p00477.tif
/data/heguozhen/Fire/activefire/images/patches/LC08_L1TP_189031_20200817_20200817_01_RT_p00619.tif,/data/heguozhen/Fire/activefire/masks/voting/LC08_L1TP_189031_20200817_20200817_01_RT_voting_p00619.tif
/data/heguozhen/Fire/activefire/images/patches/LC08_L1TP_121028_20200821_20200821_01_RT_p00730.tif,/data/heguozhen/Fire/activefire/masks/voting/LC08_L1TP_121028_20200821_20200821_01_RT_voting_p00730.tif
/data/heguozhen/Fire/activefire/images/patches/LC08_L1TP_124050_20200826_20200826_01_RT_p00737.tif,/data/heguozhen/Fire/activefire/masks/voting/LC08_L1TP_124050_20200826_20200826_01_RT_voting_p00737.tif
/data/heguozhen/Fire/activefire/images/patches/LC08_L1TP_170067_20200812_20200812_01_RT_p00845.tif,/data/heguozhen/Fire/activefire/masks/voting/LC08_L1TP_170067_20200812_20200812_01_RT_voting_p00845.tif
/data/heguozhen/Fire/activefire/images/patches/LC08_L1TP_166070_20200816_20200816_01_RT_p00630.tif,/data/heguozhen/Fire/activefire/masks/voting/LC08_L1TP_166070_20200816_20200816_01_RT_voting_p00630.tif
/data/heguozhen/Fire/activefire/images/patches/LC08_L1TP_173067_20200817_20200817_01_RT_p00321.tif,/data/heguozhen/Fire/activefire/masks/voting/LC08_L1TP_173067_20200817_20200817_01_RT_voting_p00321.tif
/data/heguozhen/Fire/activefire/images/patches/LC08_L1TP_161071_20200813_20200813_01_RT_p00553.tif,/data/heguozhen/Fire/activefire/masks/voting/LC08_L1TP_161071_20200813_20200813_01_RT_voting_p00553.tif
/data/heguozhen/Fire/activefire/images/patches/LC08_L1TP_175069_20200815_20200815_01_RT_p00130.tif,/data/heguozhen/Fire/activefire/masks/voting/LC08_L1TP_175069_20200815_20200815_01_RT_voting_p00130.tif
/data/heguozhen/Fire/activefire/images/patches/LC08_L1TP_173062_20200817_20200817_01_RT_p00424.tif,/data/heguozhen/Fire/activefire/masks/voting/LC08_L1TP_173062_20200817_20200817_01_RT_voting_p00424.tif
/data/heguozhen/Fire/activefire/images/patches/LC08_L1TP_173069_20200817_20200817_01_RT_p00111.tif,/data/heguozhen/Fire/activefire/masks/voting/LC08_L1TP_173069_20200817_20200817_01_RT_voting_p00111.tif
/data/heguozhen/Fire/activefire/images/patches/LC08_L1TP_173028_20200817_20200817_01_RT_p00500.tif,/data/heguozhen/Fire/activefire/masks/voting/LC08_L1TP_173028_20200817_20200817_01_RT_voting_p00500.tif
/data/heguozhen/Fire/activefire/images/patches/LC08_L1TP_121030_20200821_20200821_01_RT_p00477.tif,/data/heguozhen/Fire/activefire/masks/voting/LC08_L1TP_121030_20200821_20200821_01_RT_voting_p00477.tif
/data/heguozhen/Fire/activefire/images/patches/LC08_L1TP_154032_20200828_20200828_01_RT_p00532.tif,/data/heguozhen/Fire/activefire/masks/voting/LC08_L1TP_154032_20200828_20200828_01_RT_voting_p00532.tif
/data/heguozhen/Fire/activefire/images/patches/LC08_L1TP_124035_20200826_20200826_01_RT_p00380.tif,/data/heguozhen/Fire/activefire/masks/voting/LC08_L1TP_124035_20200826_20200826_01_RT_voting_p00380.tif
/data/heguozhen/Fire/activefire/images/patches/LC08_L1TP_130032_20200820_20200820_01_RT_p00741.tif,/data/heguozhen/Fire/activefire/masks/voting/LC08_L1TP_130032_20200820_20200820_01_RT_voting_p00741.tif
/data/heguozhen/Fire/activefire/images/patches/LC08_L1TP_122039_20200828_20200828_01_RT_p00670.tif,/data/heguozhen/Fire/activefire/masks/voting/LC08_L1TP_122039_20200828_20200828_01_RT_voting_p00670.tif
/data/heguozhen/Fire/activefire/images/patches/LC08_L1TP_170071_20200812_20200812_01_RT_p00250.tif,/data/heguozhen/Fire/activefire/masks/voting/LC08_L1TP_170071_20200812_20200812_01_RT_voting_p00250.tif
/data/heguozhen/Fire/activefire/images/patches/LC08_L1TP_175070_20200815_20200815_01_RT_p00610.tif,/data/heguozhen/Fire/activefire/masks/voting/LC08_L1TP_175070_20200815_20200815_01_RT_voting_p00610.tif
/data/heguozhen/Fire/activefire/images/patches/LC08_L1TP_184034_20200814_20200814_01_RT_p00876.tif,/data/heguozhen/Fire/activefire/masks/voting/LC08_L1TP_184034_20200814_20200814_01_RT_voting_p00876.tif
/data/heguozhen/Fire/activefire/images/patches/LC08_L1TP_173070_20200817_20200817_01_RT_p00393.tif,/data/heguozhen/Fire/activefire/masks/voting/LC08_L1TP_173070_20200817_20200817_01_RT_voting_p00393.tif
/data/heguozhen/Fire/activefire/images/patches/LC08_L1TP_174066_20200808_20200808_01_RT_p00146.tif,/data/heguozhen/Fire/activefire/masks/voting/LC08_L1TP_174066_20200808_20200808_01_RT_voting_p00146.tif
/data/heguozhen/Fire/activefire/images/patches/LC08_L1TP_188034_20200810_20200810_01_RT_p00142.tif,/data/heguozhen/Fire/activefire/masks/voting/LC08_L1TP_188034_20200810_20200810_01_RT_voting_p00142.tif
/data/heguozhen/Fire/activefire/images/patches/LC08_L1TP_163041_20200811_20200811_01_RT_p00786.tif,/data/heguozhen/Fire/activefire/masks/voting/LC08_L1TP_163041_20200811_20200811_01_RT_voting_p00786.tif
/data/heguozhen/Fire/activefire/images/patches/LC08_L1TP_173027_20200817_20200817_01_RT_p00182.tif,/data/heguozhen/Fire/activefire/masks/voting/LC08_L1TP_173027_20200817_20200817_01_RT_voting_p00182.tif
/data/heguozhen/Fire/activefire/images/patches/LC08_L1TP_126033_20200824_20200824_01_RT_p00845.tif,/data/heguozhen/Fire/activefire/masks/voting/LC08_L1TP_126033_20200824_20200824_01_RT_voting_p00845.tif
/data/heguozhen/Fire/activefire/images/patches/LC08_L1TP_175072_20200815_20200815_01_RT_p00726.tif,/data/heguozhen/Fire/activefire/masks/voting/LC08_L1TP_175072_20200815_20200815_01_RT_voting_p00726.tif
/data/heguozhen/Fire/activefire/images/patches/LC08_L1TP_173070_20200817_20200817_01_RT_p00671.tif,/data/heguozhen/Fire/activefire/masks/voting/LC08_L1TP_173070_20200817_20200817_01_RT_voting_p00671.tif
/data/heguozhen/Fire/activefire/images/patches/LC08_L1TP_175072_20200815_20200815_01_RT_p00343.tif,/data/heguozhen/Fire/activefire/masks/voting/LC08_L1TP_175072_20200815_20200815_01_RT_voting_p00343.tif
/data/heguozhen/Fire/activefire/images/patches/LC08_L1TP_179023_20200811_20200811_01_RT_p00169.tif,/data/heguozhen/Fire/activefire/masks/voting/LC08_L1TP_179023_20200811_20200811_01_RT_voting_p00169.tif
/data/heguozhen/Fire/activefire/images/patches/LC08_L1TP_130038_20200820_20200820_01_RT_p00796.tif,/data/heguozhen/Fire/activefire/masks/voting/LC08_L1TP_130038_20200820_20200820_01_RT_voting_p00796.tif
/data/heguozhen/Fire/activefire/images/patches/LC08_L1TP_114026_20200820_20200820_01_RT_p00602.tif,/data/heguozhen/Fire/activefire/masks/voting/LC08_L1TP_114026_20200820_20200820_01_RT_voting_p00602.tif
/data/heguozhen/Fire/activefire/images/patches/LC08_L1TP_122033_20200828_20200828_01_RT_p00596.tif,/data/heguozhen/Fire/activefire/masks/voting/LC08_L1TP_122033_20200828_20200828_01_RT_voting_p00596.tif
/data/heguozhen/Fire/activefire/images/patches/LC08_L1TP_119029_20200807_20200807_01_RT_p00446.tif,/data/heguozhen/Fire/activefire/masks/voting/LC08_L1TP_119029_20200807_20200807_01_RT_voting_p00446.tif
/data/heguozhen/Fire/activefire/images/patches/LC08_L1TP_129033_20200813_20200813_01_RT_p00201.tif,/data/heguozhen/Fire/activefire/masks/voting/LC08_L1TP_129033_20200813_20200813_01_RT_voting_p00201.tif
/data/heguozhen/Fire/activefire/images/patches/LC08_L1TP_141055_20200817_20200817_01_RT_p00772.tif,/data/heguozhen/Fire/activefire/masks/voting/LC08_L1TP_141055_20200817_20200817_01_RT_voting_p00772.tif
/data/heguozhen/Fire/activefire/images/patches/LC08_L1TP_173069_20200817_20200817_01_RT_p00267.tif,/data/heguozhen/Fire/activefire/masks/voting/LC08_L1TP_173069_20200817_20200817_01_RT_voting_p00267.tif
/data/heguozhen/Fire/activefire/images/patches/LC08_L1TP_179066_20200811_20200811_01_RT_p00483.tif,/data/heguozhen/Fire/activefire/masks/voting/LC08_L1TP_179066_20200811_20200811_01_RT_voting_p00483.tif
/data/heguozhen/Fire/activefire/images/patches/LC08_L1TP_124050_20200810_20200810_01_RT_p00468.tif,/data/heguozhen/Fire/activefire/masks/voting/LC08_L1TP_124050_20200810_20200810_01_RT_voting_p00468.tif
/data/heguozhen/Fire/activefire/images/patches/LC08_L1TP_172070_20200810_20200810_01_RT_p00507.tif,/data/heguozhen/Fire/activefire/masks/voting/LC08_L1TP_172070_20200810_20200810_01_RT_voting_p00507.tif
/data/heguozhen/Fire/activefire/images/patches/LC08_L1TP_173070_20200817_20200817_01_RT_p00312.tif,/data/heguozhen/Fire/activefire/masks/voting/LC08_L1TP_173070_20200817_20200817_01_RT_voting_p00312.tif
/data/heguozhen/Fire/activefire/images/patches/LC08_L1TP_124049_20200810_20200810_01_RT_p00138.tif,/data/heguozhen/Fire/activefire/masks/voting/LC08_L1TP_124049_20200810_20200810_01_RT_voting_p00138.tif
/data/heguozhen/Fire/activefire/images/patches/LC08_L1TP_136015_20200830_20200830_01_RT_p01033.tif,/data/heguozhen/Fire/activefire/masks/voting/LC08_L1TP_136015_20200830_20200830_01_RT_voting_p01033.tif
/data/heguozhen/Fire/activefire/images/patches/LC08_L1TP_121028_20200821_20200821_01_RT_p00727.tif,/data/heguozhen/Fire/activefire/masks/voting/LC08_L1TP_121028_20200821_20200821_01_RT_voting_p00727.tif
/data/heguozhen/Fire/activefire/images/patches/LC08_L1TP_118029_20200816_20200816_01_RT_p00750.tif,/data/heguozhen/Fire/activefire/masks/voting/LC08_L1TP_118029_20200816_20200816_01_RT_voting_p00750.tif
/data/heguozhen/Fire/activefire/images/patches/LC08_L1TP_108024_20200826_20200826_01_RT_p00228.tif,/data/heguozhen/Fire/activefire/masks/voting/LC08_L1TP_108024_20200826_20200826_01_RT_voting_p00228.tif
/data/heguozhen/Fire/activefire/images/patches/LC08_L1TP_160074_20200822_20200822_01_RT_p00711.tif,/data/heguozhen/Fire/activefire/masks/voting/LC08_L1TP_160074_20200822_20200822_01_RT_voting_p00711.tif
/data/heguozhen/Fire/activefire/images/patches/LC08_L1TP_173070_20200817_20200817_01_RT_p00425.tif,/data/heguozhen/Fire/activefire/masks/voting/LC08_L1TP_173070_20200817_20200817_01_RT_voting_p00425.tif
/data/heguozhen/Fire/activefire/images/patches/LC08_L1TP_229078_20200809_20200809_01_RT_p00581.tif,/data/heguozhen/Fire/activefire/masks/voting/LC08_L1TP_229078_20200809_20200809_01_RT_voting_p00581.tif
/data/heguozhen/Fire/activefire/images/patches/LC08_L1TP_118028_20200816_20200816_01_RT_p00025.tif,/data/heguozhen/Fire/activefire/masks/voting/LC08_L1TP_118028_20200816_20200816_01_RT_voting_p00025.tif
/data/heguozhen/Fire/activefire/images/patches/LC08_L1TP_224079_20200806_20200807_01_RT_p00167.tif,/data/heguozhen/Fire/activefire/masks/voting/LC08_L1TP_224079_20200806_20200807_01_RT_voting_p00167.tif
/data/heguozhen/Fire/activefire/images/patches/LC08_L1TP_173063_20200817_20200817_01_RT_p00445.tif,/data/heguozhen/Fire/activefire/masks/voting/LC08_L1TP_173063_20200817_20200817_01_RT_voting_p00445.tif
/data/heguozhen/Fire/activefire/images/patches/LC08_L1TP_125051_20200817_20200817_01_RT_p00274.tif,/data/heguozhen/Fire/activefire/masks/voting/LC08_L1TP_125051_20200817_20200817_01_RT_voting_p00274.tif
/data/heguozhen/Fire/activefire/images/patches/LC08_L1TP_170071_20200812_20200812_01_RT_p00263.tif,/data/heguozhen/Fire/activefire/masks/voting/LC08_L1TP_170071_20200812_20200812_01_RT_voting_p00263.tif
/data/heguozhen/Fire/activefire/images/patches/LC08_L1TP_172069_20200810_20200810_01_RT_p00167.tif,/data/heguozhen/Fire/activefire/masks/voting/LC08_L1TP_172069_20200810_20200810_01_RT_voting_p00167.tif
/data/heguozhen/Fire/activefire/images/patches/LC08_L1TP_122026_20200812_20200812_01_RT_p00267.tif,/data/heguozhen/Fire/activefire/masks/voting/LC08_L1TP_122026_20200812_20200812_01_RT_voting_p00267.tif
/data/heguozhen/Fire/activefire/images/patches/LC08_L1TP_172069_20200810_20200810_01_RT_p00481.tif,/data/heguozhen/Fire/activefire/masks/voting/LC08_L1TP_172069_20200810_20200810_01_RT_voting_p00481.tif
/data/heguozhen/Fire/activefire/images/patches/LC08_L1TP_169068_20200821_20200821_01_RT_p00258.tif,/data/heguozhen/Fire/activefire/masks/voting/LC08_L1TP_169068_20200821_20200821_01_RT_voting_p00258.tif
/data/heguozhen/Fire/activefire/images/patches/LC08_L1TP_230065_20200816_20200816_01_RT_p00358.tif,/data/heguozhen/Fire/activefire/masks/voting/LC08_L1TP_230065_20200816_20200816_01_RT_voting_p00358.tif
/data/heguozhen/Fire/activefire/images/patches/LC08_L1TP_120013_20200830_20200830_01_RT_p00124.tif,/data/heguozhen/Fire/activefire/masks/voting/LC08_L1TP_120013_20200830_20200830_01_RT_voting_p00124.tif
/data/heguozhen/Fire/activefire/images/patches/LC08_L1TP_120065_20200830_20200830_01_RT_p00759.tif,/data/heguozhen/Fire/activefire/masks/voting/LC08_L1TP_120065_20200830_20200830_01_RT_voting_p00759.tif
/data/heguozhen/Fire/activefire/images/patches/LC08_L1TP_122043_20200828_20200828_01_RT_p00795.tif,/data/heguozhen/Fire/activefire/masks/voting/LC08_L1TP_122043_20200828_20200828_01_RT_voting_p00795.tif
/data/heguozhen/Fire/activefire/images/patches/LC08_L1TP_172063_20200810_20200810_01_RT_p00574.tif,/data/heguozhen/Fire/activefire/masks/voting/LC08_L1TP_172063_20200810_20200810_01_RT_voting_p00574.tif
/data/heguozhen/Fire/activefire/images/patches/LC08_L1TP_126058_20200824_20200824_01_RT_p00337.tif,/data/heguozhen/Fire/activefire/masks/voting/LC08_L1TP_126058_20200824_20200824_01_RT_voting_p00337.tif
/data/heguozhen/Fire/activefire/images/patches/LC08_L1TP_126035_20200824_20200824_01_RT_p00642.tif,/data/heguozhen/Fire/activefire/masks/voting/LC08_L1TP_126035_20200824_20200824_01_RT_voting_p00642.tif
/data/heguozhen/Fire/activefire/images/patches/LC08_L1TP_008053_20200813_20200813_01_RT_p00410.tif,/data/heguozhen/Fire/activefire/masks/voting/LC08_L1TP_008053_20200813_20200813_01_RT_voting_p00410.tif
/data/heguozhen/Fire/activefire/images/patches/LC08_L1TP_173061_20200817_20200817_01_RT_p00209.tif,/data/heguozhen/Fire/activefire/masks/voting/LC08_L1TP_173061_20200817_20200817_01_RT_voting_p00209.tif
/data/heguozhen/Fire/activefire/images/patches/LC08_L1TP_179063_20200811_20200811_01_RT_p00515.tif,/data/heguozhen/Fire/activefire/masks/voting/LC08_L1TP_179063_20200811_20200811_01_RT_voting_p00515.tif
/data/heguozhen/Fire/activefire/images/patches/LC08_L1TP_169034_20200821_20200821_01_RT_p00205.tif,/data/heguozhen/Fire/activefire/masks/voting/LC08_L1TP_169034_20200821_20200821_01_RT_voting_p00205.tif
/data/heguozhen/Fire/activefire/images/patches/LC08_L1TP_122032_20200828_20200828_01_RT_p00710.tif,/data/heguozhen/Fire/activefire/masks/voting/LC08_L1TP_122032_20200828_20200828_01_RT_voting_p00710.tif
/data/heguozhen/Fire/activefire/images/patches/LC08_L1TP_170070_20200812_20200812_01_RT_p00332.tif,/data/heguozhen/Fire/activefire/masks/voting/LC08_L1TP_170070_20200812_20200812_01_RT_voting_p00332.tif
/data/heguozhen/Fire/activefire/images/patches/LC08_L1TP_173069_20200817_20200817_01_RT_p00462.tif,/data/heguozhen/Fire/activefire/masks/voting/LC08_L1TP_173069_20200817_20200817_01_RT_voting_p00462.tif
/data/heguozhen/Fire/activefire/images/patches/LC08_L1TP_170066_20200812_20200812_01_RT_p00174.tif,/data/heguozhen/Fire/activefire/masks/voting/LC08_L1TP_170066_20200812_20200812_01_RT_voting_p00174.tif
/data/heguozhen/Fire/activefire/images/patches/LC08_L1TP_076092_20200809_20200810_01_RT_p00461.tif,/data/heguozhen/Fire/activefire/masks/voting/LC08_L1TP_076092_20200809_20200810_01_RT_voting_p00461.tif
/data/heguozhen/Fire/activefire/images/patches/LC08_L1TP_168073_20200830_20200830_01_RT_p00727.tif,/data/heguozhen/Fire/activefire/masks/voting/LC08_L1TP_168073_20200830_20200830_01_RT_voting_p00727.tif
/data/heguozhen/Fire/activefire/images/patches/LC08_L1TP_166067_20200816_20200816_01_RT_p00392.tif,/data/heguozhen/Fire/activefire/masks/voting/LC08_L1TP_166067_20200816_20200816_01_RT_voting_p00392.tif
/data/heguozhen/Fire/activefire/images/patches/LC08_L1TP_161072_20200813_20200813_01_RT_p00632.tif,/data/heguozhen/Fire/activefire/masks/voting/LC08_L1TP_161072_20200813_20200813_01_RT_voting_p00632.tif
/data/heguozhen/Fire/activefire/images/patches/LC08_L1TP_195035_20200811_20200812_01_RT_p00656.tif,/data/heguozhen/Fire/activefire/masks/voting/LC08_L1TP_195035_20200811_20200812_01_RT_voting_p00656.tif
/data/heguozhen/Fire/activefire/images/patches/LC08_L1TP_179024_20200811_20200811_01_RT_p00852.tif,/data/heguozhen/Fire/activefire/masks/voting/LC08_L1TP_179024_20200811_20200811_01_RT_voting_p00852.tif
/data/heguozhen/Fire/activefire/images/patches/LC08_L1TP_179068_20200811_20200811_01_RT_p00722.tif,/data/heguozhen/Fire/activefire/masks/voting/LC08_L1TP_179068_20200811_20200811_01_RT_voting_p00722.tif
/data/heguozhen/Fire/activefire/images/patches/LC08_L1TP_173069_20200817_20200817_01_RT_p00771.tif,/data/heguozhen/Fire/activefire/masks/voting/LC08_L1TP_173069_20200817_20200817_01_RT_voting_p00771.tif
/data/heguozhen/Fire/activefire/images/patches/LC08_L1TP_174066_20200808_20200808_01_RT_p00726.tif,/data/heguozhen/Fire/activefire/masks/voting/LC08_L1TP_174066_20200808_20200808_01_RT_voting_p00726.tif
/data/heguozhen/Fire/activefire/images/patches/LC08_L1TP_134015_20200816_20200816_01_RT_p00674.tif,/data/heguozhen/Fire/activefire/masks/voting/LC08_L1TP_134015_20200816_20200816_01_RT_voting_p00674.tif
/data/heguozhen/Fire/activefire/images/patches/LC08_L1TP_172071_20200810_20200810_01_RT_p00479.tif,/data/heguozhen/Fire/activefire/masks/voting/LC08_L1TP_172071_20200810_20200810_01_RT_voting_p00479.tif
/data/heguozhen/Fire/activefire/images/patches/LC08_L1TP_167024_20200823_20200823_01_RT_p00390.tif,/data/heguozhen/Fire/activefire/masks/voting/LC08_L1TP_167024_20200823_20200823_01_RT_voting_p00390.tif
/data/heguozhen/Fire/activefire/images/patches/LC08_L1TP_182065_20200816_20200816_01_RT_p00409.tif,/data/heguozhen/Fire/activefire/masks/voting/LC08_L1TP_182065_20200816_20200816_01_RT_voting_p00409.tif
/data/heguozhen/Fire/activefire/images/patches/LC08_L1TP_147018_20200811_20200811_01_RT_p00376.tif,/data/heguozhen/Fire/activefire/masks/voting/LC08_L1TP_147018_20200811_20200811_01_RT_voting_p00376.tif
/data/heguozhen/Fire/activefire/images/patches/LC08_L1TP_134018_20200816_20200816_01_RT_p00643.tif,/data/heguozhen/Fire/activefire/masks/voting/LC08_L1TP_134018_20200816_20200816_01_RT_voting_p00643.tif
/data/heguozhen/Fire/activefire/images/patches/LC08_L1TP_124034_20200826_20200826_01_RT_p00057.tif,/data/heguozhen/Fire/activefire/masks/voting/LC08_L1TP_124034_20200826_20200826_01_RT_voting_p00057.tif
/data/heguozhen/Fire/activefire/images/patches/LC08_L1TP_174034_20200808_20200808_01_RT_p00186.tif,/data/heguozhen/Fire/activefire/masks/voting/LC08_L1TP_174034_20200808_20200808_01_RT_voting_p00186.tif
/data/heguozhen/Fire/activefire/images/patches/LC08_L1TP_173029_20200817_20200817_01_RT_p00291.tif,/data/heguozhen/Fire/activefire/masks/voting/LC08_L1TP_173029_20200817_20200817_01_RT_voting_p00291.tif
/data/heguozhen/Fire/activefire/images/patches/LC08_L1TP_166067_20200816_20200816_01_RT_p00547.tif,/data/heguozhen/Fire/activefire/masks/voting/LC08_L1TP_166067_20200816_20200816_01_RT_voting_p00547.tif
/data/heguozhen/Fire/activefire/images/patches/LC08_L1TP_120033_20200814_20200814_01_RT_p00846.tif,/data/heguozhen/Fire/activefire/masks/voting/LC08_L1TP_120033_20200814_20200814_01_RT_voting_p00846.tif
/data/heguozhen/Fire/activefire/images/patches/LC08_L1TP_092078_20200826_20200826_01_RT_p00596.tif,/data/heguozhen/Fire/activefire/masks/voting/LC08_L1TP_092078_20200826_20200826_01_RT_voting_p00596.tif
/data/heguozhen/Fire/activefire/images/patches/LC08_L1TP_175072_20200815_20200815_01_RT_p00763.tif,/data/heguozhen/Fire/activefire/masks/voting/LC08_L1TP_175072_20200815_20200815_01_RT_voting_p00763.tif
/data/heguozhen/Fire/activefire/images/patches/LC08_L1TP_122015_20200828_20200828_01_RT_p00382.tif,/data/heguozhen/Fire/activefire/masks/voting/LC08_L1TP_122015_20200828_20200828_01_RT_voting_p00382.tif
/data/heguozhen/Fire/activefire/images/patches/LC08_L1TP_170063_20200812_20200812_01_RT_p00304.tif,/data/heguozhen/Fire/activefire/masks/voting/LC08_L1TP_170063_20200812_20200812_01_RT_voting_p00304.tif
/data/heguozhen/Fire/activefire/images/patches/LC08_L1TP_172069_20200810_20200810_01_RT_p00515.tif,/data/heguozhen/Fire/activefire/masks/voting/LC08_L1TP_172069_20200810_20200810_01_RT_voting_p00515.tif
/data/heguozhen/Fire/activefire/images/patches/LC08_L1TP_173069_20200817_20200817_01_RT_p00656.tif,/data/heguozhen/Fire/activefire/masks/voting/LC08_L1TP_173069_20200817_20200817_01_RT_voting_p00656.tif
/data/heguozhen/Fire/activefire/images/patches/LC08_L1TP_141055_20200817_20200817_01_RT_p00656.tif,/data/heguozhen/Fire/activefire/masks/voting/LC08_L1TP_141055_20200817_20200817_01_RT_voting_p00656.tif
/data/heguozhen/Fire/activefire/images/patches/LC08_L1TP_175069_20200815_20200815_01_RT_p00459.tif,/data/heguozhen/Fire/activefire/masks/voting/LC08_L1TP_175069_20200815_20200815_01_RT_voting_p00459.tif
/data/heguozhen/Fire/activefire/images/patches/LC08_L1TP_126044_20200824_20200824_01_RT_p00821.tif,/data/heguozhen/Fire/activefire/masks/voting/LC08_L1TP_126044_20200824_20200824_01_RT_voting_p00821.tif
/data/heguozhen/Fire/activefire/images/patches/LC08_L1TP_172063_20200810_20200810_01_RT_p00445.tif,/data/heguozhen/Fire/activefire/masks/voting/LC08_L1TP_172063_20200810_20200810_01_RT_voting_p00445.tif
/data/heguozhen/Fire/activefire/images/patches/LC08_L1TP_175072_20200815_20200815_01_RT_p00671.tif,/data/heguozhen/Fire/activefire/masks/voting/LC08_L1TP_175072_20200815_20200815_01_RT_voting_p00671.tif
/data/heguozhen/Fire/activefire/images/patches/LC08_L1TP_118066_20200816_20200816_01_RT_p00627.tif,/data/heguozhen/Fire/activefire/masks/voting/LC08_L1TP_118066_20200816_20200816_01_RT_voting_p00627.tif
/data/heguozhen/Fire/activefire/images/patches/LC08_L1TP_170068_20200812_20200812_01_RT_p00209.tif,/data/heguozhen/Fire/activefire/masks/voting/LC08_L1TP_170068_20200812_20200812_01_RT_voting_p00209.tif
/data/heguozhen/Fire/activefire/images/patches/LC08_L1TP_124038_20200810_20200810_01_RT_p00530.tif,/data/heguozhen/Fire/activefire/masks/voting/LC08_L1TP_124038_20200810_20200810_01_RT_voting_p00530.tif
/data/heguozhen/Fire/activefire/images/patches/LC08_L1TP_166070_20200816_20200816_01_RT_p00367.tif,/data/heguozhen/Fire/activefire/masks/voting/LC08_L1TP_166070_20200816_20200816_01_RT_voting_p00367.tif
/data/heguozhen/Fire/activefire/images/patches/LC08_L1TP_170069_20200812_20200812_01_RT_p00585.tif,/data/heguozhen/Fire/activefire/masks/voting/LC08_L1TP_170069_20200812_20200812_01_RT_voting_p00585.tif
/data/heguozhen/Fire/activefire/images/patches/LC08_L1TP_167063_20200823_20200823_01_RT_p00729.tif,/data/heguozhen/Fire/activefire/masks/voting/LC08_L1TP_167063_20200823_20200823_01_RT_voting_p00729.tif
/data/heguozhen/Fire/activefire/images/patches/LC08_L1TP_170067_20200812_20200812_01_RT_p00158.tif,/data/heguozhen/Fire/activefire/masks/voting/LC08_L1TP_170067_20200812_20200812_01_RT_voting_p00158.tif
/data/heguozhen/Fire/activefire/images/patches/LC08_L1TP_118028_20200816_20200816_01_RT_p00724.tif,/data/heguozhen/Fire/activefire/masks/voting/LC08_L1TP_118028_20200816_20200816_01_RT_voting_p00724.tif
/data/heguozhen/Fire/activefire/images/patches/LC08_L1TP_126032_20200824_20200824_01_RT_p00627.tif,/data/heguozhen/Fire/activefire/masks/voting/LC08_L1TP_126032_20200824_20200824_01_RT_voting_p00627.tif
/data/heguozhen/Fire/activefire/images/patches/LC08_L1TP_154011_20200828_20200828_01_RT_p00873.tif,/data/heguozhen/Fire/activefire/masks/voting/LC08_L1TP_154011_20200828_20200828_01_RT_voting_p00873.tif
/data/heguozhen/Fire/activefire/images/patches/LC08_L1TP_114066_20200820_20200820_01_RT_p00680.tif,/data/heguozhen/Fire/activefire/masks/voting/LC08_L1TP_114066_20200820_20200820_01_RT_voting_p00680.tif
/data/heguozhen/Fire/activefire/images/patches/LC08_L1TP_118017_20200816_20200816_01_RT_p00538.tif,/data/heguozhen/Fire/activefire/masks/voting/LC08_L1TP_118017_20200816_20200816_01_RT_voting_p00538.tif
/data/heguozhen/Fire/activefire/images/patches/LC08_L1TP_124034_20200810_20200810_01_RT_p00411.tif,/data/heguozhen/Fire/activefire/masks/voting/LC08_L1TP_124034_20200810_20200810_01_RT_voting_p00411.tif
/data/heguozhen/Fire/activefire/images/patches/LC08_L1TP_173071_20200817_20200817_01_RT_p00905.tif,/data/heguozhen/Fire/activefire/masks/voting/LC08_L1TP_173071_20200817_20200817_01_RT_voting_p00905.tif
/data/heguozhen/Fire/activefire/images/patches/LC08_L1TP_002054_20200819_20200820_01_RT_p00535.tif,/data/heguozhen/Fire/activefire/masks/voting/LC08_L1TP_002054_20200819_20200820_01_RT_voting_p00535.tif
/data/heguozhen/Fire/activefire/images/patches/LC08_L1TP_172065_20200810_20200810_01_RT_p00752.tif,/data/heguozhen/Fire/activefire/masks/voting/LC08_L1TP_172065_20200810_20200810_01_RT_voting_p00752.tif
/data/heguozhen/Fire/activefire/images/patches/LC08_L1TP_152024_20200814_20200814_01_RT_p00682.tif,/data/heguozhen/Fire/activefire/masks/voting/LC08_L1TP_152024_20200814_20200814_01_RT_voting_p00682.tif
/data/heguozhen/Fire/activefire/images/patches/LC08_L1TP_118030_20200816_20200816_01_RT_p00407.tif,/data/heguozhen/Fire/activefire/masks/voting/LC08_L1TP_118030_20200816_20200816_01_RT_voting_p00407.tif
/data/heguozhen/Fire/activefire/images/patches/LC08_L1TP_174066_20200808_20200808_01_RT_p00453.tif,/data/heguozhen/Fire/activefire/masks/voting/LC08_L1TP_174066_20200808_20200808_01_RT_voting_p00453.tif
/data/heguozhen/Fire/activefire/images/patches/LC08_L1TP_168073_20200830_20200830_01_RT_p00440.tif,/data/heguozhen/Fire/activefire/masks/voting/LC08_L1TP_168073_20200830_20200830_01_RT_voting_p00440.tif
/data/heguozhen/Fire/activefire/images/patches/LC08_L1TP_157027_20200817_20200817_01_RT_p00812.tif,/data/heguozhen/Fire/activefire/masks/voting/LC08_L1TP_157027_20200817_20200817_01_RT_voting_p00812.tif
/data/heguozhen/Fire/activefire/images/patches/LC08_L1TP_119031_20200807_20200807_01_RT_p00604.tif,/data/heguozhen/Fire/activefire/masks/voting/LC08_L1TP_119031_20200807_20200807_01_RT_voting_p00604.tif
/data/heguozhen/Fire/activefire/images/patches/LC08_L1TP_001084_20200812_20200812_01_RT_p00585.tif,/data/heguozhen/Fire/activefire/masks/voting/LC08_L1TP_001084_20200812_20200812_01_RT_voting_p00585.tif
/data/heguozhen/Fire/activefire/images/patches/LC08_L1TP_170071_20200812_20200812_01_RT_p00780.tif,/data/heguozhen/Fire/activefire/masks/voting/LC08_L1TP_170071_20200812_20200812_01_RT_voting_p00780.tif
/data/heguozhen/Fire/activefire/images/patches/LC08_L1TP_135019_20200807_20200807_01_RT_p00788.tif,/data/heguozhen/Fire/activefire/masks/voting/LC08_L1TP_135019_20200807_20200807_01_RT_voting_p00788.tif
/data/heguozhen/Fire/activefire/images/patches/LC08_L1TP_179066_20200811_20200811_01_RT_p00844.tif,/data/heguozhen/Fire/activefire/masks/voting/LC08_L1TP_179066_20200811_20200811_01_RT_voting_p00844.tif
/data/heguozhen/Fire/activefire/images/patches/LC08_L1TP_128040_20200822_20200822_01_RT_p00763.tif,/data/heguozhen/Fire/activefire/masks/voting/LC08_L1TP_128040_20200822_20200822_01_RT_voting_p00763.tif
/data/heguozhen/Fire/activefire/images/patches/LC08_L1TP_173063_20200817_20200817_01_RT_p00606.tif,/data/heguozhen/Fire/activefire/masks/voting/LC08_L1TP_173063_20200817_20200817_01_RT_voting_p00606.tif
/data/heguozhen/Fire/activefire/images/patches/LC08_L1TP_025046_20200820_20200820_01_RT_p00648.tif,/data/heguozhen/Fire/activefire/masks/voting/LC08_L1TP_025046_20200820_20200820_01_RT_voting_p00648.tif
/data/heguozhen/Fire/activefire/images/patches/LC08_L1TP_121027_20200821_20200821_01_RT_p00313.tif,/data/heguozhen/Fire/activefire/masks/voting/LC08_L1TP_121027_20200821_20200821_01_RT_voting_p00313.tif
/data/heguozhen/Fire/activefire/images/patches/LC08_L1TP_160075_20200822_20200822_01_RT_p00375.tif,/data/heguozhen/Fire/activefire/masks/voting/LC08_L1TP_160075_20200822_20200822_01_RT_voting_p00375.tif
/data/heguozhen/Fire/activefire/images/patches/LC08_L1TP_167022_20200823_20200823_01_RT_p00707.tif,/data/heguozhen/Fire/activefire/masks/voting/LC08_L1TP_167022_20200823_20200823_01_RT_voting_p00707.tif
/data/heguozhen/Fire/activefire/images/patches/LC08_L1TP_170070_20200812_20200812_01_RT_p00562.tif,/data/heguozhen/Fire/activefire/masks/voting/LC08_L1TP_170070_20200812_20200812_01_RT_voting_p00562.tif
/data/heguozhen/Fire/activefire/images/patches/LC08_L1TP_223067_20200815_20200815_01_RT_p00520.tif,/data/heguozhen/Fire/activefire/masks/voting/LC08_L1TP_223067_20200815_20200815_01_RT_voting_p00520.tif
/data/heguozhen/Fire/activefire/images/patches/LC08_L1TP_170067_20200812_20200812_01_RT_p00815.tif,/data/heguozhen/Fire/activefire/masks/voting/LC08_L1TP_170067_20200812_20200812_01_RT_voting_p00815.tif
/data/heguozhen/Fire/activefire/images/patches/LC08_L1TP_142029_20200808_20200808_01_RT_p00768.tif,/data/heguozhen/Fire/activefire/masks/voting/LC08_L1TP_142029_20200808_20200808_01_RT_voting_p00768.tif
/data/heguozhen/Fire/activefire/images/patches/LC08_L1TP_122028_20200812_20200812_01_RT_p00343.tif,/data/heguozhen/Fire/activefire/masks/voting/LC08_L1TP_122028_20200812_20200812_01_RT_voting_p00343.tif
/data/heguozhen/Fire/activefire/images/patches/LC08_L1TP_174066_20200808_20200808_01_RT_p00686.tif,/data/heguozhen/Fire/activefire/masks/voting/LC08_L1TP_174066_20200808_20200808_01_RT_voting_p00686.tif
/data/heguozhen/Fire/activefire/images/patches/LC08_L1TP_181063_20200809_20200809_01_RT_p00188.tif,/data/heguozhen/Fire/activefire/masks/voting/LC08_L1TP_181063_20200809_20200809_01_RT_voting_p00188.tif
/data/heguozhen/Fire/activefire/images/patches/LC08_L1TP_172063_20200810_20200810_01_RT_p00844.tif,/data/heguozhen/Fire/activefire/masks/voting/LC08_L1TP_172063_20200810_20200810_01_RT_voting_p00844.tif
/data/heguozhen/Fire/activefire/images/patches/LC08_L1TP_222063_20200808_20200808_01_RT_p00222.tif,/data/heguozhen/Fire/activefire/masks/voting/LC08_L1TP_222063_20200808_20200808_01_RT_voting_p00222.tif
/data/heguozhen/Fire/activefire/images/patches/LC08_L1TP_121029_20200821_20200821_01_RT_p00795.tif,/data/heguozhen/Fire/activefire/masks/voting/LC08_L1TP_121029_20200821_20200821_01_RT_voting_p00795.tif
/data/heguozhen/Fire/activefire/images/patches/LC08_L1TP_175071_20200815_20200815_01_RT_p00319.tif,/data/heguozhen/Fire/activefire/masks/voting/LC08_L1TP_175071_20200815_20200815_01_RT_voting_p00319.tif
/data/heguozhen/Fire/activefire/images/patches/LC08_L1TP_135015_20200823_20200823_01_RT_p00409.tif,/data/heguozhen/Fire/activefire/masks/voting/LC08_L1TP_135015_20200823_20200823_01_RT_voting_p00409.tif
/data/heguozhen/Fire/activefire/images/patches/LC08_L1TP_119031_20200807_20200807_01_RT_p00256.tif,/data/heguozhen/Fire/activefire/masks/voting/LC08_L1TP_119031_20200807_20200807_01_RT_voting_p00256.tif
/data/heguozhen/Fire/activefire/images/patches/LC08_L1TP_181029_20200809_20200809_01_RT_p00252.tif,/data/heguozhen/Fire/activefire/masks/voting/LC08_L1TP_181029_20200809_20200809_01_RT_voting_p00252.tif
/data/heguozhen/Fire/activefire/images/patches/LC08_L1TP_173068_20200817_20200817_01_RT_p00051.tif,/data/heguozhen/Fire/activefire/masks/voting/LC08_L1TP_173068_20200817_20200817_01_RT_voting_p00051.tif
/data/heguozhen/Fire/activefire/images/patches/LC08_L1TP_172066_20200810_20200810_01_RT_p00110.tif,/data/heguozhen/Fire/activefire/masks/voting/LC08_L1TP_172066_20200810_20200810_01_RT_voting_p00110.tif
/data/heguozhen/Fire/activefire/images/patches/LC08_L1TP_227063_20200811_20200811_01_RT_p00628.tif,/data/heguozhen/Fire/activefire/masks/voting/LC08_L1TP_227063_20200811_20200811_01_RT_voting_p00628.tif
/data/heguozhen/Fire/activefire/images/patches/LC08_L1TP_176025_20200806_20200807_01_RT_p00119.tif,/data/heguozhen/Fire/activefire/masks/voting/LC08_L1TP_176025_20200806_20200807_01_RT_voting_p00119.tif
/data/heguozhen/Fire/activefire/images/patches/LC08_L1TP_160075_20200822_20200822_01_RT_p00413.tif,/data/heguozhen/Fire/activefire/masks/voting/LC08_L1TP_160075_20200822_20200822_01_RT_voting_p00413.tif
/data/heguozhen/Fire/activefire/images/patches/LC08_L1TP_165070_20200809_20200809_01_RT_p00846.tif,/data/heguozhen/Fire/activefire/masks/voting/LC08_L1TP_165070_20200809_20200809_01_RT_voting_p00846.tif
/data/heguozhen/Fire/activefire/images/patches/LC08_L1TP_172069_20200810_20200810_01_RT_p00223.tif,/data/heguozhen/Fire/activefire/masks/voting/LC08_L1TP_172069_20200810_20200810_01_RT_voting_p00223.tif
/data/heguozhen/Fire/activefire/images/patches/LC08_L1TP_173023_20200817_20200817_01_RT_p00246.tif,/data/heguozhen/Fire/activefire/masks/voting/LC08_L1TP_173023_20200817_20200817_01_RT_voting_p00246.tif
/data/heguozhen/Fire/activefire/images/patches/LC08_L1TP_230064_20200816_20200816_01_RT_p00189.tif,/data/heguozhen/Fire/activefire/masks/voting/LC08_L1TP_230064_20200816_20200816_01_RT_voting_p00189.tif
/data/heguozhen/Fire/activefire/images/patches/LC08_L1TP_179024_20200811_20200811_01_RT_p00510.tif,/data/heguozhen/Fire/activefire/masks/voting/LC08_L1TP_179024_20200811_20200811_01_RT_voting_p00510.tif
/data/heguozhen/Fire/activefire/images/patches/LC08_L1TP_119016_20200823_20200823_01_RT_p00757.tif,/data/heguozhen/Fire/activefire/masks/voting/LC08_L1TP_119016_20200823_20200823_01_RT_voting_p00757.tif
/data/heguozhen/Fire/activefire/images/patches/LC08_L1TP_173063_20200817_20200817_01_RT_p00506.tif,/data/heguozhen/Fire/activefire/masks/voting/LC08_L1TP_173063_20200817_20200817_01_RT_voting_p00506.tif
/data/heguozhen/Fire/activefire/images/patches/LC08_L1TP_191034_20200815_20200815_01_RT_p00080.tif,/data/heguozhen/Fire/activefire/masks/voting/LC08_L1TP_191034_20200815_20200815_01_RT_voting_p00080.tif
/data/heguozhen/Fire/activefire/images/patches/LC08_L1TP_224079_20200806_20200807_01_RT_p00878.tif,/data/heguozhen/Fire/activefire/masks/voting/LC08_L1TP_224079_20200806_20200807_01_RT_voting_p00878.tif
/data/heguozhen/Fire/activefire/images/patches/LC08_L1TP_149039_20200809_20200809_01_RT_p00052.tif,/data/heguozhen/Fire/activefire/masks/voting/LC08_L1TP_149039_20200809_20200809_01_RT_voting_p00052.tif
/data/heguozhen/Fire/activefire/images/patches/LC08_L1TP_118039_20200816_20200816_01_RT_p00548.tif,/data/heguozhen/Fire/activefire/masks/voting/LC08_L1TP_118039_20200816_20200816_01_RT_voting_p00548.tif
/data/heguozhen/Fire/activefire/images/patches/LC08_L1TP_115028_20200811_20200811_01_RT_p00616.tif,/data/heguozhen/Fire/activefire/masks/voting/LC08_L1TP_115028_20200811_20200811_01_RT_voting_p00616.tif
/data/heguozhen/Fire/activefire/images/patches/LC08_L1TP_154031_20200812_20200812_01_RT_p00517.tif,/data/heguozhen/Fire/activefire/masks/voting/LC08_L1TP_154031_20200812_20200812_01_RT_voting_p00517.tif
/data/heguozhen/Fire/activefire/images/patches/LC08_L1TP_119042_20200823_20200823_01_RT_p00673.tif,/data/heguozhen/Fire/activefire/masks/voting/LC08_L1TP_119042_20200823_20200823_01_RT_voting_p00673.tif
/data/heguozhen/Fire/activefire/images/patches/LC08_L1TP_172068_20200810_20200810_01_RT_p00515.tif,/data/heguozhen/Fire/activefire/masks/voting/LC08_L1TP_172068_20200810_20200810_01_RT_voting_p00515.tif
/data/heguozhen/Fire/activefire/images/patches/LC08_L1TP_124032_20200810_20200810_01_RT_p00557.tif,/data/heguozhen/Fire/activefire/masks/voting/LC08_L1TP_124032_20200810_20200810_01_RT_voting_p00557.tif
/data/heguozhen/Fire/activefire/images/patches/LC08_L1TP_122032_20200828_20200828_01_RT_p00521.tif,/data/heguozhen/Fire/activefire/masks/voting/LC08_L1TP_122032_20200828_20200828_01_RT_voting_p00521.tif
/data/heguozhen/Fire/activefire/images/patches/LC08_L1TP_172066_20200810_20200810_01_RT_p00348.tif,/data/heguozhen/Fire/activefire/masks/voting/LC08_L1TP_172066_20200810_20200810_01_RT_voting_p00348.tif
/data/heguozhen/Fire/activefire/images/patches/LC08_L1TP_172069_20200810_20200810_01_RT_p00640.tif,/data/heguozhen/Fire/activefire/masks/voting/LC08_L1TP_172069_20200810_20200810_01_RT_voting_p00640.tif
/data/heguozhen/Fire/activefire/images/patches/LC08_L1TP_170064_20200812_20200812_01_RT_p00511.tif,/data/heguozhen/Fire/activefire/masks/voting/LC08_L1TP_170064_20200812_20200812_01_RT_voting_p00511.tif
/data/heguozhen/Fire/activefire/images/patches/LC08_L1TP_169070_20200821_20200821_01_RT_p00474.tif,/data/heguozhen/Fire/activefire/masks/voting/LC08_L1TP_169070_20200821_20200821_01_RT_voting_p00474.tif
/data/heguozhen/Fire/activefire/images/patches/LC08_L1TP_172065_20200810_20200810_01_RT_p00415.tif,/data/heguozhen/Fire/activefire/masks/voting/LC08_L1TP_172065_20200810_20200810_01_RT_voting_p00415.tif
/data/heguozhen/Fire/activefire/images/patches/LC08_L1TP_165068_20200809_20200809_01_RT_p00551.tif,/data/heguozhen/Fire/activefire/masks/voting/LC08_L1TP_165068_20200809_20200809_01_RT_voting_p00551.tif
/data/heguozhen/Fire/activefire/images/patches/LC08_L1TP_106069_20200828_20200828_01_RT_p00789.tif,/data/heguozhen/Fire/activefire/masks/voting/LC08_L1TP_106069_20200828_20200828_01_RT_voting_p00789.tif
/data/heguozhen/Fire/activefire/images/patches/LC08_L1TP_166067_20200816_20200816_01_RT_p00702.tif,/data/heguozhen/Fire/activefire/masks/voting/LC08_L1TP_166067_20200816_20200816_01_RT_voting_p00702.tif
/data/heguozhen/Fire/activefire/images/patches/LC08_L1TP_119029_20200807_20200807_01_RT_p00707.tif,/data/heguozhen/Fire/activefire/masks/voting/LC08_L1TP_119029_20200807_20200807_01_RT_voting_p00707.tif
/data/heguozhen/Fire/activefire/images/patches/LC08_L1TP_179066_20200811_20200811_01_RT_p00318.tif,/data/heguozhen/Fire/activefire/masks/voting/LC08_L1TP_179066_20200811_20200811_01_RT_voting_p00318.tif
/data/heguozhen/Fire/activefire/images/patches/LC08_L1TP_122036_20200828_20200828_01_RT_p00732.tif,/data/heguozhen/Fire/activefire/masks/voting/LC08_L1TP_122036_20200828_20200828_01_RT_voting_p00732.tif
/data/heguozhen/Fire/activefire/images/patches/LC08_L1TP_169069_20200821_20200821_01_RT_p00235.tif,/data/heguozhen/Fire/activefire/masks/voting/LC08_L1TP_169069_20200821_20200821_01_RT_voting_p00235.tif
/data/heguozhen/Fire/activefire/images/patches/LC08_L1TP_008066_20200829_20200829_01_RT_p00670.tif,/data/heguozhen/Fire/activefire/masks/voting/LC08_L1TP_008066_20200829_20200829_01_RT_voting_p00670.tif
/data/heguozhen/Fire/activefire/images/patches/LC08_L1TP_174063_20200808_20200808_01_RT_p00644.tif,/data/heguozhen/Fire/activefire/masks/voting/LC08_L1TP_174063_20200808_20200808_01_RT_voting_p00644.tif
/data/heguozhen/Fire/activefire/images/patches/LC08_L1TP_179069_20200811_20200811_01_RT_p00878.tif,/data/heguozhen/Fire/activefire/masks/voting/LC08_L1TP_179069_20200811_20200811_01_RT_voting_p00878.tif
/data/heguozhen/Fire/activefire/images/patches/LC08_L1TP_153031_20200821_20200821_01_RT_p00051.tif,/data/heguozhen/Fire/activefire/masks/voting/LC08_L1TP_153031_20200821_20200821_01_RT_voting_p00051.tif
/data/heguozhen/Fire/activefire/images/patches/LC08_L1TP_122033_20200828_20200828_01_RT_p00624.tif,/data/heguozhen/Fire/activefire/masks/voting/LC08_L1TP_122033_20200828_20200828_01_RT_voting_p00624.tif
/data/heguozhen/Fire/activefire/images/patches/LC08_L1TP_166027_20200816_20200816_01_RT_p00207.tif,/data/heguozhen/Fire/activefire/masks/voting/LC08_L1TP_166027_20200816_20200816_01_RT_voting_p00207.tif
/data/heguozhen/Fire/activefire/images/patches/LC08_L1TP_172063_20200810_20200810_01_RT_p00634.tif,/data/heguozhen/Fire/activefire/masks/voting/LC08_L1TP_172063_20200810_20200810_01_RT_voting_p00634.tif
/data/heguozhen/Fire/activefire/images/patches/LC08_L1TP_172070_20200810_20200810_01_RT_p00475.tif,/data/heguozhen/Fire/activefire/masks/voting/LC08_L1TP_172070_20200810_20200810_01_RT_voting_p00475.tif
/data/heguozhen/Fire/activefire/images/patches/LC08_L1TP_125042_20200817_20200817_01_RT_p00648.tif,/data/heguozhen/Fire/activefire/masks/voting/LC08_L1TP_125042_20200817_20200817_01_RT_voting_p00648.tif
/data/heguozhen/Fire/activefire/images/patches/LC08_L1TP_135015_20200823_20200823_01_RT_p00740.tif,/data/heguozhen/Fire/activefire/masks/voting/LC08_L1TP_135015_20200823_20200823_01_RT_voting_p00740.tif
/data/heguozhen/Fire/activefire/images/patches/LC08_L1TP_167063_20200823_20200823_01_RT_p00055.tif,/data/heguozhen/Fire/activefire/masks/voting/LC08_L1TP_167063_20200823_20200823_01_RT_voting_p00055.tif
/data/heguozhen/Fire/activefire/images/patches/LC08_L1TP_181064_20200809_20200809_01_RT_p00736.tif,/data/heguozhen/Fire/activefire/masks/voting/LC08_L1TP_181064_20200809_20200809_01_RT_voting_p00736.tif
/data/heguozhen/Fire/activefire/images/patches/LC08_L1TP_161072_20200813_20200813_01_RT_p00449.tif,/data/heguozhen/Fire/activefire/masks/voting/LC08_L1TP_161072_20200813_20200813_01_RT_voting_p00449.tif
/data/heguozhen/Fire/activefire/images/patches/LC08_L1TP_106070_20200828_20200828_01_RT_p00230.tif,/data/heguozhen/Fire/activefire/masks/voting/LC08_L1TP_106070_20200828_20200828_01_RT_voting_p00230.tif
/data/heguozhen/Fire/activefire/images/patches/LC08_L1TP_175071_20200815_20200815_01_RT_p00322.tif,/data/heguozhen/Fire/activefire/masks/voting/LC08_L1TP_175071_20200815_20200815_01_RT_voting_p00322.tif
/data/heguozhen/Fire/activefire/images/patches/LC08_L1TP_175069_20200815_20200815_01_RT_p00376.tif,/data/heguozhen/Fire/activefire/masks/voting/LC08_L1TP_175069_20200815_20200815_01_RT_voting_p00376.tif
/data/heguozhen/Fire/activefire/images/patches/LC08_L1TP_124029_20200826_20200826_01_RT_p00425.tif,/data/heguozhen/Fire/activefire/masks/voting/LC08_L1TP_124029_20200826_20200826_01_RT_voting_p00425.tif
/data/heguozhen/Fire/activefire/images/patches/LC08_L1TP_124017_20200826_20200826_01_RT_p00653.tif,/data/heguozhen/Fire/activefire/masks/voting/LC08_L1TP_124017_20200826_20200826_01_RT_voting_p00653.tif
/data/heguozhen/Fire/activefire/images/patches/LC08_L1TP_173027_20200817_20200817_01_RT_p00289.tif,/data/heguozhen/Fire/activefire/masks/voting/LC08_L1TP_173027_20200817_20200817_01_RT_voting_p00289.tif
/data/heguozhen/Fire/activefire/images/patches/LC08_L1TP_126034_20200824_20200824_01_RT_p00908.tif,/data/heguozhen/Fire/activefire/masks/voting/LC08_L1TP_126034_20200824_20200824_01_RT_voting_p00908.tif
/data/heguozhen/Fire/activefire/images/patches/LC08_L1TP_001067_20200828_20200828_01_RT_p00417.tif,/data/heguozhen/Fire/activefire/masks/voting/LC08_L1TP_001067_20200828_20200828_01_RT_voting_p00417.tif
/data/heguozhen/Fire/activefire/images/patches/LC08_L1TP_170072_20200812_20200812_01_RT_p00266.tif,/data/heguozhen/Fire/activefire/masks/voting/LC08_L1TP_170072_20200812_20200812_01_RT_voting_p00266.tif
/data/heguozhen/Fire/activefire/images/patches/LC08_L1TP_161071_20200813_20200813_01_RT_p00646.tif,/data/heguozhen/Fire/activefire/masks/voting/LC08_L1TP_161071_20200813_20200813_01_RT_voting_p00646.tif
/data/heguozhen/Fire/activefire/images/patches/LC08_L1TP_172069_20200810_20200810_01_RT_p00232.tif,/data/heguozhen/Fire/activefire/masks/voting/LC08_L1TP_172069_20200810_20200810_01_RT_voting_p00232.tif
/data/heguozhen/Fire/activefire/images/patches/LC08_L1TP_175027_20200815_20200815_01_RT_p00755.tif,/data/heguozhen/Fire/activefire/masks/voting/LC08_L1TP_175027_20200815_20200815_01_RT_voting_p00755.tif
/data/heguozhen/Fire/activefire/images/patches/LC08_L1TP_174027_20200808_20200808_01_RT_p00607.tif,/data/heguozhen/Fire/activefire/masks/voting/LC08_L1TP_174027_20200808_20200808_01_RT_voting_p00607.tif
/data/heguozhen/Fire/activefire/images/patches/LC08_L1TP_098069_20200820_20200820_01_RT_p00195.tif,/data/heguozhen/Fire/activefire/masks/voting/LC08_L1TP_098069_20200820_20200820_01_RT_voting_p00195.tif
/data/heguozhen/Fire/activefire/images/patches/LC08_L1TP_174066_20200808_20200808_01_RT_p00470.tif,/data/heguozhen/Fire/activefire/masks/voting/LC08_L1TP_174066_20200808_20200808_01_RT_voting_p00470.tif
/data/heguozhen/Fire/activefire/images/patches/LC08_L1TP_166069_20200816_20200816_01_RT_p00608.tif,/data/heguozhen/Fire/activefire/masks/voting/LC08_L1TP_166069_20200816_20200816_01_RT_voting_p00608.tif
/data/heguozhen/Fire/activefire/images/patches/LC08_L1TP_168073_20200830_20200830_01_RT_p00845.tif,/data/heguozhen/Fire/activefire/masks/voting/LC08_L1TP_168073_20200830_20200830_01_RT_voting_p00845.tif
/data/heguozhen/Fire/activefire/images/patches/LC08_L1TP_121027_20200821_20200821_01_RT_p00967.tif,/data/heguozhen/Fire/activefire/masks/voting/LC08_L1TP_121027_20200821_20200821_01_RT_voting_p00967.tif
/data/heguozhen/Fire/activefire/images/patches/LC08_L1TP_120033_20200830_20200830_01_RT_p00810.tif,/data/heguozhen/Fire/activefire/masks/voting/LC08_L1TP_120033_20200830_20200830_01_RT_voting_p00810.tif
/data/heguozhen/Fire/activefire/images/patches/LC08_L1TP_161073_20200813_20200813_01_RT_p00668.tif,/data/heguozhen/Fire/activefire/masks/voting/LC08_L1TP_161073_20200813_20200813_01_RT_voting_p00668.tif
/data/heguozhen/Fire/activefire/images/patches/LC08_L1TP_129032_20200813_20200813_01_RT_p00846.tif,/data/heguozhen/Fire/activefire/masks/voting/LC08_L1TP_129032_20200813_20200813_01_RT_voting_p00846.tif
/data/heguozhen/Fire/activefire/images/patches/LC08_L1TP_179024_20200811_20200811_01_RT_p00796.tif,/data/heguozhen/Fire/activefire/masks/voting/LC08_L1TP_179024_20200811_20200811_01_RT_voting_p00796.tif
/data/heguozhen/Fire/activefire/images/patches/LC08_L1TP_008047_20200829_20200829_01_RT_p00531.tif,/data/heguozhen/Fire/activefire/masks/voting/LC08_L1TP_008047_20200829_20200829_01_RT_voting_p00531.tif
/data/heguozhen/Fire/activefire/images/patches/LC08_L1TP_170071_20200812_20200812_01_RT_p00319.tif,/data/heguozhen/Fire/activefire/masks/voting/LC08_L1TP_170071_20200812_20200812_01_RT_voting_p00319.tif
/data/heguozhen/Fire/activefire/images/patches/LC08_L1TP_129036_20200813_20200813_01_RT_p00782.tif,/data/heguozhen/Fire/activefire/masks/voting/LC08_L1TP_129036_20200813_20200813_01_RT_voting_p00782.tif
/data/heguozhen/Fire/activefire/images/patches/LC08_L1TP_166069_20200816_20200816_01_RT_p00573.tif,/data/heguozhen/Fire/activefire/masks/voting/LC08_L1TP_166069_20200816_20200816_01_RT_voting_p00573.tif
/data/heguozhen/Fire/activefire/images/patches/LC08_L1TP_175071_20200815_20200815_01_RT_p00378.tif,/data/heguozhen/Fire/activefire/masks/voting/LC08_L1TP_175071_20200815_20200815_01_RT_voting_p00378.tif
/data/heguozhen/Fire/activefire/images/patches/LC08_L1TP_119065_20200823_20200823_01_RT_p00729.tif,/data/heguozhen/Fire/activefire/masks/voting/LC08_L1TP_119065_20200823_20200823_01_RT_voting_p00729.tif
/data/heguozhen/Fire/activefire/images/patches/LC08_L1GT_230056_20200816_20200816_01_RT_p00351.tif,/data/heguozhen/Fire/activefire/masks/voting/LC08_L1GT_230056_20200816_20200816_01_RT_voting_p00351.tif
/data/heguozhen/Fire/activefire/images/patches/LC08_L1TP_141019_20200817_20200817_01_RT_p00281.tif,/data/heguozhen/Fire/activefire/masks/voting/LC08_L1TP_141019_20200817_20200817_01_RT_voting_p00281.tif
/data/heguozhen/Fire/activefire/images/patches/LC08_L1TP_160074_20200822_20200822_01_RT_p00197.tif,/data/heguozhen/Fire/activefire/masks/voting/LC08_L1TP_160074_20200822_20200822_01_RT_voting_p00197.tif
/data/heguozhen/Fire/activefire/images/patches/LC08_L1TP_170078_20200812_20200812_01_RT_p00636.tif,/data/heguozhen/Fire/activefire/masks/voting/LC08_L1TP_170078_20200812_20200812_01_RT_voting_p00636.tif
/data/heguozhen/Fire/activefire/images/patches/LC08_L1TP_135019_20200807_20200807_01_RT_p00444.tif,/data/heguozhen/Fire/activefire/masks/voting/LC08_L1TP_135019_20200807_20200807_01_RT_voting_p00444.tif
/data/heguozhen/Fire/activefire/images/patches/LC08_L1TP_169068_20200821_20200821_01_RT_p00211.tif,/data/heguozhen/Fire/activefire/masks/voting/LC08_L1TP_169068_20200821_20200821_01_RT_voting_p00211.tif
/data/heguozhen/Fire/activefire/images/patches/LC08_L1TP_166069_20200816_20200816_01_RT_p00737.tif,/data/heguozhen/Fire/activefire/masks/voting/LC08_L1TP_166069_20200816_20200816_01_RT_voting_p00737.tif
/data/heguozhen/Fire/activefire/images/patches/LC08_L1TP_229076_20200809_20200809_01_RT_p00646.tif,/data/heguozhen/Fire/activefire/masks/voting/LC08_L1TP_229076_20200809_20200809_01_RT_voting_p00646.tif
/data/heguozhen/Fire/activefire/images/patches/LC08_L1TP_138038_20200812_20200812_01_RT_p00826.tif,/data/heguozhen/Fire/activefire/masks/voting/LC08_L1TP_138038_20200812_20200812_01_RT_voting_p00826.tif
/data/heguozhen/Fire/activefire/images/patches/LC08_L1TP_170070_20200812_20200812_01_RT_p00610.tif,/data/heguozhen/Fire/activefire/masks/voting/LC08_L1TP_170070_20200812_20200812_01_RT_voting_p00610.tif
/data/heguozhen/Fire/activefire/images/patches/LC08_L1TP_202034_20200812_20200812_01_RT_p00542.tif,/data/heguozhen/Fire/activefire/masks/voting/LC08_L1TP_202034_20200812_20200812_01_RT_voting_p00542.tif
/data/heguozhen/Fire/activefire/images/patches/LC08_L1TP_147034_20200827_20200827_01_RT_p00822.tif,/data/heguozhen/Fire/activefire/masks/voting/LC08_L1TP_147034_20200827_20200827_01_RT_voting_p00822.tif
/data/heguozhen/Fire/activefire/images/patches/LC08_L1TP_227078_20200811_20200811_01_RT_p00561.tif,/data/heguozhen/Fire/activefire/masks/voting/LC08_L1TP_227078_20200811_20200811_01_RT_voting_p00561.tif
/data/heguozhen/Fire/activefire/images/patches/LC08_L1TP_190026_20200808_20200808_01_RT_p00846.tif,/data/heguozhen/Fire/activefire/masks/voting/LC08_L1TP_190026_20200808_20200808_01_RT_voting_p00846.tif
/data/heguozhen/Fire/activefire/images/patches/LC08_L1TP_229083_20200809_20200809_01_RT_p00175.tif,/data/heguozhen/Fire/activefire/masks/voting/LC08_L1TP_229083_20200809_20200809_01_RT_voting_p00175.tif
/data/heguozhen/Fire/activefire/images/patches/LC08_L1TP_179067_20200811_20200811_01_RT_p00419.tif,/data/heguozhen/Fire/activefire/masks/voting/LC08_L1TP_179067_20200811_20200811_01_RT_voting_p00419.tif
/data/heguozhen/Fire/activefire/images/patches/LC08_L1TP_125049_20200817_20200817_01_RT_p00438.tif,/data/heguozhen/Fire/activefire/masks/voting/LC08_L1TP_125049_20200817_20200817_01_RT_voting_p00438.tif
/data/heguozhen/Fire/activefire/images/patches/LC08_L1TP_179070_20200811_20200811_01_RT_p00237.tif,/data/heguozhen/Fire/activefire/masks/voting/LC08_L1TP_179070_20200811_20200811_01_RT_voting_p00237.tif
/data/heguozhen/Fire/activefire/images/patches/LC08_L1TP_170066_20200812_20200812_01_RT_p00407.tif,/data/heguozhen/Fire/activefire/masks/voting/LC08_L1TP_170066_20200812_20200812_01_RT_voting_p00407.tif
/data/heguozhen/Fire/activefire/images/patches/LC08_L1TP_169068_20200821_20200821_01_RT_p00303.tif,/data/heguozhen/Fire/activefire/masks/voting/LC08_L1TP_169068_20200821_20200821_01_RT_voting_p00303.tif
/data/heguozhen/Fire/activefire/images/patches/LC08_L1TP_124050_20200826_20200826_01_RT_p00678.tif,/data/heguozhen/Fire/activefire/masks/voting/LC08_L1TP_124050_20200826_20200826_01_RT_voting_p00678.tif
/data/heguozhen/Fire/activefire/images/patches/LC08_L1TP_122044_20200828_20200828_01_RT_p00263.tif,/data/heguozhen/Fire/activefire/masks/voting/LC08_L1TP_122044_20200828_20200828_01_RT_voting_p00263.tif
/data/heguozhen/Fire/activefire/images/patches/LC08_L1TP_120031_20200814_20200814_01_RT_p00312.tif,/data/heguozhen/Fire/activefire/masks/voting/LC08_L1TP_120031_20200814_20200814_01_RT_voting_p00312.tif
/data/heguozhen/Fire/activefire/images/patches/LC08_L1TP_099070_20200827_20200827_01_RT_p00876.tif,/data/heguozhen/Fire/activefire/masks/voting/LC08_L1TP_099070_20200827_20200827_01_RT_voting_p00876.tif
/data/heguozhen/Fire/activefire/images/patches/LC08_L1TP_224079_20200806_20200807_01_RT_p00025.tif,/data/heguozhen/Fire/activefire/masks/voting/LC08_L1TP_224079_20200806_20200807_01_RT_voting_p00025.tif
/data/heguozhen/Fire/activefire/images/patches/LC08_L1TP_125052_20200817_20200817_01_RT_p00676.tif,/data/heguozhen/Fire/activefire/masks/voting/LC08_L1TP_125052_20200817_20200817_01_RT_voting_p00676.tif
/data/heguozhen/Fire/activefire/images/patches/LC08_L1TP_170068_20200812_20200812_01_RT_p00524.tif,/data/heguozhen/Fire/activefire/masks/voting/LC08_L1TP_170068_20200812_20200812_01_RT_voting_p00524.tif
/data/heguozhen/Fire/activefire/images/patches/LC08_L1TP_181068_20200809_20200809_01_RT_p00553.tif,/data/heguozhen/Fire/activefire/masks/voting/LC08_L1TP_181068_20200809_20200809_01_RT_voting_p00553.tif
/data/heguozhen/Fire/activefire/images/patches/LC08_L1TP_160075_20200822_20200822_01_RT_p00138.tif,/data/heguozhen/Fire/activefire/masks/voting/LC08_L1TP_160075_20200822_20200822_01_RT_voting_p00138.tif
/data/heguozhen/Fire/activefire/images/patches/LC08_L1TP_126032_20200824_20200824_01_RT_p00874.tif,/data/heguozhen/Fire/activefire/masks/voting/LC08_L1TP_126032_20200824_20200824_01_RT_voting_p00874.tif
/data/heguozhen/Fire/activefire/images/patches/LC08_L1TP_001067_20200828_20200828_01_RT_p00410.tif,/data/heguozhen/Fire/activefire/masks/voting/LC08_L1TP_001067_20200828_20200828_01_RT_voting_p00410.tif
/data/heguozhen/Fire/activefire/images/patches/LC08_L1TP_136018_20200830_20200830_01_RT_p00793.tif,/data/heguozhen/Fire/activefire/masks/voting/LC08_L1TP_136018_20200830_20200830_01_RT_voting_p00793.tif
/data/heguozhen/Fire/activefire/images/patches/LC08_L1TP_114067_20200820_20200820_01_RT_p00626.tif,/data/heguozhen/Fire/activefire/masks/voting/LC08_L1TP_114067_20200820_20200820_01_RT_voting_p00626.tif
/data/heguozhen/Fire/activefire/images/patches/LC08_L1TP_167066_20200823_20200823_01_RT_p00392.tif,/data/heguozhen/Fire/activefire/masks/voting/LC08_L1TP_167066_20200823_20200823_01_RT_voting_p00392.tif
/data/heguozhen/Fire/activefire/images/patches/LC08_L1TP_169073_20200821_20200821_01_RT_p00283.tif,/data/heguozhen/Fire/activefire/masks/voting/LC08_L1TP_169073_20200821_20200821_01_RT_voting_p00283.tif
/data/heguozhen/Fire/activefire/images/patches/LC08_L1TP_224067_20200806_20200807_01_RT_p00112.tif,/data/heguozhen/Fire/activefire/masks/voting/LC08_L1TP_224067_20200806_20200807_01_RT_voting_p00112.tif
/data/heguozhen/Fire/activefire/images/patches/LC08_L1TP_118029_20200816_20200816_01_RT_p00676.tif,/data/heguozhen/Fire/activefire/masks/voting/LC08_L1TP_118029_20200816_20200816_01_RT_voting_p00676.tif
/data/heguozhen/Fire/activefire/images/patches/LC08_L1TP_122013_20200812_20200812_01_RT_p00568.tif,/data/heguozhen/Fire/activefire/masks/voting/LC08_L1TP_122013_20200812_20200812_01_RT_voting_p00568.tif
/data/heguozhen/Fire/activefire/images/patches/LC08_L1TP_008065_20200829_20200829_01_RT_p00784.tif,/data/heguozhen/Fire/activefire/masks/voting/LC08_L1TP_008065_20200829_20200829_01_RT_voting_p00784.tif
/data/heguozhen/Fire/activefire/images/patches/LC08_L1TP_160071_20200822_20200822_01_RT_p00177.tif,/data/heguozhen/Fire/activefire/masks/voting/LC08_L1TP_160071_20200822_20200822_01_RT_voting_p00177.tif
/data/heguozhen/Fire/activefire/images/patches/LC08_L1TP_121028_20200821_20200821_01_RT_p00936.tif,/data/heguozhen/Fire/activefire/masks/voting/LC08_L1TP_121028_20200821_20200821_01_RT_voting_p00936.tif
/data/heguozhen/Fire/activefire/images/patches/LC08_L1TP_172061_20200810_20200810_01_RT_p00734.tif,/data/heguozhen/Fire/activefire/masks/voting/LC08_L1TP_172061_20200810_20200810_01_RT_voting_p00734.tif
/data/heguozhen/Fire/activefire/images/patches/LC08_L1TP_170066_20200812_20200812_01_RT_p00077.tif,/data/heguozhen/Fire/activefire/masks/voting/LC08_L1TP_170066_20200812_20200812_01_RT_voting_p00077.tif
/data/heguozhen/Fire/activefire/images/patches/LC08_L1GT_118032_20200816_20200816_01_RT_p00188.tif,/data/heguozhen/Fire/activefire/masks/voting/LC08_L1GT_118032_20200816_20200816_01_RT_voting_p00188.tif
/data/heguozhen/Fire/activefire/images/patches/LC08_L1TP_220076_20200810_20200810_01_RT_p00760.tif,/data/heguozhen/Fire/activefire/masks/voting/LC08_L1TP_220076_20200810_20200810_01_RT_voting_p00760.tif
/data/heguozhen/Fire/activefire/images/patches/LC08_L1TP_181061_20200809_20200809_01_RT_p00387.tif,/data/heguozhen/Fire/activefire/masks/voting/LC08_L1TP_181061_20200809_20200809_01_RT_voting_p00387.tif
/data/heguozhen/Fire/activefire/images/patches/LC08_L1TP_119029_20200807_20200807_01_RT_p00658.tif,/data/heguozhen/Fire/activefire/masks/voting/LC08_L1TP_119029_20200807_20200807_01_RT_voting_p00658.tif
/data/heguozhen/Fire/activefire/images/patches/LC08_L1TP_117066_20200809_20200809_01_RT_p00285.tif,/data/heguozhen/Fire/activefire/masks/voting/LC08_L1TP_117066_20200809_20200809_01_RT_voting_p00285.tif
/data/heguozhen/Fire/activefire/images/patches/LC08_L1TP_113063_20200813_20200813_01_RT_p00877.tif,/data/heguozhen/Fire/activefire/masks/voting/LC08_L1TP_113063_20200813_20200813_01_RT_voting_p00877.tif
/data/heguozhen/Fire/activefire/images/patches/LC08_L1TP_172067_20200810_20200810_01_RT_p00501.tif,/data/heguozhen/Fire/activefire/masks/voting/LC08_L1TP_172067_20200810_20200810_01_RT_voting_p00501.tif
/data/heguozhen/Fire/activefire/images/patches/LC08_L1TP_146028_20200820_20200820_01_RT_p00629.tif,/data/heguozhen/Fire/activefire/masks/voting/LC08_L1TP_146028_20200820_20200820_01_RT_voting_p00629.tif
/data/heguozhen/Fire/activefire/images/patches/LC08_L1TP_166066_20200816_20200816_01_RT_p00573.tif,/data/heguozhen/Fire/activefire/masks/voting/LC08_L1TP_166066_20200816_20200816_01_RT_voting_p00573.tif
/data/heguozhen/Fire/activefire/images/patches/LC08_L1TP_220063_20200810_20200810_01_RT_p00519.tif,/data/heguozhen/Fire/activefire/masks/voting/LC08_L1TP_220063_20200810_20200810_01_RT_voting_p00519.tif
/data/heguozhen/Fire/activefire/images/patches/LC08_L1TP_141054_20200817_20200817_01_RT_p00191.tif,/data/heguozhen/Fire/activefire/masks/voting/LC08_L1TP_141054_20200817_20200817_01_RT_voting_p00191.tif
/data/heguozhen/Fire/activefire/images/patches/LC08_L1TP_175070_20200815_20200815_01_RT_p00168.tif,/data/heguozhen/Fire/activefire/masks/voting/LC08_L1TP_175070_20200815_20200815_01_RT_voting_p00168.tif
/data/heguozhen/Fire/activefire/images/patches/LC08_L1TP_227082_20200811_20200811_01_RT_p00786.tif,/data/heguozhen/Fire/activefire/masks/voting/LC08_L1TP_227082_20200811_20200811_01_RT_voting_p00786.tif
/data/heguozhen/Fire/activefire/images/patches/LC08_L1TP_106068_20200828_20200828_01_RT_p00328.tif,/data/heguozhen/Fire/activefire/masks/voting/LC08_L1TP_106068_20200828_20200828_01_RT_voting_p00328.tif
/data/heguozhen/Fire/activefire/images/patches/LC08_L1TP_174069_20200808_20200808_01_RT_p00633.tif,/data/heguozhen/Fire/activefire/masks/voting/LC08_L1TP_174069_20200808_20200808_01_RT_voting_p00633.tif
/data/heguozhen/Fire/activefire/images/patches/LC08_L1TP_124052_20200826_20200826_01_RT_p00694.tif,/data/heguozhen/Fire/activefire/masks/voting/LC08_L1TP_124052_20200826_20200826_01_RT_voting_p00694.tif
/data/heguozhen/Fire/activefire/images/patches/LC08_L1TP_169069_20200821_20200821_01_RT_p00085.tif,/data/heguozhen/Fire/activefire/masks/voting/LC08_L1TP_169069_20200821_20200821_01_RT_voting_p00085.tif
/data/heguozhen/Fire/activefire/images/patches/LC08_L1TP_129035_20200813_20200813_01_RT_p00584.tif,/data/heguozhen/Fire/activefire/masks/voting/LC08_L1TP_129035_20200813_20200813_01_RT_voting_p00584.tif
/data/heguozhen/Fire/activefire/images/patches/LC08_L1TP_220070_20200810_20200810_01_RT_p00627.tif,/data/heguozhen/Fire/activefire/masks/voting/LC08_L1TP_220070_20200810_20200810_01_RT_voting_p00627.tif
/data/heguozhen/Fire/activefire/images/patches/LC08_L1TP_166066_20200816_20200816_01_RT_p00227.tif,/data/heguozhen/Fire/activefire/masks/voting/LC08_L1TP_166066_20200816_20200816_01_RT_voting_p00227.tif
/data/heguozhen/Fire/activefire/images/patches/LC08_L1TP_122037_20200828_20200828_01_RT_p00630.tif,/data/heguozhen/Fire/activefire/masks/voting/LC08_L1TP_122037_20200828_20200828_01_RT_voting_p00630.tif
/data/heguozhen/Fire/activefire/images/patches/LC08_L1TP_121029_20200821_20200821_01_RT_p00428.tif,/data/heguozhen/Fire/activefire/masks/voting/LC08_L1TP_121029_20200821_20200821_01_RT_voting_p00428.tif
/data/heguozhen/Fire/activefire/images/patches/LC08_L1TP_117044_20200809_20200809_01_RT_p00055.tif,/data/heguozhen/Fire/activefire/masks/voting/LC08_L1TP_117044_20200809_20200809_01_RT_voting_p00055.tif
/data/heguozhen/Fire/activefire/images/patches/LC08_L1TP_175066_20200815_20200815_01_RT_p00733.tif,/data/heguozhen/Fire/activefire/masks/voting/LC08_L1TP_175066_20200815_20200815_01_RT_voting_p00733.tif
/data/heguozhen/Fire/activefire/images/patches/LC08_L1TP_129036_20200813_20200813_01_RT_p00627.tif,/data/heguozhen/Fire/activefire/masks/voting/LC08_L1TP_129036_20200813_20200813_01_RT_voting_p00627.tif
/data/heguozhen/Fire/activefire/images/patches/LC08_L1TP_169067_20200821_20200821_01_RT_p00209.tif,/data/heguozhen/Fire/activefire/masks/voting/LC08_L1TP_169067_20200821_20200821_01_RT_voting_p00209.tif
/data/heguozhen/Fire/activefire/images/patches/LC08_L1TP_166067_20200816_20200816_01_RT_p00601.tif,/data/heguozhen/Fire/activefire/masks/voting/LC08_L1TP_166067_20200816_20200816_01_RT_voting_p00601.tif
/data/heguozhen/Fire/activefire/images/patches/LC08_L1TP_166069_20200816_20200816_01_RT_p00381.tif,/data/heguozhen/Fire/activefire/masks/voting/LC08_L1TP_166069_20200816_20200816_01_RT_voting_p00381.tif
/data/heguozhen/Fire/activefire/images/patches/LC08_L1TP_175072_20200815_20200815_01_RT_p00695.tif,/data/heguozhen/Fire/activefire/masks/voting/LC08_L1TP_175072_20200815_20200815_01_RT_voting_p00695.tif
/data/heguozhen/Fire/activefire/images/patches/LC08_L1TP_165038_20200809_20200809_01_RT_p00239.tif,/data/heguozhen/Fire/activefire/masks/voting/LC08_L1TP_165038_20200809_20200809_01_RT_voting_p00239.tif
/data/heguozhen/Fire/activefire/images/patches/LC08_L1TP_147022_20200811_20200811_01_RT_p00180.tif,/data/heguozhen/Fire/activefire/masks/voting/LC08_L1TP_147022_20200811_20200811_01_RT_voting_p00180.tif
/data/heguozhen/Fire/activefire/images/patches/LC08_L1GT_182060_20200816_20200816_01_RT_p00648.tif,/data/heguozhen/Fire/activefire/masks/voting/LC08_L1GT_182060_20200816_20200816_01_RT_voting_p00648.tif
/data/heguozhen/Fire/activefire/images/patches/LC08_L1TP_008057_20200813_20200813_01_RT_p00198.tif,/data/heguozhen/Fire/activefire/masks/voting/LC08_L1TP_008057_20200813_20200813_01_RT_voting_p00198.tif
/data/heguozhen/Fire/activefire/images/patches/LC08_L1TP_173063_20200817_20200817_01_RT_p00474.tif,/data/heguozhen/Fire/activefire/masks/voting/LC08_L1TP_173063_20200817_20200817_01_RT_voting_p00474.tif
/data/heguozhen/Fire/activefire/images/patches/LC08_L1TP_105071_20200821_20200821_01_RT_p00787.tif,/data/heguozhen/Fire/activefire/masks/voting/LC08_L1TP_105071_20200821_20200821_01_RT_voting_p00787.tif
/data/heguozhen/Fire/activefire/images/patches/LC08_L1TP_134015_20200816_20200816_01_RT_p00478.tif,/data/heguozhen/Fire/activefire/masks/voting/LC08_L1TP_134015_20200816_20200816_01_RT_voting_p00478.tif
/data/heguozhen/Fire/activefire/images/patches/LC08_L1TP_119027_20200823_20200823_01_RT_p00720.tif,/data/heguozhen/Fire/activefire/masks/voting/LC08_L1TP_119027_20200823_20200823_01_RT_voting_p00720.tif
/data/heguozhen/Fire/activefire/images/patches/LC08_L1TP_175067_20200815_20200815_01_RT_p00735.tif,/data/heguozhen/Fire/activefire/masks/voting/LC08_L1TP_175067_20200815_20200815_01_RT_voting_p00735.tif
/data/heguozhen/Fire/activefire/images/patches/LC08_L1TP_114067_20200820_20200820_01_RT_p00780.tif,/data/heguozhen/Fire/activefire/masks/voting/LC08_L1TP_114067_20200820_20200820_01_RT_voting_p00780.tif
/data/heguozhen/Fire/activefire/images/patches/LC08_L1TP_146027_20200820_20200820_01_RT_p00399.tif,/data/heguozhen/Fire/activefire/masks/voting/LC08_L1TP_146027_20200820_20200820_01_RT_voting_p00399.tif
/data/heguozhen/Fire/activefire/images/patches/LC08_L1TP_170065_20200812_20200812_01_RT_p00291.tif,/data/heguozhen/Fire/activefire/masks/voting/LC08_L1TP_170065_20200812_20200812_01_RT_voting_p00291.tif
/data/heguozhen/Fire/activefire/images/patches/LC08_L1TP_165070_20200809_20200809_01_RT_p00877.tif,/data/heguozhen/Fire/activefire/masks/voting/LC08_L1TP_165070_20200809_20200809_01_RT_voting_p00877.tif
/data/heguozhen/Fire/activefire/images/patches/LC08_L1TP_010064_20200827_20200827_01_RT_p00564.tif,/data/heguozhen/Fire/activefire/masks/voting/LC08_L1TP_010064_20200827_20200827_01_RT_voting_p00564.tif
/data/heguozhen/Fire/activefire/images/patches/LC08_L1TP_170069_20200812_20200812_01_RT_p00331.tif,/data/heguozhen/Fire/activefire/masks/voting/LC08_L1TP_170069_20200812_20200812_01_RT_voting_p00331.tif
/data/heguozhen/Fire/activefire/images/patches/LC08_L1TP_181061_20200809_20200809_01_RT_p00299.tif,/data/heguozhen/Fire/activefire/masks/voting/LC08_L1TP_181061_20200809_20200809_01_RT_voting_p00299.tif
/data/heguozhen/Fire/activefire/images/patches/LC08_L1TP_168073_20200830_20200830_01_RT_p00299.tif,/data/heguozhen/Fire/activefire/masks/voting/LC08_L1TP_168073_20200830_20200830_01_RT_voting_p00299.tif
/data/heguozhen/Fire/activefire/images/patches/LC08_L1TP_188057_20200810_20200810_01_RT_p00700.tif,/data/heguozhen/Fire/activefire/masks/voting/LC08_L1TP_188057_20200810_20200810_01_RT_voting_p00700.tif
/data/heguozhen/Fire/activefire/images/patches/LC08_L1TP_147023_20200827_20200827_01_RT_p00301.tif,/data/heguozhen/Fire/activefire/masks/voting/LC08_L1TP_147023_20200827_20200827_01_RT_voting_p00301.tif
/data/heguozhen/Fire/activefire/images/patches/LC08_L1TP_170032_20200812_20200812_01_RT_p00608.tif,/data/heguozhen/Fire/activefire/masks/voting/LC08_L1TP_170032_20200812_20200812_01_RT_voting_p00608.tif
/data/heguozhen/Fire/activefire/images/patches/LC08_L1TP_114027_20200820_20200820_01_RT_p00722.tif,/data/heguozhen/Fire/activefire/masks/voting/LC08_L1TP_114027_20200820_20200820_01_RT_voting_p00722.tif
/data/heguozhen/Fire/activefire/images/patches/LC08_L1TP_170069_20200812_20200812_01_RT_p00811.tif,/data/heguozhen/Fire/activefire/masks/voting/LC08_L1TP_170069_20200812_20200812_01_RT_voting_p00811.tif
/data/heguozhen/Fire/activefire/images/patches/LC08_L1TP_170066_20200812_20200812_01_RT_p00177.tif,/data/heguozhen/Fire/activefire/masks/voting/LC08_L1TP_170066_20200812_20200812_01_RT_voting_p00177.tif
/data/heguozhen/Fire/activefire/images/patches/LC08_L1TP_124031_20200810_20200810_01_RT_p00726.tif,/data/heguozhen/Fire/activefire/masks/voting/LC08_L1TP_124031_20200810_20200810_01_RT_voting_p00726.tif
/data/heguozhen/Fire/activefire/images/patches/LC08_L1TP_172069_20200810_20200810_01_RT_p00638.tif,/data/heguozhen/Fire/activefire/masks/voting/LC08_L1TP_172069_20200810_20200810_01_RT_voting_p00638.tif
/data/heguozhen/Fire/activefire/images/patches/LC08_L1TP_119030_20200807_20200807_01_RT_p00291.tif,/data/heguozhen/Fire/activefire/masks/voting/LC08_L1TP_119030_20200807_20200807_01_RT_voting_p00291.tif
/data/heguozhen/Fire/activefire/images/patches/LC08_L1TP_165067_20200809_20200809_01_RT_p00383.tif,/data/heguozhen/Fire/activefire/masks/voting/LC08_L1TP_165067_20200809_20200809_01_RT_voting_p00383.tif
/data/heguozhen/Fire/activefire/images/patches/LC08_L1TP_103068_20200823_20200823_01_RT_p00057.tif,/data/heguozhen/Fire/activefire/masks/voting/LC08_L1TP_103068_20200823_20200823_01_RT_voting_p00057.tif
/data/heguozhen/Fire/activefire/images/patches/LC08_L1TP_174069_20200808_20200808_01_RT_p00512.tif,/data/heguozhen/Fire/activefire/masks/voting/LC08_L1TP_174069_20200808_20200808_01_RT_voting_p00512.tif
/data/heguozhen/Fire/activefire/images/patches/LC08_L1TP_182061_20200816_20200816_01_RT_p00650.tif,/data/heguozhen/Fire/activefire/masks/voting/LC08_L1TP_182061_20200816_20200816_01_RT_voting_p00650.tif
/data/heguozhen/Fire/activefire/images/patches/LC08_L1TP_173067_20200817_20200817_01_RT_p00479.tif,/data/heguozhen/Fire/activefire/masks/voting/LC08_L1TP_173067_20200817_20200817_01_RT_voting_p00479.tif
/data/heguozhen/Fire/activefire/images/patches/LC08_L1TP_153032_20200821_20200821_01_RT_p00576.tif,/data/heguozhen/Fire/activefire/masks/voting/LC08_L1TP_153032_20200821_20200821_01_RT_voting_p00576.tif
/data/heguozhen/Fire/activefire/images/patches/LC08_L1TP_119014_20200807_20200807_01_RT_p00271.tif,/data/heguozhen/Fire/activefire/masks/voting/LC08_L1TP_119014_20200807_20200807_01_RT_voting_p00271.tif
/data/heguozhen/Fire/activefire/images/patches/LC08_L1TP_173069_20200817_20200817_01_RT_p00703.tif,/data/heguozhen/Fire/activefire/masks/voting/LC08_L1TP_173069_20200817_20200817_01_RT_voting_p00703.tif
/data/heguozhen/Fire/activefire/images/patches/LC08_L1TP_125052_20200817_20200817_01_RT_p00618.tif,/data/heguozhen/Fire/activefire/masks/voting/LC08_L1TP_125052_20200817_20200817_01_RT_voting_p00618.tif
/data/heguozhen/Fire/activefire/images/patches/LC08_L1TP_230065_20200816_20200816_01_RT_p00847.tif,/data/heguozhen/Fire/activefire/masks/voting/LC08_L1TP_230065_20200816_20200816_01_RT_voting_p00847.tif
/data/heguozhen/Fire/activefire/images/patches/LC08_L1TP_227082_20200811_20200811_01_RT_p00637.tif,/data/heguozhen/Fire/activefire/masks/voting/LC08_L1TP_227082_20200811_20200811_01_RT_voting_p00637.tif
/data/heguozhen/Fire/activefire/images/patches/LC08_L1TP_128039_20200822_20200822_01_RT_p00602.tif,/data/heguozhen/Fire/activefire/masks/voting/LC08_L1TP_128039_20200822_20200822_01_RT_voting_p00602.tif
/data/heguozhen/Fire/activefire/images/patches/LC08_L1TP_119065_20200807_20200807_01_RT_p00136.tif,/data/heguozhen/Fire/activefire/masks/voting/LC08_L1TP_119065_20200807_20200807_01_RT_voting_p00136.tif
/data/heguozhen/Fire/activefire/images/patches/LC08_L1TP_122026_20200812_20200812_01_RT_p00518.tif,/data/heguozhen/Fire/activefire/masks/voting/LC08_L1TP_122026_20200812_20200812_01_RT_voting_p00518.tif
/data/heguozhen/Fire/activefire/images/patches/LC08_L1TP_118029_20200816_20200816_01_RT_p00102.tif,/data/heguozhen/Fire/activefire/masks/voting/LC08_L1TP_118029_20200816_20200816_01_RT_voting_p00102.tif
/data/heguozhen/Fire/activefire/images/patches/LC08_L1TP_003068_20200810_20200810_01_RT_p00692.tif,/data/heguozhen/Fire/activefire/masks/voting/LC08_L1TP_003068_20200810_20200810_01_RT_voting_p00692.tif
/data/heguozhen/Fire/activefire/images/patches/LC08_L1TP_117066_20200809_20200809_01_RT_p00317.tif,/data/heguozhen/Fire/activefire/masks/voting/LC08_L1TP_117066_20200809_20200809_01_RT_voting_p00317.tif
/data/heguozhen/Fire/activefire/images/patches/LC08_L1TP_170065_20200812_20200812_01_RT_p00425.tif,/data/heguozhen/Fire/activefire/masks/voting/LC08_L1TP_170065_20200812_20200812_01_RT_voting_p00425.tif
/data/heguozhen/Fire/activefire/images/patches/LC08_L1TP_181061_20200809_20200809_01_RT_p00237.tif,/data/heguozhen/Fire/activefire/masks/voting/LC08_L1TP_181061_20200809_20200809_01_RT_voting_p00237.tif
/data/heguozhen/Fire/activefire/images/patches/LC08_L1TP_119031_20200823_20200823_01_RT_p00698.tif,/data/heguozhen/Fire/activefire/masks/voting/LC08_L1TP_119031_20200823_20200823_01_RT_voting_p00698.tif
/data/heguozhen/Fire/activefire/images/patches/LC08_L1TP_175072_20200815_20200815_01_RT_p00411.tif,/data/heguozhen/Fire/activefire/masks/voting/LC08_L1TP_175072_20200815_20200815_01_RT_voting_p00411.tif
/data/heguozhen/Fire/activefire/images/patches/LC08_L1TP_220066_20200810_20200810_01_RT_p00054.tif,/data/heguozhen/Fire/activefire/masks/voting/LC08_L1TP_220066_20200810_20200810_01_RT_voting_p00054.tif
/data/heguozhen/Fire/activefire/images/patches/LC08_L1TP_121030_20200821_20200821_01_RT_p00601.tif,/data/heguozhen/Fire/activefire/masks/voting/LC08_L1TP_121030_20200821_20200821_01_RT_voting_p00601.tif
/data/heguozhen/Fire/activefire/images/patches/LC08_L1TP_117016_20200809_20200809_01_RT_p00520.tif,/data/heguozhen/Fire/activefire/masks/voting/LC08_L1TP_117016_20200809_20200809_01_RT_voting_p00520.tif
/data/heguozhen/Fire/activefire/images/patches/LC08_L1TP_175026_20200815_20200815_01_RT_p00087.tif,/data/heguozhen/Fire/activefire/masks/voting/LC08_L1TP_175026_20200815_20200815_01_RT_voting_p00087.tif
/data/heguozhen/Fire/activefire/images/patches/LC08_L1TP_224071_20200806_20200807_01_RT_p00521.tif,/data/heguozhen/Fire/activefire/masks/voting/LC08_L1TP_224071_20200806_20200807_01_RT_voting_p00521.tif
/data/heguozhen/Fire/activefire/images/patches/LC08_L1TP_229075_20200809_20200809_01_RT_p00706.tif,/data/heguozhen/Fire/activefire/masks/voting/LC08_L1TP_229075_20200809_20200809_01_RT_voting_p00706.tif
/data/heguozhen/Fire/activefire/images/patches/LC08_L1TP_173071_20200817_20200817_01_RT_p00597.tif,/data/heguozhen/Fire/activefire/masks/voting/LC08_L1TP_173071_20200817_20200817_01_RT_voting_p00597.tif
/data/heguozhen/Fire/activefire/images/patches/LC08_L1TP_106068_20200828_20200828_01_RT_p00680.tif,/data/heguozhen/Fire/activefire/masks/voting/LC08_L1TP_106068_20200828_20200828_01_RT_voting_p00680.tif
/data/heguozhen/Fire/activefire/images/patches/LC08_L1TP_131042_20200827_20200827_01_RT_p00357.tif,/data/heguozhen/Fire/activefire/masks/voting/LC08_L1TP_131042_20200827_20200827_01_RT_voting_p00357.tif
/data/heguozhen/Fire/activefire/images/patches/LC08_L1TP_166069_20200816_20200816_01_RT_p00537.tif,/data/heguozhen/Fire/activefire/masks/voting/LC08_L1TP_166069_20200816_20200816_01_RT_voting_p00537.tif
/data/heguozhen/Fire/activefire/images/patches/LC08_L1TP_001067_20200812_20200812_01_RT_p00416.tif,/data/heguozhen/Fire/activefire/masks/voting/LC08_L1TP_001067_20200812_20200812_01_RT_voting_p00416.tif
/data/heguozhen/Fire/activefire/images/patches/LC08_L1TP_154031_20200812_20200812_01_RT_p00426.tif,/data/heguozhen/Fire/activefire/masks/voting/LC08_L1TP_154031_20200812_20200812_01_RT_voting_p00426.tif
/data/heguozhen/Fire/activefire/images/patches/LC08_L1TP_165068_20200809_20200809_01_RT_p00187.tif,/data/heguozhen/Fire/activefire/masks/voting/LC08_L1TP_165068_20200809_20200809_01_RT_voting_p00187.tif
/data/heguozhen/Fire/activefire/images/patches/LC08_L1TP_174069_20200808_20200808_01_RT_p00489.tif,/data/heguozhen/Fire/activefire/masks/voting/LC08_L1TP_174069_20200808_20200808_01_RT_voting_p00489.tif
/data/heguozhen/Fire/activefire/images/patches/LC08_L1TP_017051_20200812_20200812_01_RT_p00293.tif,/data/heguozhen/Fire/activefire/masks/voting/LC08_L1TP_017051_20200812_20200812_01_RT_voting_p00293.tif
/data/heguozhen/Fire/activefire/images/patches/LC08_L1TP_160035_20200822_20200822_01_RT_p00878.tif,/data/heguozhen/Fire/activefire/masks/voting/LC08_L1TP_160035_20200822_20200822_01_RT_voting_p00878.tif
/data/heguozhen/Fire/activefire/images/patches/LC08_L1TP_124032_20200810_20200810_01_RT_p00460.tif,/data/heguozhen/Fire/activefire/masks/voting/LC08_L1TP_124032_20200810_20200810_01_RT_voting_p00460.tif
/data/heguozhen/Fire/activefire/images/patches/LC08_L1TP_170065_20200812_20200812_01_RT_p00295.tif,/data/heguozhen/Fire/activefire/masks/voting/LC08_L1TP_170065_20200812_20200812_01_RT_voting_p00295.tif
/data/heguozhen/Fire/activefire/images/patches/LC08_L1TP_173069_20200817_20200817_01_RT_p00179.tif,/data/heguozhen/Fire/activefire/masks/voting/LC08_L1TP_173069_20200817_20200817_01_RT_voting_p00179.tif
/data/heguozhen/Fire/activefire/images/patches/LC08_L1TP_143030_20200815_20200815_01_RT_p00719.tif,/data/heguozhen/Fire/activefire/masks/voting/LC08_L1TP_143030_20200815_20200815_01_RT_voting_p00719.tif
/data/heguozhen/Fire/activefire/images/patches/LC08_L1TP_172069_20200810_20200810_01_RT_p00677.tif,/data/heguozhen/Fire/activefire/masks/voting/LC08_L1TP_172069_20200810_20200810_01_RT_voting_p00677.tif
/data/heguozhen/Fire/activefire/images/patches/LC08_L1TP_172069_20200810_20200810_01_RT_p00271.tif,/data/heguozhen/Fire/activefire/masks/voting/LC08_L1TP_172069_20200810_20200810_01_RT_voting_p00271.tif
/data/heguozhen/Fire/activefire/images/patches/LC08_L1TP_160074_20200822_20200822_01_RT_p00786.tif,/data/heguozhen/Fire/activefire/masks/voting/LC08_L1TP_160074_20200822_20200822_01_RT_voting_p00786.tif
/data/heguozhen/Fire/activefire/images/patches/LC08_L1TP_188032_20200810_20200810_01_RT_p00599.tif,/data/heguozhen/Fire/activefire/masks/voting/LC08_L1TP_188032_20200810_20200810_01_RT_voting_p00599.tif
/data/heguozhen/Fire/activefire/images/patches/LC08_L1TP_170065_20200812_20200812_01_RT_p00429.tif,/data/heguozhen/Fire/activefire/masks/voting/LC08_L1TP_170065_20200812_20200812_01_RT_voting_p00429.tif
/data/heguozhen/Fire/activefire/images/patches/LC08_L1TP_165069_20200809_20200809_01_RT_p00633.tif,/data/heguozhen/Fire/activefire/masks/voting/LC08_L1TP_165069_20200809_20200809_01_RT_voting_p00633.tif
/data/heguozhen/Fire/activefire/images/patches/LC08_L1TP_182062_20200816_20200816_01_RT_p00344.tif,/data/heguozhen/Fire/activefire/masks/voting/LC08_L1TP_182062_20200816_20200816_01_RT_voting_p00344.tif
/data/heguozhen/Fire/activefire/images/patches/LC08_L1TP_175027_20200815_20200815_01_RT_p00226.tif,/data/heguozhen/Fire/activefire/masks/voting/LC08_L1TP_175027_20200815_20200815_01_RT_voting_p00226.tif
/data/heguozhen/Fire/activefire/images/patches/LC08_L1TP_218068_20200812_20200812_01_RT_p00146.tif,/data/heguozhen/Fire/activefire/masks/voting/LC08_L1TP_218068_20200812_20200812_01_RT_voting_p00146.tif
/data/heguozhen/Fire/activefire/images/patches/LC08_L1TP_179072_20200811_20200811_01_RT_p00364.tif,/data/heguozhen/Fire/activefire/masks/voting/LC08_L1TP_179072_20200811_20200811_01_RT_voting_p00364.tif
/data/heguozhen/Fire/activefire/images/patches/LC08_L1TP_224075_20200806_20200807_01_RT_p00128.tif,/data/heguozhen/Fire/activefire/masks/voting/LC08_L1TP_224075_20200806_20200807_01_RT_voting_p00128.tif
/data/heguozhen/Fire/activefire/images/patches/LC08_L1TP_122065_20200828_20200828_01_RT_p00795.tif,/data/heguozhen/Fire/activefire/masks/voting/LC08_L1TP_122065_20200828_20200828_01_RT_voting_p00795.tif
/data/heguozhen/Fire/activefire/images/patches/LC08_L1TP_172071_20200810_20200810_01_RT_p00701.tif,/data/heguozhen/Fire/activefire/masks/voting/LC08_L1TP_172071_20200810_20200810_01_RT_voting_p00701.tif
/data/heguozhen/Fire/activefire/images/patches/LC08_L1TP_173069_20200817_20200817_01_RT_p00783.tif,/data/heguozhen/Fire/activefire/masks/voting/LC08_L1TP_173069_20200817_20200817_01_RT_voting_p00783.tif
/data/heguozhen/Fire/activefire/images/patches/LC08_L1TP_170070_20200812_20200812_01_RT_p00132.tif,/data/heguozhen/Fire/activefire/masks/voting/LC08_L1TP_170070_20200812_20200812_01_RT_voting_p00132.tif
/data/heguozhen/Fire/activefire/images/patches/LC08_L1TP_169069_20200821_20200821_01_RT_p00315.tif,/data/heguozhen/Fire/activefire/masks/voting/LC08_L1TP_169069_20200821_20200821_01_RT_voting_p00315.tif
/data/heguozhen/Fire/activefire/images/patches/LC08_L1TP_119042_20200823_20200823_01_RT_p00752.tif,/data/heguozhen/Fire/activefire/masks/voting/LC08_L1TP_119042_20200823_20200823_01_RT_voting_p00752.tif
/data/heguozhen/Fire/activefire/images/patches/LC08_L1TP_098083_20200820_20200820_01_RT_p00365.tif,/data/heguozhen/Fire/activefire/masks/voting/LC08_L1TP_098083_20200820_20200820_01_RT_voting_p00365.tif
/data/heguozhen/Fire/activefire/images/patches/LC08_L1TP_133018_20200825_20200825_01_RT_p00023.tif,/data/heguozhen/Fire/activefire/masks/voting/LC08_L1TP_133018_20200825_20200825_01_RT_voting_p00023.tif
/data/heguozhen/Fire/activefire/images/patches/LC08_L1TP_156015_20200810_20200810_01_RT_p00633.tif,/data/heguozhen/Fire/activefire/masks/voting/LC08_L1TP_156015_20200810_20200810_01_RT_voting_p00633.tif
/data/heguozhen/Fire/activefire/images/patches/LC08_L1TP_173071_20200817_20200817_01_RT_p00666.tif,/data/heguozhen/Fire/activefire/masks/voting/LC08_L1TP_173071_20200817_20200817_01_RT_voting_p00666.tif
/data/heguozhen/Fire/activefire/images/patches/LC08_L1TP_170070_20200812_20200812_01_RT_p00391.tif,/data/heguozhen/Fire/activefire/masks/voting/LC08_L1TP_170070_20200812_20200812_01_RT_voting_p00391.tif
/data/heguozhen/Fire/activefire/images/patches/LC08_L1TP_166070_20200816_20200816_01_RT_p00844.tif,/data/heguozhen/Fire/activefire/masks/voting/LC08_L1TP_166070_20200816_20200816_01_RT_voting_p00844.tif
/data/heguozhen/Fire/activefire/images/patches/LC08_L1TP_170069_20200812_20200812_01_RT_p00499.tif,/data/heguozhen/Fire/activefire/masks/voting/LC08_L1TP_170069_20200812_20200812_01_RT_voting_p00499.tif
/data/heguozhen/Fire/activefire/images/patches/LC08_L1TP_175068_20200815_20200815_01_RT_p00110.tif,/data/heguozhen/Fire/activefire/masks/voting/LC08_L1TP_175068_20200815_20200815_01_RT_voting_p00110.tif
/data/heguozhen/Fire/activefire/images/patches/LC08_L1TP_172063_20200810_20200810_01_RT_p00687.tif,/data/heguozhen/Fire/activefire/masks/voting/LC08_L1TP_172063_20200810_20200810_01_RT_voting_p00687.tif
/data/heguozhen/Fire/activefire/images/patches/LC08_L1TP_173067_20200817_20200817_01_RT_p00417.tif,/data/heguozhen/Fire/activefire/masks/voting/LC08_L1TP_173067_20200817_20200817_01_RT_voting_p00417.tif
/data/heguozhen/Fire/activefire/images/patches/LC08_L1TP_115028_20200811_20200811_01_RT_p00294.tif,/data/heguozhen/Fire/activefire/masks/voting/LC08_L1TP_115028_20200811_20200811_01_RT_voting_p00294.tif
/data/heguozhen/Fire/activefire/images/patches/LC08_L1TP_120031_20200814_20200814_01_RT_p00711.tif,/data/heguozhen/Fire/activefire/masks/voting/LC08_L1TP_120031_20200814_20200814_01_RT_voting_p00711.tif
/data/heguozhen/Fire/activefire/images/patches/LC08_L1TP_131034_20200827_20200827_01_RT_p00367.tif,/data/heguozhen/Fire/activefire/masks/voting/LC08_L1TP_131034_20200827_20200827_01_RT_voting_p00367.tif
/data/heguozhen/Fire/activefire/images/patches/LC08_L1TP_115066_20200811_20200811_01_RT_p00852.tif,/data/heguozhen/Fire/activefire/masks/voting/LC08_L1TP_115066_20200811_20200811_01_RT_voting_p00852.tif
/data/heguozhen/Fire/activefire/images/patches/LC08_L1TP_220079_20200810_20200810_01_RT_p00087.tif,/data/heguozhen/Fire/activefire/masks/voting/LC08_L1TP_220079_20200810_20200810_01_RT_voting_p00087.tif
/data/heguozhen/Fire/activefire/images/patches/LC08_L1TP_033027_20200812_20200812_01_RT_p00236.tif,/data/heguozhen/Fire/activefire/masks/voting/LC08_L1TP_033027_20200812_20200812_01_RT_voting_p00236.tif
/data/heguozhen/Fire/activefire/images/patches/LC08_L1TP_139019_20200819_20200819_01_RT_p00554.tif,/data/heguozhen/Fire/activefire/masks/voting/LC08_L1TP_139019_20200819_20200819_01_RT_voting_p00554.tif
/data/heguozhen/Fire/activefire/images/patches/LC08_L1TP_174069_20200808_20200808_01_RT_p00663.tif,/data/heguozhen/Fire/activefire/masks/voting/LC08_L1TP_174069_20200808_20200808_01_RT_voting_p00663.tif
/data/heguozhen/Fire/activefire/images/patches/LC08_L1TP_172064_20200810_20200810_01_RT_p00514.tif,/data/heguozhen/Fire/activefire/masks/voting/LC08_L1TP_172064_20200810_20200810_01_RT_voting_p00514.tif
/data/heguozhen/Fire/activefire/images/patches/LC08_L1TP_179064_20200811_20200811_01_RT_p00225.tif,/data/heguozhen/Fire/activefire/masks/voting/LC08_L1TP_179064_20200811_20200811_01_RT_voting_p00225.tif
/data/heguozhen/Fire/activefire/images/patches/LC08_L1TP_172070_20200810_20200810_01_RT_p00398.tif,/data/heguozhen/Fire/activefire/masks/voting/LC08_L1TP_172070_20200810_20200810_01_RT_voting_p00398.tif
/data/heguozhen/Fire/activefire/images/patches/LC08_L1TP_025035_20200820_20200820_01_RT_p00479.tif,/data/heguozhen/Fire/activefire/masks/voting/LC08_L1TP_025035_20200820_20200820_01_RT_voting_p00479.tif
/data/heguozhen/Fire/activefire/images/patches/LC08_L1TP_173067_20200817_20200817_01_RT_p00187.tif,/data/heguozhen/Fire/activefire/masks/voting/LC08_L1TP_173067_20200817_20200817_01_RT_voting_p00187.tif
/data/heguozhen/Fire/activefire/images/patches/LC08_L1TP_182061_20200816_20200816_01_RT_p00275.tif,/data/heguozhen/Fire/activefire/masks/voting/LC08_L1TP_182061_20200816_20200816_01_RT_voting_p00275.tif
/data/heguozhen/Fire/activefire/images/patches/LC08_L1TP_173071_20200817_20200817_01_RT_p00812.tif,/data/heguozhen/Fire/activefire/masks/voting/LC08_L1TP_173071_20200817_20200817_01_RT_voting_p00812.tif
/data/heguozhen/Fire/activefire/images/patches/LC08_L1TP_124050_20200826_20200826_01_RT_p00701.tif,/data/heguozhen/Fire/activefire/masks/voting/LC08_L1TP_124050_20200826_20200826_01_RT_voting_p00701.tif
/data/heguozhen/Fire/activefire/images/patches/LC08_L1TP_114028_20200820_20200820_01_RT_p00247.tif,/data/heguozhen/Fire/activefire/masks/voting/LC08_L1TP_114028_20200820_20200820_01_RT_voting_p00247.tif
/data/heguozhen/Fire/activefire/images/patches/LC08_L1GT_157013_20200817_20200817_01_RT_p00795.tif,/data/heguozhen/Fire/activefire/masks/voting/LC08_L1GT_157013_20200817_20200817_01_RT_voting_p00795.tif
/data/heguozhen/Fire/activefire/images/patches/LC08_L1TP_121030_20200821_20200821_01_RT_p00813.tif,/data/heguozhen/Fire/activefire/masks/voting/LC08_L1TP_121030_20200821_20200821_01_RT_voting_p00813.tif
/data/heguozhen/Fire/activefire/images/patches/LC08_L1TP_227072_20200811_20200811_01_RT_p00490.tif,/data/heguozhen/Fire/activefire/masks/voting/LC08_L1TP_227072_20200811_20200811_01_RT_voting_p00490.tif
/data/heguozhen/Fire/activefire/images/patches/LC08_L1TP_152031_20200814_20200814_01_RT_p00219.tif,/data/heguozhen/Fire/activefire/masks/voting/LC08_L1TP_152031_20200814_20200814_01_RT_voting_p00219.tif
/data/heguozhen/Fire/activefire/images/patches/LC08_L1TP_224079_20200806_20200807_01_RT_p00145.tif,/data/heguozhen/Fire/activefire/masks/voting/LC08_L1TP_224079_20200806_20200807_01_RT_voting_p00145.tif
/data/heguozhen/Fire/activefire/images/patches/LC08_L1TP_126045_20200824_20200824_01_RT_p00306.tif,/data/heguozhen/Fire/activefire/masks/voting/LC08_L1TP_126045_20200824_20200824_01_RT_voting_p00306.tif
/data/heguozhen/Fire/activefire/images/patches/LC08_L1TP_005057_20200824_20200824_01_RT_p00141.tif,/data/heguozhen/Fire/activefire/masks/voting/LC08_L1TP_005057_20200824_20200824_01_RT_voting_p00141.tif
/data/heguozhen/Fire/activefire/images/patches/LC08_L1TP_173071_20200817_20200817_01_RT_p00428.tif,/data/heguozhen/Fire/activefire/masks/voting/LC08_L1TP_173071_20200817_20200817_01_RT_voting_p00428.tif
/data/heguozhen/Fire/activefire/images/patches/LC08_L1TP_118028_20200816_20200816_01_RT_p00563.tif,/data/heguozhen/Fire/activefire/masks/voting/LC08_L1TP_118028_20200816_20200816_01_RT_voting_p00563.tif
/data/heguozhen/Fire/activefire/images/patches/LC08_L1TP_172069_20200810_20200810_01_RT_p00523.tif,/data/heguozhen/Fire/activefire/masks/voting/LC08_L1TP_172069_20200810_20200810_01_RT_voting_p00523.tif
/data/heguozhen/Fire/activefire/images/patches/LC08_L1TP_170065_20200812_20200812_01_RT_p00673.tif,/data/heguozhen/Fire/activefire/masks/voting/LC08_L1TP_170065_20200812_20200812_01_RT_voting_p00673.tif
/data/heguozhen/Fire/activefire/images/patches/LC08_L1TP_175067_20200815_20200815_01_RT_p00128.tif,/data/heguozhen/Fire/activefire/masks/voting/LC08_L1TP_175067_20200815_20200815_01_RT_voting_p00128.tif
/data/heguozhen/Fire/activefire/images/patches/LC08_L1TP_169031_20200821_20200821_01_RT_p00580.tif,/data/heguozhen/Fire/activefire/masks/voting/LC08_L1TP_169031_20200821_20200821_01_RT_voting_p00580.tif
/data/heguozhen/Fire/activefire/images/patches/LC08_L1TP_172064_20200810_20200810_01_RT_p00687.tif,/data/heguozhen/Fire/activefire/masks/voting/LC08_L1TP_172064_20200810_20200810_01_RT_voting_p00687.tif
/data/heguozhen/Fire/activefire/images/patches/LC08_L1TP_179067_20200811_20200811_01_RT_p00730.tif,/data/heguozhen/Fire/activefire/masks/voting/LC08_L1TP_179067_20200811_20200811_01_RT_voting_p00730.tif
/data/heguozhen/Fire/activefire/images/patches/LC08_L1TP_218075_20200812_20200812_01_RT_p00353.tif,/data/heguozhen/Fire/activefire/masks/voting/LC08_L1TP_218075_20200812_20200812_01_RT_voting_p00353.tif
/data/heguozhen/Fire/activefire/images/patches/LC08_L1TP_118030_20200816_20200816_01_RT_p00689.tif,/data/heguozhen/Fire/activefire/masks/voting/LC08_L1TP_118030_20200816_20200816_01_RT_voting_p00689.tif
/data/heguozhen/Fire/activefire/images/patches/LC08_L1TP_130032_20200820_20200820_01_RT_p00794.tif,/data/heguozhen/Fire/activefire/masks/voting/LC08_L1TP_130032_20200820_20200820_01_RT_voting_p00794.tif
/data/heguozhen/Fire/activefire/images/patches/LC08_L1TP_028033_20200825_20200825_01_RT_p00514.tif,/data/heguozhen/Fire/activefire/masks/voting/LC08_L1TP_028033_20200825_20200825_01_RT_voting_p00514.tif
/data/heguozhen/Fire/activefire/images/patches/LC08_L1TP_227063_20200811_20200811_01_RT_p00657.tif,/data/heguozhen/Fire/activefire/masks/voting/LC08_L1TP_227063_20200811_20200811_01_RT_voting_p00657.tif
/data/heguozhen/Fire/activefire/images/patches/LC08_L1TP_119016_20200823_20200823_01_RT_p00473.tif,/data/heguozhen/Fire/activefire/masks/voting/LC08_L1TP_119016_20200823_20200823_01_RT_voting_p00473.tif
/data/heguozhen/Fire/activefire/images/patches/LC08_L1TP_170070_20200812_20200812_01_RT_p00419.tif,/data/heguozhen/Fire/activefire/masks/voting/LC08_L1TP_170070_20200812_20200812_01_RT_voting_p00419.tif
/data/heguozhen/Fire/activefire/images/patches/LC08_L1TP_170066_20200812_20200812_01_RT_p00455.tif,/data/heguozhen/Fire/activefire/masks/voting/LC08_L1TP_170066_20200812_20200812_01_RT_voting_p00455.tif
/data/heguozhen/Fire/activefire/images/patches/LC08_L1TP_166066_20200816_20200816_01_RT_p00327.tif,/data/heguozhen/Fire/activefire/masks/voting/LC08_L1TP_166066_20200816_20200816_01_RT_voting_p00327.tif
/data/heguozhen/Fire/activefire/images/patches/LC08_L1TP_098069_20200820_20200820_01_RT_p00616.tif,/data/heguozhen/Fire/activefire/masks/voting/LC08_L1TP_098069_20200820_20200820_01_RT_voting_p00616.tif
/data/heguozhen/Fire/activefire/images/patches/LC08_L1TP_179027_20200811_20200811_01_RT_p00751.tif,/data/heguozhen/Fire/activefire/masks/voting/LC08_L1TP_179027_20200811_20200811_01_RT_voting_p00751.tif
/data/heguozhen/Fire/activefire/images/patches/LC08_L1TP_169069_20200821_20200821_01_RT_p00203.tif,/data/heguozhen/Fire/activefire/masks/voting/LC08_L1TP_169069_20200821_20200821_01_RT_voting_p00203.tif
/data/heguozhen/Fire/activefire/images/patches/LC08_L1TP_008056_20200813_20200813_01_RT_p00332.tif,/data/heguozhen/Fire/activefire/masks/voting/LC08_L1TP_008056_20200813_20200813_01_RT_voting_p00332.tif
/data/heguozhen/Fire/activefire/images/patches/LC08_L1TP_229070_20200809_20200809_01_RT_p00453.tif,/data/heguozhen/Fire/activefire/masks/voting/LC08_L1TP_229070_20200809_20200809_01_RT_voting_p00453.tif
/data/heguozhen/Fire/activefire/images/patches/LC08_L1TP_172070_20200810_20200810_01_RT_p00506.tif,/data/heguozhen/Fire/activefire/masks/voting/LC08_L1TP_172070_20200810_20200810_01_RT_voting_p00506.tif
/data/heguozhen/Fire/activefire/images/patches/LC08_L1TP_124029_20200810_20200810_01_RT_p00791.tif,/data/heguozhen/Fire/activefire/masks/voting/LC08_L1TP_124029_20200810_20200810_01_RT_voting_p00791.tif
/data/heguozhen/Fire/activefire/images/patches/LC08_L1TP_160074_20200822_20200822_01_RT_p00439.tif,/data/heguozhen/Fire/activefire/masks/voting/LC08_L1TP_160074_20200822_20200822_01_RT_voting_p00439.tif
/data/heguozhen/Fire/activefire/images/patches/LC08_L1TP_160071_20200822_20200822_01_RT_p00240.tif,/data/heguozhen/Fire/activefire/masks/voting/LC08_L1TP_160071_20200822_20200822_01_RT_voting_p00240.tif
/data/heguozhen/Fire/activefire/images/patches/LC08_L1TP_136014_20200830_20200830_01_RT_p00846.tif,/data/heguozhen/Fire/activefire/masks/voting/LC08_L1TP_136014_20200830_20200830_01_RT_voting_p00846.tif
/data/heguozhen/Fire/activefire/images/patches/LC08_L1TP_175071_20200815_20200815_01_RT_p00140.tif,/data/heguozhen/Fire/activefire/masks/voting/LC08_L1TP_175071_20200815_20200815_01_RT_voting_p00140.tif
/data/heguozhen/Fire/activefire/images/patches/LC08_L1TP_163023_20200827_20200827_01_RT_p00228.tif,/data/heguozhen/Fire/activefire/masks/voting/LC08_L1TP_163023_20200827_20200827_01_RT_voting_p00228.tif
/data/heguozhen/Fire/activefire/images/patches/LC08_L1TP_169065_20200821_20200821_01_RT_p00669.tif,/data/heguozhen/Fire/activefire/masks/voting/LC08_L1TP_169065_20200821_20200821_01_RT_voting_p00669.tif
/data/heguozhen/Fire/activefire/images/patches/LC08_L1TP_147021_20200811_20200811_01_RT_p00263.tif,/data/heguozhen/Fire/activefire/masks/voting/LC08_L1TP_147021_20200811_20200811_01_RT_voting_p00263.tif
/data/heguozhen/Fire/activefire/images/patches/LC08_L1TP_227077_20200811_20200811_01_RT_p00763.tif,/data/heguozhen/Fire/activefire/masks/voting/LC08_L1TP_227077_20200811_20200811_01_RT_voting_p00763.tif
/data/heguozhen/Fire/activefire/images/patches/LC08_L1TP_179071_20200811_20200811_01_RT_p00250.tif,/data/heguozhen/Fire/activefire/masks/voting/LC08_L1TP_179071_20200811_20200811_01_RT_voting_p00250.tif
/data/heguozhen/Fire/activefire/images/patches/LC08_L1TP_220076_20200810_20200810_01_RT_p00691.tif,/data/heguozhen/Fire/activefire/masks/voting/LC08_L1TP_220076_20200810_20200810_01_RT_voting_p00691.tif
/data/heguozhen/Fire/activefire/images/patches/LC08_L1TP_124044_20200810_20200810_01_RT_p00204.tif,/data/heguozhen/Fire/activefire/masks/voting/LC08_L1TP_124044_20200810_20200810_01_RT_voting_p00204.tif
/data/heguozhen/Fire/activefire/images/patches/LC08_L1TP_141054_20200817_20200817_01_RT_p00494.tif,/data/heguozhen/Fire/activefire/masks/voting/LC08_L1TP_141054_20200817_20200817_01_RT_voting_p00494.tif
/data/heguozhen/Fire/activefire/images/patches/LC08_L1TP_167074_20200823_20200823_01_RT_p00320.tif,/data/heguozhen/Fire/activefire/masks/voting/LC08_L1TP_167074_20200823_20200823_01_RT_voting_p00320.tif
/data/heguozhen/Fire/activefire/images/patches/LC08_L1TP_182063_20200816_20200816_01_RT_p00877.tif,/data/heguozhen/Fire/activefire/masks/voting/LC08_L1TP_182063_20200816_20200816_01_RT_voting_p00877.tif
/data/heguozhen/Fire/activefire/images/patches/LC08_L1TP_167021_20200823_20200823_01_RT_p00286.tif,/data/heguozhen/Fire/activefire/masks/voting/LC08_L1TP_167021_20200823_20200823_01_RT_voting_p00286.tif
/data/heguozhen/Fire/activefire/images/patches/LC08_L1TP_173069_20200817_20200817_01_RT_p00763.tif,/data/heguozhen/Fire/activefire/masks/voting/LC08_L1TP_173069_20200817_20200817_01_RT_voting_p00763.tif
/data/heguozhen/Fire/activefire/images/patches/LC08_L1TP_165068_20200809_20200809_01_RT_p00139.tif,/data/heguozhen/Fire/activefire/masks/voting/LC08_L1TP_165068_20200809_20200809_01_RT_voting_p00139.tif
/data/heguozhen/Fire/activefire/images/patches/LC08_L1TP_173068_20200817_20200817_01_RT_p00643.tif,/data/heguozhen/Fire/activefire/masks/voting/LC08_L1TP_173068_20200817_20200817_01_RT_voting_p00643.tif
/data/heguozhen/Fire/activefire/images/patches/LC08_L1TP_119028_20200823_20200823_01_RT_p00701.tif,/data/heguozhen/Fire/activefire/masks/voting/LC08_L1TP_119028_20200823_20200823_01_RT_voting_p00701.tif
/data/heguozhen/Fire/activefire/images/patches/LC08_L1TP_137019_20200821_20200821_01_RT_p00403.tif,/data/heguozhen/Fire/activefire/masks/voting/LC08_L1TP_137019_20200821_20200821_01_RT_voting_p00403.tif
/data/heguozhen/Fire/activefire/images/patches/LC08_L1TP_124041_20200826_20200826_01_RT_p00415.tif,/data/heguozhen/Fire/activefire/masks/voting/LC08_L1TP_124041_20200826_20200826_01_RT_voting_p00415.tif
/data/heguozhen/Fire/activefire/images/patches/LC08_L1TP_181062_20200809_20200809_01_RT_p00534.tif,/data/heguozhen/Fire/activefire/masks/voting/LC08_L1TP_181062_20200809_20200809_01_RT_voting_p00534.tif
/data/heguozhen/Fire/activefire/images/patches/LC08_L1TP_173068_20200817_20200817_01_RT_p00305.tif,/data/heguozhen/Fire/activefire/masks/voting/LC08_L1TP_173068_20200817_20200817_01_RT_voting_p00305.tif
/data/heguozhen/Fire/activefire/images/patches/LC08_L1TP_222081_20200808_20200808_01_RT_p00608.tif,/data/heguozhen/Fire/activefire/masks/voting/LC08_L1TP_222081_20200808_20200808_01_RT_voting_p00608.tif
/data/heguozhen/Fire/activefire/images/patches/LC08_L1TP_140019_20200810_20200810_01_RT_p00477.tif,/data/heguozhen/Fire/activefire/masks/voting/LC08_L1TP_140019_20200810_20200810_01_RT_voting_p00477.tif
/data/heguozhen/Fire/activefire/images/patches/LC08_L1TP_181069_20200809_20200809_01_RT_p00850.tif,/data/heguozhen/Fire/activefire/masks/voting/LC08_L1TP_181069_20200809_20200809_01_RT_voting_p00850.tif
/data/heguozhen/Fire/activefire/images/patches/LC08_L1TP_026024_20200811_20200812_01_RT_p00628.tif,/data/heguozhen/Fire/activefire/masks/voting/LC08_L1TP_026024_20200811_20200812_01_RT_voting_p00628.tif
/data/heguozhen/Fire/activefire/images/patches/LC08_L1TP_220062_20200810_20200810_01_RT_p00390.tif,/data/heguozhen/Fire/activefire/masks/voting/LC08_L1TP_220062_20200810_20200810_01_RT_voting_p00390.tif
/data/heguozhen/Fire/activefire/images/patches/LC08_L1TP_182063_20200816_20200816_01_RT_p00849.tif,/data/heguozhen/Fire/activefire/masks/voting/LC08_L1TP_182063_20200816_20200816_01_RT_voting_p00849.tif
/data/heguozhen/Fire/activefire/images/patches/LC08_L1TP_124051_20200826_20200826_01_RT_p00812.tif,/data/heguozhen/Fire/activefire/masks/voting/LC08_L1TP_124051_20200826_20200826_01_RT_voting_p00812.tif
/data/heguozhen/Fire/activefire/images/patches/LC08_L1TP_182063_20200816_20200816_01_RT_p00586.tif,/data/heguozhen/Fire/activefire/masks/voting/LC08_L1TP_182063_20200816_20200816_01_RT_voting_p00586.tif
/data/heguozhen/Fire/activefire/images/patches/LC08_L1TP_121030_20200821_20200821_01_RT_p00536.tif,/data/heguozhen/Fire/activefire/masks/voting/LC08_L1TP_121030_20200821_20200821_01_RT_voting_p00536.tif
/data/heguozhen/Fire/activefire/images/patches/LC08_L1TP_175070_20200815_20200815_01_RT_p00703.tif,/data/heguozhen/Fire/activefire/masks/voting/LC08_L1TP_175070_20200815_20200815_01_RT_voting_p00703.tif
/data/heguozhen/Fire/activefire/images/patches/LC08_L1TP_175071_20200815_20200815_01_RT_p00550.tif,/data/heguozhen/Fire/activefire/masks/voting/LC08_L1TP_175071_20200815_20200815_01_RT_voting_p00550.tif
/data/heguozhen/Fire/activefire/images/patches/LC08_L1TP_146022_20200820_20200820_01_RT_p00307.tif,/data/heguozhen/Fire/activefire/masks/voting/LC08_L1TP_146022_20200820_20200820_01_RT_voting_p00307.tif
/data/heguozhen/Fire/activefire/images/patches/LC08_L1TP_229072_20200809_20200809_01_RT_p00192.tif,/data/heguozhen/Fire/activefire/masks/voting/LC08_L1TP_229072_20200809_20200809_01_RT_voting_p00192.tif
/data/heguozhen/Fire/activefire/images/patches/LC08_L1TP_170070_20200812_20200812_01_RT_p00428.tif,/data/heguozhen/Fire/activefire/masks/voting/LC08_L1TP_170070_20200812_20200812_01_RT_voting_p00428.tif
/data/heguozhen/Fire/activefire/images/patches/LC08_L1TP_119032_20200807_20200807_01_RT_p00468.tif,/data/heguozhen/Fire/activefire/masks/voting/LC08_L1TP_119032_20200807_20200807_01_RT_voting_p00468.tif
/data/heguozhen/Fire/activefire/images/patches/LC08_L1TP_169069_20200821_20200821_01_RT_p00055.tif,/data/heguozhen/Fire/activefire/masks/voting/LC08_L1TP_169069_20200821_20200821_01_RT_voting_p00055.tif
/data/heguozhen/Fire/activefire/images/patches/LC08_L1TP_123051_20200819_20200819_01_RT_p00195.tif,/data/heguozhen/Fire/activefire/masks/voting/LC08_L1TP_123051_20200819_20200819_01_RT_voting_p00195.tif
/data/heguozhen/Fire/activefire/images/patches/LC08_L1TP_121030_20200821_20200821_01_RT_p00823.tif,/data/heguozhen/Fire/activefire/masks/voting/LC08_L1TP_121030_20200821_20200821_01_RT_voting_p00823.tif
/data/heguozhen/Fire/activefire/images/patches/LC08_L1TP_179064_20200811_20200811_01_RT_p00189.tif,/data/heguozhen/Fire/activefire/masks/voting/LC08_L1TP_179064_20200811_20200811_01_RT_voting_p00189.tif
/data/heguozhen/Fire/activefire/images/patches/LC08_L1TP_170069_20200812_20200812_01_RT_p00658.tif,/data/heguozhen/Fire/activefire/masks/voting/LC08_L1TP_170069_20200812_20200812_01_RT_voting_p00658.tif
/data/heguozhen/Fire/activefire/images/patches/LC08_L1TP_158077_20200808_20200808_01_RT_p00414.tif,/data/heguozhen/Fire/activefire/masks/voting/LC08_L1TP_158077_20200808_20200808_01_RT_voting_p00414.tif
/data/heguozhen/Fire/activefire/images/patches/LC08_L1TP_173066_20200817_20200817_01_RT_p00414.tif,/data/heguozhen/Fire/activefire/masks/voting/LC08_L1TP_173066_20200817_20200817_01_RT_voting_p00414.tif
/data/heguozhen/Fire/activefire/images/patches/LC08_L1TP_172060_20200810_20200810_01_RT_p00115.tif,/data/heguozhen/Fire/activefire/masks/voting/LC08_L1TP_172060_20200810_20200810_01_RT_voting_p00115.tif
/data/heguozhen/Fire/activefire/images/patches/LC08_L1TP_118028_20200816_20200816_01_RT_p00388.tif,/data/heguozhen/Fire/activefire/masks/voting/LC08_L1TP_118028_20200816_20200816_01_RT_voting_p00388.tif
/data/heguozhen/Fire/activefire/images/patches/LC08_L1TP_115027_20200811_20200811_01_RT_p00176.tif,/data/heguozhen/Fire/activefire/masks/voting/LC08_L1TP_115027_20200811_20200811_01_RT_voting_p00176.tif
/data/heguozhen/Fire/activefire/images/patches/LC08_L1TP_172069_20200810_20200810_01_RT_p00416.tif,/data/heguozhen/Fire/activefire/masks/voting/LC08_L1TP_172069_20200810_20200810_01_RT_voting_p00416.tif
/data/heguozhen/Fire/activefire/images/patches/LC08_L1TP_008066_20200829_20200829_01_RT_p00701.tif,/data/heguozhen/Fire/activefire/masks/voting/LC08_L1TP_008066_20200829_20200829_01_RT_voting_p00701.tif
/data/heguozhen/Fire/activefire/images/patches/LC08_L1TP_017037_20200828_20200828_01_RT_p00485.tif,/data/heguozhen/Fire/activefire/masks/voting/LC08_L1TP_017037_20200828_20200828_01_RT_voting_p00485.tif
/data/heguozhen/Fire/activefire/images/patches/LC08_L1TP_175070_20200815_20200815_01_RT_p00355.tif,/data/heguozhen/Fire/activefire/masks/voting/LC08_L1TP_175070_20200815_20200815_01_RT_voting_p00355.tif
/data/heguozhen/Fire/activefire/images/patches/LC08_L1TP_173071_20200817_20200817_01_RT_p00695.tif,/data/heguozhen/Fire/activefire/masks/voting/LC08_L1TP_173071_20200817_20200817_01_RT_voting_p00695.tif
/data/heguozhen/Fire/activefire/images/patches/LC08_L1TP_144029_20200822_20200822_01_RT_p00755.tif,/data/heguozhen/Fire/activefire/masks/voting/LC08_L1TP_144029_20200822_20200822_01_RT_voting_p00755.tif
/data/heguozhen/Fire/activefire/images/patches/LC08_L1TP_174066_20200808_20200808_01_RT_p00141.tif,/data/heguozhen/Fire/activefire/masks/voting/LC08_L1TP_174066_20200808_20200808_01_RT_voting_p00141.tif
/data/heguozhen/Fire/activefire/images/patches/LC08_L1TP_174027_20200808_20200808_01_RT_p00546.tif,/data/heguozhen/Fire/activefire/masks/voting/LC08_L1TP_174027_20200808_20200808_01_RT_voting_p00546.tif
/data/heguozhen/Fire/activefire/images/patches/LC08_L1TP_135020_20200823_20200823_01_RT_p00761.tif,/data/heguozhen/Fire/activefire/masks/voting/LC08_L1TP_135020_20200823_20200823_01_RT_voting_p00761.tif
/data/heguozhen/Fire/activefire/images/patches/LC08_L1TP_179068_20200811_20200811_01_RT_p00297.tif,/data/heguozhen/Fire/activefire/masks/voting/LC08_L1TP_179068_20200811_20200811_01_RT_voting_p00297.tif
/data/heguozhen/Fire/activefire/images/patches/LC08_L1TP_010061_20200827_20200827_01_RT_p00582.tif,/data/heguozhen/Fire/activefire/masks/voting/LC08_L1TP_010061_20200827_20200827_01_RT_voting_p00582.tif
/data/heguozhen/Fire/activefire/images/patches/LC08_L1TP_138018_20200828_20200828_01_RT_p00932.tif,/data/heguozhen/Fire/activefire/masks/voting/LC08_L1TP_138018_20200828_20200828_01_RT_voting_p00932.tif
/data/heguozhen/Fire/activefire/images/patches/LC08_L1TP_169066_20200821_20200821_01_RT_p00249.tif,/data/heguozhen/Fire/activefire/masks/voting/LC08_L1TP_169066_20200821_20200821_01_RT_voting_p00249.tif
/data/heguozhen/Fire/activefire/images/patches/LC08_L1TP_121027_20200821_20200821_01_RT_p00283.tif,/data/heguozhen/Fire/activefire/masks/voting/LC08_L1TP_121027_20200821_20200821_01_RT_voting_p00283.tif
/data/heguozhen/Fire/activefire/images/patches/LC08_L1TP_128039_20200822_20200822_01_RT_p00668.tif,/data/heguozhen/Fire/activefire/masks/voting/LC08_L1TP_128039_20200822_20200822_01_RT_voting_p00668.tif
/data/heguozhen/Fire/activefire/images/patches/LC08_L1TP_124049_20200810_20200810_01_RT_p00367.tif,/data/heguozhen/Fire/activefire/masks/voting/LC08_L1TP_124049_20200810_20200810_01_RT_voting_p00367.tif
/data/heguozhen/Fire/activefire/images/patches/LC08_L1GT_182060_20200816_20200816_01_RT_p00148.tif,/data/heguozhen/Fire/activefire/masks/voting/LC08_L1GT_182060_20200816_20200816_01_RT_voting_p00148.tif
/data/heguozhen/Fire/activefire/images/patches/LC08_L1TP_170071_20200812_20200812_01_RT_p00750.tif,/data/heguozhen/Fire/activefire/masks/voting/LC08_L1TP_170071_20200812_20200812_01_RT_voting_p00750.tif
/data/heguozhen/Fire/activefire/images/patches/LC08_L1TP_154032_20200828_20200828_01_RT_p00729.tif,/data/heguozhen/Fire/activefire/masks/voting/LC08_L1TP_154032_20200828_20200828_01_RT_voting_p00729.tif
/data/heguozhen/Fire/activefire/images/patches/LC08_L1TP_181062_20200809_20200809_01_RT_p00791.tif,/data/heguozhen/Fire/activefire/masks/voting/LC08_L1TP_181062_20200809_20200809_01_RT_voting_p00791.tif
/data/heguozhen/Fire/activefire/images/patches/LC08_L1TP_121015_20200821_20200821_01_RT_p00424.tif,/data/heguozhen/Fire/activefire/masks/voting/LC08_L1TP_121015_20200821_20200821_01_RT_voting_p00424.tif
/data/heguozhen/Fire/activefire/images/patches/LC08_L1TP_227078_20200811_20200811_01_RT_p00792.tif,/data/heguozhen/Fire/activefire/masks/voting/LC08_L1TP_227078_20200811_20200811_01_RT_voting_p00792.tif
/data/heguozhen/Fire/activefire/images/patches/LC08_L1TP_126032_20200824_20200824_01_RT_p00693.tif,/data/heguozhen/Fire/activefire/masks/voting/LC08_L1TP_126032_20200824_20200824_01_RT_voting_p00693.tif
/data/heguozhen/Fire/activefire/images/patches/LC08_L1TP_122043_20200828_20200828_01_RT_p00453.tif,/data/heguozhen/Fire/activefire/masks/voting/LC08_L1TP_122043_20200828_20200828_01_RT_voting_p00453.tif
/data/heguozhen/Fire/activefire/images/patches/LC08_L1TP_181069_20200809_20200809_01_RT_p00477.tif,/data/heguozhen/Fire/activefire/masks/voting/LC08_L1TP_181069_20200809_20200809_01_RT_voting_p00477.tif
/data/heguozhen/Fire/activefire/images/patches/LC08_L1TP_119016_20200823_20200823_01_RT_p00472.tif,/data/heguozhen/Fire/activefire/masks/voting/LC08_L1TP_119016_20200823_20200823_01_RT_voting_p00472.tif
/data/heguozhen/Fire/activefire/images/patches/LC08_L1TP_224063_20200806_20200807_01_RT_p00050.tif,/data/heguozhen/Fire/activefire/masks/voting/LC08_L1TP_224063_20200806_20200807_01_RT_voting_p00050.tif
/data/heguozhen/Fire/activefire/images/patches/LC08_L1TP_175071_20200815_20200815_01_RT_p00595.tif,/data/heguozhen/Fire/activefire/masks/voting/LC08_L1TP_175071_20200815_20200815_01_RT_voting_p00595.tif
/data/heguozhen/Fire/activefire/images/patches/LC08_L1TP_173066_20200817_20200817_01_RT_p00105.tif,/data/heguozhen/Fire/activefire/masks/voting/LC08_L1TP_173066_20200817_20200817_01_RT_voting_p00105.tif
/data/heguozhen/Fire/activefire/images/patches/LC08_L1TP_179066_20200811_20200811_01_RT_p00740.tif,/data/heguozhen/Fire/activefire/masks/voting/LC08_L1TP_179066_20200811_20200811_01_RT_voting_p00740.tif
/data/heguozhen/Fire/activefire/images/patches/LC08_L1TP_172060_20200810_20200810_01_RT_p00735.tif,/data/heguozhen/Fire/activefire/masks/voting/LC08_L1TP_172060_20200810_20200810_01_RT_voting_p00735.tif
/data/heguozhen/Fire/activefire/images/patches/LC08_L1TP_172063_20200810_20200810_01_RT_p00444.tif,/data/heguozhen/Fire/activefire/masks/voting/LC08_L1TP_172063_20200810_20200810_01_RT_voting_p00444.tif
/data/heguozhen/Fire/activefire/images/patches/LC08_L1TP_173071_20200817_20200817_01_RT_p00611.tif,/data/heguozhen/Fire/activefire/masks/voting/LC08_L1TP_173071_20200817_20200817_01_RT_voting_p00611.tif
/data/heguozhen/Fire/activefire/images/patches/LC08_L1TP_119031_20200807_20200807_01_RT_p00598.tif,/data/heguozhen/Fire/activefire/masks/voting/LC08_L1TP_119031_20200807_20200807_01_RT_voting_p00598.tif
/data/heguozhen/Fire/activefire/images/patches/LC08_L1TP_181063_20200809_20200809_01_RT_p00796.tif,/data/heguozhen/Fire/activefire/masks/voting/LC08_L1TP_181063_20200809_20200809_01_RT_voting_p00796.tif
/data/heguozhen/Fire/activefire/images/patches/LC08_L1TP_140055_20200810_20200810_01_RT_p00132.tif,/data/heguozhen/Fire/activefire/masks/voting/LC08_L1TP_140055_20200810_20200810_01_RT_voting_p00132.tif
/data/heguozhen/Fire/activefire/images/patches/LC08_L1TP_117017_20200809_20200809_01_RT_p00336.tif,/data/heguozhen/Fire/activefire/masks/voting/LC08_L1TP_117017_20200809_20200809_01_RT_voting_p00336.tif
/data/heguozhen/Fire/activefire/images/patches/LC08_L1TP_176028_20200806_20200807_01_RT_p00260.tif,/data/heguozhen/Fire/activefire/masks/voting/LC08_L1TP_176028_20200806_20200807_01_RT_voting_p00260.tif
/data/heguozhen/Fire/activefire/images/patches/LC08_L1TP_174024_20200808_20200808_01_RT_p00149.tif,/data/heguozhen/Fire/activefire/masks/voting/LC08_L1TP_174024_20200808_20200808_01_RT_voting_p00149.tif
/data/heguozhen/Fire/activefire/images/patches/LC08_L1TP_125052_20200817_20200817_01_RT_p00611.tif,/data/heguozhen/Fire/activefire/masks/voting/LC08_L1TP_125052_20200817_20200817_01_RT_voting_p00611.tif
/data/heguozhen/Fire/activefire/images/patches/LC08_L1TP_154013_20200812_20200812_01_RT_p00469.tif,/data/heguozhen/Fire/activefire/masks/voting/LC08_L1TP_154013_20200812_20200812_01_RT_voting_p00469.tif
/data/heguozhen/Fire/activefire/images/patches/LC08_L1TP_173066_20200817_20200817_01_RT_p00115.tif,/data/heguozhen/Fire/activefire/masks/voting/LC08_L1TP_173066_20200817_20200817_01_RT_voting_p00115.tif
/data/heguozhen/Fire/activefire/images/patches/LC08_L1TP_166066_20200816_20200816_01_RT_p00551.tif,/data/heguozhen/Fire/activefire/masks/voting/LC08_L1TP_166066_20200816_20200816_01_RT_voting_p00551.tif
/data/heguozhen/Fire/activefire/images/patches/LC08_L1TP_158076_20200808_20200808_01_RT_p00290.tif,/data/heguozhen/Fire/activefire/masks/voting/LC08_L1TP_158076_20200808_20200808_01_RT_voting_p00290.tif
/data/heguozhen/Fire/activefire/images/patches/LC08_L1TP_002053_20200819_20200820_01_RT_p00793.tif,/data/heguozhen/Fire/activefire/masks/voting/LC08_L1TP_002053_20200819_20200820_01_RT_voting_p00793.tif
/data/heguozhen/Fire/activefire/images/patches/LC08_L1TP_118029_20200816_20200816_01_RT_p00397.tif,/data/heguozhen/Fire/activefire/masks/voting/LC08_L1TP_118029_20200816_20200816_01_RT_voting_p00397.tif
/data/heguozhen/Fire/activefire/images/patches/LC08_L1TP_119015_20200823_20200823_01_RT_p00690.tif,/data/heguozhen/Fire/activefire/masks/voting/LC08_L1TP_119015_20200823_20200823_01_RT_voting_p00690.tif
/data/heguozhen/Fire/activefire/images/patches/LC08_L1TP_181063_20200809_20200809_01_RT_p00549.tif,/data/heguozhen/Fire/activefire/masks/voting/LC08_L1TP_181063_20200809_20200809_01_RT_voting_p00549.tif
/data/heguozhen/Fire/activefire/images/patches/LC08_L1TP_165067_20200809_20200809_01_RT_p00712.tif,/data/heguozhen/Fire/activefire/masks/voting/LC08_L1TP_165067_20200809_20200809_01_RT_voting_p00712.tif
/data/heguozhen/Fire/activefire/images/patches/LC08_L1TP_121029_20200821_20200821_01_RT_p00761.tif,/data/heguozhen/Fire/activefire/masks/voting/LC08_L1TP_121029_20200821_20200821_01_RT_voting_p00761.tif
/data/heguozhen/Fire/activefire/images/patches/LC08_L1TP_158018_20200808_20200808_01_RT_p00327.tif,/data/heguozhen/Fire/activefire/masks/voting/LC08_L1TP_158018_20200808_20200808_01_RT_voting_p00327.tif
/data/heguozhen/Fire/activefire/images/patches/LC08_L1TP_158072_20200808_20200808_01_RT_p00113.tif,/data/heguozhen/Fire/activefire/masks/voting/LC08_L1TP_158072_20200808_20200808_01_RT_voting_p00113.tif
/data/heguozhen/Fire/activefire/images/patches/LC08_L1TP_136019_20200830_20200830_01_RT_p00466.tif,/data/heguozhen/Fire/activefire/masks/voting/LC08_L1TP_136019_20200830_20200830_01_RT_voting_p00466.tif
/data/heguozhen/Fire/activefire/images/patches/LC08_L1TP_165069_20200809_20200809_01_RT_p00740.tif,/data/heguozhen/Fire/activefire/masks/voting/LC08_L1TP_165069_20200809_20200809_01_RT_voting_p00740.tif
/data/heguozhen/Fire/activefire/images/patches/LC08_L1TP_120043_20200814_20200814_01_RT_p00733.tif,/data/heguozhen/Fire/activefire/masks/voting/LC08_L1TP_120043_20200814_20200814_01_RT_voting_p00733.tif
/data/heguozhen/Fire/activefire/images/patches/LC08_L1TP_115028_20200811_20200811_01_RT_p00735.tif,/data/heguozhen/Fire/activefire/masks/voting/LC08_L1TP_115028_20200811_20200811_01_RT_voting_p00735.tif
/data/heguozhen/Fire/activefire/images/patches/LC08_L1TP_181062_20200809_20200809_01_RT_p00360.tif,/data/heguozhen/Fire/activefire/masks/voting/LC08_L1TP_181062_20200809_20200809_01_RT_voting_p00360.tif
/data/heguozhen/Fire/activefire/images/patches/LC08_L1TP_181066_20200809_20200809_01_RT_p00770.tif,/data/heguozhen/Fire/activefire/masks/voting/LC08_L1TP_181066_20200809_20200809_01_RT_voting_p00770.tif
/data/heguozhen/Fire/activefire/images/patches/LC08_L1TP_134019_20200816_20200816_01_RT_p00217.tif,/data/heguozhen/Fire/activefire/masks/voting/LC08_L1TP_134019_20200816_20200816_01_RT_voting_p00217.tif
/data/heguozhen/Fire/activefire/images/patches/LC08_L1TP_175068_20200815_20200815_01_RT_p00624.tif,/data/heguozhen/Fire/activefire/masks/voting/LC08_L1TP_175068_20200815_20200815_01_RT_voting_p00624.tif
/data/heguozhen/Fire/activefire/images/patches/LC08_L1TP_125043_20200817_20200817_01_RT_p00514.tif,/data/heguozhen/Fire/activefire/masks/voting/LC08_L1TP_125043_20200817_20200817_01_RT_voting_p00514.tif
/data/heguozhen/Fire/activefire/images/patches/LC08_L1TP_141055_20200817_20200817_01_RT_p00628.tif,/data/heguozhen/Fire/activefire/masks/voting/LC08_L1TP_141055_20200817_20200817_01_RT_voting_p00628.tif
/data/heguozhen/Fire/activefire/images/patches/LC08_L1TP_122039_20200828_20200828_01_RT_p00707.tif,/data/heguozhen/Fire/activefire/masks/voting/LC08_L1TP_122039_20200828_20200828_01_RT_voting_p00707.tif
/data/heguozhen/Fire/activefire/images/patches/LC08_L1TP_173069_20200817_20200817_01_RT_p00823.tif,/data/heguozhen/Fire/activefire/masks/voting/LC08_L1TP_173069_20200817_20200817_01_RT_voting_p00823.tif
/data/heguozhen/Fire/activefire/images/patches/LC08_L1TP_161072_20200813_20200813_01_RT_p00563.tif,/data/heguozhen/Fire/activefire/masks/voting/LC08_L1TP_161072_20200813_20200813_01_RT_voting_p00563.tif
/data/heguozhen/Fire/activefire/images/patches/LC08_L1TP_169069_20200821_20200821_01_RT_p00287.tif,/data/heguozhen/Fire/activefire/masks/voting/LC08_L1TP_169069_20200821_20200821_01_RT_voting_p00287.tif
/data/heguozhen/Fire/activefire/images/patches/LC08_L1TP_227072_20200811_20200811_01_RT_p00603.tif,/data/heguozhen/Fire/activefire/masks/voting/LC08_L1TP_227072_20200811_20200811_01_RT_voting_p00603.tif
/data/heguozhen/Fire/activefire/images/patches/LC08_L1TP_119065_20200823_20200823_01_RT_p00725.tif,/data/heguozhen/Fire/activefire/masks/voting/LC08_L1TP_119065_20200823_20200823_01_RT_voting_p00725.tif
/data/heguozhen/Fire/activefire/images/patches/LC08_L1TP_181032_20200809_20200809_01_RT_p00479.tif,/data/heguozhen/Fire/activefire/masks/voting/LC08_L1TP_181032_20200809_20200809_01_RT_voting_p00479.tif
/data/heguozhen/Fire/activefire/images/patches/LC08_L1TP_121030_20200821_20200821_01_RT_p00938.tif,/data/heguozhen/Fire/activefire/masks/voting/LC08_L1TP_121030_20200821_20200821_01_RT_voting_p00938.tif
/data/heguozhen/Fire/activefire/images/patches/LC08_L1TP_120065_20200830_20200830_01_RT_p00135.tif,/data/heguozhen/Fire/activefire/masks/voting/LC08_L1TP_120065_20200830_20200830_01_RT_voting_p00135.tif
/data/heguozhen/Fire/activefire/images/patches/LC08_L1TP_139019_20200819_20200819_01_RT_p00559.tif,/data/heguozhen/Fire/activefire/masks/voting/LC08_L1TP_139019_20200819_20200819_01_RT_voting_p00559.tif
/data/heguozhen/Fire/activefire/images/patches/LC08_L1TP_173079_20200817_20200817_01_RT_p00197.tif,/data/heguozhen/Fire/activefire/masks/voting/LC08_L1TP_173079_20200817_20200817_01_RT_voting_p00197.tif
/data/heguozhen/Fire/activefire/images/patches/LC08_L1TP_191038_20200815_20200815_01_RT_p00026.tif,/data/heguozhen/Fire/activefire/masks/voting/LC08_L1TP_191038_20200815_20200815_01_RT_voting_p00026.tif
/data/heguozhen/Fire/activefire/images/patches/LC08_L1TP_119014_20200807_20200807_01_RT_p00266.tif,/data/heguozhen/Fire/activefire/masks/voting/LC08_L1TP_119014_20200807_20200807_01_RT_voting_p00266.tif
/data/heguozhen/Fire/activefire/images/patches/LC08_L1TP_120016_20200814_20200814_01_RT_p00382.tif,/data/heguozhen/Fire/activefire/masks/voting/LC08_L1TP_120016_20200814_20200814_01_RT_voting_p00382.tif
/data/heguozhen/Fire/activefire/images/patches/LC08_L1TP_166072_20200816_20200816_01_RT_p00166.tif,/data/heguozhen/Fire/activefire/masks/voting/LC08_L1TP_166072_20200816_20200816_01_RT_voting_p00166.tif
/data/heguozhen/Fire/activefire/images/patches/LC08_L1TP_166067_20200816_20200816_01_RT_p00546.tif,/data/heguozhen/Fire/activefire/masks/voting/LC08_L1TP_166067_20200816_20200816_01_RT_voting_p00546.tif
/data/heguozhen/Fire/activefire/images/patches/LC08_L1TP_119027_20200823_20200823_01_RT_p00741.tif,/data/heguozhen/Fire/activefire/masks/voting/LC08_L1TP_119027_20200823_20200823_01_RT_voting_p00741.tif
/data/heguozhen/Fire/activefire/images/patches/LC08_L1TP_143029_20200815_20200815_01_RT_p00735.tif,/data/heguozhen/Fire/activefire/masks/voting/LC08_L1TP_143029_20200815_20200815_01_RT_voting_p00735.tif
/data/heguozhen/Fire/activefire/images/patches/LC08_L1TP_175066_20200815_20200815_01_RT_p00760.tif,/data/heguozhen/Fire/activefire/masks/voting/LC08_L1TP_175066_20200815_20200815_01_RT_voting_p00760.tif
/data/heguozhen/Fire/activefire/images/patches/LC08_L1TP_169078_20200821_20200821_01_RT_p00107.tif,/data/heguozhen/Fire/activefire/masks/voting/LC08_L1TP_169078_20200821_20200821_01_RT_voting_p00107.tif
/data/heguozhen/Fire/activefire/images/patches/LC08_L1TP_121065_20200821_20200821_01_RT_p00633.tif,/data/heguozhen/Fire/activefire/masks/voting/LC08_L1TP_121065_20200821_20200821_01_RT_voting_p00633.tif
/data/heguozhen/Fire/activefire/images/patches/LC08_L1TP_165070_20200809_20200809_01_RT_p00725.tif,/data/heguozhen/Fire/activefire/masks/voting/LC08_L1TP_165070_20200809_20200809_01_RT_voting_p00725.tif
/data/heguozhen/Fire/activefire/images/patches/LC08_L1TP_169036_20200821_20200821_01_RT_p00742.tif,/data/heguozhen/Fire/activefire/masks/voting/LC08_L1TP_169036_20200821_20200821_01_RT_voting_p00742.tif
/data/heguozhen/Fire/activefire/images/patches/LC08_L1TP_119029_20200807_20200807_01_RT_p00639.tif,/data/heguozhen/Fire/activefire/masks/voting/LC08_L1TP_119029_20200807_20200807_01_RT_voting_p00639.tif
/data/heguozhen/Fire/activefire/images/patches/LC08_L1TP_169078_20200821_20200821_01_RT_p00195.tif,/data/heguozhen/Fire/activefire/masks/voting/LC08_L1TP_169078_20200821_20200821_01_RT_voting_p00195.tif
/data/heguozhen/Fire/activefire/images/patches/LC08_L1TP_173024_20200817_20200817_01_RT_p00296.tif,/data/heguozhen/Fire/activefire/masks/voting/LC08_L1TP_173024_20200817_20200817_01_RT_voting_p00296.tif
/data/heguozhen/Fire/activefire/images/patches/LC08_L1TP_175071_20200815_20200815_01_RT_p00457.tif,/data/heguozhen/Fire/activefire/masks/voting/LC08_L1TP_175071_20200815_20200815_01_RT_voting_p00457.tif
/data/heguozhen/Fire/activefire/images/patches/LC08_L1TP_122012_20200828_20200828_01_RT_p00231.tif,/data/heguozhen/Fire/activefire/masks/voting/LC08_L1TP_122012_20200828_20200828_01_RT_voting_p00231.tif
/data/heguozhen/Fire/activefire/images/patches/LC08_L1TP_170061_20200812_20200812_01_RT_p00703.tif,/data/heguozhen/Fire/activefire/masks/voting/LC08_L1TP_170061_20200812_20200812_01_RT_voting_p00703.tif
/data/heguozhen/Fire/activefire/images/patches/LC08_L1TP_143030_20200815_20200815_01_RT_p00751.tif,/data/heguozhen/Fire/activefire/masks/voting/LC08_L1TP_143030_20200815_20200815_01_RT_voting_p00751.tif
/data/heguozhen/Fire/activefire/images/patches/LC08_L1TP_227065_20200811_20200811_01_RT_p00485.tif,/data/heguozhen/Fire/activefire/masks/voting/LC08_L1TP_227065_20200811_20200811_01_RT_voting_p00485.tif
/data/heguozhen/Fire/activefire/images/patches/LC08_L1TP_173071_20200817_20200817_01_RT_p00674.tif,/data/heguozhen/Fire/activefire/masks/voting/LC08_L1TP_173071_20200817_20200817_01_RT_voting_p00674.tif
/data/heguozhen/Fire/activefire/images/patches/LC08_L1TP_166070_20200816_20200816_01_RT_p00078.tif,/data/heguozhen/Fire/activefire/masks/voting/LC08_L1TP_166070_20200816_20200816_01_RT_voting_p00078.tif
/data/heguozhen/Fire/activefire/images/patches/LC08_L1TP_129034_20200813_20200813_01_RT_p00383.tif,/data/heguozhen/Fire/activefire/masks/voting/LC08_L1TP_129034_20200813_20200813_01_RT_voting_p00383.tif
/data/heguozhen/Fire/activefire/images/patches/LC08_L1TP_189034_20200817_20200817_01_RT_p00443.tif,/data/heguozhen/Fire/activefire/masks/voting/LC08_L1TP_189034_20200817_20200817_01_RT_voting_p00443.tif
/data/heguozhen/Fire/activefire/images/patches/LC08_L1TP_160071_20200822_20200822_01_RT_p00176.tif,/data/heguozhen/Fire/activefire/masks/voting/LC08_L1TP_160071_20200822_20200822_01_RT_voting_p00176.tif
/data/heguozhen/Fire/activefire/images/patches/LC08_L1TP_165067_20200809_20200809_01_RT_p00294.tif,/data/heguozhen/Fire/activefire/masks/voting/LC08_L1TP_165067_20200809_20200809_01_RT_voting_p00294.tif
/data/heguozhen/Fire/activefire/images/patches/LC08_L1TP_092082_20200826_20200826_01_RT_p00225.tif,/data/heguozhen/Fire/activefire/masks/voting/LC08_L1TP_092082_20200826_20200826_01_RT_voting_p00225.tif
/data/heguozhen/Fire/activefire/images/patches/LC08_L1TP_121027_20200821_20200821_01_RT_p00876.tif,/data/heguozhen/Fire/activefire/masks/voting/LC08_L1TP_121027_20200821_20200821_01_RT_voting_p00876.tif
/data/heguozhen/Fire/activefire/images/patches/LC08_L1TP_175034_20200815_20200815_01_RT_p00734.tif,/data/heguozhen/Fire/activefire/masks/voting/LC08_L1TP_175034_20200815_20200815_01_RT_voting_p00734.tif
/data/heguozhen/Fire/activefire/images/patches/LC08_L1TP_122044_20200828_20200828_01_RT_p00605.tif,/data/heguozhen/Fire/activefire/masks/voting/LC08_L1TP_122044_20200828_20200828_01_RT_voting_p00605.tif
/data/heguozhen/Fire/activefire/images/patches/LC08_L1TP_138030_20200812_20200812_01_RT_p00628.tif,/data/heguozhen/Fire/activefire/masks/voting/LC08_L1TP_138030_20200812_20200812_01_RT_voting_p00628.tif
/data/heguozhen/Fire/activefire/images/patches/LC08_L1TP_169068_20200821_20200821_01_RT_p00380.tif,/data/heguozhen/Fire/activefire/masks/voting/LC08_L1TP_169068_20200821_20200821_01_RT_voting_p00380.tif
/data/heguozhen/Fire/activefire/images/patches/LC08_L1TP_172067_20200810_20200810_01_RT_p00324.tif,/data/heguozhen/Fire/activefire/masks/voting/LC08_L1TP_172067_20200810_20200810_01_RT_voting_p00324.tif
/data/heguozhen/Fire/activefire/images/patches/LC08_L1TP_121029_20200821_20200821_01_RT_p00377.tif,/data/heguozhen/Fire/activefire/masks/voting/LC08_L1TP_121029_20200821_20200821_01_RT_voting_p00377.tif
/data/heguozhen/Fire/activefire/images/patches/LC08_L1TP_175068_20200815_20200815_01_RT_p00514.tif,/data/heguozhen/Fire/activefire/masks/voting/LC08_L1TP_175068_20200815_20200815_01_RT_voting_p00514.tif
/data/heguozhen/Fire/activefire/images/patches/LC08_L1TP_121028_20200821_20200821_01_RT_p00726.tif,/data/heguozhen/Fire/activefire/masks/voting/LC08_L1TP_121028_20200821_20200821_01_RT_voting_p00726.tif
/data/heguozhen/Fire/activefire/images/patches/LC08_L1TP_182061_20200816_20200816_01_RT_p00751.tif,/data/heguozhen/Fire/activefire/masks/voting/LC08_L1TP_182061_20200816_20200816_01_RT_voting_p00751.tif
/data/heguozhen/Fire/activefire/images/patches/LC08_L1TP_143029_20200815_20200815_01_RT_p00583.tif,/data/heguozhen/Fire/activefire/masks/voting/LC08_L1TP_143029_20200815_20200815_01_RT_voting_p00583.tif
/data/heguozhen/Fire/activefire/images/patches/LC08_L1TP_179069_20200811_20200811_01_RT_p00593.tif,/data/heguozhen/Fire/activefire/masks/voting/LC08_L1TP_179069_20200811_20200811_01_RT_voting_p00593.tif
/data/heguozhen/Fire/activefire/images/patches/LC08_L1TP_124045_20200810_20200810_01_RT_p00510.tif,/data/heguozhen/Fire/activefire/masks/voting/LC08_L1TP_124045_20200810_20200810_01_RT_voting_p00510.tif
/data/heguozhen/Fire/activefire/images/patches/LC08_L1TP_119029_20200807_20200807_01_RT_p00767.tif,/data/heguozhen/Fire/activefire/masks/voting/LC08_L1TP_119029_20200807_20200807_01_RT_voting_p00767.tif
/data/heguozhen/Fire/activefire/images/patches/LC08_L1TP_158076_20200808_20200808_01_RT_p00330.tif,/data/heguozhen/Fire/activefire/masks/voting/LC08_L1TP_158076_20200808_20200808_01_RT_voting_p00330.tif
/data/heguozhen/Fire/activefire/images/patches/LC08_L1TP_098083_20200820_20200820_01_RT_p00366.tif,/data/heguozhen/Fire/activefire/masks/voting/LC08_L1TP_098083_20200820_20200820_01_RT_voting_p00366.tif
/data/heguozhen/Fire/activefire/images/patches/LC08_L1TP_172060_20200810_20200810_01_RT_p00141.tif,/data/heguozhen/Fire/activefire/masks/voting/LC08_L1TP_172060_20200810_20200810_01_RT_voting_p00141.tif
/data/heguozhen/Fire/activefire/images/patches/LC08_L1TP_119026_20200823_20200823_01_RT_p00881.tif,/data/heguozhen/Fire/activefire/masks/voting/LC08_L1TP_119026_20200823_20200823_01_RT_voting_p00881.tif
/data/heguozhen/Fire/activefire/images/patches/LC08_L1TP_188027_20200810_20200810_01_RT_p00560.tif,/data/heguozhen/Fire/activefire/masks/voting/LC08_L1TP_188027_20200810_20200810_01_RT_voting_p00560.tif
/data/heguozhen/Fire/activefire/images/patches/LC08_L1TP_123040_20200819_20200819_01_RT_p00266.tif,/data/heguozhen/Fire/activefire/masks/voting/LC08_L1TP_123040_20200819_20200819_01_RT_voting_p00266.tif
/data/heguozhen/Fire/activefire/images/patches/LC08_L1TP_035041_20200810_20200810_01_RT_p00731.tif,/data/heguozhen/Fire/activefire/masks/voting/LC08_L1TP_035041_20200810_20200810_01_RT_voting_p00731.tif
/data/heguozhen/Fire/activefire/images/patches/LC08_L1TP_156014_20200826_20200826_01_RT_p00330.tif,/data/heguozhen/Fire/activefire/masks/voting/LC08_L1TP_156014_20200826_20200826_01_RT_voting_p00330.tif
/data/heguozhen/Fire/activefire/images/patches/LC08_L1TP_149021_20200809_20200809_01_RT_p00664.tif,/data/heguozhen/Fire/activefire/masks/voting/LC08_L1TP_149021_20200809_20200809_01_RT_voting_p00664.tif
/data/heguozhen/Fire/activefire/images/patches/LC08_L1TP_121030_20200821_20200821_01_RT_p00875.tif,/data/heguozhen/Fire/activefire/masks/voting/LC08_L1TP_121030_20200821_20200821_01_RT_voting_p00875.tif
/data/heguozhen/Fire/activefire/images/patches/LC08_L1TP_182061_20200816_20200816_01_RT_p00251.tif,/data/heguozhen/Fire/activefire/masks/voting/LC08_L1TP_182061_20200816_20200816_01_RT_voting_p00251.tif
/data/heguozhen/Fire/activefire/images/patches/LC08_L1TP_122015_20200828_20200828_01_RT_p00449.tif,/data/heguozhen/Fire/activefire/masks/voting/LC08_L1TP_122015_20200828_20200828_01_RT_voting_p00449.tif
/data/heguozhen/Fire/activefire/images/patches/LC08_L1TP_174069_20200808_20200808_01_RT_p00115.tif,/data/heguozhen/Fire/activefire/masks/voting/LC08_L1TP_174069_20200808_20200808_01_RT_voting_p00115.tif
/data/heguozhen/Fire/activefire/images/patches/LC08_L1TP_119017_20200823_20200823_01_RT_p00934.tif,/data/heguozhen/Fire/activefire/masks/voting/LC08_L1TP_119017_20200823_20200823_01_RT_voting_p00934.tif
/data/heguozhen/Fire/activefire/images/patches/LC08_L1GT_177025_20200813_20200813_01_RT_p00632.tif,/data/heguozhen/Fire/activefire/masks/voting/LC08_L1GT_177025_20200813_20200813_01_RT_voting_p00632.tif
/data/heguozhen/Fire/activefire/images/patches/LC08_L1TP_126043_20200824_20200824_01_RT_p00822.tif,/data/heguozhen/Fire/activefire/masks/voting/LC08_L1TP_126043_20200824_20200824_01_RT_voting_p00822.tif
/data/heguozhen/Fire/activefire/images/patches/LC08_L1TP_124049_20200826_20200826_01_RT_p00209.tif,/data/heguozhen/Fire/activefire/masks/voting/LC08_L1TP_124049_20200826_20200826_01_RT_voting_p00209.tif
/data/heguozhen/Fire/activefire/images/patches/LC08_L1TP_175071_20200815_20200815_01_RT_p00730.tif,/data/heguozhen/Fire/activefire/masks/voting/LC08_L1TP_175071_20200815_20200815_01_RT_voting_p00730.tif
/data/heguozhen/Fire/activefire/images/patches/LC08_L1TP_165067_20200809_20200809_01_RT_p00768.tif,/data/heguozhen/Fire/activefire/masks/voting/LC08_L1TP_165067_20200809_20200809_01_RT_voting_p00768.tif
/data/heguozhen/Fire/activefire/images/patches/LC08_L1TP_224079_20200806_20200807_01_RT_p00222.tif,/data/heguozhen/Fire/activefire/masks/voting/LC08_L1TP_224079_20200806_20200807_01_RT_voting_p00222.tif
/data/heguozhen/Fire/activefire/images/patches/LC08_L1TP_119017_20200823_20200823_01_RT_p01066.tif,/data/heguozhen/Fire/activefire/masks/voting/LC08_L1TP_119017_20200823_20200823_01_RT_voting_p01066.tif
/data/heguozhen/Fire/activefire/images/patches/LC08_L1TP_170070_20200812_20200812_01_RT_p00438.tif,/data/heguozhen/Fire/activefire/masks/voting/LC08_L1TP_170070_20200812_20200812_01_RT_voting_p00438.tif
/data/heguozhen/Fire/activefire/images/patches/LC08_L1TP_168073_20200830_20200830_01_RT_p00702.tif,/data/heguozhen/Fire/activefire/masks/voting/LC08_L1TP_168073_20200830_20200830_01_RT_voting_p00702.tif
/data/heguozhen/Fire/activefire/images/patches/LC08_L1TP_172071_20200810_20200810_01_RT_p00846.tif,/data/heguozhen/Fire/activefire/masks/voting/LC08_L1TP_172071_20200810_20200810_01_RT_voting_p00846.tif
/data/heguozhen/Fire/activefire/images/patches/LC08_L1TP_042022_20200827_20200827_01_RT_p00346.tif,/data/heguozhen/Fire/activefire/masks/voting/LC08_L1TP_042022_20200827_20200827_01_RT_voting_p00346.tif
/data/heguozhen/Fire/activefire/images/patches/LC08_L1TP_172070_20200810_20200810_01_RT_p00360.tif,/data/heguozhen/Fire/activefire/masks/voting/LC08_L1TP_172070_20200810_20200810_01_RT_voting_p00360.tif
/data/heguozhen/Fire/activefire/images/patches/LC08_L1TP_126052_20200824_20200824_01_RT_p00485.tif,/data/heguozhen/Fire/activefire/masks/voting/LC08_L1TP_126052_20200824_20200824_01_RT_voting_p00485.tif
/data/heguozhen/Fire/activefire/images/patches/LC08_L1TP_173069_20200817_20200817_01_RT_p00603.tif,/data/heguozhen/Fire/activefire/masks/voting/LC08_L1TP_173069_20200817_20200817_01_RT_voting_p00603.tif
/data/heguozhen/Fire/activefire/images/patches/LC08_L1TP_172072_20200810_20200810_01_RT_p00160.tif,/data/heguozhen/Fire/activefire/masks/voting/LC08_L1TP_172072_20200810_20200810_01_RT_voting_p00160.tif
/data/heguozhen/Fire/activefire/images/patches/LC08_L1TP_168073_20200830_20200830_01_RT_p00480.tif,/data/heguozhen/Fire/activefire/masks/voting/LC08_L1TP_168073_20200830_20200830_01_RT_voting_p00480.tif
/data/heguozhen/Fire/activefire/images/patches/LC08_L1TP_128039_20200822_20200822_01_RT_p00667.tif,/data/heguozhen/Fire/activefire/masks/voting/LC08_L1TP_128039_20200822_20200822_01_RT_voting_p00667.tif
/data/heguozhen/Fire/activefire/images/patches/LC08_L1TP_173069_20200817_20200817_01_RT_p00575.tif,/data/heguozhen/Fire/activefire/masks/voting/LC08_L1TP_173069_20200817_20200817_01_RT_voting_p00575.tif
/data/heguozhen/Fire/activefire/images/patches/LC08_L1TP_179067_20200811_20200811_01_RT_p00750.tif,/data/heguozhen/Fire/activefire/masks/voting/LC08_L1TP_179067_20200811_20200811_01_RT_voting_p00750.tif
/data/heguozhen/Fire/activefire/images/patches/LC08_L1TP_119032_20200823_20200823_01_RT_p00500.tif,/data/heguozhen/Fire/activefire/masks/voting/LC08_L1TP_119032_20200823_20200823_01_RT_voting_p00500.tif
/data/heguozhen/Fire/activefire/images/patches/LC08_L1TP_008065_20200813_20200813_01_RT_p00599.tif,/data/heguozhen/Fire/activefire/masks/voting/LC08_L1TP_008065_20200813_20200813_01_RT_voting_p00599.tif
/data/heguozhen/Fire/activefire/images/patches/LC08_L1TP_170070_20200812_20200812_01_RT_p00280.tif,/data/heguozhen/Fire/activefire/masks/voting/LC08_L1TP_170070_20200812_20200812_01_RT_voting_p00280.tif
/data/heguozhen/Fire/activefire/images/patches/LC08_L1TP_173068_20200817_20200817_01_RT_p00304.tif,/data/heguozhen/Fire/activefire/masks/voting/LC08_L1TP_173068_20200817_20200817_01_RT_voting_p00304.tif
/data/heguozhen/Fire/activefire/images/patches/LC08_L1TP_121028_20200821_20200821_01_RT_p00455.tif,/data/heguozhen/Fire/activefire/masks/voting/LC08_L1TP_121028_20200821_20200821_01_RT_voting_p00455.tif
/data/heguozhen/Fire/activefire/images/patches/LC08_L1TP_172069_20200810_20200810_01_RT_p00709.tif,/data/heguozhen/Fire/activefire/masks/voting/LC08_L1TP_172069_20200810_20200810_01_RT_voting_p00709.tif
/data/heguozhen/Fire/activefire/images/patches/LC08_L1TP_119031_20200807_20200807_01_RT_p00629.tif,/data/heguozhen/Fire/activefire/masks/voting/LC08_L1TP_119031_20200807_20200807_01_RT_voting_p00629.tif
/data/heguozhen/Fire/activefire/images/patches/LC08_L1TP_122044_20200828_20200828_01_RT_p00297.tif,/data/heguozhen/Fire/activefire/masks/voting/LC08_L1TP_122044_20200828_20200828_01_RT_voting_p00297.tif
/data/heguozhen/Fire/activefire/images/patches/LC08_L1TP_170069_20200812_20200812_01_RT_p00705.tif,/data/heguozhen/Fire/activefire/masks/voting/LC08_L1TP_170069_20200812_20200812_01_RT_voting_p00705.tif
/data/heguozhen/Fire/activefire/images/patches/LC08_L1TP_156032_20200826_20200826_01_RT_p00023.tif,/data/heguozhen/Fire/activefire/masks/voting/LC08_L1TP_156032_20200826_20200826_01_RT_voting_p00023.tif
/data/heguozhen/Fire/activefire/images/patches/LC08_L1TP_104068_20200830_20200830_01_RT_p00298.tif,/data/heguozhen/Fire/activefire/masks/voting/LC08_L1TP_104068_20200830_20200830_01_RT_voting_p00298.tif
/data/heguozhen/Fire/activefire/images/patches/LC08_L1TP_120013_20200830_20200830_01_RT_p00576.tif,/data/heguozhen/Fire/activefire/masks/voting/LC08_L1TP_120013_20200830_20200830_01_RT_voting_p00576.tif
/data/heguozhen/Fire/activefire/images/patches/LC08_L1TP_161071_20200813_20200813_01_RT_p00396.tif,/data/heguozhen/Fire/activefire/masks/voting/LC08_L1TP_161071_20200813_20200813_01_RT_voting_p00396.tif
/data/heguozhen/Fire/activefire/images/patches/LC08_L1TP_227077_20200811_20200811_01_RT_p00323.tif,/data/heguozhen/Fire/activefire/masks/voting/LC08_L1TP_227077_20200811_20200811_01_RT_voting_p00323.tif
/data/heguozhen/Fire/activefire/images/patches/LC08_L1TP_172061_20200810_20200810_01_RT_p00551.tif,/data/heguozhen/Fire/activefire/masks/voting/LC08_L1TP_172061_20200810_20200810_01_RT_voting_p00551.tif
/data/heguozhen/Fire/activefire/images/patches/LC08_L1TP_182064_20200816_20200816_01_RT_p00395.tif,/data/heguozhen/Fire/activefire/masks/voting/LC08_L1TP_182064_20200816_20200816_01_RT_voting_p00395.tif
/data/heguozhen/Fire/activefire/images/patches/LC08_L1TP_174066_20200808_20200808_01_RT_p00085.tif,/data/heguozhen/Fire/activefire/masks/voting/LC08_L1TP_174066_20200808_20200808_01_RT_voting_p00085.tif
/data/heguozhen/Fire/activefire/images/patches/LC08_L1TP_116030_20200818_20200818_01_RT_p00639.tif,/data/heguozhen/Fire/activefire/masks/voting/LC08_L1TP_116030_20200818_20200818_01_RT_voting_p00639.tif
/data/heguozhen/Fire/activefire/images/patches/LC08_L1TP_174066_20200808_20200808_01_RT_p00554.tif,/data/heguozhen/Fire/activefire/masks/voting/LC08_L1TP_174066_20200808_20200808_01_RT_voting_p00554.tif
/data/heguozhen/Fire/activefire/images/patches/LC08_L1TP_120032_20200830_20200830_01_RT_p00843.tif,/data/heguozhen/Fire/activefire/masks/voting/LC08_L1TP_120032_20200830_20200830_01_RT_voting_p00843.tif
/data/heguozhen/Fire/activefire/images/patches/LC08_L1TP_135018_20200823_20200823_01_RT_p00697.tif,/data/heguozhen/Fire/activefire/masks/voting/LC08_L1TP_135018_20200823_20200823_01_RT_voting_p00697.tif
/data/heguozhen/Fire/activefire/images/patches/LC08_L1TP_131035_20200827_20200827_01_RT_p00703.tif,/data/heguozhen/Fire/activefire/masks/voting/LC08_L1TP_131035_20200827_20200827_01_RT_voting_p00703.tif
/data/heguozhen/Fire/activefire/images/patches/LC08_L1TP_166073_20200816_20200816_01_RT_p00413.tif,/data/heguozhen/Fire/activefire/masks/voting/LC08_L1TP_166073_20200816_20200816_01_RT_voting_p00413.tif
/data/heguozhen/Fire/activefire/images/patches/LC08_L1TP_118065_20200816_20200816_01_RT_p00587.tif,/data/heguozhen/Fire/activefire/masks/voting/LC08_L1TP_118065_20200816_20200816_01_RT_voting_p00587.tif
/data/heguozhen/Fire/activefire/images/patches/LC08_L1TP_175067_20200815_20200815_01_RT_p00607.tif,/data/heguozhen/Fire/activefire/masks/voting/LC08_L1TP_175067_20200815_20200815_01_RT_voting_p00607.tif
/data/heguozhen/Fire/activefire/images/patches/LC08_L1TP_129035_20200813_20200813_01_RT_p00761.tif,/data/heguozhen/Fire/activefire/masks/voting/LC08_L1TP_129035_20200813_20200813_01_RT_voting_p00761.tif
/data/heguozhen/Fire/activefire/images/patches/LC08_L1TP_110066_20200824_20200824_01_RT_p00828.tif,/data/heguozhen/Fire/activefire/masks/voting/LC08_L1TP_110066_20200824_20200824_01_RT_voting_p00828.tif
/data/heguozhen/Fire/activefire/images/patches/LC08_L1TP_165069_20200809_20200809_01_RT_p00768.tif,/data/heguozhen/Fire/activefire/masks/voting/LC08_L1TP_165069_20200809_20200809_01_RT_voting_p00768.tif
/data/heguozhen/Fire/activefire/images/patches/LC08_L1TP_182063_20200816_20200816_01_RT_p00078.tif,/data/heguozhen/Fire/activefire/masks/voting/LC08_L1TP_182063_20200816_20200816_01_RT_voting_p00078.tif
/data/heguozhen/Fire/activefire/images/patches/LC08_L1TP_224072_20200806_20200807_01_RT_p00878.tif,/data/heguozhen/Fire/activefire/masks/voting/LC08_L1TP_224072_20200806_20200807_01_RT_voting_p00878.tif
/data/heguozhen/Fire/activefire/images/patches/LC08_L1TP_173023_20200817_20200817_01_RT_p00215.tif,/data/heguozhen/Fire/activefire/masks/voting/LC08_L1TP_173023_20200817_20200817_01_RT_voting_p00215.tif
/data/heguozhen/Fire/activefire/images/patches/LC08_L1TP_131043_20200827_20200827_01_RT_p00531.tif,/data/heguozhen/Fire/activefire/masks/voting/LC08_L1TP_131043_20200827_20200827_01_RT_voting_p00531.tif
/data/heguozhen/Fire/activefire/images/patches/LC08_L1TP_175070_20200815_20200815_01_RT_p00580.tif,/data/heguozhen/Fire/activefire/masks/voting/LC08_L1TP_175070_20200815_20200815_01_RT_voting_p00580.tif
/data/heguozhen/Fire/activefire/images/patches/LC08_L1TP_139019_20200819_20200819_01_RT_p00762.tif,/data/heguozhen/Fire/activefire/masks/voting/LC08_L1TP_139019_20200819_20200819_01_RT_voting_p00762.tif
/data/heguozhen/Fire/activefire/images/patches/LC08_L1TP_165069_20200809_20200809_01_RT_p00345.tif,/data/heguozhen/Fire/activefire/masks/voting/LC08_L1TP_165069_20200809_20200809_01_RT_voting_p00345.tif
/data/heguozhen/Fire/activefire/images/patches/LC08_L1TP_170069_20200812_20200812_01_RT_p00251.tif,/data/heguozhen/Fire/activefire/masks/voting/LC08_L1TP_170069_20200812_20200812_01_RT_voting_p00251.tif
/data/heguozhen/Fire/activefire/images/patches/LC08_L1TP_105068_20200821_20200821_01_RT_p00229.tif,/data/heguozhen/Fire/activefire/masks/voting/LC08_L1TP_105068_20200821_20200821_01_RT_voting_p00229.tif
/data/heguozhen/Fire/activefire/images/patches/LC08_L1TP_120033_20200814_20200814_01_RT_p00719.tif,/data/heguozhen/Fire/activefire/masks/voting/LC08_L1TP_120033_20200814_20200814_01_RT_voting_p00719.tif
/data/heguozhen/Fire/activefire/images/patches/LC08_L1TP_168073_20200830_20200830_01_RT_p00607.tif,/data/heguozhen/Fire/activefire/masks/voting/LC08_L1TP_168073_20200830_20200830_01_RT_voting_p00607.tif
/data/heguozhen/Fire/activefire/images/patches/LC08_L1TP_114036_20200820_20200820_01_RT_p00348.tif,/data/heguozhen/Fire/activefire/masks/voting/LC08_L1TP_114036_20200820_20200820_01_RT_voting_p00348.tif
/data/heguozhen/Fire/activefire/images/patches/LC08_L1TP_190054_20200808_20200808_01_RT_p00414.tif,/data/heguozhen/Fire/activefire/masks/voting/LC08_L1TP_190054_20200808_20200808_01_RT_voting_p00414.tif
/data/heguozhen/Fire/activefire/images/patches/LC08_L1TP_182063_20200816_20200816_01_RT_p00610.tif,/data/heguozhen/Fire/activefire/masks/voting/LC08_L1TP_182063_20200816_20200816_01_RT_voting_p00610.tif
/data/heguozhen/Fire/activefire/images/patches/LC08_L1TP_093075_20200817_20200817_01_RT_p00266.tif,/data/heguozhen/Fire/activefire/masks/voting/LC08_L1TP_093075_20200817_20200817_01_RT_voting_p00266.tif
/data/heguozhen/Fire/activefire/images/patches/LC08_L1TP_140055_20200810_20200810_01_RT_p00231.tif,/data/heguozhen/Fire/activefire/masks/voting/LC08_L1TP_140055_20200810_20200810_01_RT_voting_p00231.tif
/data/heguozhen/Fire/activefire/images/patches/LC08_L1TP_179070_20200811_20200811_01_RT_p00177.tif,/data/heguozhen/Fire/activefire/masks/voting/LC08_L1TP_179070_20200811_20200811_01_RT_voting_p00177.tif
/data/heguozhen/Fire/activefire/images/patches/LC08_L1TP_172064_20200810_20200810_01_RT_p00081.tif,/data/heguozhen/Fire/activefire/masks/voting/LC08_L1TP_172064_20200810_20200810_01_RT_voting_p00081.tif
/data/heguozhen/Fire/activefire/images/patches/LC08_L1TP_114028_20200820_20200820_01_RT_p00279.tif,/data/heguozhen/Fire/activefire/masks/voting/LC08_L1TP_114028_20200820_20200820_01_RT_voting_p00279.tif
/data/heguozhen/Fire/activefire/images/patches/LC08_L1TP_173068_20200817_20200817_01_RT_p00549.tif,/data/heguozhen/Fire/activefire/masks/voting/LC08_L1TP_173068_20200817_20200817_01_RT_voting_p00549.tif
/data/heguozhen/Fire/activefire/images/patches/LC08_L1TP_119017_20200807_20200807_01_RT_p01032.tif,/data/heguozhen/Fire/activefire/masks/voting/LC08_L1TP_119017_20200807_20200807_01_RT_voting_p01032.tif
/data/heguozhen/Fire/activefire/images/patches/LC08_L1TP_120031_20200814_20200814_01_RT_p00406.tif,/data/heguozhen/Fire/activefire/masks/voting/LC08_L1TP_120031_20200814_20200814_01_RT_voting_p00406.tif
/data/heguozhen/Fire/activefire/images/patches/LC08_L1TP_175027_20200815_20200815_01_RT_p00538.tif,/data/heguozhen/Fire/activefire/masks/voting/LC08_L1TP_175027_20200815_20200815_01_RT_voting_p00538.tif
/data/heguozhen/Fire/activefire/images/patches/LC08_L1TP_165069_20200809_20200809_01_RT_p00763.tif,/data/heguozhen/Fire/activefire/masks/voting/LC08_L1TP_165069_20200809_20200809_01_RT_voting_p00763.tif
/data/heguozhen/Fire/activefire/images/patches/LC08_L1TP_174066_20200808_20200808_01_RT_p00368.tif,/data/heguozhen/Fire/activefire/masks/voting/LC08_L1TP_174066_20200808_20200808_01_RT_voting_p00368.tif
/data/heguozhen/Fire/activefire/images/patches/LC08_L1TP_173067_20200817_20200817_01_RT_p00680.tif,/data/heguozhen/Fire/activefire/masks/voting/LC08_L1TP_173067_20200817_20200817_01_RT_voting_p00680.tif
/data/heguozhen/Fire/activefire/images/patches/LC08_L1TP_156026_20200810_20200810_01_RT_p00431.tif,/data/heguozhen/Fire/activefire/masks/voting/LC08_L1TP_156026_20200810_20200810_01_RT_voting_p00431.tif
/data/heguozhen/Fire/activefire/images/patches/LC08_L1TP_173065_20200817_20200817_01_RT_p00845.tif,/data/heguozhen/Fire/activefire/masks/voting/LC08_L1TP_173065_20200817_20200817_01_RT_voting_p00845.tif
/data/heguozhen/Fire/activefire/images/patches/LC08_L1TP_133037_20200809_20200809_01_RT_p00813.tif,/data/heguozhen/Fire/activefire/masks/voting/LC08_L1TP_133037_20200809_20200809_01_RT_voting_p00813.tif
/data/heguozhen/Fire/activefire/images/patches/LC08_L1TP_175071_20200815_20200815_01_RT_p00905.tif,/data/heguozhen/Fire/activefire/masks/voting/LC08_L1TP_175071_20200815_20200815_01_RT_voting_p00905.tif
/data/heguozhen/Fire/activefire/images/patches/LC08_L1TP_172060_20200810_20200810_01_RT_p00628.tif,/data/heguozhen/Fire/activefire/masks/voting/LC08_L1TP_172060_20200810_20200810_01_RT_voting_p00628.tif
/data/heguozhen/Fire/activefire/images/patches/LC08_L1TP_172060_20200810_20200810_01_RT_p00227.tif,/data/heguozhen/Fire/activefire/masks/voting/LC08_L1TP_172060_20200810_20200810_01_RT_voting_p00227.tif
/data/heguozhen/Fire/activefire/images/patches/LC08_L1TP_172069_20200810_20200810_01_RT_p00480.tif,/data/heguozhen/Fire/activefire/masks/voting/LC08_L1TP_172069_20200810_20200810_01_RT_voting_p00480.tif
/data/heguozhen/Fire/activefire/images/patches/LC08_L1TP_189031_20200817_20200817_01_RT_p00617.tif,/data/heguozhen/Fire/activefire/masks/voting/LC08_L1TP_189031_20200817_20200817_01_RT_voting_p00617.tif
/data/heguozhen/Fire/activefire/images/patches/LC08_L1TP_119025_20200823_20200823_01_RT_p00380.tif,/data/heguozhen/Fire/activefire/masks/voting/LC08_L1TP_119025_20200823_20200823_01_RT_voting_p00380.tif
/data/heguozhen/Fire/activefire/images/patches/LC08_L1TP_166070_20200816_20200816_01_RT_p00636.tif,/data/heguozhen/Fire/activefire/masks/voting/LC08_L1TP_166070_20200816_20200816_01_RT_voting_p00636.tif
/data/heguozhen/Fire/activefire/images/patches/LC08_L1TP_227076_20200811_20200811_01_RT_p00792.tif,/data/heguozhen/Fire/activefire/masks/voting/LC08_L1TP_227076_20200811_20200811_01_RT_voting_p00792.tif
/data/heguozhen/Fire/activefire/images/patches/LC08_L1TP_120032_20200830_20200830_01_RT_p00811.tif,/data/heguozhen/Fire/activefire/masks/voting/LC08_L1TP_120032_20200830_20200830_01_RT_voting_p00811.tif
/data/heguozhen/Fire/activefire/images/patches/LC08_L1TP_173071_20200817_20200817_01_RT_p00504.tif,/data/heguozhen/Fire/activefire/masks/voting/LC08_L1TP_173071_20200817_20200817_01_RT_voting_p00504.tif
/data/heguozhen/Fire/activefire/images/patches/LC08_L1TP_170067_20200812_20200812_01_RT_p00693.tif,/data/heguozhen/Fire/activefire/masks/voting/LC08_L1TP_170067_20200812_20200812_01_RT_voting_p00693.tif
/data/heguozhen/Fire/activefire/images/patches/LC08_L1TP_173067_20200817_20200817_01_RT_p00203.tif,/data/heguozhen/Fire/activefire/masks/voting/LC08_L1TP_173067_20200817_20200817_01_RT_voting_p00203.tif
/data/heguozhen/Fire/activefire/images/patches/LC08_L1TP_129033_20200813_20200813_01_RT_p00202.tif,/data/heguozhen/Fire/activefire/masks/voting/LC08_L1TP_129033_20200813_20200813_01_RT_voting_p00202.tif
/data/heguozhen/Fire/activefire/images/patches/LC08_L1TP_166067_20200816_20200816_01_RT_p00272.tif,/data/heguozhen/Fire/activefire/masks/voting/LC08_L1TP_166067_20200816_20200816_01_RT_voting_p00272.tif
/data/heguozhen/Fire/activefire/images/patches/LC08_L1TP_175034_20200815_20200815_01_RT_p00782.tif,/data/heguozhen/Fire/activefire/masks/voting/LC08_L1TP_175034_20200815_20200815_01_RT_voting_p00782.tif
/data/heguozhen/Fire/activefire/images/patches/LC08_L1TP_120024_20200830_20200830_01_RT_p00377.tif,/data/heguozhen/Fire/activefire/masks/voting/LC08_L1TP_120024_20200830_20200830_01_RT_voting_p00377.tif
/data/heguozhen/Fire/activefire/images/patches/LC08_L1TP_166038_20200816_20200816_01_RT_p00177.tif,/data/heguozhen/Fire/activefire/masks/voting/LC08_L1TP_166038_20200816_20200816_01_RT_voting_p00177.tif
/data/heguozhen/Fire/activefire/images/patches/LC08_L1TP_121031_20200821_20200821_01_RT_p00841.tif,/data/heguozhen/Fire/activefire/masks/voting/LC08_L1TP_121031_20200821_20200821_01_RT_voting_p00841.tif
/data/heguozhen/Fire/activefire/images/patches/LC08_L1TP_168073_20200830_20200830_01_RT_p00797.tif,/data/heguozhen/Fire/activefire/masks/voting/LC08_L1TP_168073_20200830_20200830_01_RT_voting_p00797.tif
/data/heguozhen/Fire/activefire/images/patches/LC08_L1TP_175068_20200815_20200815_01_RT_p00313.tif,/data/heguozhen/Fire/activefire/masks/voting/LC08_L1TP_175068_20200815_20200815_01_RT_voting_p00313.tif
/data/heguozhen/Fire/activefire/images/patches/LC08_L1TP_124030_20200826_20200826_01_RT_p00793.tif,/data/heguozhen/Fire/activefire/masks/voting/LC08_L1TP_124030_20200826_20200826_01_RT_voting_p00793.tif
/data/heguozhen/Fire/activefire/images/patches/LC08_L1TP_124050_20200826_20200826_01_RT_p00471.tif,/data/heguozhen/Fire/activefire/masks/voting/LC08_L1TP_124050_20200826_20200826_01_RT_voting_p00471.tif
/data/heguozhen/Fire/activefire/images/patches/LC08_L1TP_156018_20200826_20200826_01_RT_p00280.tif,/data/heguozhen/Fire/activefire/masks/voting/LC08_L1TP_156018_20200826_20200826_01_RT_voting_p00280.tif
/data/heguozhen/Fire/activefire/images/patches/LC08_L1TP_186030_20200812_20200812_01_RT_p00739.tif,/data/heguozhen/Fire/activefire/masks/voting/LC08_L1TP_186030_20200812_20200812_01_RT_voting_p00739.tif
/data/heguozhen/Fire/activefire/images/patches/LC08_L1TP_124031_20200810_20200810_01_RT_p00520.tif,/data/heguozhen/Fire/activefire/masks/voting/LC08_L1TP_124031_20200810_20200810_01_RT_voting_p00520.tif
/data/heguozhen/Fire/activefire/images/patches/LC08_L1TP_121030_20200821_20200821_01_RT_p00970.tif,/data/heguozhen/Fire/activefire/masks/voting/LC08_L1TP_121030_20200821_20200821_01_RT_voting_p00970.tif
/data/heguozhen/Fire/activefire/images/patches/LC08_L1TP_136018_20200830_20200830_01_RT_p00761.tif,/data/heguozhen/Fire/activefire/masks/voting/LC08_L1TP_136018_20200830_20200830_01_RT_voting_p00761.tif
/data/heguozhen/Fire/activefire/images/patches/LC08_L1TP_172070_20200810_20200810_01_RT_p00394.tif,/data/heguozhen/Fire/activefire/masks/voting/LC08_L1TP_172070_20200810_20200810_01_RT_voting_p00394.tif
/data/heguozhen/Fire/activefire/images/patches/LC08_L1TP_165069_20200809_20200809_01_RT_p00261.tif,/data/heguozhen/Fire/activefire/masks/voting/LC08_L1TP_165069_20200809_20200809_01_RT_voting_p00261.tif
/data/heguozhen/Fire/activefire/images/patches/LC08_L1TP_179067_20200811_20200811_01_RT_p00355.tif,/data/heguozhen/Fire/activefire/masks/voting/LC08_L1TP_179067_20200811_20200811_01_RT_voting_p00355.tif
/data/heguozhen/Fire/activefire/images/patches/LC08_L1TP_166067_20200816_20200816_01_RT_p00636.tif,/data/heguozhen/Fire/activefire/masks/voting/LC08_L1TP_166067_20200816_20200816_01_RT_voting_p00636.tif
/data/heguozhen/Fire/activefire/images/patches/LC08_L1TP_121029_20200821_20200821_01_RT_p00763.tif,/data/heguozhen/Fire/activefire/masks/voting/LC08_L1TP_121029_20200821_20200821_01_RT_voting_p00763.tif
/data/heguozhen/Fire/activefire/images/patches/LC08_L1TP_165068_20200809_20200809_01_RT_p00501.tif,/data/heguozhen/Fire/activefire/masks/voting/LC08_L1TP_165068_20200809_20200809_01_RT_voting_p00501.tif
/data/heguozhen/Fire/activefire/images/patches/LC08_L1TP_120030_20200830_20200830_01_RT_p00731.tif,/data/heguozhen/Fire/activefire/masks/voting/LC08_L1TP_120030_20200830_20200830_01_RT_voting_p00731.tif
/data/heguozhen/Fire/activefire/images/patches/LC08_L1TP_119040_20200823_20200823_01_RT_p00693.tif,/data/heguozhen/Fire/activefire/masks/voting/LC08_L1TP_119040_20200823_20200823_01_RT_voting_p00693.tif
/data/heguozhen/Fire/activefire/images/patches/LC08_L1TP_163042_20200811_20200811_01_RT_p00668.tif,/data/heguozhen/Fire/activefire/masks/voting/LC08_L1TP_163042_20200811_20200811_01_RT_voting_p00668.tif
/data/heguozhen/Fire/activefire/images/patches/LC08_L1TP_160031_20200822_20200822_01_RT_p00417.tif,/data/heguozhen/Fire/activefire/masks/voting/LC08_L1TP_160031_20200822_20200822_01_RT_voting_p00417.tif
/data/heguozhen/Fire/activefire/images/patches/LC08_L1TP_156014_20200810_20200810_01_RT_p00434.tif,/data/heguozhen/Fire/activefire/masks/voting/LC08_L1TP_156014_20200810_20200810_01_RT_voting_p00434.tif
/data/heguozhen/Fire/activefire/images/patches/LC08_L1TP_125052_20200817_20200817_01_RT_p00706.tif,/data/heguozhen/Fire/activefire/masks/voting/LC08_L1TP_125052_20200817_20200817_01_RT_voting_p00706.tif
/data/heguozhen/Fire/activefire/images/patches/LC08_L1TP_169078_20200821_20200821_01_RT_p00223.tif,/data/heguozhen/Fire/activefire/masks/voting/LC08_L1TP_169078_20200821_20200821_01_RT_voting_p00223.tif
/data/heguozhen/Fire/activefire/images/patches/LC08_L1TP_170074_20200812_20200812_01_RT_p00693.tif,/data/heguozhen/Fire/activefire/masks/voting/LC08_L1TP_170074_20200812_20200812_01_RT_voting_p00693.tif
/data/heguozhen/Fire/activefire/images/patches/LC08_L1TP_105068_20200821_20200821_01_RT_p00556.tif,/data/heguozhen/Fire/activefire/masks/voting/LC08_L1TP_105068_20200821_20200821_01_RT_voting_p00556.tif
/data/heguozhen/Fire/activefire/images/patches/LC08_L1TP_170070_20200812_20200812_01_RT_p00656.tif,/data/heguozhen/Fire/activefire/masks/voting/LC08_L1TP_170070_20200812_20200812_01_RT_voting_p00656.tif
/data/heguozhen/Fire/activefire/images/patches/LC08_L1TP_170035_20200812_20200812_01_RT_p00906.tif,/data/heguozhen/Fire/activefire/masks/voting/LC08_L1TP_170035_20200812_20200812_01_RT_voting_p00906.tif
/data/heguozhen/Fire/activefire/images/patches/LC08_L1TP_166069_20200816_20200816_01_RT_p00350.tif,/data/heguozhen/Fire/activefire/masks/voting/LC08_L1TP_166069_20200816_20200816_01_RT_voting_p00350.tif
/data/heguozhen/Fire/activefire/images/patches/LC08_L1TP_165068_20200809_20200809_01_RT_p00177.tif,/data/heguozhen/Fire/activefire/masks/voting/LC08_L1TP_165068_20200809_20200809_01_RT_voting_p00177.tif
/data/heguozhen/Fire/activefire/images/patches/LC08_L1TP_173070_20200817_20200817_01_RT_p00694.tif,/data/heguozhen/Fire/activefire/masks/voting/LC08_L1TP_173070_20200817_20200817_01_RT_voting_p00694.tif
/data/heguozhen/Fire/activefire/images/patches/LC08_L1TP_160075_20200822_20200822_01_RT_p00845.tif,/data/heguozhen/Fire/activefire/masks/voting/LC08_L1TP_160075_20200822_20200822_01_RT_voting_p00845.tif
/data/heguozhen/Fire/activefire/images/patches/LC08_L1TP_179063_20200811_20200811_01_RT_p00795.tif,/data/heguozhen/Fire/activefire/masks/voting/LC08_L1TP_179063_20200811_20200811_01_RT_voting_p00795.tif
/data/heguozhen/Fire/activefire/images/patches/LC08_L1GT_167072_20200823_20200823_01_RT_p00305.tif,/data/heguozhen/Fire/activefire/masks/voting/LC08_L1GT_167072_20200823_20200823_01_RT_voting_p00305.tif
/data/heguozhen/Fire/activefire/images/patches/LC08_L1TP_227082_20200811_20200811_01_RT_p00815.tif,/data/heguozhen/Fire/activefire/masks/voting/LC08_L1TP_227082_20200811_20200811_01_RT_voting_p00815.tif
/data/heguozhen/Fire/activefire/images/patches/LC08_L1TP_119031_20200823_20200823_01_RT_p00699.tif,/data/heguozhen/Fire/activefire/masks/voting/LC08_L1TP_119031_20200823_20200823_01_RT_voting_p00699.tif
/data/heguozhen/Fire/activefire/images/patches/LC08_L1TP_118029_20200816_20200816_01_RT_p00273.tif,/data/heguozhen/Fire/activefire/masks/voting/LC08_L1TP_118029_20200816_20200816_01_RT_voting_p00273.tif
/data/heguozhen/Fire/activefire/images/patches/LC08_L1TP_173070_20200817_20200817_01_RT_p00212.tif,/data/heguozhen/Fire/activefire/masks/voting/LC08_L1TP_173070_20200817_20200817_01_RT_voting_p00212.tif
/data/heguozhen/Fire/activefire/images/patches/LC08_L1TP_179067_20200811_20200811_01_RT_p00392.tif,/data/heguozhen/Fire/activefire/masks/voting/LC08_L1TP_179067_20200811_20200811_01_RT_voting_p00392.tif
/data/heguozhen/Fire/activefire/images/patches/LC08_L1TP_172066_20200810_20200810_01_RT_p00460.tif,/data/heguozhen/Fire/activefire/masks/voting/LC08_L1TP_172066_20200810_20200810_01_RT_voting_p00460.tif
/data/heguozhen/Fire/activefire/images/patches/LC08_L1TP_158018_20200808_20200808_01_RT_p00784.tif,/data/heguozhen/Fire/activefire/masks/voting/LC08_L1TP_158018_20200808_20200808_01_RT_voting_p00784.tif
/data/heguozhen/Fire/activefire/images/patches/LC08_L1TP_125038_20200817_20200817_01_RT_p00877.tif,/data/heguozhen/Fire/activefire/masks/voting/LC08_L1TP_125038_20200817_20200817_01_RT_voting_p00877.tif
/data/heguozhen/Fire/activefire/images/patches/LC08_L1TP_166069_20200816_20200816_01_RT_p00260.tif,/data/heguozhen/Fire/activefire/masks/voting/LC08_L1TP_166069_20200816_20200816_01_RT_voting_p00260.tif
/data/heguozhen/Fire/activefire/images/patches/LC08_L1TP_173067_20200817_20200817_01_RT_p00512.tif,/data/heguozhen/Fire/activefire/masks/voting/LC08_L1TP_173067_20200817_20200817_01_RT_voting_p00512.tif
/data/heguozhen/Fire/activefire/images/patches/LC08_L1TP_170066_20200812_20200812_01_RT_p00711.tif,/data/heguozhen/Fire/activefire/masks/voting/LC08_L1TP_170066_20200812_20200812_01_RT_voting_p00711.tif
/data/heguozhen/Fire/activefire/images/patches/LC08_L1TP_227066_20200811_20200811_01_RT_p00687.tif,/data/heguozhen/Fire/activefire/masks/voting/LC08_L1TP_227066_20200811_20200811_01_RT_voting_p00687.tif
/data/heguozhen/Fire/activefire/images/patches/LC08_L1TP_146023_20200820_20200820_01_RT_p00775.tif,/data/heguozhen/Fire/activefire/masks/voting/LC08_L1TP_146023_20200820_20200820_01_RT_voting_p00775.tif
/data/heguozhen/Fire/activefire/images/patches/LC08_L1TP_181068_20200809_20200809_01_RT_p00514.tif,/data/heguozhen/Fire/activefire/masks/voting/LC08_L1TP_181068_20200809_20200809_01_RT_voting_p00514.tif
/data/heguozhen/Fire/activefire/images/patches/LC08_L1TP_175027_20200815_20200815_01_RT_p00583.tif,/data/heguozhen/Fire/activefire/masks/voting/LC08_L1TP_175027_20200815_20200815_01_RT_voting_p00583.tif
/data/heguozhen/Fire/activefire/images/patches/LC08_L1TP_169068_20200821_20200821_01_RT_p00204.tif,/data/heguozhen/Fire/activefire/masks/voting/LC08_L1TP_169068_20200821_20200821_01_RT_voting_p00204.tif
/data/heguozhen/Fire/activefire/images/patches/LC08_L1TP_118028_20200816_20200816_01_RT_p00564.tif,/data/heguozhen/Fire/activefire/masks/voting/LC08_L1TP_118028_20200816_20200816_01_RT_voting_p00564.tif
/data/heguozhen/Fire/activefire/images/patches/LC08_L1TP_172062_20200810_20200810_01_RT_p00700.tif,/data/heguozhen/Fire/activefire/masks/voting/LC08_L1TP_172062_20200810_20200810_01_RT_voting_p00700.tif
/data/heguozhen/Fire/activefire/images/patches/LC08_L1TP_182065_20200816_20200816_01_RT_p00273.tif,/data/heguozhen/Fire/activefire/masks/voting/LC08_L1TP_182065_20200816_20200816_01_RT_voting_p00273.tif
/data/heguozhen/Fire/activefire/images/patches/LC08_L1TP_117016_20200809_20200809_01_RT_p00190.tif,/data/heguozhen/Fire/activefire/masks/voting/LC08_L1TP_117016_20200809_20200809_01_RT_voting_p00190.tif
/data/heguozhen/Fire/activefire/images/patches/LC08_L1TP_175071_20200815_20200815_01_RT_p00786.tif,/data/heguozhen/Fire/activefire/masks/voting/LC08_L1TP_175071_20200815_20200815_01_RT_voting_p00786.tif
/data/heguozhen/Fire/activefire/images/patches/LC08_L1TP_172068_20200810_20200810_01_RT_p00408.tif,/data/heguozhen/Fire/activefire/masks/voting/LC08_L1TP_172068_20200810_20200810_01_RT_voting_p00408.tif
/data/heguozhen/Fire/activefire/images/patches/LC08_L1TP_181069_20200809_20200809_01_RT_p00535.tif,/data/heguozhen/Fire/activefire/masks/voting/LC08_L1TP_181069_20200809_20200809_01_RT_voting_p00535.tif
/data/heguozhen/Fire/activefire/images/patches/LC08_L1TP_149022_20200809_20200809_01_RT_p00527.tif,/data/heguozhen/Fire/activefire/masks/voting/LC08_L1TP_149022_20200809_20200809_01_RT_voting_p00527.tif
/data/heguozhen/Fire/activefire/images/patches/LC08_L1TP_172062_20200810_20200810_01_RT_p00696.tif,/data/heguozhen/Fire/activefire/masks/voting/LC08_L1TP_172062_20200810_20200810_01_RT_voting_p00696.tif
/data/heguozhen/Fire/activefire/images/patches/LC08_L1TP_169069_20200821_20200821_01_RT_p00511.tif,/data/heguozhen/Fire/activefire/masks/voting/LC08_L1TP_169069_20200821_20200821_01_RT_voting_p00511.tif
/data/heguozhen/Fire/activefire/images/patches/LC08_L1TP_120029_20200814_20200814_01_RT_p00710.tif,/data/heguozhen/Fire/activefire/masks/voting/LC08_L1TP_120029_20200814_20200814_01_RT_voting_p00710.tif
/data/heguozhen/Fire/activefire/images/patches/LC08_L1TP_227082_20200811_20200811_01_RT_p00722.tif,/data/heguozhen/Fire/activefire/masks/voting/LC08_L1TP_227082_20200811_20200811_01_RT_voting_p00722.tif
/data/heguozhen/Fire/activefire/images/patches/LC08_L1TP_125035_20200817_20200817_01_RT_p00550.tif,/data/heguozhen/Fire/activefire/masks/voting/LC08_L1TP_125035_20200817_20200817_01_RT_voting_p00550.tif
/data/heguozhen/Fire/activefire/images/patches/LC08_L1TP_172069_20200810_20200810_01_RT_p00317.tif,/data/heguozhen/Fire/activefire/masks/voting/LC08_L1TP_172069_20200810_20200810_01_RT_voting_p00317.tif
/data/heguozhen/Fire/activefire/images/patches/LC08_L1TP_135019_20200823_20200823_01_RT_p00685.tif,/data/heguozhen/Fire/activefire/masks/voting/LC08_L1TP_135019_20200823_20200823_01_RT_voting_p00685.tif
/data/heguozhen/Fire/activefire/images/patches/LC08_L1TP_008052_20200829_20200829_01_RT_p00299.tif,/data/heguozhen/Fire/activefire/masks/voting/LC08_L1TP_008052_20200829_20200829_01_RT_voting_p00299.tif
/data/heguozhen/Fire/activefire/images/patches/LC08_L1TP_135016_20200807_20200807_01_RT_p00833.tif,/data/heguozhen/Fire/activefire/masks/voting/LC08_L1TP_135016_20200807_20200807_01_RT_voting_p00833.tif
/data/heguozhen/Fire/activefire/images/patches/LC08_L1TP_172068_20200810_20200810_01_RT_p00159.tif,/data/heguozhen/Fire/activefire/masks/voting/LC08_L1TP_172068_20200810_20200810_01_RT_voting_p00159.tif
/data/heguozhen/Fire/activefire/images/patches/LC08_L1TP_120032_20200814_20200814_01_RT_p00752.tif,/data/heguozhen/Fire/activefire/masks/voting/LC08_L1TP_120032_20200814_20200814_01_RT_voting_p00752.tif
/data/heguozhen/Fire/activefire/images/patches/LC08_L1TP_182062_20200816_20200816_01_RT_p00285.tif,/data/heguozhen/Fire/activefire/masks/voting/LC08_L1TP_182062_20200816_20200816_01_RT_voting_p00285.tif
/data/heguozhen/Fire/activefire/images/patches/LC08_L1TP_168073_20200830_20200830_01_RT_p00603.tif,/data/heguozhen/Fire/activefire/masks/voting/LC08_L1TP_168073_20200830_20200830_01_RT_voting_p00603.tif
/data/heguozhen/Fire/activefire/images/patches/LC08_L1TP_173071_20200817_20200817_01_RT_p00389.tif,/data/heguozhen/Fire/activefire/masks/voting/LC08_L1TP_173071_20200817_20200817_01_RT_voting_p00389.tif
/data/heguozhen/Fire/activefire/images/patches/LC08_L1TP_008064_20200829_20200829_01_RT_p00140.tif,/data/heguozhen/Fire/activefire/masks/voting/LC08_L1TP_008064_20200829_20200829_01_RT_voting_p00140.tif
/data/heguozhen/Fire/activefire/images/patches/LC08_L1TP_001069_20200812_20200812_01_RT_p00874.tif,/data/heguozhen/Fire/activefire/masks/voting/LC08_L1TP_001069_20200812_20200812_01_RT_voting_p00874.tif
/data/heguozhen/Fire/activefire/images/patches/LC08_L1TP_170066_20200812_20200812_01_RT_p00167.tif,/data/heguozhen/Fire/activefire/masks/voting/LC08_L1TP_170066_20200812_20200812_01_RT_voting_p00167.tif
/data/heguozhen/Fire/activefire/images/patches/LC08_L1TP_121027_20200821_20200821_01_RT_p00715.tif,/data/heguozhen/Fire/activefire/masks/voting/LC08_L1TP_121027_20200821_20200821_01_RT_voting_p00715.tif
/data/heguozhen/Fire/activefire/images/patches/LC08_L1TP_122015_20200812_20200812_01_RT_p00381.tif,/data/heguozhen/Fire/activefire/masks/voting/LC08_L1TP_122015_20200812_20200812_01_RT_voting_p00381.tif
/data/heguozhen/Fire/activefire/images/patches/LC08_L1TP_147023_20200811_20200811_01_RT_p00269.tif,/data/heguozhen/Fire/activefire/masks/voting/LC08_L1TP_147023_20200811_20200811_01_RT_voting_p00269.tif
/data/heguozhen/Fire/activefire/images/patches/LC08_L1TP_139018_20200819_20200819_01_RT_p00528.tif,/data/heguozhen/Fire/activefire/masks/voting/LC08_L1TP_139018_20200819_20200819_01_RT_voting_p00528.tif
/data/heguozhen/Fire/activefire/images/patches/LC08_L1TP_121031_20200821_20200821_01_RT_p00312.tif,/data/heguozhen/Fire/activefire/masks/voting/LC08_L1TP_121031_20200821_20200821_01_RT_voting_p00312.tif
/data/heguozhen/Fire/activefire/images/patches/LC08_L1TP_152032_20200814_20200814_01_RT_p00481.tif,/data/heguozhen/Fire/activefire/masks/voting/LC08_L1TP_152032_20200814_20200814_01_RT_voting_p00481.tif
/data/heguozhen/Fire/activefire/images/patches/LC08_L1TP_121030_20200821_20200821_01_RT_p00721.tif,/data/heguozhen/Fire/activefire/masks/voting/LC08_L1TP_121030_20200821_20200821_01_RT_voting_p00721.tif
/data/heguozhen/Fire/activefire/images/patches/LC08_L1TP_122044_20200828_20200828_01_RT_p00635.tif,/data/heguozhen/Fire/activefire/masks/voting/LC08_L1TP_122044_20200828_20200828_01_RT_voting_p00635.tif
/data/heguozhen/Fire/activefire/images/patches/LC08_L1TP_227077_20200811_20200811_01_RT_p00641.tif,/data/heguozhen/Fire/activefire/masks/voting/LC08_L1TP_227077_20200811_20200811_01_RT_voting_p00641.tif
/data/heguozhen/Fire/activefire/images/patches/LC08_L1TP_169068_20200821_20200821_01_RT_p00344.tif,/data/heguozhen/Fire/activefire/masks/voting/LC08_L1TP_169068_20200821_20200821_01_RT_voting_p00344.tif
/data/heguozhen/Fire/activefire/images/patches/LC08_L1TP_141055_20200817_20200817_01_RT_p00794.tif,/data/heguozhen/Fire/activefire/masks/voting/LC08_L1TP_141055_20200817_20200817_01_RT_voting_p00794.tif
/data/heguozhen/Fire/activefire/images/patches/LC08_L1TP_173069_20200817_20200817_01_RT_p00695.tif,/data/heguozhen/Fire/activefire/masks/voting/LC08_L1TP_173069_20200817_20200817_01_RT_voting_p00695.tif
/data/heguozhen/Fire/activefire/images/patches/LC08_L1TP_158016_20200808_20200808_01_RT_p00374.tif,/data/heguozhen/Fire/activefire/masks/voting/LC08_L1TP_158016_20200808_20200808_01_RT_voting_p00374.tif
/data/heguozhen/Fire/activefire/images/patches/LC08_L1TP_124034_20200826_20200826_01_RT_p00753.tif,/data/heguozhen/Fire/activefire/masks/voting/LC08_L1TP_124034_20200826_20200826_01_RT_voting_p00753.tif
/data/heguozhen/Fire/activefire/images/patches/LC08_L1TP_170071_20200812_20200812_01_RT_p00343.tif,/data/heguozhen/Fire/activefire/masks/voting/LC08_L1TP_170071_20200812_20200812_01_RT_voting_p00343.tif
/data/heguozhen/Fire/activefire/images/patches/LC08_L1TP_227082_20200811_20200811_01_RT_p00655.tif,/data/heguozhen/Fire/activefire/masks/voting/LC08_L1TP_227082_20200811_20200811_01_RT_voting_p00655.tif
/data/heguozhen/Fire/activefire/images/patches/LC08_L1TP_181063_20200809_20200809_01_RT_p00302.tif,/data/heguozhen/Fire/activefire/masks/voting/LC08_L1TP_181063_20200809_20200809_01_RT_voting_p00302.tif
/data/heguozhen/Fire/activefire/images/patches/LC08_L1TP_125052_20200817_20200817_01_RT_p00585.tif,/data/heguozhen/Fire/activefire/masks/voting/LC08_L1TP_125052_20200817_20200817_01_RT_voting_p00585.tif
/data/heguozhen/Fire/activefire/images/patches/LC08_L1TP_153032_20200821_20200821_01_RT_p00598.tif,/data/heguozhen/Fire/activefire/masks/voting/LC08_L1TP_153032_20200821_20200821_01_RT_voting_p00598.tif
/data/heguozhen/Fire/activefire/images/patches/LC08_L1TP_182065_20200816_20200816_01_RT_p00411.tif,/data/heguozhen/Fire/activefire/masks/voting/LC08_L1TP_182065_20200816_20200816_01_RT_voting_p00411.tif
/data/heguozhen/Fire/activefire/images/patches/LC08_L1TP_179063_20200811_20200811_01_RT_p00823.tif,/data/heguozhen/Fire/activefire/masks/voting/LC08_L1TP_179063_20200811_20200811_01_RT_voting_p00823.tif
/data/heguozhen/Fire/activefire/images/patches/LC08_L1TP_119065_20200823_20200823_01_RT_p00179.tif,/data/heguozhen/Fire/activefire/masks/voting/LC08_L1TP_119065_20200823_20200823_01_RT_voting_p00179.tif
/data/heguozhen/Fire/activefire/images/patches/LC08_L1TP_179067_20200811_20200811_01_RT_p00049.tif,/data/heguozhen/Fire/activefire/masks/voting/LC08_L1TP_179067_20200811_20200811_01_RT_voting_p00049.tif
/data/heguozhen/Fire/activefire/images/patches/LC08_L1TP_182061_20200816_20200816_01_RT_p00461.tif,/data/heguozhen/Fire/activefire/masks/voting/LC08_L1TP_182061_20200816_20200816_01_RT_voting_p00461.tif
/data/heguozhen/Fire/activefire/images/patches/LC08_L1TP_173071_20200817_20200817_01_RT_p00252.tif,/data/heguozhen/Fire/activefire/masks/voting/LC08_L1TP_173071_20200817_20200817_01_RT_voting_p00252.tif
/data/heguozhen/Fire/activefire/images/patches/LC08_L1TP_110066_20200824_20200824_01_RT_p00450.tif,/data/heguozhen/Fire/activefire/masks/voting/LC08_L1TP_110066_20200824_20200824_01_RT_voting_p00450.tif
/data/heguozhen/Fire/activefire/images/patches/LC08_L1TP_182063_20200816_20200816_01_RT_p00630.tif,/data/heguozhen/Fire/activefire/masks/voting/LC08_L1TP_182063_20200816_20200816_01_RT_voting_p00630.tif
/data/heguozhen/Fire/activefire/images/patches/LC08_L1TP_147021_20200811_20200811_01_RT_p00230.tif,/data/heguozhen/Fire/activefire/masks/voting/LC08_L1TP_147021_20200811_20200811_01_RT_voting_p00230.tif
/data/heguozhen/Fire/activefire/images/patches/LC08_L1TP_224061_20200806_20200807_01_RT_p00586.tif,/data/heguozhen/Fire/activefire/masks/voting/LC08_L1TP_224061_20200806_20200807_01_RT_voting_p00586.tif
/data/heguozhen/Fire/activefire/images/patches/LC08_L1TP_134021_20200816_20200816_01_RT_p00436.tif,/data/heguozhen/Fire/activefire/masks/voting/LC08_L1TP_134021_20200816_20200816_01_RT_voting_p00436.tif
/data/heguozhen/Fire/activefire/images/patches/LC08_L1TP_103069_20200823_20200823_01_RT_p00845.tif,/data/heguozhen/Fire/activefire/masks/voting/LC08_L1TP_103069_20200823_20200823_01_RT_voting_p00845.tif
/data/heguozhen/Fire/activefire/images/patches/LC08_L1TP_172068_20200810_20200810_01_RT_p00511.tif,/data/heguozhen/Fire/activefire/masks/voting/LC08_L1TP_172068_20200810_20200810_01_RT_voting_p00511.tif
/data/heguozhen/Fire/activefire/images/patches/LC08_L1TP_172066_20200810_20200810_01_RT_p00355.tif,/data/heguozhen/Fire/activefire/masks/voting/LC08_L1TP_172066_20200810_20200810_01_RT_voting_p00355.tif
/data/heguozhen/Fire/activefire/images/patches/LC08_L1TP_135020_20200823_20200823_01_RT_p00730.tif,/data/heguozhen/Fire/activefire/masks/voting/LC08_L1TP_135020_20200823_20200823_01_RT_voting_p00730.tif
/data/heguozhen/Fire/activefire/images/patches/LC08_L1TP_160071_20200822_20200822_01_RT_p00797.tif,/data/heguozhen/Fire/activefire/masks/voting/LC08_L1TP_160071_20200822_20200822_01_RT_voting_p00797.tif
/data/heguozhen/Fire/activefire/images/patches/LC08_L1TP_117020_20200809_20200809_01_RT_p00809.tif,/data/heguozhen/Fire/activefire/masks/voting/LC08_L1TP_117020_20200809_20200809_01_RT_voting_p00809.tif
/data/heguozhen/Fire/activefire/images/patches/LC08_L1TP_229064_20200809_20200809_01_RT_p00639.tif,/data/heguozhen/Fire/activefire/masks/voting/LC08_L1TP_229064_20200809_20200809_01_RT_voting_p00639.tif
/data/heguozhen/Fire/activefire/images/patches/LC08_L1TP_028035_20200825_20200825_01_RT_p00468.tif,/data/heguozhen/Fire/activefire/masks/voting/LC08_L1TP_028035_20200825_20200825_01_RT_voting_p00468.tif
/data/heguozhen/Fire/activefire/images/patches/LC08_L1TP_168061_20200830_20200830_01_RT_p00355.tif,/data/heguozhen/Fire/activefire/masks/voting/LC08_L1TP_168061_20200830_20200830_01_RT_voting_p00355.tif
/data/heguozhen/Fire/activefire/images/patches/LC08_L1TP_175066_20200815_20200815_01_RT_p00548.tif,/data/heguozhen/Fire/activefire/masks/voting/LC08_L1TP_175066_20200815_20200815_01_RT_voting_p00548.tif
/data/heguozhen/Fire/activefire/images/patches/LC08_L1TP_121033_20200821_20200821_01_RT_p00321.tif,/data/heguozhen/Fire/activefire/masks/voting/LC08_L1TP_121033_20200821_20200821_01_RT_voting_p00321.tif
/data/heguozhen/Fire/activefire/images/patches/LC08_L1TP_119065_20200823_20200823_01_RT_p00326.tif,/data/heguozhen/Fire/activefire/masks/voting/LC08_L1TP_119065_20200823_20200823_01_RT_voting_p00326.tif
/data/heguozhen/Fire/activefire/images/patches/LC08_L1TP_168073_20200830_20200830_01_RT_p00630.tif,/data/heguozhen/Fire/activefire/masks/voting/LC08_L1TP_168073_20200830_20200830_01_RT_voting_p00630.tif
/data/heguozhen/Fire/activefire/images/patches/LC08_L1TP_124029_20200810_20200810_01_RT_p00305.tif,/data/heguozhen/Fire/activefire/masks/voting/LC08_L1TP_124029_20200810_20200810_01_RT_voting_p00305.tif
/data/heguozhen/Fire/activefire/images/patches/LC08_L1TP_119030_20200807_20200807_01_RT_p00724.tif,/data/heguozhen/Fire/activefire/masks/voting/LC08_L1TP_119030_20200807_20200807_01_RT_voting_p00724.tif
/data/heguozhen/Fire/activefire/images/patches/LC08_L1TP_118028_20200816_20200816_01_RT_p00701.tif,/data/heguozhen/Fire/activefire/masks/voting/LC08_L1TP_118028_20200816_20200816_01_RT_voting_p00701.tif
/data/heguozhen/Fire/activefire/images/patches/LC08_L1TP_008065_20200829_20200829_01_RT_p00664.tif,/data/heguozhen/Fire/activefire/masks/voting/LC08_L1TP_008065_20200829_20200829_01_RT_voting_p00664.tif
/data/heguozhen/Fire/activefire/images/patches/LC08_L1TP_165066_20200809_20200809_01_RT_p00109.tif,/data/heguozhen/Fire/activefire/masks/voting/LC08_L1TP_165066_20200809_20200809_01_RT_voting_p00109.tif
/data/heguozhen/Fire/activefire/images/patches/LC08_L1TP_107035_20200819_20200819_01_RT_p00668.tif,/data/heguozhen/Fire/activefire/masks/voting/LC08_L1TP_107035_20200819_20200819_01_RT_voting_p00668.tif
/data/heguozhen/Fire/activefire/images/patches/LC08_L1TP_172069_20200810_20200810_01_RT_p00668.tif,/data/heguozhen/Fire/activefire/masks/voting/LC08_L1TP_172069_20200810_20200810_01_RT_voting_p00668.tif
/data/heguozhen/Fire/activefire/images/patches/LC08_L1TP_122036_20200828_20200828_01_RT_p00427.tif,/data/heguozhen/Fire/activefire/masks/voting/LC08_L1TP_122036_20200828_20200828_01_RT_voting_p00427.tif
/data/heguozhen/Fire/activefire/images/patches/LC08_L1TP_227077_20200811_20200811_01_RT_p00293.tif,/data/heguozhen/Fire/activefire/masks/voting/LC08_L1TP_227077_20200811_20200811_01_RT_voting_p00293.tif
/data/heguozhen/Fire/activefire/images/patches/LC08_L1TP_179067_20200811_20200811_01_RT_p00243.tif,/data/heguozhen/Fire/activefire/masks/voting/LC08_L1TP_179067_20200811_20200811_01_RT_voting_p00243.tif
/data/heguozhen/Fire/activefire/images/patches/LC08_L1TP_123026_20200819_20200819_01_RT_p00626.tif,/data/heguozhen/Fire/activefire/masks/voting/LC08_L1TP_123026_20200819_20200819_01_RT_voting_p00626.tif
/data/heguozhen/Fire/activefire/images/patches/LC08_L1TP_119028_20200807_20200807_01_RT_p00367.tif,/data/heguozhen/Fire/activefire/masks/voting/LC08_L1TP_119028_20200807_20200807_01_RT_voting_p00367.tif
/data/heguozhen/Fire/activefire/images/patches/LC08_L1TP_133034_20200825_20200825_01_RT_p00508.tif,/data/heguozhen/Fire/activefire/masks/voting/LC08_L1TP_133034_20200825_20200825_01_RT_voting_p00508.tif
/data/heguozhen/Fire/activefire/images/patches/LC08_L1TP_173071_20200817_20200817_01_RT_p00708.tif,/data/heguozhen/Fire/activefire/masks/voting/LC08_L1TP_173071_20200817_20200817_01_RT_voting_p00708.tif
/data/heguozhen/Fire/activefire/images/patches/LC08_L1TP_170034_20200812_20200812_01_RT_p00085.tif,/data/heguozhen/Fire/activefire/masks/voting/LC08_L1TP_170034_20200812_20200812_01_RT_voting_p00085.tif
/data/heguozhen/Fire/activefire/images/patches/LC08_L1TP_227073_20200811_20200811_01_RT_p00421.tif,/data/heguozhen/Fire/activefire/masks/voting/LC08_L1TP_227073_20200811_20200811_01_RT_voting_p00421.tif
/data/heguozhen/Fire/activefire/images/patches/LC08_L1TP_126032_20200824_20200824_01_RT_p00823.tif,/data/heguozhen/Fire/activefire/masks/voting/LC08_L1TP_126032_20200824_20200824_01_RT_voting_p00823.tif
/data/heguozhen/Fire/activefire/images/patches/LC08_L1TP_120013_20200830_20200830_01_RT_p00640.tif,/data/heguozhen/Fire/activefire/masks/voting/LC08_L1TP_120013_20200830_20200830_01_RT_voting_p00640.tif
/data/heguozhen/Fire/activefire/images/patches/LC08_L1TP_220075_20200810_20200810_01_RT_p00450.tif,/data/heguozhen/Fire/activefire/masks/voting/LC08_L1TP_220075_20200810_20200810_01_RT_voting_p00450.tif
/data/heguozhen/Fire/activefire/images/patches/LC08_L1TP_124030_20200826_20200826_01_RT_p00723.tif,/data/heguozhen/Fire/activefire/masks/voting/LC08_L1TP_124030_20200826_20200826_01_RT_voting_p00723.tif
/data/heguozhen/Fire/activefire/images/patches/LC08_L1TP_170072_20200812_20200812_01_RT_p00305.tif,/data/heguozhen/Fire/activefire/masks/voting/LC08_L1TP_170072_20200812_20200812_01_RT_voting_p00305.tif
/data/heguozhen/Fire/activefire/images/patches/LC08_L1TP_134021_20200816_20200816_01_RT_p00495.tif,/data/heguozhen/Fire/activefire/masks/voting/LC08_L1TP_134021_20200816_20200816_01_RT_voting_p00495.tif
/data/heguozhen/Fire/activefire/images/patches/LC08_L1TP_126033_20200824_20200824_01_RT_p00816.tif,/data/heguozhen/Fire/activefire/masks/voting/LC08_L1TP_126033_20200824_20200824_01_RT_voting_p00816.tif
/data/heguozhen/Fire/activefire/images/patches/LC08_L1TP_161042_20200813_20200813_01_RT_p00116.tif,/data/heguozhen/Fire/activefire/masks/voting/LC08_L1TP_161042_20200813_20200813_01_RT_voting_p00116.tif
/data/heguozhen/Fire/activefire/images/patches/LC08_L1TP_169036_20200821_20200821_01_RT_p00268.tif,/data/heguozhen/Fire/activefire/masks/voting/LC08_L1TP_169036_20200821_20200821_01_RT_voting_p00268.tif
/data/heguozhen/Fire/activefire/images/patches/LC08_L1TP_115029_20200811_20200811_01_RT_p00172.tif,/data/heguozhen/Fire/activefire/masks/voting/LC08_L1TP_115029_20200811_20200811_01_RT_voting_p00172.tif
/data/heguozhen/Fire/activefire/images/patches/LC08_L1TP_125052_20200817_20200817_01_RT_p00377.tif,/data/heguozhen/Fire/activefire/masks/voting/LC08_L1TP_125052_20200817_20200817_01_RT_voting_p00377.tif
/data/heguozhen/Fire/activefire/images/patches/LC08_L1TP_118028_20200816_20200816_01_RT_p00713.tif,/data/heguozhen/Fire/activefire/masks/voting/LC08_L1TP_118028_20200816_20200816_01_RT_voting_p00713.tif
/data/heguozhen/Fire/activefire/images/patches/LC08_L1TP_128043_20200822_20200822_01_RT_p00763.tif,/data/heguozhen/Fire/activefire/masks/voting/LC08_L1TP_128043_20200822_20200822_01_RT_voting_p00763.tif
/data/heguozhen/Fire/activefire/images/patches/LC08_L1TP_120059_20200814_20200814_01_RT_p00456.tif,/data/heguozhen/Fire/activefire/masks/voting/LC08_L1TP_120059_20200814_20200814_01_RT_voting_p00456.tif
/data/heguozhen/Fire/activefire/images/patches/LC08_L1TP_182061_20200816_20200816_01_RT_p00315.tif,/data/heguozhen/Fire/activefire/masks/voting/LC08_L1TP_182061_20200816_20200816_01_RT_voting_p00315.tif
/data/heguozhen/Fire/activefire/images/patches/LC08_L1TP_166067_20200816_20200816_01_RT_p00352.tif,/data/heguozhen/Fire/activefire/masks/voting/LC08_L1TP_166067_20200816_20200816_01_RT_voting_p00352.tif
/data/heguozhen/Fire/activefire/images/patches/LC08_L1TP_135019_20200807_20200807_01_RT_p00602.tif,/data/heguozhen/Fire/activefire/masks/voting/LC08_L1TP_135019_20200807_20200807_01_RT_voting_p00602.tif
/data/heguozhen/Fire/activefire/images/patches/LC08_L1TP_168065_20200830_20200830_01_RT_p00515.tif,/data/heguozhen/Fire/activefire/masks/voting/LC08_L1TP_168065_20200830_20200830_01_RT_voting_p00515.tif
/data/heguozhen/Fire/activefire/images/patches/LC08_L1TP_118029_20200816_20200816_01_RT_p00664.tif,/data/heguozhen/Fire/activefire/masks/voting/LC08_L1TP_118029_20200816_20200816_01_RT_voting_p00664.tif
/data/heguozhen/Fire/activefire/images/patches/LC08_L1TP_158034_20200808_20200808_01_RT_p00479.tif,/data/heguozhen/Fire/activefire/masks/voting/LC08_L1TP_158034_20200808_20200808_01_RT_voting_p00479.tif
/data/heguozhen/Fire/activefire/images/patches/LC08_L1TP_173066_20200817_20200817_01_RT_p00484.tif,/data/heguozhen/Fire/activefire/masks/voting/LC08_L1TP_173066_20200817_20200817_01_RT_voting_p00484.tif
/data/heguozhen/Fire/activefire/images/patches/LC08_L1TP_227076_20200811_20200811_01_RT_p00643.tif,/data/heguozhen/Fire/activefire/masks/voting/LC08_L1TP_227076_20200811_20200811_01_RT_voting_p00643.tif
/data/heguozhen/Fire/activefire/images/patches/LC08_L1TP_173063_20200817_20200817_01_RT_p00522.tif,/data/heguozhen/Fire/activefire/masks/voting/LC08_L1TP_173063_20200817_20200817_01_RT_voting_p00522.tif
/data/heguozhen/Fire/activefire/images/patches/LC08_L1TP_175069_20200815_20200815_01_RT_p00647.tif,/data/heguozhen/Fire/activefire/masks/voting/LC08_L1TP_175069_20200815_20200815_01_RT_voting_p00647.tif
/data/heguozhen/Fire/activefire/images/patches/LC08_L1TP_227068_20200811_20200811_01_RT_p00347.tif,/data/heguozhen/Fire/activefire/masks/voting/LC08_L1TP_227068_20200811_20200811_01_RT_voting_p00347.tif
/data/heguozhen/Fire/activefire/images/patches/LC08_L1TP_119038_20200823_20200823_01_RT_p00539.tif,/data/heguozhen/Fire/activefire/masks/voting/LC08_L1TP_119038_20200823_20200823_01_RT_voting_p00539.tif
/data/heguozhen/Fire/activefire/images/patches/LC08_L1TP_179067_20200811_20200811_01_RT_p00360.tif,/data/heguozhen/Fire/activefire/masks/voting/LC08_L1TP_179067_20200811_20200811_01_RT_voting_p00360.tif
/data/heguozhen/Fire/activefire/images/patches/LC08_L1TP_175072_20200815_20200815_01_RT_p00753.tif,/data/heguozhen/Fire/activefire/masks/voting/LC08_L1TP_175072_20200815_20200815_01_RT_voting_p00753.tif
/data/heguozhen/Fire/activefire/images/patches/LC08_L1TP_173069_20200817_20200817_01_RT_p00166.tif,/data/heguozhen/Fire/activefire/masks/voting/LC08_L1TP_173069_20200817_20200817_01_RT_voting_p00166.tif
/data/heguozhen/Fire/activefire/images/patches/LC08_L1TP_166065_20200816_20200816_01_RT_p00210.tif,/data/heguozhen/Fire/activefire/masks/voting/LC08_L1TP_166065_20200816_20200816_01_RT_voting_p00210.tif
/data/heguozhen/Fire/activefire/images/patches/LC08_L1TP_179068_20200811_20200811_01_RT_p00352.tif,/data/heguozhen/Fire/activefire/masks/voting/LC08_L1TP_179068_20200811_20200811_01_RT_voting_p00352.tif
/data/heguozhen/Fire/activefire/images/patches/LC08_L1TP_119038_20200823_20200823_01_RT_p00766.tif,/data/heguozhen/Fire/activefire/masks/voting/LC08_L1TP_119038_20200823_20200823_01_RT_voting_p00766.tif
/data/heguozhen/Fire/activefire/images/patches/LC08_L1TP_117016_20200809_20200809_01_RT_p00257.tif,/data/heguozhen/Fire/activefire/masks/voting/LC08_L1TP_117016_20200809_20200809_01_RT_voting_p00257.tif
/data/heguozhen/Fire/activefire/images/patches/LC08_L1TP_181063_20200809_20200809_01_RT_p00740.tif,/data/heguozhen/Fire/activefire/masks/voting/LC08_L1TP_181063_20200809_20200809_01_RT_voting_p00740.tif
/data/heguozhen/Fire/activefire/images/patches/LC08_L1TP_168065_20200830_20200830_01_RT_p00456.tif,/data/heguozhen/Fire/activefire/masks/voting/LC08_L1TP_168065_20200830_20200830_01_RT_voting_p00456.tif
/data/heguozhen/Fire/activefire/images/patches/LC08_L1TP_173068_20200817_20200817_01_RT_p00254.tif,/data/heguozhen/Fire/activefire/masks/voting/LC08_L1TP_173068_20200817_20200817_01_RT_voting_p00254.tif
/data/heguozhen/Fire/activefire/images/patches/LC08_L1TP_119026_20200823_20200823_01_RT_p00851.tif,/data/heguozhen/Fire/activefire/masks/voting/LC08_L1TP_119026_20200823_20200823_01_RT_voting_p00851.tif
/data/heguozhen/Fire/activefire/images/patches/LC08_L1TP_121029_20200821_20200821_01_RT_p00554.tif,/data/heguozhen/Fire/activefire/masks/voting/LC08_L1TP_121029_20200821_20200821_01_RT_voting_p00554.tif
/data/heguozhen/Fire/activefire/images/patches/LC08_L1TP_119041_20200807_20200807_01_RT_p00849.tif,/data/heguozhen/Fire/activefire/masks/voting/LC08_L1TP_119041_20200807_20200807_01_RT_voting_p00849.tif
/data/heguozhen/Fire/activefire/images/patches/LC08_L1TP_166066_20200816_20200816_01_RT_p00478.tif,/data/heguozhen/Fire/activefire/masks/voting/LC08_L1TP_166066_20200816_20200816_01_RT_voting_p00478.tif
/data/heguozhen/Fire/activefire/images/patches/LC08_L1TP_220072_20200810_20200810_01_RT_p00243.tif,/data/heguozhen/Fire/activefire/masks/voting/LC08_L1TP_220072_20200810_20200810_01_RT_voting_p00243.tif
/data/heguozhen/Fire/activefire/images/patches/LC08_L1TP_118043_20200816_20200816_01_RT_p00672.tif,/data/heguozhen/Fire/activefire/masks/voting/LC08_L1TP_118043_20200816_20200816_01_RT_voting_p00672.tif
/data/heguozhen/Fire/activefire/images/patches/LC08_L1TP_116066_20200818_20200818_01_RT_p00786.tif,/data/heguozhen/Fire/activefire/masks/voting/LC08_L1TP_116066_20200818_20200818_01_RT_voting_p00786.tif
/data/heguozhen/Fire/activefire/images/patches/LC08_L1TP_118027_20200816_20200816_01_RT_p00763.tif,/data/heguozhen/Fire/activefire/masks/voting/LC08_L1TP_118027_20200816_20200816_01_RT_voting_p00763.tif
/data/heguozhen/Fire/activefire/images/patches/LC08_L1TP_131043_20200827_20200827_01_RT_p00721.tif,/data/heguozhen/Fire/activefire/masks/voting/LC08_L1TP_131043_20200827_20200827_01_RT_voting_p00721.tif
/data/heguozhen/Fire/activefire/images/patches/LC08_L1TP_181063_20200809_20200809_01_RT_p00548.tif,/data/heguozhen/Fire/activefire/masks/voting/LC08_L1TP_181063_20200809_20200809_01_RT_voting_p00548.tif
/data/heguozhen/Fire/activefire/images/patches/LC08_L1TP_173069_20200817_20200817_01_RT_p00107.tif,/data/heguozhen/Fire/activefire/masks/voting/LC08_L1TP_173069_20200817_20200817_01_RT_voting_p00107.tif
/data/heguozhen/Fire/activefire/images/patches/LC08_L1TP_173070_20200817_20200817_01_RT_p00673.tif,/data/heguozhen/Fire/activefire/masks/voting/LC08_L1TP_173070_20200817_20200817_01_RT_voting_p00673.tif
/data/heguozhen/Fire/activefire/images/patches/LC08_L1TP_182063_20200816_20200816_01_RT_p00476.tif,/data/heguozhen/Fire/activefire/masks/voting/LC08_L1TP_182063_20200816_20200816_01_RT_voting_p00476.tif
/data/heguozhen/Fire/activefire/images/patches/LC08_L1TP_173064_20200817_20200817_01_RT_p00322.tif,/data/heguozhen/Fire/activefire/masks/voting/LC08_L1TP_173064_20200817_20200817_01_RT_voting_p00322.tif
/data/heguozhen/Fire/activefire/images/patches/LC08_L1TP_173062_20200817_20200817_01_RT_p00386.tif,/data/heguozhen/Fire/activefire/masks/voting/LC08_L1TP_173062_20200817_20200817_01_RT_voting_p00386.tif
/data/heguozhen/Fire/activefire/images/patches/LC08_L1TP_120030_20200814_20200814_01_RT_p00753.tif,/data/heguozhen/Fire/activefire/masks/voting/LC08_L1TP_120030_20200814_20200814_01_RT_voting_p00753.tif
/data/heguozhen/Fire/activefire/images/patches/LC08_L1TP_110059_20200824_20200824_01_RT_p00773.tif,/data/heguozhen/Fire/activefire/masks/voting/LC08_L1TP_110059_20200824_20200824_01_RT_voting_p00773.tif
/data/heguozhen/Fire/activefire/images/patches/LC08_L1TP_025034_20200820_20200820_01_RT_p00629.tif,/data/heguozhen/Fire/activefire/masks/voting/LC08_L1TP_025034_20200820_20200820_01_RT_voting_p00629.tif
/data/heguozhen/Fire/activefire/images/patches/LC08_L1TP_167038_20200823_20200823_01_RT_p00845.tif,/data/heguozhen/Fire/activefire/masks/voting/LC08_L1TP_167038_20200823_20200823_01_RT_voting_p00845.tif
/data/heguozhen/Fire/activefire/images/patches/LC08_L1TP_165070_20200809_20200809_01_RT_p00765.tif,/data/heguozhen/Fire/activefire/masks/voting/LC08_L1TP_165070_20200809_20200809_01_RT_voting_p00765.tif
/data/heguozhen/Fire/activefire/images/patches/LC08_L1TP_158034_20200808_20200808_01_RT_p00168.tif,/data/heguozhen/Fire/activefire/masks/voting/LC08_L1TP_158034_20200808_20200808_01_RT_voting_p00168.tif
/data/heguozhen/Fire/activefire/images/patches/LC08_L1TP_008058_20200829_20200829_01_RT_p00204.tif,/data/heguozhen/Fire/activefire/masks/voting/LC08_L1TP_008058_20200829_20200829_01_RT_voting_p00204.tif
/data/heguozhen/Fire/activefire/images/patches/LC08_L1TP_121028_20200821_20200821_01_RT_p00589.tif,/data/heguozhen/Fire/activefire/masks/voting/LC08_L1TP_121028_20200821_20200821_01_RT_voting_p00589.tif
/data/heguozhen/Fire/activefire/images/patches/LC08_L1TP_175027_20200815_20200815_01_RT_p00695.tif,/data/heguozhen/Fire/activefire/masks/voting/LC08_L1TP_175027_20200815_20200815_01_RT_voting_p00695.tif
/data/heguozhen/Fire/activefire/images/patches/LC08_L1TP_175071_20200815_20200815_01_RT_p00397.tif,/data/heguozhen/Fire/activefire/masks/voting/LC08_L1TP_175071_20200815_20200815_01_RT_voting_p00397.tif
/data/heguozhen/Fire/activefire/images/patches/LC08_L1TP_115028_20200811_20200811_01_RT_p00736.tif,/data/heguozhen/Fire/activefire/masks/voting/LC08_L1TP_115028_20200811_20200811_01_RT_voting_p00736.tif
/data/heguozhen/Fire/activefire/images/patches/LC08_L1TP_175072_20200815_20200815_01_RT_p00367.tif,/data/heguozhen/Fire/activefire/masks/voting/LC08_L1TP_175072_20200815_20200815_01_RT_voting_p00367.tif
/data/heguozhen/Fire/activefire/images/patches/LC08_L1TP_121015_20200821_20200821_01_RT_p00286.tif,/data/heguozhen/Fire/activefire/masks/voting/LC08_L1TP_121015_20200821_20200821_01_RT_voting_p00286.tif
/data/heguozhen/Fire/activefire/images/patches/LC08_L1TP_156032_20200810_20200810_01_RT_p00177.tif,/data/heguozhen/Fire/activefire/masks/voting/LC08_L1TP_156032_20200810_20200810_01_RT_voting_p00177.tif
/data/heguozhen/Fire/activefire/images/patches/LC08_L1TP_126033_20200824_20200824_01_RT_p00874.tif,/data/heguozhen/Fire/activefire/masks/voting/LC08_L1TP_126033_20200824_20200824_01_RT_voting_p00874.tif
/data/heguozhen/Fire/activefire/images/patches/LC08_L1TP_173071_20200817_20200817_01_RT_p00503.tif,/data/heguozhen/Fire/activefire/masks/voting/LC08_L1TP_173071_20200817_20200817_01_RT_voting_p00503.tif
/data/heguozhen/Fire/activefire/images/patches/LC08_L1TP_121029_20200821_20200821_01_RT_p00602.tif,/data/heguozhen/Fire/activefire/masks/voting/LC08_L1TP_121029_20200821_20200821_01_RT_voting_p00602.tif
/data/heguozhen/Fire/activefire/images/patches/LC08_L1TP_156016_20200810_20200810_01_RT_p00882.tif,/data/heguozhen/Fire/activefire/masks/voting/LC08_L1TP_156016_20200810_20200810_01_RT_voting_p00882.tif
/data/heguozhen/Fire/activefire/images/patches/LC08_L1TP_117017_20200809_20200809_01_RT_p00465.tif,/data/heguozhen/Fire/activefire/masks/voting/LC08_L1TP_117017_20200809_20200809_01_RT_voting_p00465.tif
/data/heguozhen/Fire/activefire/images/patches/LC08_L1TP_172065_20200810_20200810_01_RT_p00303.tif,/data/heguozhen/Fire/activefire/masks/voting/LC08_L1TP_172065_20200810_20200810_01_RT_voting_p00303.tif
/data/heguozhen/Fire/activefire/images/patches/LC08_L1TP_173068_20200817_20200817_01_RT_p00758.tif,/data/heguozhen/Fire/activefire/masks/voting/LC08_L1TP_173068_20200817_20200817_01_RT_voting_p00758.tif
/data/heguozhen/Fire/activefire/images/patches/LC08_L1TP_166068_20200816_20200816_01_RT_p00203.tif,/data/heguozhen/Fire/activefire/masks/voting/LC08_L1TP_166068_20200816_20200816_01_RT_voting_p00203.tif
/data/heguozhen/Fire/activefire/images/patches/LC08_L1TP_175069_20200815_20200815_01_RT_p00283.tif,/data/heguozhen/Fire/activefire/masks/voting/LC08_L1TP_175069_20200815_20200815_01_RT_voting_p00283.tif
/data/heguozhen/Fire/activefire/images/patches/LC08_L1TP_152032_20200814_20200814_01_RT_p00469.tif,/data/heguozhen/Fire/activefire/masks/voting/LC08_L1TP_152032_20200814_20200814_01_RT_voting_p00469.tif
/data/heguozhen/Fire/activefire/images/patches/LC08_L1TP_227081_20200811_20200811_01_RT_p00343.tif,/data/heguozhen/Fire/activefire/masks/voting/LC08_L1TP_227081_20200811_20200811_01_RT_voting_p00343.tif
/data/heguozhen/Fire/activefire/images/patches/LC08_L1TP_118029_20200816_20200816_01_RT_p00302.tif,/data/heguozhen/Fire/activefire/masks/voting/LC08_L1TP_118029_20200816_20200816_01_RT_voting_p00302.tif
/data/heguozhen/Fire/activefire/images/patches/LC08_L1TP_122044_20200828_20200828_01_RT_p00667.tif,/data/heguozhen/Fire/activefire/masks/voting/LC08_L1TP_122044_20200828_20200828_01_RT_voting_p00667.tif
/data/heguozhen/Fire/activefire/images/patches/LC08_L1TP_166039_20200816_20200816_01_RT_p00483.tif,/data/heguozhen/Fire/activefire/masks/voting/LC08_L1TP_166039_20200816_20200816_01_RT_voting_p00483.tif
/data/heguozhen/Fire/activefire/images/patches/LC08_L1TP_179070_20200811_20200811_01_RT_p00388.tif,/data/heguozhen/Fire/activefire/masks/voting/LC08_L1TP_179070_20200811_20200811_01_RT_voting_p00388.tif
/data/heguozhen/Fire/activefire/images/patches/LC08_L1TP_105069_20200821_20200821_01_RT_p00257.tif,/data/heguozhen/Fire/activefire/masks/voting/LC08_L1TP_105069_20200821_20200821_01_RT_voting_p00257.tif
/data/heguozhen/Fire/activefire/images/patches/LC08_L1TP_179064_20200811_20200811_01_RT_p00451.tif,/data/heguozhen/Fire/activefire/masks/voting/LC08_L1TP_179064_20200811_20200811_01_RT_voting_p00451.tif
/data/heguozhen/Fire/activefire/images/patches/LC08_L1TP_018039_20200819_20200820_01_RT_p00539.tif,/data/heguozhen/Fire/activefire/masks/voting/LC08_L1TP_018039_20200819_20200820_01_RT_voting_p00539.tif
/data/heguozhen/Fire/activefire/images/patches/LC08_L1TP_169035_20200821_20200821_01_RT_p00265.tif,/data/heguozhen/Fire/activefire/masks/voting/LC08_L1TP_169035_20200821_20200821_01_RT_voting_p00265.tif
/data/heguozhen/Fire/activefire/images/patches/LC08_L1TP_173066_20200817_20200817_01_RT_p00687.tif,/data/heguozhen/Fire/activefire/masks/voting/LC08_L1TP_173066_20200817_20200817_01_RT_voting_p00687.tif
/data/heguozhen/Fire/activefire/images/patches/LC08_L1TP_169036_20200821_20200821_01_RT_p00517.tif,/data/heguozhen/Fire/activefire/masks/voting/LC08_L1TP_169036_20200821_20200821_01_RT_voting_p00517.tif
/data/heguozhen/Fire/activefire/images/patches/LC08_L1TP_157033_20200817_20200817_01_RT_p00291.tif,/data/heguozhen/Fire/activefire/masks/voting/LC08_L1TP_157033_20200817_20200817_01_RT_voting_p00291.tif
/data/heguozhen/Fire/activefire/images/patches/LC08_L1TP_173024_20200817_20200817_01_RT_p00227.tif,/data/heguozhen/Fire/activefire/masks/voting/LC08_L1TP_173024_20200817_20200817_01_RT_voting_p00227.tif
/data/heguozhen/Fire/activefire/images/patches/LC08_L1TP_044032_20200825_20200826_01_RT_p00488.tif,/data/heguozhen/Fire/activefire/masks/voting/LC08_L1TP_044032_20200825_20200826_01_RT_voting_p00488.tif
/data/heguozhen/Fire/activefire/images/patches/LC08_L1TP_010063_20200827_20200827_01_RT_p00741.tif,/data/heguozhen/Fire/activefire/masks/voting/LC08_L1TP_010063_20200827_20200827_01_RT_voting_p00741.tif
/data/heguozhen/Fire/activefire/images/patches/LC08_L1TP_146030_20200820_20200820_01_RT_p00191.tif,/data/heguozhen/Fire/activefire/masks/voting/LC08_L1TP_146030_20200820_20200820_01_RT_voting_p00191.tif
/data/heguozhen/Fire/activefire/images/patches/LC08_L1TP_166072_20200816_20200816_01_RT_p00148.tif,/data/heguozhen/Fire/activefire/masks/voting/LC08_L1TP_166072_20200816_20200816_01_RT_voting_p00148.tif
/data/heguozhen/Fire/activefire/images/patches/LC08_L1TP_163041_20200811_20200811_01_RT_p00817.tif,/data/heguozhen/Fire/activefire/masks/voting/LC08_L1TP_163041_20200811_20200811_01_RT_voting_p00817.tif
/data/heguozhen/Fire/activefire/images/patches/LC08_L1TP_166072_20200816_20200816_01_RT_p00539.tif,/data/heguozhen/Fire/activefire/masks/voting/LC08_L1TP_166072_20200816_20200816_01_RT_voting_p00539.tif
/data/heguozhen/Fire/activefire/images/patches/LC08_L1TP_168073_20200830_20200830_01_RT_p00328.tif,/data/heguozhen/Fire/activefire/masks/voting/LC08_L1TP_168073_20200830_20200830_01_RT_voting_p00328.tif
/data/heguozhen/Fire/activefire/images/patches/LC08_L1TP_001072_20200828_20200828_01_RT_p00500.tif,/data/heguozhen/Fire/activefire/masks/voting/LC08_L1TP_001072_20200828_20200828_01_RT_voting_p00500.tif
/data/heguozhen/Fire/activefire/images/patches/LC08_L1TP_092078_20200826_20200826_01_RT_p00234.tif,/data/heguozhen/Fire/activefire/masks/voting/LC08_L1TP_092078_20200826_20200826_01_RT_voting_p00234.tif
/data/heguozhen/Fire/activefire/images/patches/LC08_L1TP_179069_20200811_20200811_01_RT_p00163.tif,/data/heguozhen/Fire/activefire/masks/voting/LC08_L1TP_179069_20200811_20200811_01_RT_voting_p00163.tif
/data/heguozhen/Fire/activefire/images/patches/LC08_L1TP_182061_20200816_20200816_01_RT_p00350.tif,/data/heguozhen/Fire/activefire/masks/voting/LC08_L1TP_182061_20200816_20200816_01_RT_voting_p00350.tif
/data/heguozhen/Fire/activefire/images/patches/LC08_L1TP_124025_20200826_20200826_01_RT_p00666.tif,/data/heguozhen/Fire/activefire/masks/voting/LC08_L1TP_124025_20200826_20200826_01_RT_voting_p00666.tif
/data/heguozhen/Fire/activefire/images/patches/LC08_L1TP_172070_20200810_20200810_01_RT_p00576.tif,/data/heguozhen/Fire/activefire/masks/voting/LC08_L1TP_172070_20200810_20200810_01_RT_voting_p00576.tif
/data/heguozhen/Fire/activefire/images/patches/LC08_L1TP_121028_20200821_20200821_01_RT_p00629.tif,/data/heguozhen/Fire/activefire/masks/voting/LC08_L1TP_121028_20200821_20200821_01_RT_voting_p00629.tif
/data/heguozhen/Fire/activefire/images/patches/LC08_L1TP_121016_20200821_20200821_01_RT_p00737.tif,/data/heguozhen/Fire/activefire/masks/voting/LC08_L1TP_121016_20200821_20200821_01_RT_voting_p00737.tif
/data/heguozhen/Fire/activefire/images/patches/LC08_L1TP_125038_20200817_20200817_01_RT_p00822.tif,/data/heguozhen/Fire/activefire/masks/voting/LC08_L1TP_125038_20200817_20200817_01_RT_voting_p00822.tif
/data/heguozhen/Fire/activefire/images/patches/LC08_L1TP_170025_20200812_20200812_01_RT_p00377.tif,/data/heguozhen/Fire/activefire/masks/voting/LC08_L1TP_170025_20200812_20200812_01_RT_voting_p00377.tif
/data/heguozhen/Fire/activefire/images/patches/LC08_L1TP_166070_20200816_20200816_01_RT_p00320.tif,/data/heguozhen/Fire/activefire/masks/voting/LC08_L1TP_166070_20200816_20200816_01_RT_voting_p00320.tif
/data/heguozhen/Fire/activefire/images/patches/LC08_L1TP_175066_20200815_20200815_01_RT_p00759.tif,/data/heguozhen/Fire/activefire/masks/voting/LC08_L1TP_175066_20200815_20200815_01_RT_voting_p00759.tif
/data/heguozhen/Fire/activefire/images/patches/LC08_L1TP_170069_20200812_20200812_01_RT_p00492.tif,/data/heguozhen/Fire/activefire/masks/voting/LC08_L1TP_170069_20200812_20200812_01_RT_voting_p00492.tif
/data/heguozhen/Fire/activefire/images/patches/LC08_L1TP_179071_20200811_20200811_01_RT_p00531.tif,/data/heguozhen/Fire/activefire/masks/voting/LC08_L1TP_179071_20200811_20200811_01_RT_voting_p00531.tif
/data/heguozhen/Fire/activefire/images/patches/LC08_L1TP_230062_20200816_20200816_01_RT_p00676.tif,/data/heguozhen/Fire/activefire/masks/voting/LC08_L1TP_230062_20200816_20200816_01_RT_voting_p00676.tif
/data/heguozhen/Fire/activefire/images/patches/LC08_L1TP_165069_20200809_20200809_01_RT_p00505.tif,/data/heguozhen/Fire/activefire/masks/voting/LC08_L1TP_165069_20200809_20200809_01_RT_voting_p00505.tif
/data/heguozhen/Fire/activefire/images/patches/LC08_L1TP_218074_20200812_20200812_01_RT_p00479.tif,/data/heguozhen/Fire/activefire/masks/voting/LC08_L1TP_218074_20200812_20200812_01_RT_voting_p00479.tif
/data/heguozhen/Fire/activefire/images/patches/LC08_L1TP_179069_20200811_20200811_01_RT_p00291.tif,/data/heguozhen/Fire/activefire/masks/voting/LC08_L1TP_179069_20200811_20200811_01_RT_voting_p00291.tif
/data/heguozhen/Fire/activefire/images/patches/LC08_L1TP_119025_20200823_20200823_01_RT_p00213.tif,/data/heguozhen/Fire/activefire/masks/voting/LC08_L1TP_119025_20200823_20200823_01_RT_voting_p00213.tif
/data/heguozhen/Fire/activefire/images/patches/LC08_L1TP_220080_20200810_20200810_01_RT_p00351.tif,/data/heguozhen/Fire/activefire/masks/voting/LC08_L1TP_220080_20200810_20200810_01_RT_voting_p00351.tif
/data/heguozhen/Fire/activefire/images/patches/LC08_L1TP_172024_20200810_20200810_01_RT_p00198.tif,/data/heguozhen/Fire/activefire/masks/voting/LC08_L1TP_172024_20200810_20200810_01_RT_voting_p00198.tif
/data/heguozhen/Fire/activefire/images/patches/LC08_L1TP_001081_20200812_20200812_01_RT_p00608.tif,/data/heguozhen/Fire/activefire/masks/voting/LC08_L1TP_001081_20200812_20200812_01_RT_voting_p00608.tif
/data/heguozhen/Fire/activefire/images/patches/LC08_L1TP_119014_20200807_20200807_01_RT_p00480.tif,/data/heguozhen/Fire/activefire/masks/voting/LC08_L1TP_119014_20200807_20200807_01_RT_voting_p00480.tif
/data/heguozhen/Fire/activefire/images/patches/LC08_L1TP_120016_20200814_20200814_01_RT_p00348.tif,/data/heguozhen/Fire/activefire/masks/voting/LC08_L1TP_120016_20200814_20200814_01_RT_voting_p00348.tif
/data/heguozhen/Fire/activefire/images/patches/LC08_L1TP_175069_20200815_20200815_01_RT_p00025.tif,/data/heguozhen/Fire/activefire/masks/voting/LC08_L1TP_175069_20200815_20200815_01_RT_voting_p00025.tif
/data/heguozhen/Fire/activefire/images/patches/LC08_L1TP_169068_20200821_20200821_01_RT_p00320.tif,/data/heguozhen/Fire/activefire/masks/voting/LC08_L1TP_169068_20200821_20200821_01_RT_voting_p00320.tif
/data/heguozhen/Fire/activefire/images/patches/LC08_L1TP_138017_20200828_20200828_01_RT_p00350.tif,/data/heguozhen/Fire/activefire/masks/voting/LC08_L1TP_138017_20200828_20200828_01_RT_voting_p00350.tif
/data/heguozhen/Fire/activefire/images/patches/LC08_L1TP_092082_20200826_20200826_01_RT_p00197.tif,/data/heguozhen/Fire/activefire/masks/voting/LC08_L1TP_092082_20200826_20200826_01_RT_voting_p00197.tif
/data/heguozhen/Fire/activefire/images/patches/LC08_L1TP_172070_20200810_20200810_01_RT_p00392.tif,/data/heguozhen/Fire/activefire/masks/voting/LC08_L1TP_172070_20200810_20200810_01_RT_voting_p00392.tif
/data/heguozhen/Fire/activefire/images/patches/LC08_L1TP_172070_20200810_20200810_01_RT_p00111.tif,/data/heguozhen/Fire/activefire/masks/voting/LC08_L1TP_172070_20200810_20200810_01_RT_voting_p00111.tif
/data/heguozhen/Fire/activefire/images/patches/LC08_L1TP_229079_20200809_20200809_01_RT_p00708.tif,/data/heguozhen/Fire/activefire/masks/voting/LC08_L1TP_229079_20200809_20200809_01_RT_voting_p00708.tif
/data/heguozhen/Fire/activefire/images/patches/LC08_L1TP_076092_20200809_20200810_01_RT_p00809.tif,/data/heguozhen/Fire/activefire/masks/voting/LC08_L1TP_076092_20200809_20200810_01_RT_voting_p00809.tif
/data/heguozhen/Fire/activefire/images/patches/LC08_L1TP_175068_20200815_20200815_01_RT_p00516.tif,/data/heguozhen/Fire/activefire/masks/voting/LC08_L1TP_175068_20200815_20200815_01_RT_voting_p00516.tif
/data/heguozhen/Fire/activefire/images/patches/LC08_L1TP_121027_20200821_20200821_01_RT_p00872.tif,/data/heguozhen/Fire/activefire/masks/voting/LC08_L1TP_121027_20200821_20200821_01_RT_voting_p00872.tif
/data/heguozhen/Fire/activefire/images/patches/LC08_L1TP_166039_20200816_20200816_01_RT_p00411.tif,/data/heguozhen/Fire/activefire/masks/voting/LC08_L1TP_166039_20200816_20200816_01_RT_voting_p00411.tif
/data/heguozhen/Fire/activefire/images/patches/LC08_L1TP_121030_20200821_20200821_01_RT_p00937.tif,/data/heguozhen/Fire/activefire/masks/voting/LC08_L1TP_121030_20200821_20200821_01_RT_voting_p00937.tif
/data/heguozhen/Fire/activefire/images/patches/LC08_L1TP_173063_20200817_20200817_01_RT_p00491.tif,/data/heguozhen/Fire/activefire/masks/voting/LC08_L1TP_173063_20200817_20200817_01_RT_voting_p00491.tif
/data/heguozhen/Fire/activefire/images/patches/LC08_L1TP_227082_20200811_20200811_01_RT_p00753.tif,/data/heguozhen/Fire/activefire/masks/voting/LC08_L1TP_227082_20200811_20200811_01_RT_voting_p00753.tif
/data/heguozhen/Fire/activefire/images/patches/LC08_L1TP_161021_20200813_20200813_01_RT_p00562.tif,/data/heguozhen/Fire/activefire/masks/voting/LC08_L1TP_161021_20200813_20200813_01_RT_voting_p00562.tif
/data/heguozhen/Fire/activefire/images/patches/LC08_L1TP_172066_20200810_20200810_01_RT_p00166.tif,/data/heguozhen/Fire/activefire/masks/voting/LC08_L1TP_172066_20200810_20200810_01_RT_voting_p00166.tif
/data/heguozhen/Fire/activefire/images/patches/LC08_L1TP_173068_20200817_20200817_01_RT_p00600.tif,/data/heguozhen/Fire/activefire/masks/voting/LC08_L1TP_173068_20200817_20200817_01_RT_voting_p00600.tif
/data/heguozhen/Fire/activefire/images/patches/LC08_L1TP_179071_20200811_20200811_01_RT_p00133.tif,/data/heguozhen/Fire/activefire/masks/voting/LC08_L1TP_179071_20200811_20200811_01_RT_voting_p00133.tif
/data/heguozhen/Fire/activefire/images/patches/LC08_L1TP_170069_20200812_20200812_01_RT_p00500.tif,/data/heguozhen/Fire/activefire/masks/voting/LC08_L1TP_170069_20200812_20200812_01_RT_voting_p00500.tif
/data/heguozhen/Fire/activefire/images/patches/LC08_L1TP_202024_20200812_20200812_01_RT_p00732.tif,/data/heguozhen/Fire/activefire/masks/voting/LC08_L1TP_202024_20200812_20200812_01_RT_voting_p00732.tif
/data/heguozhen/Fire/activefire/images/patches/LC08_L1TP_008053_20200813_20200813_01_RT_p00419.tif,/data/heguozhen/Fire/activefire/masks/voting/LC08_L1TP_008053_20200813_20200813_01_RT_voting_p00419.tif
/data/heguozhen/Fire/activefire/images/patches/LC08_L1TP_126034_20200824_20200824_01_RT_p00700.tif,/data/heguozhen/Fire/activefire/masks/voting/LC08_L1TP_126034_20200824_20200824_01_RT_voting_p00700.tif
/data/heguozhen/Fire/activefire/images/patches/LC08_L1TP_121031_20200821_20200821_01_RT_p00648.tif,/data/heguozhen/Fire/activefire/masks/voting/LC08_L1TP_121031_20200821_20200821_01_RT_voting_p00648.tif
/data/heguozhen/Fire/activefire/images/patches/LC08_L1TP_173065_20200817_20200817_01_RT_p00712.tif,/data/heguozhen/Fire/activefire/masks/voting/LC08_L1TP_173065_20200817_20200817_01_RT_voting_p00712.tif
/data/heguozhen/Fire/activefire/images/patches/LC08_L1TP_096072_20200822_20200822_01_RT_p00441.tif,/data/heguozhen/Fire/activefire/masks/voting/LC08_L1TP_096072_20200822_20200822_01_RT_voting_p00441.tif
/data/heguozhen/Fire/activefire/images/patches/LC08_L1TP_172063_20200810_20200810_01_RT_p00628.tif,/data/heguozhen/Fire/activefire/masks/voting/LC08_L1TP_172063_20200810_20200810_01_RT_voting_p00628.tif
/data/heguozhen/Fire/activefire/images/patches/LC08_L1TP_119031_20200823_20200823_01_RT_p00273.tif,/data/heguozhen/Fire/activefire/masks/voting/LC08_L1TP_119031_20200823_20200823_01_RT_voting_p00273.tif
/data/heguozhen/Fire/activefire/images/patches/LC08_L1TP_186025_20200812_20200812_01_RT_p00787.tif,/data/heguozhen/Fire/activefire/masks/voting/LC08_L1TP_186025_20200812_20200812_01_RT_voting_p00787.tif
/data/heguozhen/Fire/activefire/images/patches/LC08_L1TP_174066_20200808_20200808_01_RT_p00445.tif,/data/heguozhen/Fire/activefire/masks/voting/LC08_L1TP_174066_20200808_20200808_01_RT_voting_p00445.tif
/data/heguozhen/Fire/activefire/images/patches/LC08_L1TP_197026_20200809_20200809_01_RT_p00878.tif,/data/heguozhen/Fire/activefire/masks/voting/LC08_L1TP_197026_20200809_20200809_01_RT_voting_p00878.tif
/data/heguozhen/Fire/activefire/images/patches/LC08_L1TP_118028_20200816_20200816_01_RT_p00533.tif,/data/heguozhen/Fire/activefire/masks/voting/LC08_L1TP_118028_20200816_20200816_01_RT_voting_p00533.tif
/data/heguozhen/Fire/activefire/images/patches/LC08_L1TP_174069_20200808_20200808_01_RT_p00454.tif,/data/heguozhen/Fire/activefire/masks/voting/LC08_L1TP_174069_20200808_20200808_01_RT_voting_p00454.tif
/data/heguozhen/Fire/activefire/images/patches/LC08_L1TP_158017_20200808_20200808_01_RT_p00388.tif,/data/heguozhen/Fire/activefire/masks/voting/LC08_L1TP_158017_20200808_20200808_01_RT_voting_p00388.tif
/data/heguozhen/Fire/activefire/images/patches/LC08_L1TP_140055_20200826_20200826_01_RT_p00293.tif,/data/heguozhen/Fire/activefire/masks/voting/LC08_L1TP_140055_20200826_20200826_01_RT_voting_p00293.tif
/data/heguozhen/Fire/activefire/images/patches/LC08_L1TP_182061_20200816_20200816_01_RT_p00649.tif,/data/heguozhen/Fire/activefire/masks/voting/LC08_L1TP_182061_20200816_20200816_01_RT_voting_p00649.tif
/data/heguozhen/Fire/activefire/images/patches/LC08_L1TP_126034_20200824_20200824_01_RT_p00726.tif,/data/heguozhen/Fire/activefire/masks/voting/LC08_L1TP_126034_20200824_20200824_01_RT_voting_p00726.tif
/data/heguozhen/Fire/activefire/images/patches/LC08_L1TP_001071_20200812_20200812_01_RT_p00397.tif,/data/heguozhen/Fire/activefire/masks/voting/LC08_L1TP_001071_20200812_20200812_01_RT_voting_p00397.tif
/data/heguozhen/Fire/activefire/images/patches/LC08_L1TP_120013_20200830_20200830_01_RT_p00090.tif,/data/heguozhen/Fire/activefire/masks/voting/LC08_L1TP_120013_20200830_20200830_01_RT_voting_p00090.tif
/data/heguozhen/Fire/activefire/images/patches/LC08_L1TP_121033_20200821_20200821_01_RT_p00284.tif,/data/heguozhen/Fire/activefire/masks/voting/LC08_L1TP_121033_20200821_20200821_01_RT_voting_p00284.tif
/data/heguozhen/Fire/activefire/images/patches/LC08_L1TP_128043_20200822_20200822_01_RT_p00510.tif,/data/heguozhen/Fire/activefire/masks/voting/LC08_L1TP_128043_20200822_20200822_01_RT_voting_p00510.tif
/data/heguozhen/Fire/activefire/images/patches/LC08_L1TP_165070_20200809_20200809_01_RT_p00605.tif,/data/heguozhen/Fire/activefire/masks/voting/LC08_L1TP_165070_20200809_20200809_01_RT_voting_p00605.tif
/data/heguozhen/Fire/activefire/images/patches/LC08_L1TP_119028_20200823_20200823_01_RT_p00657.tif,/data/heguozhen/Fire/activefire/masks/voting/LC08_L1TP_119028_20200823_20200823_01_RT_voting_p00657.tif
/data/heguozhen/Fire/activefire/images/patches/LC08_L1TP_160030_20200822_20200822_01_RT_p00187.tif,/data/heguozhen/Fire/activefire/masks/voting/LC08_L1TP_160030_20200822_20200822_01_RT_voting_p00187.tif
/data/heguozhen/Fire/activefire/images/patches/LC08_L1TP_161042_20200813_20200813_01_RT_p00115.tif,/data/heguozhen/Fire/activefire/masks/voting/LC08_L1TP_161042_20200813_20200813_01_RT_voting_p00115.tif
/data/heguozhen/Fire/activefire/images/patches/LC08_L1TP_230079_20200816_20200816_01_RT_p00261.tif,/data/heguozhen/Fire/activefire/masks/voting/LC08_L1TP_230079_20200816_20200816_01_RT_voting_p00261.tif
/data/heguozhen/Fire/activefire/images/patches/LC08_L1TP_169035_20200821_20200821_01_RT_p00453.tif,/data/heguozhen/Fire/activefire/masks/voting/LC08_L1TP_169035_20200821_20200821_01_RT_voting_p00453.tif
/data/heguozhen/Fire/activefire/images/patches/LC08_L1TP_118029_20200816_20200816_01_RT_p00219.tif,/data/heguozhen/Fire/activefire/masks/voting/LC08_L1TP_118029_20200816_20200816_01_RT_voting_p00219.tif
/data/heguozhen/Fire/activefire/images/patches/LC08_L1TP_160075_20200822_20200822_01_RT_p00796.tif,/data/heguozhen/Fire/activefire/masks/voting/LC08_L1TP_160075_20200822_20200822_01_RT_voting_p00796.tif
/data/heguozhen/Fire/activefire/images/patches/LC08_L1TP_224079_20200806_20200807_01_RT_p00816.tif,/data/heguozhen/Fire/activefire/masks/voting/LC08_L1TP_224079_20200806_20200807_01_RT_voting_p00816.tif
/data/heguozhen/Fire/activefire/images/patches/LC08_L1TP_175069_20200815_20200815_01_RT_p00550.tif,/data/heguozhen/Fire/activefire/masks/voting/LC08_L1TP_175069_20200815_20200815_01_RT_voting_p00550.tif
/data/heguozhen/Fire/activefire/images/patches/LC08_L1TP_166069_20200816_20200816_01_RT_p00450.tif,/data/heguozhen/Fire/activefire/masks/voting/LC08_L1TP_166069_20200816_20200816_01_RT_voting_p00450.tif
/data/heguozhen/Fire/activefire/images/patches/LC08_L1TP_172070_20200810_20200810_01_RT_p00207.tif,/data/heguozhen/Fire/activefire/masks/voting/LC08_L1TP_172070_20200810_20200810_01_RT_voting_p00207.tif
/data/heguozhen/Fire/activefire/images/patches/LC08_L1TP_170070_20200812_20200812_01_RT_p00583.tif,/data/heguozhen/Fire/activefire/masks/voting/LC08_L1TP_170070_20200812_20200812_01_RT_voting_p00583.tif
/data/heguozhen/Fire/activefire/images/patches/LC08_L1TP_124037_20200810_20200810_01_RT_p00377.tif,/data/heguozhen/Fire/activefire/masks/voting/LC08_L1TP_124037_20200810_20200810_01_RT_voting_p00377.tif
/data/heguozhen/Fire/activefire/images/patches/LC08_L1TP_179067_20200811_20200811_01_RT_p00461.tif,/data/heguozhen/Fire/activefire/masks/voting/LC08_L1TP_179067_20200811_20200811_01_RT_voting_p00461.tif
/data/heguozhen/Fire/activefire/images/patches/LC08_L1TP_174066_20200808_20200808_01_RT_p00740.tif,/data/heguozhen/Fire/activefire/masks/voting/LC08_L1TP_174066_20200808_20200808_01_RT_voting_p00740.tif
/data/heguozhen/Fire/activefire/images/patches/LC08_L1TP_126031_20200824_20200824_01_RT_p00876.tif,/data/heguozhen/Fire/activefire/masks/voting/LC08_L1TP_126031_20200824_20200824_01_RT_voting_p00876.tif
/data/heguozhen/Fire/activefire/images/patches/LC08_L1TP_124035_20200826_20200826_01_RT_p00501.tif,/data/heguozhen/Fire/activefire/masks/voting/LC08_L1TP_124035_20200826_20200826_01_RT_voting_p00501.tif
/data/heguozhen/Fire/activefire/images/patches/LC08_L1TP_173070_20200817_20200817_01_RT_p00492.tif,/data/heguozhen/Fire/activefire/masks/voting/LC08_L1TP_173070_20200817_20200817_01_RT_voting_p00492.tif
/data/heguozhen/Fire/activefire/images/patches/LC08_L1TP_096065_20200822_20200822_01_RT_p00077.tif,/data/heguozhen/Fire/activefire/masks/voting/LC08_L1TP_096065_20200822_20200822_01_RT_voting_p00077.tif
/data/heguozhen/Fire/activefire/images/patches/LC08_L1TP_182061_20200816_20200816_01_RT_p00224.tif,/data/heguozhen/Fire/activefire/masks/voting/LC08_L1TP_182061_20200816_20200816_01_RT_voting_p00224.tif
/data/heguozhen/Fire/activefire/images/patches/LC08_L1TP_126033_20200824_20200824_01_RT_p00313.tif,/data/heguozhen/Fire/activefire/masks/voting/LC08_L1TP_126033_20200824_20200824_01_RT_voting_p00313.tif
/data/heguozhen/Fire/activefire/images/patches/LC08_L1TP_170071_20200812_20200812_01_RT_p00505.tif,/data/heguozhen/Fire/activefire/masks/voting/LC08_L1TP_170071_20200812_20200812_01_RT_voting_p00505.tif
/data/heguozhen/Fire/activefire/images/patches/LC08_L1TP_136018_20200830_20200830_01_RT_p00202.tif,/data/heguozhen/Fire/activefire/masks/voting/LC08_L1TP_136018_20200830_20200830_01_RT_voting_p00202.tif
/data/heguozhen/Fire/activefire/images/patches/LC08_L1TP_175070_20200815_20200815_01_RT_p00733.tif,/data/heguozhen/Fire/activefire/masks/voting/LC08_L1TP_175070_20200815_20200815_01_RT_voting_p00733.tif
/data/heguozhen/Fire/activefire/images/patches/LC08_L1TP_174069_20200808_20200808_01_RT_p00644.tif,/data/heguozhen/Fire/activefire/masks/voting/LC08_L1TP_174069_20200808_20200808_01_RT_voting_p00644.tif
/data/heguozhen/Fire/activefire/images/patches/LC08_L1TP_158076_20200808_20200808_01_RT_p00322.tif,/data/heguozhen/Fire/activefire/masks/voting/LC08_L1TP_158076_20200808_20200808_01_RT_voting_p00322.tif
/data/heguozhen/Fire/activefire/images/patches/LC08_L1TP_118028_20200816_20200816_01_RT_p00276.tif,/data/heguozhen/Fire/activefire/masks/voting/LC08_L1TP_118028_20200816_20200816_01_RT_voting_p00276.tif
/data/heguozhen/Fire/activefire/images/patches/LC08_L1TP_181063_20200809_20200809_01_RT_p00251.tif,/data/heguozhen/Fire/activefire/masks/voting/LC08_L1TP_181063_20200809_20200809_01_RT_voting_p00251.tif
/data/heguozhen/Fire/activefire/images/patches/LC08_L1TP_175034_20200815_20200815_01_RT_p00739.tif,/data/heguozhen/Fire/activefire/masks/voting/LC08_L1TP_175034_20200815_20200815_01_RT_voting_p00739.tif
/data/heguozhen/Fire/activefire/images/patches/LC08_L1TP_220070_20200810_20200810_01_RT_p00701.tif,/data/heguozhen/Fire/activefire/masks/voting/LC08_L1TP_220070_20200810_20200810_01_RT_voting_p00701.tif
/data/heguozhen/Fire/activefire/images/patches/LC08_L1TP_173068_20200817_20200817_01_RT_p00522.tif,/data/heguozhen/Fire/activefire/masks/voting/LC08_L1TP_173068_20200817_20200817_01_RT_voting_p00522.tif
/data/heguozhen/Fire/activefire/images/patches/LC08_L1GT_175025_20200815_20200815_01_RT_p00521.tif,/data/heguozhen/Fire/activefire/masks/voting/LC08_L1GT_175025_20200815_20200815_01_RT_voting_p00521.tif
/data/heguozhen/Fire/activefire/images/patches/LC08_L1TP_174066_20200808_20200808_01_RT_p00618.tif,/data/heguozhen/Fire/activefire/masks/voting/LC08_L1TP_174066_20200808_20200808_01_RT_voting_p00618.tif
/data/heguozhen/Fire/activefire/images/patches/LC08_L1TP_220080_20200810_20200810_01_RT_p00147.tif,/data/heguozhen/Fire/activefire/masks/voting/LC08_L1TP_220080_20200810_20200810_01_RT_voting_p00147.tif
/data/heguozhen/Fire/activefire/images/patches/LC08_L1TP_181065_20200809_20200809_01_RT_p00324.tif,/data/heguozhen/Fire/activefire/masks/voting/LC08_L1TP_181065_20200809_20200809_01_RT_voting_p00324.tif
/data/heguozhen/Fire/activefire/images/patches/LC08_L1TP_092089_20200810_20200810_01_RT_p00812.tif,/data/heguozhen/Fire/activefire/masks/voting/LC08_L1TP_092089_20200810_20200810_01_RT_voting_p00812.tif
/data/heguozhen/Fire/activefire/images/patches/LC08_L1TP_119028_20200823_20200823_01_RT_p00813.tif,/data/heguozhen/Fire/activefire/masks/voting/LC08_L1TP_119028_20200823_20200823_01_RT_voting_p00813.tif
/data/heguozhen/Fire/activefire/images/patches/LC08_L1TP_001053_20200828_20200828_01_RT_p00111.tif,/data/heguozhen/Fire/activefire/masks/voting/LC08_L1TP_001053_20200828_20200828_01_RT_voting_p00111.tif
/data/heguozhen/Fire/activefire/images/patches/LC08_L1TP_182062_20200816_20200816_01_RT_p00167.tif,/data/heguozhen/Fire/activefire/masks/voting/LC08_L1TP_182062_20200816_20200816_01_RT_voting_p00167.tif
/data/heguozhen/Fire/activefire/images/patches/LC08_L1TP_172063_20200810_20200810_01_RT_p00539.tif,/data/heguozhen/Fire/activefire/masks/voting/LC08_L1TP_172063_20200810_20200810_01_RT_voting_p00539.tif
/data/heguozhen/Fire/activefire/images/patches/LC08_L1TP_165067_20200809_20200809_01_RT_p00579.tif,/data/heguozhen/Fire/activefire/masks/voting/LC08_L1TP_165067_20200809_20200809_01_RT_voting_p00579.tif
/data/heguozhen/Fire/activefire/images/patches/LC08_L1TP_126046_20200824_20200824_01_RT_p00264.tif,/data/heguozhen/Fire/activefire/masks/voting/LC08_L1TP_126046_20200824_20200824_01_RT_voting_p00264.tif
/data/heguozhen/Fire/activefire/images/patches/LC08_L1TP_169082_20200821_20200821_01_RT_p00470.tif,/data/heguozhen/Fire/activefire/masks/voting/LC08_L1TP_169082_20200821_20200821_01_RT_voting_p00470.tif
/data/heguozhen/Fire/activefire/images/patches/LC08_L1TP_154031_20200812_20200812_01_RT_p00740.tif,/data/heguozhen/Fire/activefire/masks/voting/LC08_L1TP_154031_20200812_20200812_01_RT_voting_p00740.tif
/data/heguozhen/Fire/activefire/images/patches/LC08_L1TP_230066_20200816_20200816_01_RT_p00362.tif,/data/heguozhen/Fire/activefire/masks/voting/LC08_L1TP_230066_20200816_20200816_01_RT_voting_p00362.tif
/data/heguozhen/Fire/activefire/images/patches/LC08_L1TP_121027_20200821_20200821_01_RT_p00566.tif,/data/heguozhen/Fire/activefire/masks/voting/LC08_L1TP_121027_20200821_20200821_01_RT_voting_p00566.tif
/data/heguozhen/Fire/activefire/images/patches/LC08_L1TP_117017_20200809_20200809_01_RT_p00467.tif,/data/heguozhen/Fire/activefire/masks/voting/LC08_L1TP_117017_20200809_20200809_01_RT_voting_p00467.tif
/data/heguozhen/Fire/activefire/images/patches/LC08_L1TP_143029_20200815_20200815_01_RT_p00492.tif,/data/heguozhen/Fire/activefire/masks/voting/LC08_L1TP_143029_20200815_20200815_01_RT_voting_p00492.tif
/data/heguozhen/Fire/activefire/images/patches/LC08_L1TP_121029_20200821_20200821_01_RT_p00936.tif,/data/heguozhen/Fire/activefire/masks/voting/LC08_L1TP_121029_20200821_20200821_01_RT_voting_p00936.tif
/data/heguozhen/Fire/activefire/images/patches/LC08_L1TP_170070_20200812_20200812_01_RT_p00367.tif,/data/heguozhen/Fire/activefire/masks/voting/LC08_L1TP_170070_20200812_20200812_01_RT_voting_p00367.tif
/data/heguozhen/Fire/activefire/images/patches/LC08_L1TP_222067_20200808_20200808_01_RT_p00420.tif,/data/heguozhen/Fire/activefire/masks/voting/LC08_L1TP_222067_20200808_20200808_01_RT_voting_p00420.tif
/data/heguozhen/Fire/activefire/images/patches/LC08_L1TP_128013_20200822_20200822_01_RT_p00196.tif,/data/heguozhen/Fire/activefire/masks/voting/LC08_L1TP_128013_20200822_20200822_01_RT_voting_p00196.tif
/data/heguozhen/Fire/activefire/images/patches/LC08_L1TP_166067_20200816_20200816_01_RT_p00450.tif,/data/heguozhen/Fire/activefire/masks/voting/LC08_L1TP_166067_20200816_20200816_01_RT_voting_p00450.tif
/data/heguozhen/Fire/activefire/images/patches/LC08_L1TP_163026_20200811_20200811_01_RT_p00303.tif,/data/heguozhen/Fire/activefire/masks/voting/LC08_L1TP_163026_20200811_20200811_01_RT_voting_p00303.tif
/data/heguozhen/Fire/activefire/images/patches/LC08_L1TP_179066_20200811_20200811_01_RT_p00507.tif,/data/heguozhen/Fire/activefire/masks/voting/LC08_L1TP_179066_20200811_20200811_01_RT_voting_p00507.tif
/data/heguozhen/Fire/activefire/images/patches/LC08_L1TP_133018_20200809_20200809_01_RT_p00280.tif,/data/heguozhen/Fire/activefire/masks/voting/LC08_L1TP_133018_20200809_20200809_01_RT_voting_p00280.tif
/data/heguozhen/Fire/activefire/images/patches/LC08_L1TP_227078_20200811_20200811_01_RT_p00635.tif,/data/heguozhen/Fire/activefire/masks/voting/LC08_L1TP_227078_20200811_20200811_01_RT_voting_p00635.tif
/data/heguozhen/Fire/activefire/images/patches/LC08_L1TP_175068_20200815_20200815_01_RT_p00604.tif,/data/heguozhen/Fire/activefire/masks/voting/LC08_L1TP_175068_20200815_20200815_01_RT_voting_p00604.tif
/data/heguozhen/Fire/activefire/images/patches/LC08_L1TP_152032_20200814_20200814_01_RT_p00347.tif,/data/heguozhen/Fire/activefire/masks/voting/LC08_L1TP_152032_20200814_20200814_01_RT_voting_p00347.tif
/data/heguozhen/Fire/activefire/images/patches/LC08_L1TP_172070_20200810_20200810_01_RT_p00177.tif,/data/heguozhen/Fire/activefire/masks/voting/LC08_L1TP_172070_20200810_20200810_01_RT_voting_p00177.tif
/data/heguozhen/Fire/activefire/images/patches/LC08_L1TP_121059_20200821_20200821_01_RT_p00399.tif,/data/heguozhen/Fire/activefire/masks/voting/LC08_L1TP_121059_20200821_20200821_01_RT_voting_p00399.tif
/data/heguozhen/Fire/activefire/images/patches/LC08_L1TP_170069_20200812_20200812_01_RT_p00523.tif,/data/heguozhen/Fire/activefire/masks/voting/LC08_L1TP_170069_20200812_20200812_01_RT_voting_p00523.tif
/data/heguozhen/Fire/activefire/images/patches/LC08_L1TP_170070_20200812_20200812_01_RT_p00255.tif,/data/heguozhen/Fire/activefire/masks/voting/LC08_L1TP_170070_20200812_20200812_01_RT_voting_p00255.tif
/data/heguozhen/Fire/activefire/images/patches/LC08_L1TP_007047_20200806_20200807_01_RT_p00200.tif,/data/heguozhen/Fire/activefire/masks/voting/LC08_L1TP_007047_20200806_20200807_01_RT_voting_p00200.tif
/data/heguozhen/Fire/activefire/images/patches/LC08_L1TP_170067_20200812_20200812_01_RT_p00595.tif,/data/heguozhen/Fire/activefire/masks/voting/LC08_L1TP_170067_20200812_20200812_01_RT_voting_p00595.tif
/data/heguozhen/Fire/activefire/images/patches/LC08_L1TP_124034_20200826_20200826_01_RT_p00303.tif,/data/heguozhen/Fire/activefire/masks/voting/LC08_L1TP_124034_20200826_20200826_01_RT_voting_p00303.tif
/data/heguozhen/Fire/activefire/images/patches/LC08_L1TP_166069_20200816_20200816_01_RT_p00368.tif,/data/heguozhen/Fire/activefire/masks/voting/LC08_L1TP_166069_20200816_20200816_01_RT_voting_p00368.tif
/data/heguozhen/Fire/activefire/images/patches/LC08_L1TP_175067_20200815_20200815_01_RT_p00490.tif,/data/heguozhen/Fire/activefire/masks/voting/LC08_L1TP_175067_20200815_20200815_01_RT_voting_p00490.tif
/data/heguozhen/Fire/activefire/images/patches/LC08_L1TP_173070_20200817_20200817_01_RT_p00374.tif,/data/heguozhen/Fire/activefire/masks/voting/LC08_L1TP_173070_20200817_20200817_01_RT_voting_p00374.tif
/data/heguozhen/Fire/activefire/images/patches/LC08_L1TP_170083_20200812_20200812_01_RT_p00817.tif,/data/heguozhen/Fire/activefire/masks/voting/LC08_L1TP_170083_20200812_20200812_01_RT_voting_p00817.tif
/data/heguozhen/Fire/activefire/images/patches/LC08_L1TP_131042_20200827_20200827_01_RT_p00513.tif,/data/heguozhen/Fire/activefire/masks/voting/LC08_L1TP_131042_20200827_20200827_01_RT_voting_p00513.tif
/data/heguozhen/Fire/activefire/images/patches/LC08_L1TP_166064_20200816_20200816_01_RT_p00142.tif,/data/heguozhen/Fire/activefire/masks/voting/LC08_L1TP_166064_20200816_20200816_01_RT_voting_p00142.tif
/data/heguozhen/Fire/activefire/images/patches/LC08_L1TP_202023_20200812_20200812_01_RT_p00738.tif,/data/heguozhen/Fire/activefire/masks/voting/LC08_L1TP_202023_20200812_20200812_01_RT_voting_p00738.tif
/data/heguozhen/Fire/activefire/images/patches/LC08_L1TP_220064_20200810_20200810_01_RT_p00425.tif,/data/heguozhen/Fire/activefire/masks/voting/LC08_L1TP_220064_20200810_20200810_01_RT_voting_p00425.tif
/data/heguozhen/Fire/activefire/images/patches/LC08_L1TP_024039_20200813_20200813_01_RT_p00630.tif,/data/heguozhen/Fire/activefire/masks/voting/LC08_L1TP_024039_20200813_20200813_01_RT_voting_p00630.tif
/data/heguozhen/Fire/activefire/images/patches/LC08_L1TP_170068_20200812_20200812_01_RT_p00270.tif,/data/heguozhen/Fire/activefire/masks/voting/LC08_L1TP_170068_20200812_20200812_01_RT_voting_p00270.tif
/data/heguozhen/Fire/activefire/images/patches/LC08_L1TP_166043_20200816_20200816_01_RT_p00760.tif,/data/heguozhen/Fire/activefire/masks/voting/LC08_L1TP_166043_20200816_20200816_01_RT_voting_p00760.tif
/data/heguozhen/Fire/activefire/images/patches/LC08_L1TP_182063_20200816_20200816_01_RT_p00663.tif,/data/heguozhen/Fire/activefire/masks/voting/LC08_L1TP_182063_20200816_20200816_01_RT_voting_p00663.tif
/data/heguozhen/Fire/activefire/images/patches/LC08_L1TP_099069_20200811_20200811_01_RT_p00666.tif,/data/heguozhen/Fire/activefire/masks/voting/LC08_L1TP_099069_20200811_20200811_01_RT_voting_p00666.tif
/data/heguozhen/Fire/activefire/images/patches/LC08_L1TP_135018_20200823_20200823_01_RT_p00263.tif,/data/heguozhen/Fire/activefire/masks/voting/LC08_L1TP_135018_20200823_20200823_01_RT_voting_p00263.tif
/data/heguozhen/Fire/activefire/images/patches/LC08_L1TP_173071_20200817_20200817_01_RT_p00569.tif,/data/heguozhen/Fire/activefire/masks/voting/LC08_L1TP_173071_20200817_20200817_01_RT_voting_p00569.tif
/data/heguozhen/Fire/activefire/images/patches/LC08_L1TP_170069_20200812_20200812_01_RT_p00738.tif,/data/heguozhen/Fire/activefire/masks/voting/LC08_L1TP_170069_20200812_20200812_01_RT_voting_p00738.tif
/data/heguozhen/Fire/activefire/images/patches/LC08_L1TP_172066_20200810_20200810_01_RT_p00193.tif,/data/heguozhen/Fire/activefire/masks/voting/LC08_L1TP_172066_20200810_20200810_01_RT_voting_p00193.tif
/data/heguozhen/Fire/activefire/images/patches/LC08_L1TP_137018_20200821_20200821_01_RT_p00618.tif,/data/heguozhen/Fire/activefire/masks/voting/LC08_L1TP_137018_20200821_20200821_01_RT_voting_p00618.tif
/data/heguozhen/Fire/activefire/images/patches/LC08_L1TP_135014_20200823_20200823_01_RT_p00792.tif,/data/heguozhen/Fire/activefire/masks/voting/LC08_L1TP_135014_20200823_20200823_01_RT_voting_p00792.tif
/data/heguozhen/Fire/activefire/images/patches/LC08_L1TP_160074_20200822_20200822_01_RT_p00231.tif,/data/heguozhen/Fire/activefire/masks/voting/LC08_L1TP_160074_20200822_20200822_01_RT_voting_p00231.tif
/data/heguozhen/Fire/activefire/images/patches/LC08_L1TP_121027_20200821_20200821_01_RT_p00845.tif,/data/heguozhen/Fire/activefire/masks/voting/LC08_L1TP_121027_20200821_20200821_01_RT_voting_p00845.tif
/data/heguozhen/Fire/activefire/images/patches/LC08_L1TP_175026_20200815_20200815_01_RT_p00214.tif,/data/heguozhen/Fire/activefire/masks/voting/LC08_L1TP_175026_20200815_20200815_01_RT_voting_p00214.tif
/data/heguozhen/Fire/activefire/images/patches/LC08_L1TP_175071_20200815_20200815_01_RT_p00486.tif,/data/heguozhen/Fire/activefire/masks/voting/LC08_L1TP_175071_20200815_20200815_01_RT_voting_p00486.tif
/data/heguozhen/Fire/activefire/images/patches/LC08_L1TP_173070_20200817_20200817_01_RT_p00213.tif,/data/heguozhen/Fire/activefire/masks/voting/LC08_L1TP_173070_20200817_20200817_01_RT_voting_p00213.tif
/data/heguozhen/Fire/activefire/images/patches/LC08_L1TP_170069_20200812_20200812_01_RT_p00759.tif,/data/heguozhen/Fire/activefire/masks/voting/LC08_L1TP_170069_20200812_20200812_01_RT_voting_p00759.tif
/data/heguozhen/Fire/activefire/images/patches/LC08_L1TP_139014_20200819_20200819_01_RT_p01066.tif,/data/heguozhen/Fire/activefire/masks/voting/LC08_L1TP_139014_20200819_20200819_01_RT_voting_p01066.tif
/data/heguozhen/Fire/activefire/images/patches/LC08_L1TP_154032_20200828_20200828_01_RT_p00792.tif,/data/heguozhen/Fire/activefire/masks/voting/LC08_L1TP_154032_20200828_20200828_01_RT_voting_p00792.tif
/data/heguozhen/Fire/activefire/images/patches/LC08_L1TP_173064_20200817_20200817_01_RT_p00116.tif,/data/heguozhen/Fire/activefire/masks/voting/LC08_L1TP_173064_20200817_20200817_01_RT_voting_p00116.tif
/data/heguozhen/Fire/activefire/images/patches/LC08_L1TP_227078_20200811_20200811_01_RT_p00698.tif,/data/heguozhen/Fire/activefire/masks/voting/LC08_L1TP_227078_20200811_20200811_01_RT_voting_p00698.tif
/data/heguozhen/Fire/activefire/images/patches/LC08_L1TP_220080_20200810_20200810_01_RT_p00378.tif,/data/heguozhen/Fire/activefire/masks/voting/LC08_L1TP_220080_20200810_20200810_01_RT_voting_p00378.tif
/data/heguozhen/Fire/activefire/images/patches/LC08_L1TP_128038_20200822_20200822_01_RT_p00796.tif,/data/heguozhen/Fire/activefire/masks/voting/LC08_L1TP_128038_20200822_20200822_01_RT_voting_p00796.tif
/data/heguozhen/Fire/activefire/images/patches/LC08_L1TP_181065_20200809_20200809_01_RT_p00231.tif,/data/heguozhen/Fire/activefire/masks/voting/LC08_L1TP_181065_20200809_20200809_01_RT_voting_p00231.tif
/data/heguozhen/Fire/activefire/images/patches/LC08_L1TP_172069_20200810_20200810_01_RT_p00666.tif,/data/heguozhen/Fire/activefire/masks/voting/LC08_L1TP_172069_20200810_20200810_01_RT_voting_p00666.tif
/data/heguozhen/Fire/activefire/images/patches/LC08_L1TP_168065_20200830_20200830_01_RT_p00785.tif,/data/heguozhen/Fire/activefire/masks/voting/LC08_L1TP_168065_20200830_20200830_01_RT_voting_p00785.tif
/data/heguozhen/Fire/activefire/images/patches/LC08_L1TP_136019_20200830_20200830_01_RT_p00465.tif,/data/heguozhen/Fire/activefire/masks/voting/LC08_L1TP_136019_20200830_20200830_01_RT_voting_p00465.tif
/data/heguozhen/Fire/activefire/images/patches/LC08_L1TP_122032_20200828_20200828_01_RT_p00462.tif,/data/heguozhen/Fire/activefire/masks/voting/LC08_L1TP_122032_20200828_20200828_01_RT_voting_p00462.tif
/data/heguozhen/Fire/activefire/images/patches/LC08_L1TP_190034_20200808_20200808_01_RT_p00648.tif,/data/heguozhen/Fire/activefire/masks/voting/LC08_L1TP_190034_20200808_20200808_01_RT_voting_p00648.tif
/data/heguozhen/Fire/activefire/images/patches/LC08_L1TP_173066_20200817_20200817_01_RT_p00815.tif,/data/heguozhen/Fire/activefire/masks/voting/LC08_L1TP_173066_20200817_20200817_01_RT_voting_p00815.tif
/data/heguozhen/Fire/activefire/images/patches/LC08_L1TP_175067_20200815_20200815_01_RT_p00618.tif,/data/heguozhen/Fire/activefire/masks/voting/LC08_L1TP_175067_20200815_20200815_01_RT_voting_p00618.tif
/data/heguozhen/Fire/activefire/images/patches/LC08_L1TP_174066_20200808_20200808_01_RT_p00585.tif,/data/heguozhen/Fire/activefire/masks/voting/LC08_L1TP_174066_20200808_20200808_01_RT_voting_p00585.tif
/data/heguozhen/Fire/activefire/images/patches/LC08_L1TP_122017_20200828_20200828_01_RT_p00899.tif,/data/heguozhen/Fire/activefire/masks/voting/LC08_L1TP_122017_20200828_20200828_01_RT_voting_p00899.tif
/data/heguozhen/Fire/activefire/images/patches/LC08_L1TP_120032_20200814_20200814_01_RT_p00908.tif,/data/heguozhen/Fire/activefire/masks/voting/LC08_L1TP_120032_20200814_20200814_01_RT_voting_p00908.tif
/data/heguozhen/Fire/activefire/images/patches/LC08_L1TP_117016_20200809_20200809_01_RT_p00575.tif,/data/heguozhen/Fire/activefire/masks/voting/LC08_L1TP_117016_20200809_20200809_01_RT_voting_p00575.tif
/data/heguozhen/Fire/activefire/images/patches/LC08_L1TP_173068_20200817_20200817_01_RT_p00136.tif,/data/heguozhen/Fire/activefire/masks/voting/LC08_L1TP_173068_20200817_20200817_01_RT_voting_p00136.tif
/data/heguozhen/Fire/activefire/images/patches/LC08_L1TP_173063_20200817_20200817_01_RT_p00545.tif,/data/heguozhen/Fire/activefire/masks/voting/LC08_L1TP_173063_20200817_20200817_01_RT_voting_p00545.tif
/data/heguozhen/Fire/activefire/images/patches/LC08_L1TP_166038_20200816_20200816_01_RT_p00252.tif,/data/heguozhen/Fire/activefire/masks/voting/LC08_L1TP_166038_20200816_20200816_01_RT_voting_p00252.tif
/data/heguozhen/Fire/activefire/images/patches/LC08_L1TP_001066_20200828_20200828_01_RT_p00399.tif,/data/heguozhen/Fire/activefire/masks/voting/LC08_L1TP_001066_20200828_20200828_01_RT_voting_p00399.tif
/data/heguozhen/Fire/activefire/images/patches/LC08_L1TP_165069_20200809_20200809_01_RT_p00352.tif,/data/heguozhen/Fire/activefire/masks/voting/LC08_L1TP_165069_20200809_20200809_01_RT_voting_p00352.tif
/data/heguozhen/Fire/activefire/images/patches/LC08_L1TP_175068_20200815_20200815_01_RT_p00721.tif,/data/heguozhen/Fire/activefire/masks/voting/LC08_L1TP_175068_20200815_20200815_01_RT_voting_p00721.tif
/data/heguozhen/Fire/activefire/images/patches/LC08_L1TP_122013_20200828_20200828_01_RT_p00568.tif,/data/heguozhen/Fire/activefire/masks/voting/LC08_L1TP_122013_20200828_20200828_01_RT_voting_p00568.tif
/data/heguozhen/Fire/activefire/images/patches/LC08_L1TP_166066_20200816_20200816_01_RT_p00284.tif,/data/heguozhen/Fire/activefire/masks/voting/LC08_L1TP_166066_20200816_20200816_01_RT_voting_p00284.tif
/data/heguozhen/Fire/activefire/images/patches/LC08_L1TP_173071_20200817_20200817_01_RT_p00659.tif,/data/heguozhen/Fire/activefire/masks/voting/LC08_L1TP_173071_20200817_20200817_01_RT_voting_p00659.tif
/data/heguozhen/Fire/activefire/images/patches/LC08_L1TP_173068_20200817_20200817_01_RT_p00769.tif,/data/heguozhen/Fire/activefire/masks/voting/LC08_L1TP_173068_20200817_20200817_01_RT_voting_p00769.tif
/data/heguozhen/Fire/activefire/images/patches/LC08_L1TP_170066_20200812_20200812_01_RT_p00699.tif,/data/heguozhen/Fire/activefire/masks/voting/LC08_L1TP_170066_20200812_20200812_01_RT_voting_p00699.tif
/data/heguozhen/Fire/activefire/images/patches/LC08_L1TP_169077_20200821_20200821_01_RT_p00294.tif,/data/heguozhen/Fire/activefire/masks/voting/LC08_L1TP_169077_20200821_20200821_01_RT_voting_p00294.tif
/data/heguozhen/Fire/activefire/images/patches/LC08_L1TP_133015_20200825_20200825_01_RT_p00343.tif,/data/heguozhen/Fire/activefire/masks/voting/LC08_L1TP_133015_20200825_20200825_01_RT_voting_p00343.tif
/data/heguozhen/Fire/activefire/images/patches/LC08_L1TP_131035_20200811_20200811_01_RT_p00500.tif,/data/heguozhen/Fire/activefire/masks/voting/LC08_L1TP_131035_20200811_20200811_01_RT_voting_p00500.tif
/data/heguozhen/Fire/activefire/images/patches/LC08_L1TP_169070_20200821_20200821_01_RT_p00459.tif,/data/heguozhen/Fire/activefire/masks/voting/LC08_L1TP_169070_20200821_20200821_01_RT_voting_p00459.tif
/data/heguozhen/Fire/activefire/images/patches/LC08_L1TP_175072_20200815_20200815_01_RT_p00479.tif,/data/heguozhen/Fire/activefire/masks/voting/LC08_L1TP_175072_20200815_20200815_01_RT_voting_p00479.tif
/data/heguozhen/Fire/activefire/images/patches/LC08_L1TP_168061_20200830_20200830_01_RT_p00632.tif,/data/heguozhen/Fire/activefire/masks/voting/LC08_L1TP_168061_20200830_20200830_01_RT_voting_p00632.tif
/data/heguozhen/Fire/activefire/images/patches/LC08_L1TP_189031_20200817_20200817_01_RT_p00486.tif,/data/heguozhen/Fire/activefire/masks/voting/LC08_L1TP_189031_20200817_20200817_01_RT_voting_p00486.tif
/data/heguozhen/Fire/activefire/images/patches/LC08_L1TP_224079_20200806_20200807_01_RT_p00334.tif,/data/heguozhen/Fire/activefire/masks/voting/LC08_L1TP_224079_20200806_20200807_01_RT_voting_p00334.tif
/data/heguozhen/Fire/activefire/images/patches/LC08_L1TP_125052_20200817_20200817_01_RT_p00490.tif,/data/heguozhen/Fire/activefire/masks/voting/LC08_L1TP_125052_20200817_20200817_01_RT_voting_p00490.tif
/data/heguozhen/Fire/activefire/images/patches/LC08_L1TP_123025_20200819_20200819_01_RT_p00507.tif,/data/heguozhen/Fire/activefire/masks/voting/LC08_L1TP_123025_20200819_20200819_01_RT_voting_p00507.tif
/data/heguozhen/Fire/activefire/images/patches/LC08_L1TP_181060_20200809_20200809_01_RT_p00113.tif,/data/heguozhen/Fire/activefire/masks/voting/LC08_L1TP_181060_20200809_20200809_01_RT_voting_p00113.tif
/data/heguozhen/Fire/activefire/images/patches/LC08_L1TP_175071_20200815_20200815_01_RT_p00570.tif,/data/heguozhen/Fire/activefire/masks/voting/LC08_L1TP_175071_20200815_20200815_01_RT_voting_p00570.tif
/data/heguozhen/Fire/activefire/images/patches/LC08_L1TP_121031_20200821_20200821_01_RT_p00360.tif,/data/heguozhen/Fire/activefire/masks/voting/LC08_L1TP_121031_20200821_20200821_01_RT_voting_p00360.tif
/data/heguozhen/Fire/activefire/images/patches/LC08_L1TP_173068_20200817_20200817_01_RT_p00613.tif,/data/heguozhen/Fire/activefire/masks/voting/LC08_L1TP_173068_20200817_20200817_01_RT_voting_p00613.tif
/data/heguozhen/Fire/activefire/images/patches/LC08_L1TP_167065_20200823_20200823_01_RT_p00711.tif,/data/heguozhen/Fire/activefire/masks/voting/LC08_L1TP_167065_20200823_20200823_01_RT_voting_p00711.tif
/data/heguozhen/Fire/activefire/images/patches/LC08_L1TP_173064_20200817_20200817_01_RT_p00361.tif,/data/heguozhen/Fire/activefire/masks/voting/LC08_L1TP_173064_20200817_20200817_01_RT_voting_p00361.tif
/data/heguozhen/Fire/activefire/images/patches/LC08_L1TP_173062_20200817_20200817_01_RT_p00453.tif,/data/heguozhen/Fire/activefire/masks/voting/LC08_L1TP_173062_20200817_20200817_01_RT_voting_p00453.tif
/data/heguozhen/Fire/activefire/images/patches/LC08_L1TP_181062_20200809_20200809_01_RT_p00556.tif,/data/heguozhen/Fire/activefire/masks/voting/LC08_L1TP_181062_20200809_20200809_01_RT_voting_p00556.tif
/data/heguozhen/Fire/activefire/images/patches/LC08_L1TP_118028_20200816_20200816_01_RT_p00432.tif,/data/heguozhen/Fire/activefire/masks/voting/LC08_L1TP_118028_20200816_20200816_01_RT_voting_p00432.tif
/data/heguozhen/Fire/activefire/images/patches/LC08_L1TP_001067_20200812_20200812_01_RT_p00150.tif,/data/heguozhen/Fire/activefire/masks/voting/LC08_L1TP_001067_20200812_20200812_01_RT_voting_p00150.tif
/data/heguozhen/Fire/activefire/images/patches/LC08_L1TP_174066_20200808_20200808_01_RT_p00612.tif,/data/heguozhen/Fire/activefire/masks/voting/LC08_L1TP_174066_20200808_20200808_01_RT_voting_p00612.tif
/data/heguozhen/Fire/activefire/images/patches/LC08_L1TP_008065_20200829_20200829_01_RT_p00507.tif,/data/heguozhen/Fire/activefire/masks/voting/LC08_L1TP_008065_20200829_20200829_01_RT_voting_p00507.tif
/data/heguozhen/Fire/activefire/images/patches/LC08_L1TP_138017_20200828_20200828_01_RT_p00688.tif,/data/heguozhen/Fire/activefire/masks/voting/LC08_L1TP_138017_20200828_20200828_01_RT_voting_p00688.tif
/data/heguozhen/Fire/activefire/images/patches/LC08_L1TP_119065_20200823_20200823_01_RT_p00797.tif,/data/heguozhen/Fire/activefire/masks/voting/LC08_L1TP_119065_20200823_20200823_01_RT_voting_p00797.tif
/data/heguozhen/Fire/activefire/images/patches/LC08_L1TP_227071_20200811_20200811_01_RT_p00556.tif,/data/heguozhen/Fire/activefire/masks/voting/LC08_L1TP_227071_20200811_20200811_01_RT_voting_p00556.tif
/data/heguozhen/Fire/activefire/images/patches/LC08_L1TP_025047_20200820_20200820_01_RT_p00821.tif,/data/heguozhen/Fire/activefire/masks/voting/LC08_L1TP_025047_20200820_20200820_01_RT_voting_p00821.tif
/data/heguozhen/Fire/activefire/images/patches/LC08_L1TP_173027_20200817_20200817_01_RT_p00160.tif,/data/heguozhen/Fire/activefire/masks/voting/LC08_L1TP_173027_20200817_20200817_01_RT_voting_p00160.tif
/data/heguozhen/Fire/activefire/images/patches/LC08_L1TP_170066_20200812_20200812_01_RT_p00386.tif,/data/heguozhen/Fire/activefire/masks/voting/LC08_L1TP_170066_20200812_20200812_01_RT_voting_p00386.tif
/data/heguozhen/Fire/activefire/images/patches/LC08_L1TP_124033_20200826_20200826_01_RT_p00444.tif,/data/heguozhen/Fire/activefire/masks/voting/LC08_L1TP_124033_20200826_20200826_01_RT_voting_p00444.tif
/data/heguozhen/Fire/activefire/images/patches/LC08_L1TP_175071_20200815_20200815_01_RT_p00584.tif,/data/heguozhen/Fire/activefire/masks/voting/LC08_L1TP_175071_20200815_20200815_01_RT_voting_p00584.tif
/data/heguozhen/Fire/activefire/images/patches/LC08_L1TP_133048_20200809_20200809_01_RT_p00796.tif,/data/heguozhen/Fire/activefire/masks/voting/LC08_L1TP_133048_20200809_20200809_01_RT_voting_p00796.tif
/data/heguozhen/Fire/activefire/images/patches/LC08_L1TP_172069_20200810_20200810_01_RT_p00596.tif,/data/heguozhen/Fire/activefire/masks/voting/LC08_L1TP_172069_20200810_20200810_01_RT_voting_p00596.tif
/data/heguozhen/Fire/activefire/images/patches/LC08_L1TP_175071_20200815_20200815_01_RT_p00581.tif,/data/heguozhen/Fire/activefire/masks/voting/LC08_L1TP_175071_20200815_20200815_01_RT_voting_p00581.tif
/data/heguozhen/Fire/activefire/images/patches/LC08_L1TP_218069_20200812_20200812_01_RT_p00250.tif,/data/heguozhen/Fire/activefire/masks/voting/LC08_L1TP_218069_20200812_20200812_01_RT_voting_p00250.tif
/data/heguozhen/Fire/activefire/images/patches/LC08_L1TP_168073_20200830_20200830_01_RT_p00631.tif,/data/heguozhen/Fire/activefire/masks/voting/LC08_L1TP_168073_20200830_20200830_01_RT_voting_p00631.tif
/data/heguozhen/Fire/activefire/images/patches/LC08_L1TP_179068_20200811_20200811_01_RT_p00459.tif,/data/heguozhen/Fire/activefire/masks/voting/LC08_L1TP_179068_20200811_20200811_01_RT_voting_p00459.tif
/data/heguozhen/Fire/activefire/images/patches/LC08_L1TP_173066_20200817_20200817_01_RT_p00693.tif,/data/heguozhen/Fire/activefire/masks/voting/LC08_L1TP_173066_20200817_20200817_01_RT_voting_p00693.tif
/data/heguozhen/Fire/activefire/images/patches/LC08_L1TP_172023_20200810_20200810_01_RT_p00217.tif,/data/heguozhen/Fire/activefire/masks/voting/LC08_L1TP_172023_20200810_20200810_01_RT_voting_p00217.tif
/data/heguozhen/Fire/activefire/images/patches/LC08_L1TP_173069_20200817_20200817_01_RT_p00667.tif,/data/heguozhen/Fire/activefire/masks/voting/LC08_L1TP_173069_20200817_20200817_01_RT_voting_p00667.tif
/data/heguozhen/Fire/activefire/images/patches/LC08_L1TP_217066_20200821_20200821_01_RT_p00760.tif,/data/heguozhen/Fire/activefire/masks/voting/LC08_L1TP_217066_20200821_20200821_01_RT_voting_p00760.tif
/data/heguozhen/Fire/activefire/images/patches/LC08_L1TP_173066_20200817_20200817_01_RT_p00282.tif,/data/heguozhen/Fire/activefire/masks/voting/LC08_L1TP_173066_20200817_20200817_01_RT_voting_p00282.tif
/data/heguozhen/Fire/activefire/images/patches/LC08_L1TP_173062_20200817_20200817_01_RT_p00515.tif,/data/heguozhen/Fire/activefire/masks/voting/LC08_L1TP_173062_20200817_20200817_01_RT_voting_p00515.tif
/data/heguozhen/Fire/activefire/images/patches/LC08_L1TP_166070_20200816_20200816_01_RT_p00053.tif,/data/heguozhen/Fire/activefire/masks/voting/LC08_L1TP_166070_20200816_20200816_01_RT_voting_p00053.tif
/data/heguozhen/Fire/activefire/images/patches/LC08_L1TP_173069_20200817_20200817_01_RT_p00055.tif,/data/heguozhen/Fire/activefire/masks/voting/LC08_L1TP_173069_20200817_20200817_01_RT_voting_p00055.tif
/data/heguozhen/Fire/activefire/images/patches/LC08_L1TP_021035_20200824_20200824_01_RT_p00671.tif,/data/heguozhen/Fire/activefire/masks/voting/LC08_L1TP_021035_20200824_20200824_01_RT_voting_p00671.tif
/data/heguozhen/Fire/activefire/images/patches/LC08_L1TP_121026_20200821_20200821_01_RT_p00699.tif,/data/heguozhen/Fire/activefire/masks/voting/LC08_L1TP_121026_20200821_20200821_01_RT_voting_p00699.tif
/data/heguozhen/Fire/activefire/images/patches/LC08_L1TP_022036_20200815_20200815_01_RT_p00732.tif,/data/heguozhen/Fire/activefire/masks/voting/LC08_L1TP_022036_20200815_20200815_01_RT_voting_p00732.tif
/data/heguozhen/Fire/activefire/images/patches/LC08_L1TP_114027_20200820_20200820_01_RT_p00774.tif,/data/heguozhen/Fire/activefire/masks/voting/LC08_L1TP_114027_20200820_20200820_01_RT_voting_p00774.tif
/data/heguozhen/Fire/activefire/images/patches/LC08_L1TP_173026_20200817_20200817_01_RT_p00442.tif,/data/heguozhen/Fire/activefire/masks/voting/LC08_L1TP_173026_20200817_20200817_01_RT_voting_p00442.tif
/data/heguozhen/Fire/activefire/images/patches/LC08_L1TP_181062_20200809_20200809_01_RT_p00243.tif,/data/heguozhen/Fire/activefire/masks/voting/LC08_L1TP_181062_20200809_20200809_01_RT_voting_p00243.tif
/data/heguozhen/Fire/activefire/images/patches/LC08_L1TP_124031_20200810_20200810_01_RT_p00757.tif,/data/heguozhen/Fire/activefire/masks/voting/LC08_L1TP_124031_20200810_20200810_01_RT_voting_p00757.tif
/data/heguozhen/Fire/activefire/images/patches/LC08_L1TP_188025_20200810_20200810_01_RT_p00303.tif,/data/heguozhen/Fire/activefire/masks/voting/LC08_L1TP_188025_20200810_20200810_01_RT_voting_p00303.tif
/data/heguozhen/Fire/activefire/images/patches/LC08_L1TP_142014_20200824_20200824_01_RT_p00145.tif,/data/heguozhen/Fire/activefire/masks/voting/LC08_L1TP_142014_20200824_20200824_01_RT_voting_p00145.tif
/data/heguozhen/Fire/activefire/images/patches/LC08_L1TP_141055_20200817_20200817_01_RT_p00812.tif,/data/heguozhen/Fire/activefire/masks/voting/LC08_L1TP_141055_20200817_20200817_01_RT_voting_p00812.tif
/data/heguozhen/Fire/activefire/images/patches/LC08_L1TP_165068_20200809_20200809_01_RT_p00694.tif,/data/heguozhen/Fire/activefire/masks/voting/LC08_L1TP_165068_20200809_20200809_01_RT_voting_p00694.tif
/data/heguozhen/Fire/activefire/images/patches/LC08_L1TP_122044_20200812_20200812_01_RT_p00671.tif,/data/heguozhen/Fire/activefire/masks/voting/LC08_L1TP_122044_20200812_20200812_01_RT_voting_p00671.tif
/data/heguozhen/Fire/activefire/images/patches/LC08_L1TP_152031_20200830_20200830_01_RT_p00218.tif,/data/heguozhen/Fire/activefire/masks/voting/LC08_L1TP_152031_20200830_20200830_01_RT_voting_p00218.tif
/data/heguozhen/Fire/activefire/images/patches/LC08_L1TP_126052_20200824_20200824_01_RT_p00511.tif,/data/heguozhen/Fire/activefire/masks/voting/LC08_L1TP_126052_20200824_20200824_01_RT_voting_p00511.tif
/data/heguozhen/Fire/activefire/images/patches/LC08_L1TP_227078_20200811_20200811_01_RT_p00197.tif,/data/heguozhen/Fire/activefire/masks/voting/LC08_L1TP_227078_20200811_20200811_01_RT_voting_p00197.tif
/data/heguozhen/Fire/activefire/images/patches/LC08_L1TP_131042_20200827_20200827_01_RT_p00409.tif,/data/heguozhen/Fire/activefire/masks/voting/LC08_L1TP_131042_20200827_20200827_01_RT_voting_p00409.tif
/data/heguozhen/Fire/activefire/images/patches/LC08_L1TP_175068_20200815_20200815_01_RT_p00616.tif,/data/heguozhen/Fire/activefire/masks/voting/LC08_L1TP_175068_20200815_20200815_01_RT_voting_p00616.tif
/data/heguozhen/Fire/activefire/images/patches/LC08_L1TP_189034_20200817_20200817_01_RT_p00164.tif,/data/heguozhen/Fire/activefire/masks/voting/LC08_L1TP_189034_20200817_20200817_01_RT_voting_p00164.tif
/data/heguozhen/Fire/activefire/images/patches/LC08_L1TP_143030_20200815_20200815_01_RT_p00690.tif,/data/heguozhen/Fire/activefire/masks/voting/LC08_L1TP_143030_20200815_20200815_01_RT_voting_p00690.tif
/data/heguozhen/Fire/activefire/images/patches/LC08_L1TP_124035_20200826_20200826_01_RT_p00160.tif,/data/heguozhen/Fire/activefire/masks/voting/LC08_L1TP_124035_20200826_20200826_01_RT_voting_p00160.tif
/data/heguozhen/Fire/activefire/images/patches/LC08_L1TP_195035_20200811_20200812_01_RT_p00563.tif,/data/heguozhen/Fire/activefire/masks/voting/LC08_L1TP_195035_20200811_20200812_01_RT_voting_p00563.tif
/data/heguozhen/Fire/activefire/images/patches/LC08_L1TP_104069_20200830_20200830_01_RT_p00751.tif,/data/heguozhen/Fire/activefire/masks/voting/LC08_L1TP_104069_20200830_20200830_01_RT_voting_p00751.tif
/data/heguozhen/Fire/activefire/images/patches/LC08_L1TP_119032_20200823_20200823_01_RT_p00290.tif,/data/heguozhen/Fire/activefire/masks/voting/LC08_L1TP_119032_20200823_20200823_01_RT_voting_p00290.tif
/data/heguozhen/Fire/activefire/images/patches/LC08_L1TP_008065_20200829_20200829_01_RT_p00510.tif,/data/heguozhen/Fire/activefire/masks/voting/LC08_L1TP_008065_20200829_20200829_01_RT_voting_p00510.tif
/data/heguozhen/Fire/activefire/images/patches/LC08_L1TP_135015_20200823_20200823_01_RT_p00478.tif,/data/heguozhen/Fire/activefire/masks/voting/LC08_L1TP_135015_20200823_20200823_01_RT_voting_p00478.tif
/data/heguozhen/Fire/activefire/images/patches/LC08_L1TP_170070_20200812_20200812_01_RT_p00471.tif,/data/heguozhen/Fire/activefire/masks/voting/LC08_L1TP_170070_20200812_20200812_01_RT_voting_p00471.tif
/data/heguozhen/Fire/activefire/images/patches/LC08_L1TP_119014_20200807_20200807_01_RT_p00512.tif,/data/heguozhen/Fire/activefire/masks/voting/LC08_L1TP_119014_20200807_20200807_01_RT_voting_p00512.tif
/data/heguozhen/Fire/activefire/images/patches/LC08_L1TP_227065_20200811_20200811_01_RT_p00614.tif,/data/heguozhen/Fire/activefire/masks/voting/LC08_L1TP_227065_20200811_20200811_01_RT_voting_p00614.tif
/data/heguozhen/Fire/activefire/images/patches/LC08_L1TP_182062_20200816_20200816_01_RT_p00783.tif,/data/heguozhen/Fire/activefire/masks/voting/LC08_L1TP_182062_20200816_20200816_01_RT_voting_p00783.tif
/data/heguozhen/Fire/activefire/images/patches/LC08_L1TP_120031_20200814_20200814_01_RT_p00880.tif,/data/heguozhen/Fire/activefire/masks/voting/LC08_L1TP_120031_20200814_20200814_01_RT_voting_p00880.tif
/data/heguozhen/Fire/activefire/images/patches/LC08_L1TP_181064_20200809_20200809_01_RT_p00627.tif,/data/heguozhen/Fire/activefire/masks/voting/LC08_L1TP_181064_20200809_20200809_01_RT_voting_p00627.tif
/data/heguozhen/Fire/activefire/images/patches/LC08_L1TP_173070_20200817_20200817_01_RT_p00314.tif,/data/heguozhen/Fire/activefire/masks/voting/LC08_L1TP_173070_20200817_20200817_01_RT_voting_p00314.tif
/data/heguozhen/Fire/activefire/images/patches/LC08_L1TP_170065_20200812_20200812_01_RT_p00453.tif,/data/heguozhen/Fire/activefire/masks/voting/LC08_L1TP_170065_20200812_20200812_01_RT_voting_p00453.tif
/data/heguozhen/Fire/activefire/images/patches/LC08_L1TP_175071_20200815_20200815_01_RT_p00453.tif,/data/heguozhen/Fire/activefire/masks/voting/LC08_L1TP_175071_20200815_20200815_01_RT_voting_p00453.tif
/data/heguozhen/Fire/activefire/images/patches/LC08_L1TP_166071_20200816_20200816_01_RT_p00739.tif,/data/heguozhen/Fire/activefire/masks/voting/LC08_L1TP_166071_20200816_20200816_01_RT_voting_p00739.tif
/data/heguozhen/Fire/activefire/images/patches/LC08_L1TP_174066_20200808_20200808_01_RT_p00814.tif,/data/heguozhen/Fire/activefire/masks/voting/LC08_L1TP_174066_20200808_20200808_01_RT_voting_p00814.tif
/data/heguozhen/Fire/activefire/images/patches/LC08_L1TP_172066_20200810_20200810_01_RT_p00437.tif,/data/heguozhen/Fire/activefire/masks/voting/LC08_L1TP_172066_20200810_20200810_01_RT_voting_p00437.tif
/data/heguozhen/Fire/activefire/images/patches/LC08_L1TP_174072_20200808_20200808_01_RT_p00822.tif,/data/heguozhen/Fire/activefire/masks/voting/LC08_L1TP_174072_20200808_20200808_01_RT_voting_p00822.tif
/data/heguozhen/Fire/activefire/images/patches/LC08_L1TP_128014_20200822_20200822_01_RT_p00391.tif,/data/heguozhen/Fire/activefire/masks/voting/LC08_L1TP_128014_20200822_20200822_01_RT_voting_p00391.tif
/data/heguozhen/Fire/activefire/images/patches/LC08_L1TP_170065_20200812_20200812_01_RT_p00586.tif,/data/heguozhen/Fire/activefire/masks/voting/LC08_L1TP_170065_20200812_20200812_01_RT_voting_p00586.tif
/data/heguozhen/Fire/activefire/images/patches/LC08_L1TP_114066_20200820_20200820_01_RT_p00229.tif,/data/heguozhen/Fire/activefire/masks/voting/LC08_L1TP_114066_20200820_20200820_01_RT_voting_p00229.tif
/data/heguozhen/Fire/activefire/images/patches/LC08_L1TP_181061_20200809_20200809_01_RT_p00461.tif,/data/heguozhen/Fire/activefire/masks/voting/LC08_L1TP_181061_20200809_20200809_01_RT_voting_p00461.tif
/data/heguozhen/Fire/activefire/images/patches/LC08_L1TP_163043_20200811_20200811_01_RT_p00848.tif,/data/heguozhen/Fire/activefire/masks/voting/LC08_L1TP_163043_20200811_20200811_01_RT_voting_p00848.tif
/data/heguozhen/Fire/activefire/images/patches/LC08_L1TP_119031_20200807_20200807_01_RT_p00423.tif,/data/heguozhen/Fire/activefire/masks/voting/LC08_L1TP_119031_20200807_20200807_01_RT_voting_p00423.tif
/data/heguozhen/Fire/activefire/images/patches/LC08_L1TP_172069_20200810_20200810_01_RT_p00237.tif,/data/heguozhen/Fire/activefire/masks/voting/LC08_L1TP_172069_20200810_20200810_01_RT_voting_p00237.tif
/data/heguozhen/Fire/activefire/images/patches/LC08_L1TP_179031_20200811_20200811_01_RT_p00759.tif,/data/heguozhen/Fire/activefire/masks/voting/LC08_L1TP_179031_20200811_20200811_01_RT_voting_p00759.tif
/data/heguozhen/Fire/activefire/images/patches/LC08_L1TP_167042_20200823_20200823_01_RT_p00731.tif,/data/heguozhen/Fire/activefire/masks/voting/LC08_L1TP_167042_20200823_20200823_01_RT_voting_p00731.tif
/data/heguozhen/Fire/activefire/images/patches/LC08_L1TP_222075_20200808_20200808_01_RT_p00799.tif,/data/heguozhen/Fire/activefire/masks/voting/LC08_L1TP_222075_20200808_20200808_01_RT_voting_p00799.tif
/data/heguozhen/Fire/activefire/images/patches/LC08_L1TP_154032_20200812_20200812_01_RT_p00729.tif,/data/heguozhen/Fire/activefire/masks/voting/LC08_L1TP_154032_20200812_20200812_01_RT_voting_p00729.tif
/data/heguozhen/Fire/activefire/images/patches/LC08_L1TP_107028_20200819_20200819_01_RT_p00286.tif,/data/heguozhen/Fire/activefire/masks/voting/LC08_L1TP_107028_20200819_20200819_01_RT_voting_p00286.tif
/data/heguozhen/Fire/activefire/images/patches/LC08_L1TP_173063_20200817_20200817_01_RT_p00550.tif,/data/heguozhen/Fire/activefire/masks/voting/LC08_L1TP_173063_20200817_20200817_01_RT_voting_p00550.tif
/data/heguozhen/Fire/activefire/images/patches/LC08_L1TP_128040_20200822_20200822_01_RT_p00752.tif,/data/heguozhen/Fire/activefire/masks/voting/LC08_L1TP_128040_20200822_20200822_01_RT_voting_p00752.tif
/data/heguozhen/Fire/activefire/images/patches/LC08_L1TP_169068_20200821_20200821_01_RT_p00444.tif,/data/heguozhen/Fire/activefire/masks/voting/LC08_L1TP_169068_20200821_20200821_01_RT_voting_p00444.tif
/data/heguozhen/Fire/activefire/images/patches/LC08_L1TP_166068_20200816_20200816_01_RT_p00131.tif,/data/heguozhen/Fire/activefire/masks/voting/LC08_L1TP_166068_20200816_20200816_01_RT_voting_p00131.tif
/data/heguozhen/Fire/activefire/images/patches/LC08_L1TP_173068_20200817_20200817_01_RT_p00344.tif,/data/heguozhen/Fire/activefire/masks/voting/LC08_L1TP_173068_20200817_20200817_01_RT_voting_p00344.tif
/data/heguozhen/Fire/activefire/images/patches/LC08_L1TP_135019_20200823_20200823_01_RT_p00621.tif,/data/heguozhen/Fire/activefire/masks/voting/LC08_L1TP_135019_20200823_20200823_01_RT_voting_p00621.tif
/data/heguozhen/Fire/activefire/images/patches/LC08_L1TP_172059_20200810_20200810_01_RT_p00400.tif,/data/heguozhen/Fire/activefire/masks/voting/LC08_L1TP_172059_20200810_20200810_01_RT_voting_p00400.tif
/data/heguozhen/Fire/activefire/images/patches/LC08_L1TP_122037_20200828_20200828_01_RT_p00737.tif,/data/heguozhen/Fire/activefire/masks/voting/LC08_L1TP_122037_20200828_20200828_01_RT_voting_p00737.tif
/data/heguozhen/Fire/activefire/images/patches/LC08_L1TP_172064_20200810_20200810_01_RT_p00537.tif,/data/heguozhen/Fire/activefire/masks/voting/LC08_L1TP_172064_20200810_20200810_01_RT_voting_p00537.tif
/data/heguozhen/Fire/activefire/images/patches/LC08_L1TP_182061_20200816_20200816_01_RT_p00725.tif,/data/heguozhen/Fire/activefire/masks/voting/LC08_L1TP_182061_20200816_20200816_01_RT_voting_p00725.tif
/data/heguozhen/Fire/activefire/images/patches/LC08_L1TP_166072_20200816_20200816_01_RT_p00875.tif,/data/heguozhen/Fire/activefire/masks/voting/LC08_L1TP_166072_20200816_20200816_01_RT_voting_p00875.tif
/data/heguozhen/Fire/activefire/images/patches/LC08_L1TP_161073_20200813_20200813_01_RT_p00719.tif,/data/heguozhen/Fire/activefire/masks/voting/LC08_L1TP_161073_20200813_20200813_01_RT_voting_p00719.tif
/data/heguozhen/Fire/activefire/images/patches/LC08_L1TP_156021_20200810_20200810_01_RT_p00504.tif,/data/heguozhen/Fire/activefire/masks/voting/LC08_L1TP_156021_20200810_20200810_01_RT_voting_p00504.tif
/data/heguozhen/Fire/activefire/images/patches/LC08_L1TP_173070_20200817_20200817_01_RT_p00802.tif,/data/heguozhen/Fire/activefire/masks/voting/LC08_L1TP_173070_20200817_20200817_01_RT_voting_p00802.tif
/data/heguozhen/Fire/activefire/images/patches/LC08_L1TP_163034_20200811_20200811_01_RT_p00520.tif,/data/heguozhen/Fire/activefire/masks/voting/LC08_L1TP_163034_20200811_20200811_01_RT_voting_p00520.tif
/data/heguozhen/Fire/activefire/images/patches/LC08_L1TP_142029_20200824_20200824_01_RT_p00769.tif,/data/heguozhen/Fire/activefire/masks/voting/LC08_L1TP_142029_20200824_20200824_01_RT_voting_p00769.tif
/data/heguozhen/Fire/activefire/images/patches/LC08_L1TP_121041_20200821_20200821_01_RT_p00737.tif,/data/heguozhen/Fire/activefire/masks/voting/LC08_L1TP_121041_20200821_20200821_01_RT_voting_p00737.tif
/data/heguozhen/Fire/activefire/images/patches/LC08_L1TP_108036_20200810_20200810_01_RT_p00142.tif,/data/heguozhen/Fire/activefire/masks/voting/LC08_L1TP_108036_20200810_20200810_01_RT_voting_p00142.tif
/data/heguozhen/Fire/activefire/images/patches/LC08_L1TP_170070_20200812_20200812_01_RT_p00470.tif,/data/heguozhen/Fire/activefire/masks/voting/LC08_L1TP_170070_20200812_20200812_01_RT_voting_p00470.tif
/data/heguozhen/Fire/activefire/images/patches/LC08_L1TP_170067_20200812_20200812_01_RT_p00755.tif,/data/heguozhen/Fire/activefire/masks/voting/LC08_L1TP_170067_20200812_20200812_01_RT_voting_p00755.tif
/data/heguozhen/Fire/activefire/images/patches/LC08_L1TP_002054_20200819_20200820_01_RT_p00513.tif,/data/heguozhen/Fire/activefire/masks/voting/LC08_L1TP_002054_20200819_20200820_01_RT_voting_p00513.tif
/data/heguozhen/Fire/activefire/images/patches/LC08_L1TP_173062_20200817_20200817_01_RT_p00385.tif,/data/heguozhen/Fire/activefire/masks/voting/LC08_L1TP_173062_20200817_20200817_01_RT_voting_p00385.tif
/data/heguozhen/Fire/activefire/images/patches/LC08_L1GT_184060_20200814_20200814_01_RT_p00462.tif,/data/heguozhen/Fire/activefire/masks/voting/LC08_L1GT_184060_20200814_20200814_01_RT_voting_p00462.tif
/data/heguozhen/Fire/activefire/images/patches/LC08_L1TP_170078_20200812_20200812_01_RT_p00132.tif,/data/heguozhen/Fire/activefire/masks/voting/LC08_L1TP_170078_20200812_20200812_01_RT_voting_p00132.tif
/data/heguozhen/Fire/activefire/images/patches/LC08_L1TP_121031_20200821_20200821_01_RT_p00524.tif,/data/heguozhen/Fire/activefire/masks/voting/LC08_L1TP_121031_20200821_20200821_01_RT_voting_p00524.tif
/data/heguozhen/Fire/activefire/images/patches/LC08_L1TP_124032_20200810_20200810_01_RT_p00687.tif,/data/heguozhen/Fire/activefire/masks/voting/LC08_L1TP_124032_20200810_20200810_01_RT_voting_p00687.tif
/data/heguozhen/Fire/activefire/images/patches/LC08_L1TP_161072_20200813_20200813_01_RT_p00544.tif,/data/heguozhen/Fire/activefire/masks/voting/LC08_L1TP_161072_20200813_20200813_01_RT_voting_p00544.tif
/data/heguozhen/Fire/activefire/images/patches/LC08_L1TP_179068_20200811_20200811_01_RT_p00288.tif,/data/heguozhen/Fire/activefire/masks/voting/LC08_L1TP_179068_20200811_20200811_01_RT_voting_p00288.tif
/data/heguozhen/Fire/activefire/images/patches/LC08_L1TP_173069_20200817_20200817_01_RT_p00118.tif,/data/heguozhen/Fire/activefire/masks/voting/LC08_L1TP_173069_20200817_20200817_01_RT_voting_p00118.tif
/data/heguozhen/Fire/activefire/images/patches/LC08_L1TP_166071_20200816_20200816_01_RT_p00156.tif,/data/heguozhen/Fire/activefire/masks/voting/LC08_L1TP_166071_20200816_20200816_01_RT_voting_p00156.tif
/data/heguozhen/Fire/activefire/images/patches/LC08_L1TP_122016_20200828_20200828_01_RT_p00577.tif,/data/heguozhen/Fire/activefire/masks/voting/LC08_L1TP_122016_20200828_20200828_01_RT_voting_p00577.tif
/data/heguozhen/Fire/activefire/images/patches/LC08_L1TP_139019_20200819_20200819_01_RT_p00763.tif,/data/heguozhen/Fire/activefire/masks/voting/LC08_L1TP_139019_20200819_20200819_01_RT_voting_p00763.tif
/data/heguozhen/Fire/activefire/images/patches/LC08_L1TP_191055_20200815_20200815_01_RT_p00486.tif,/data/heguozhen/Fire/activefire/masks/voting/LC08_L1TP_191055_20200815_20200815_01_RT_voting_p00486.tif
/data/heguozhen/Fire/activefire/images/patches/LC08_L1GT_119056_20200823_20200823_01_RT_p00644.tif,/data/heguozhen/Fire/activefire/masks/voting/LC08_L1GT_119056_20200823_20200823_01_RT_voting_p00644.tif
/data/heguozhen/Fire/activefire/images/patches/LC08_L1TP_172064_20200810_20200810_01_RT_p00847.tif,/data/heguozhen/Fire/activefire/masks/voting/LC08_L1TP_172064_20200810_20200810_01_RT_voting_p00847.tif
/data/heguozhen/Fire/activefire/images/patches/LC08_L1TP_169069_20200821_20200821_01_RT_p00325.tif,/data/heguozhen/Fire/activefire/masks/voting/LC08_L1TP_169069_20200821_20200821_01_RT_voting_p00325.tif
/data/heguozhen/Fire/activefire/images/patches/LC08_L1TP_154031_20200812_20200812_01_RT_p00566.tif,/data/heguozhen/Fire/activefire/masks/voting/LC08_L1TP_154031_20200812_20200812_01_RT_voting_p00566.tif
/data/heguozhen/Fire/activefire/images/patches/LC08_L1TP_173067_20200817_20200817_01_RT_p00523.tif,/data/heguozhen/Fire/activefire/masks/voting/LC08_L1TP_173067_20200817_20200817_01_RT_voting_p00523.tif
/data/heguozhen/Fire/activefire/images/patches/LC08_L1TP_220076_20200810_20200810_01_RT_p00880.tif,/data/heguozhen/Fire/activefire/masks/voting/LC08_L1TP_220076_20200810_20200810_01_RT_voting_p00880.tif
/data/heguozhen/Fire/activefire/images/patches/LC08_L1TP_122016_20200828_20200828_01_RT_p00775.tif,/data/heguozhen/Fire/activefire/masks/voting/LC08_L1TP_122016_20200828_20200828_01_RT_voting_p00775.tif
/data/heguozhen/Fire/activefire/images/patches/LC08_L1TP_165068_20200809_20200809_01_RT_p00493.tif,/data/heguozhen/Fire/activefire/masks/voting/LC08_L1TP_165068_20200809_20200809_01_RT_voting_p00493.tif
/data/heguozhen/Fire/activefire/images/patches/LC08_L1TP_124063_20200826_20200826_01_RT_p00798.tif,/data/heguozhen/Fire/activefire/masks/voting/LC08_L1TP_124063_20200826_20200826_01_RT_voting_p00798.tif
/data/heguozhen/Fire/activefire/images/patches/LC08_L1TP_161072_20200813_20200813_01_RT_p00739.tif,/data/heguozhen/Fire/activefire/masks/voting/LC08_L1TP_161072_20200813_20200813_01_RT_voting_p00739.tif
/data/heguozhen/Fire/activefire/images/patches/LC08_L1TP_182066_20200816_20200816_01_RT_p00367.tif,/data/heguozhen/Fire/activefire/masks/voting/LC08_L1TP_182066_20200816_20200816_01_RT_voting_p00367.tif
/data/heguozhen/Fire/activefire/images/patches/LC08_L1TP_166067_20200816_20200816_01_RT_p00659.tif,/data/heguozhen/Fire/activefire/masks/voting/LC08_L1TP_166067_20200816_20200816_01_RT_voting_p00659.tif
/data/heguozhen/Fire/activefire/images/patches/LC08_L1TP_126034_20200808_20200808_01_RT_p00647.tif,/data/heguozhen/Fire/activefire/masks/voting/LC08_L1TP_126034_20200808_20200808_01_RT_voting_p00647.tif
/data/heguozhen/Fire/activefire/images/patches/LC08_L1TP_165069_20200809_20200809_01_RT_p00743.tif,/data/heguozhen/Fire/activefire/masks/voting/LC08_L1TP_165069_20200809_20200809_01_RT_voting_p00743.tif
/data/heguozhen/Fire/activefire/images/patches/LC08_L1TP_173070_20200817_20200817_01_RT_p00699.tif,/data/heguozhen/Fire/activefire/masks/voting/LC08_L1TP_173070_20200817_20200817_01_RT_voting_p00699.tif
/data/heguozhen/Fire/activefire/images/patches/LC08_L1TP_119030_20200807_20200807_01_RT_p00667.tif,/data/heguozhen/Fire/activefire/masks/voting/LC08_L1TP_119030_20200807_20200807_01_RT_voting_p00667.tif
/data/heguozhen/Fire/activefire/images/patches/LC08_L1TP_120029_20200814_20200814_01_RT_p00794.tif,/data/heguozhen/Fire/activefire/masks/voting/LC08_L1TP_120029_20200814_20200814_01_RT_voting_p00794.tif
/data/heguozhen/Fire/activefire/images/patches/LC08_L1TP_169068_20200821_20200821_01_RT_p00317.tif,/data/heguozhen/Fire/activefire/masks/voting/LC08_L1TP_169068_20200821_20200821_01_RT_voting_p00317.tif
/data/heguozhen/Fire/activefire/images/patches/LC08_L1TP_173069_20200817_20200817_01_RT_p00733.tif,/data/heguozhen/Fire/activefire/masks/voting/LC08_L1TP_173069_20200817_20200817_01_RT_voting_p00733.tif
/data/heguozhen/Fire/activefire/images/patches/LC08_L1TP_118028_20200816_20200816_01_RT_p00309.tif,/data/heguozhen/Fire/activefire/masks/voting/LC08_L1TP_118028_20200816_20200816_01_RT_voting_p00309.tif
/data/heguozhen/Fire/activefire/images/patches/LC08_L1TP_122040_20200828_20200828_01_RT_p00801.tif,/data/heguozhen/Fire/activefire/masks/voting/LC08_L1TP_122040_20200828_20200828_01_RT_voting_p00801.tif
/data/heguozhen/Fire/activefire/images/patches/LC08_L1TP_033027_20200828_20200828_01_RT_p00204.tif,/data/heguozhen/Fire/activefire/masks/voting/LC08_L1TP_033027_20200828_20200828_01_RT_voting_p00204.tif
/data/heguozhen/Fire/activefire/images/patches/LC08_L1GT_101064_20200825_20200825_01_RT_p00431.tif,/data/heguozhen/Fire/activefire/masks/voting/LC08_L1GT_101064_20200825_20200825_01_RT_voting_p00431.tif
/data/heguozhen/Fire/activefire/images/patches/LC08_L1TP_173070_20200817_20200817_01_RT_p00427.tif,/data/heguozhen/Fire/activefire/masks/voting/LC08_L1TP_173070_20200817_20200817_01_RT_voting_p00427.tif
/data/heguozhen/Fire/activefire/images/patches/LC08_L1TP_170065_20200812_20200812_01_RT_p00257.tif,/data/heguozhen/Fire/activefire/masks/voting/LC08_L1TP_170065_20200812_20200812_01_RT_voting_p00257.tif
/data/heguozhen/Fire/activefire/images/patches/LC08_L1TP_172070_20200810_20200810_01_RT_p00209.tif,/data/heguozhen/Fire/activefire/masks/voting/LC08_L1TP_172070_20200810_20200810_01_RT_voting_p00209.tif
/data/heguozhen/Fire/activefire/images/patches/LC08_L1TP_118038_20200816_20200816_01_RT_p00268.tif,/data/heguozhen/Fire/activefire/masks/voting/LC08_L1TP_118038_20200816_20200816_01_RT_voting_p00268.tif
/data/heguozhen/Fire/activefire/images/patches/LC08_L1TP_169068_20200821_20200821_01_RT_p00424.tif,/data/heguozhen/Fire/activefire/masks/voting/LC08_L1TP_169068_20200821_20200821_01_RT_voting_p00424.tif
/data/heguozhen/Fire/activefire/images/patches/LC08_L1TP_120043_20200814_20200814_01_RT_p00729.tif,/data/heguozhen/Fire/activefire/masks/voting/LC08_L1TP_120043_20200814_20200814_01_RT_voting_p00729.tif
/data/heguozhen/Fire/activefire/images/patches/LC08_L1TP_119031_20200807_20200807_01_RT_p00385.tif,/data/heguozhen/Fire/activefire/masks/voting/LC08_L1TP_119031_20200807_20200807_01_RT_voting_p00385.tif
/data/heguozhen/Fire/activefire/images/patches/LC08_L1TP_138019_20200828_20200828_01_RT_p00710.tif,/data/heguozhen/Fire/activefire/masks/voting/LC08_L1TP_138019_20200828_20200828_01_RT_voting_p00710.tif
/data/heguozhen/Fire/activefire/images/patches/LC08_L1TP_125049_20200817_20200817_01_RT_p00661.tif,/data/heguozhen/Fire/activefire/masks/voting/LC08_L1TP_125049_20200817_20200817_01_RT_voting_p00661.tif
/data/heguozhen/Fire/activefire/images/patches/LC08_L1TP_122016_20200828_20200828_01_RT_p00371.tif,/data/heguozhen/Fire/activefire/masks/voting/LC08_L1TP_122016_20200828_20200828_01_RT_voting_p00371.tif
/data/heguozhen/Fire/activefire/images/patches/LC08_L1TP_172069_20200810_20200810_01_RT_p00643.tif,/data/heguozhen/Fire/activefire/masks/voting/LC08_L1TP_172069_20200810_20200810_01_RT_voting_p00643.tif
/data/heguozhen/Fire/activefire/images/patches/LC08_L1TP_121030_20200821_20200821_01_RT_p00493.tif,/data/heguozhen/Fire/activefire/masks/voting/LC08_L1TP_121030_20200821_20200821_01_RT_voting_p00493.tif
/data/heguozhen/Fire/activefire/images/patches/LC08_L1TP_165068_20200809_20200809_01_RT_p00472.tif,/data/heguozhen/Fire/activefire/masks/voting/LC08_L1TP_165068_20200809_20200809_01_RT_voting_p00472.tif
/data/heguozhen/Fire/activefire/images/patches/LC08_L1TP_130031_20200820_20200820_01_RT_p00711.tif,/data/heguozhen/Fire/activefire/masks/voting/LC08_L1TP_130031_20200820_20200820_01_RT_voting_p00711.tif
/data/heguozhen/Fire/activefire/images/patches/LC08_L1TP_122044_20200812_20200812_01_RT_p00636.tif,/data/heguozhen/Fire/activefire/masks/voting/LC08_L1TP_122044_20200812_20200812_01_RT_voting_p00636.tif
/data/heguozhen/Fire/activefire/images/patches/LC08_L1TP_174026_20200808_20200808_01_RT_p00115.tif,/data/heguozhen/Fire/activefire/masks/voting/LC08_L1TP_174026_20200808_20200808_01_RT_voting_p00115.tif
/data/heguozhen/Fire/activefire/images/patches/LC08_L1TP_174027_20200808_20200808_01_RT_p00211.tif,/data/heguozhen/Fire/activefire/masks/voting/LC08_L1TP_174027_20200808_20200808_01_RT_voting_p00211.tif
/data/heguozhen/Fire/activefire/images/patches/LC08_L1TP_001067_20200828_20200828_01_RT_p00105.tif,/data/heguozhen/Fire/activefire/masks/voting/LC08_L1TP_001067_20200828_20200828_01_RT_voting_p00105.tif
/data/heguozhen/Fire/activefire/images/patches/LC08_L1TP_135014_20200823_20200823_01_RT_p00590.tif,/data/heguozhen/Fire/activefire/masks/voting/LC08_L1TP_135014_20200823_20200823_01_RT_voting_p00590.tif
/data/heguozhen/Fire/activefire/images/patches/LC08_L1TP_122025_20200812_20200812_01_RT_p00230.tif,/data/heguozhen/Fire/activefire/masks/voting/LC08_L1TP_122025_20200812_20200812_01_RT_voting_p00230.tif
/data/heguozhen/Fire/activefire/images/patches/LC08_L1TP_122015_20200812_20200812_01_RT_p00818.tif,/data/heguozhen/Fire/activefire/masks/voting/LC08_L1TP_122015_20200812_20200812_01_RT_voting_p00818.tif
/data/heguozhen/Fire/activefire/images/patches/LC08_L1TP_175071_20200815_20200815_01_RT_p00406.tif,/data/heguozhen/Fire/activefire/masks/voting/LC08_L1TP_175071_20200815_20200815_01_RT_voting_p00406.tif
/data/heguozhen/Fire/activefire/images/patches/LC08_L1TP_173068_20200817_20200817_01_RT_p00695.tif,/data/heguozhen/Fire/activefire/masks/voting/LC08_L1TP_173068_20200817_20200817_01_RT_voting_p00695.tif
/data/heguozhen/Fire/activefire/images/patches/LC08_L1TP_181069_20200809_20200809_01_RT_p00285.tif,/data/heguozhen/Fire/activefire/masks/voting/LC08_L1TP_181069_20200809_20200809_01_RT_voting_p00285.tif
/data/heguozhen/Fire/activefire/images/patches/LC08_L1TP_010061_20200811_20200811_01_RT_p00444.tif,/data/heguozhen/Fire/activefire/masks/voting/LC08_L1TP_010061_20200811_20200811_01_RT_voting_p00444.tif
/data/heguozhen/Fire/activefire/images/patches/LC08_L1TP_174072_20200808_20200808_01_RT_p00231.tif,/data/heguozhen/Fire/activefire/masks/voting/LC08_L1TP_174072_20200808_20200808_01_RT_voting_p00231.tif
/data/heguozhen/Fire/activefire/images/patches/LC08_L1TP_123015_20200819_20200819_01_RT_p00943.tif,/data/heguozhen/Fire/activefire/masks/voting/LC08_L1TP_123015_20200819_20200819_01_RT_voting_p00943.tif
/data/heguozhen/Fire/activefire/images/patches/LC08_L1TP_224079_20200806_20200807_01_RT_p00482.tif,/data/heguozhen/Fire/activefire/masks/voting/LC08_L1TP_224079_20200806_20200807_01_RT_voting_p00482.tif
/data/heguozhen/Fire/activefire/images/patches/LC08_L1TP_172066_20200810_20200810_01_RT_p00359.tif,/data/heguozhen/Fire/activefire/masks/voting/LC08_L1TP_172066_20200810_20200810_01_RT_voting_p00359.tif
/data/heguozhen/Fire/activefire/images/patches/LC08_L1TP_123015_20200819_20200819_01_RT_p00911.tif,/data/heguozhen/Fire/activefire/masks/voting/LC08_L1TP_123015_20200819_20200819_01_RT_voting_p00911.tif
/data/heguozhen/Fire/activefire/images/patches/LC08_L1TP_224079_20200806_20200807_01_RT_p00509.tif,/data/heguozhen/Fire/activefire/masks/voting/LC08_L1TP_224079_20200806_20200807_01_RT_voting_p00509.tif
/data/heguozhen/Fire/activefire/images/patches/LC08_L1TP_174036_20200808_20200808_01_RT_p00442.tif,/data/heguozhen/Fire/activefire/masks/voting/LC08_L1TP_174036_20200808_20200808_01_RT_voting_p00442.tif
/data/heguozhen/Fire/activefire/images/patches/LC08_L1TP_166069_20200816_20200816_01_RT_p00551.tif,/data/heguozhen/Fire/activefire/masks/voting/LC08_L1TP_166069_20200816_20200816_01_RT_voting_p00551.tif
/data/heguozhen/Fire/activefire/images/patches/LC08_L1TP_174066_20200808_20200808_01_RT_p00697.tif,/data/heguozhen/Fire/activefire/masks/voting/LC08_L1TP_174066_20200808_20200808_01_RT_voting_p00697.tif
/data/heguozhen/Fire/activefire/images/patches/LC08_L1TP_175070_20200815_20200815_01_RT_p00159.tif,/data/heguozhen/Fire/activefire/masks/voting/LC08_L1TP_175070_20200815_20200815_01_RT_voting_p00159.tif
/data/heguozhen/Fire/activefire/images/patches/LC08_L1TP_104068_20200830_20200830_01_RT_p00329.tif,/data/heguozhen/Fire/activefire/masks/voting/LC08_L1TP_104068_20200830_20200830_01_RT_voting_p00329.tif
/data/heguozhen/Fire/activefire/images/patches/LC08_L1TP_173071_20200817_20200817_01_RT_p00516.tif,/data/heguozhen/Fire/activefire/masks/voting/LC08_L1TP_173071_20200817_20200817_01_RT_voting_p00516.tif
/data/heguozhen/Fire/activefire/images/patches/LC08_L1TP_129034_20200813_20200813_01_RT_p00594.tif,/data/heguozhen/Fire/activefire/masks/voting/LC08_L1TP_129034_20200813_20200813_01_RT_voting_p00594.tif
/data/heguozhen/Fire/activefire/images/patches/LC08_L1TP_028042_20200809_20200809_01_RT_p00547.tif,/data/heguozhen/Fire/activefire/masks/voting/LC08_L1TP_028042_20200809_20200809_01_RT_voting_p00547.tif
/data/heguozhen/Fire/activefire/images/patches/LC08_L1TP_138019_20200812_20200812_01_RT_p00244.tif,/data/heguozhen/Fire/activefire/masks/voting/LC08_L1TP_138019_20200812_20200812_01_RT_voting_p00244.tif
/data/heguozhen/Fire/activefire/images/patches/LC08_L1TP_170024_20200812_20200812_01_RT_p00604.tif,/data/heguozhen/Fire/activefire/masks/voting/LC08_L1TP_170024_20200812_20200812_01_RT_voting_p00604.tif
/data/heguozhen/Fire/activefire/images/patches/LC08_L1TP_161072_20200813_20200813_01_RT_p00485.tif,/data/heguozhen/Fire/activefire/masks/voting/LC08_L1TP_161072_20200813_20200813_01_RT_voting_p00485.tif
/data/heguozhen/Fire/activefire/images/patches/LC08_L1TP_147023_20200811_20200811_01_RT_p00174.tif,/data/heguozhen/Fire/activefire/masks/voting/LC08_L1TP_147023_20200811_20200811_01_RT_voting_p00174.tif
/data/heguozhen/Fire/activefire/images/patches/LC08_L1TP_175074_20200815_20200815_01_RT_p00732.tif,/data/heguozhen/Fire/activefire/masks/voting/LC08_L1TP_175074_20200815_20200815_01_RT_voting_p00732.tif
/data/heguozhen/Fire/activefire/images/patches/LC08_L1TP_170070_20200812_20200812_01_RT_p00457.tif,/data/heguozhen/Fire/activefire/masks/voting/LC08_L1TP_170070_20200812_20200812_01_RT_voting_p00457.tif
/data/heguozhen/Fire/activefire/images/patches/LC08_L1TP_119028_20200823_20200823_01_RT_p00669.tif,/data/heguozhen/Fire/activefire/masks/voting/LC08_L1TP_119028_20200823_20200823_01_RT_voting_p00669.tif
/data/heguozhen/Fire/activefire/images/patches/LC08_L1TP_227070_20200811_20200811_01_RT_p00221.tif,/data/heguozhen/Fire/activefire/masks/voting/LC08_L1TP_227070_20200811_20200811_01_RT_voting_p00221.tif
/data/heguozhen/Fire/activefire/images/patches/LC08_L1TP_128013_20200822_20200822_01_RT_p00127.tif,/data/heguozhen/Fire/activefire/masks/voting/LC08_L1TP_128013_20200822_20200822_01_RT_voting_p00127.tif
/data/heguozhen/Fire/activefire/images/patches/LC08_L1TP_122019_20200828_20200828_01_RT_p00315.tif,/data/heguozhen/Fire/activefire/masks/voting/LC08_L1TP_122019_20200828_20200828_01_RT_voting_p00315.tif
/data/heguozhen/Fire/activefire/images/patches/LC08_L1GT_153017_20200821_20200821_01_RT_p00370.tif,/data/heguozhen/Fire/activefire/masks/voting/LC08_L1GT_153017_20200821_20200821_01_RT_voting_p00370.tif
/data/heguozhen/Fire/activefire/images/patches/LC08_L1TP_125053_20200817_20200817_01_RT_p00627.tif,/data/heguozhen/Fire/activefire/masks/voting/LC08_L1TP_125053_20200817_20200817_01_RT_voting_p00627.tif
/data/heguozhen/Fire/activefire/images/patches/LC08_L1TP_172064_20200810_20200810_01_RT_p00443.tif,/data/heguozhen/Fire/activefire/masks/voting/LC08_L1TP_172064_20200810_20200810_01_RT_voting_p00443.tif
/data/heguozhen/Fire/activefire/images/patches/LC08_L1TP_172061_20200810_20200810_01_RT_p00202.tif,/data/heguozhen/Fire/activefire/masks/voting/LC08_L1TP_172061_20200810_20200810_01_RT_voting_p00202.tif
/data/heguozhen/Fire/activefire/images/patches/LC08_L1TP_119065_20200823_20200823_01_RT_p00363.tif,/data/heguozhen/Fire/activefire/masks/voting/LC08_L1TP_119065_20200823_20200823_01_RT_voting_p00363.tif
/data/heguozhen/Fire/activefire/images/patches/LC08_L1TP_173069_20200817_20200817_01_RT_p00353.tif,/data/heguozhen/Fire/activefire/masks/voting/LC08_L1TP_173069_20200817_20200817_01_RT_voting_p00353.tif
/data/heguozhen/Fire/activefire/images/patches/LC08_L1TP_165068_20200809_20200809_01_RT_p00610.tif,/data/heguozhen/Fire/activefire/masks/voting/LC08_L1TP_165068_20200809_20200809_01_RT_voting_p00610.tif
/data/heguozhen/Fire/activefire/images/patches/LC08_L1TP_122044_20200828_20200828_01_RT_p00790.tif,/data/heguozhen/Fire/activefire/masks/voting/LC08_L1TP_122044_20200828_20200828_01_RT_voting_p00790.tif
/data/heguozhen/Fire/activefire/images/patches/LC08_L1TP_179068_20200811_20200811_01_RT_p00169.tif,/data/heguozhen/Fire/activefire/masks/voting/LC08_L1TP_179068_20200811_20200811_01_RT_voting_p00169.tif
/data/heguozhen/Fire/activefire/images/patches/LC08_L1TP_165069_20200809_20200809_01_RT_p00771.tif,/data/heguozhen/Fire/activefire/masks/voting/LC08_L1TP_165069_20200809_20200809_01_RT_voting_p00771.tif
/data/heguozhen/Fire/activefire/images/patches/LC08_L1TP_175071_20200815_20200815_01_RT_p00813.tif,/data/heguozhen/Fire/activefire/masks/voting/LC08_L1TP_175071_20200815_20200815_01_RT_voting_p00813.tif
/data/heguozhen/Fire/activefire/images/patches/LC08_L1TP_175069_20200815_20200815_01_RT_p00646.tif,/data/heguozhen/Fire/activefire/masks/voting/LC08_L1TP_175069_20200815_20200815_01_RT_voting_p00646.tif
/data/heguozhen/Fire/activefire/images/patches/LC08_L1TP_182065_20200816_20200816_01_RT_p00659.tif,/data/heguozhen/Fire/activefire/masks/voting/LC08_L1TP_182065_20200816_20200816_01_RT_voting_p00659.tif
/data/heguozhen/Fire/activefire/images/patches/LC08_L1TP_172066_20200810_20200810_01_RT_p00287.tif,/data/heguozhen/Fire/activefire/masks/voting/LC08_L1TP_172066_20200810_20200810_01_RT_voting_p00287.tif
/data/heguozhen/Fire/activefire/images/patches/LC08_L1TP_122031_20200812_20200812_01_RT_p00795.tif,/data/heguozhen/Fire/activefire/masks/voting/LC08_L1TP_122031_20200812_20200812_01_RT_voting_p00795.tif
/data/heguozhen/Fire/activefire/images/patches/LC08_L1TP_188032_20200810_20200810_01_RT_p00631.tif,/data/heguozhen/Fire/activefire/masks/voting/LC08_L1TP_188032_20200810_20200810_01_RT_voting_p00631.tif
/data/heguozhen/Fire/activefire/images/patches/LC08_L1TP_173069_20200817_20200817_01_RT_p00796.tif,/data/heguozhen/Fire/activefire/masks/voting/LC08_L1TP_173069_20200817_20200817_01_RT_voting_p00796.tif
/data/heguozhen/Fire/activefire/images/patches/LC08_L1TP_118029_20200816_20200816_01_RT_p00710.tif,/data/heguozhen/Fire/activefire/masks/voting/LC08_L1TP_118029_20200816_20200816_01_RT_voting_p00710.tif
/data/heguozhen/Fire/activefire/images/patches/LC08_L1TP_182063_20200816_20200816_01_RT_p00823.tif,/data/heguozhen/Fire/activefire/masks/voting/LC08_L1TP_182063_20200816_20200816_01_RT_voting_p00823.tif
/data/heguozhen/Fire/activefire/images/patches/LC08_L1TP_122037_20200828_20200828_01_RT_p00785.tif,/data/heguozhen/Fire/activefire/masks/voting/LC08_L1TP_122037_20200828_20200828_01_RT_voting_p00785.tif
/data/heguozhen/Fire/activefire/images/patches/LC08_L1TP_029032_20200816_20200816_01_RT_p00816.tif,/data/heguozhen/Fire/activefire/masks/voting/LC08_L1TP_029032_20200816_20200816_01_RT_voting_p00816.tif
/data/heguozhen/Fire/activefire/images/patches/LC08_L1TP_220080_20200810_20200810_01_RT_p00143.tif,/data/heguozhen/Fire/activefire/masks/voting/LC08_L1TP_220080_20200810_20200810_01_RT_voting_p00143.tif
/data/heguozhen/Fire/activefire/images/patches/LC08_L1TP_118065_20200816_20200816_01_RT_p00273.tif,/data/heguozhen/Fire/activefire/masks/voting/LC08_L1TP_118065_20200816_20200816_01_RT_voting_p00273.tif
/data/heguozhen/Fire/activefire/images/patches/LC08_L1TP_122033_20200812_20200812_01_RT_p00530.tif,/data/heguozhen/Fire/activefire/masks/voting/LC08_L1TP_122033_20200812_20200812_01_RT_voting_p00530.tif
/data/heguozhen/Fire/activefire/images/patches/LC08_L1TP_175066_20200815_20200815_01_RT_p00798.tif,/data/heguozhen/Fire/activefire/masks/voting/LC08_L1TP_175066_20200815_20200815_01_RT_voting_p00798.tif
/data/heguozhen/Fire/activefire/images/patches/LC08_L1TP_161072_20200813_20200813_01_RT_p00511.tif,/data/heguozhen/Fire/activefire/masks/voting/LC08_L1TP_161072_20200813_20200813_01_RT_voting_p00511.tif
/data/heguozhen/Fire/activefire/images/patches/LC08_L1TP_182065_20200816_20200816_01_RT_p00188.tif,/data/heguozhen/Fire/activefire/masks/voting/LC08_L1TP_182065_20200816_20200816_01_RT_voting_p00188.tif
/data/heguozhen/Fire/activefire/images/patches/LC08_L1TP_139020_20200819_20200819_01_RT_p00452.tif,/data/heguozhen/Fire/activefire/masks/voting/LC08_L1TP_139020_20200819_20200819_01_RT_voting_p00452.tif
/data/heguozhen/Fire/activefire/images/patches/LC08_L1TP_160074_20200822_20200822_01_RT_p00249.tif,/data/heguozhen/Fire/activefire/masks/voting/LC08_L1TP_160074_20200822_20200822_01_RT_voting_p00249.tif
/data/heguozhen/Fire/activefire/images/patches/LC08_L1TP_166069_20200816_20200816_01_RT_p00538.tif,/data/heguozhen/Fire/activefire/masks/voting/LC08_L1TP_166069_20200816_20200816_01_RT_voting_p00538.tif
/data/heguozhen/Fire/activefire/images/patches/LC08_L1TP_167066_20200823_20200823_01_RT_p00817.tif,/data/heguozhen/Fire/activefire/masks/voting/LC08_L1TP_167066_20200823_20200823_01_RT_voting_p00817.tif
/data/heguozhen/Fire/activefire/images/patches/LC08_L1TP_122044_20200812_20200812_01_RT_p00547.tif,/data/heguozhen/Fire/activefire/masks/voting/LC08_L1TP_122044_20200812_20200812_01_RT_voting_p00547.tif
/data/heguozhen/Fire/activefire/images/patches/LC08_L1TP_170073_20200812_20200812_01_RT_p00767.tif,/data/heguozhen/Fire/activefire/masks/voting/LC08_L1TP_170073_20200812_20200812_01_RT_voting_p00767.tif
/data/heguozhen/Fire/activefire/images/patches/LC08_L1TP_173067_20200817_20200817_01_RT_p00262.tif,/data/heguozhen/Fire/activefire/masks/voting/LC08_L1TP_173067_20200817_20200817_01_RT_voting_p00262.tif
/data/heguozhen/Fire/activefire/images/patches/LC08_L1TP_172063_20200810_20200810_01_RT_p00473.tif,/data/heguozhen/Fire/activefire/masks/voting/LC08_L1TP_172063_20200810_20200810_01_RT_voting_p00473.tif
/data/heguozhen/Fire/activefire/images/patches/LC08_L1TP_170070_20200812_20200812_01_RT_p00236.tif,/data/heguozhen/Fire/activefire/masks/voting/LC08_L1TP_170070_20200812_20200812_01_RT_voting_p00236.tif
/data/heguozhen/Fire/activefire/images/patches/LC08_L1TP_172064_20200810_20200810_01_RT_p00055.tif,/data/heguozhen/Fire/activefire/masks/voting/LC08_L1TP_172064_20200810_20200810_01_RT_voting_p00055.tif
/data/heguozhen/Fire/activefire/images/patches/LC08_L1TP_122013_20200828_20200828_01_RT_p00523.tif,/data/heguozhen/Fire/activefire/masks/voting/LC08_L1TP_122013_20200828_20200828_01_RT_voting_p00523.tif
/data/heguozhen/Fire/activefire/images/patches/LC08_L1TP_170069_20200812_20200812_01_RT_p00552.tif,/data/heguozhen/Fire/activefire/masks/voting/LC08_L1TP_170069_20200812_20200812_01_RT_voting_p00552.tif
/data/heguozhen/Fire/activefire/images/patches/LC08_L1TP_175027_20200815_20200815_01_RT_p00114.tif,/data/heguozhen/Fire/activefire/masks/voting/LC08_L1TP_175027_20200815_20200815_01_RT_voting_p00114.tif
/data/heguozhen/Fire/activefire/images/patches/LC08_L1TP_124032_20200810_20200810_01_RT_p00853.tif,/data/heguozhen/Fire/activefire/masks/voting/LC08_L1TP_124032_20200810_20200810_01_RT_voting_p00853.tif
/data/heguozhen/Fire/activefire/images/patches/LC08_L1TP_121029_20200821_20200821_01_RT_p00493.tif,/data/heguozhen/Fire/activefire/masks/voting/LC08_L1TP_121029_20200821_20200821_01_RT_voting_p00493.tif
/data/heguozhen/Fire/activefire/images/patches/LC08_L1TP_173070_20200817_20200817_01_RT_p00578.tif,/data/heguozhen/Fire/activefire/masks/voting/LC08_L1TP_173070_20200817_20200817_01_RT_voting_p00578.tif
/data/heguozhen/Fire/activefire/images/patches/LC08_L1TP_175070_20200815_20200815_01_RT_p00347.tif,/data/heguozhen/Fire/activefire/masks/voting/LC08_L1TP_175070_20200815_20200815_01_RT_voting_p00347.tif
/data/heguozhen/Fire/activefire/images/patches/LC08_L1TP_169069_20200821_20200821_01_RT_p00237.tif,/data/heguozhen/Fire/activefire/masks/voting/LC08_L1TP_169069_20200821_20200821_01_RT_voting_p00237.tif
/data/heguozhen/Fire/activefire/images/patches/LC08_L1TP_173061_20200817_20200817_01_RT_p00609.tif,/data/heguozhen/Fire/activefire/masks/voting/LC08_L1TP_173061_20200817_20200817_01_RT_voting_p00609.tif
/data/heguozhen/Fire/activefire/images/patches/LC08_L1TP_126034_20200824_20200824_01_RT_p00624.tif,/data/heguozhen/Fire/activefire/masks/voting/LC08_L1TP_126034_20200824_20200824_01_RT_voting_p00624.tif
/data/heguozhen/Fire/activefire/images/patches/LC08_L1TP_175066_20200815_20200815_01_RT_p00672.tif,/data/heguozhen/Fire/activefire/masks/voting/LC08_L1TP_175066_20200815_20200815_01_RT_voting_p00672.tif
/data/heguozhen/Fire/activefire/images/patches/LC08_L1TP_172064_20200810_20200810_01_RT_p00477.tif,/data/heguozhen/Fire/activefire/masks/voting/LC08_L1TP_172064_20200810_20200810_01_RT_voting_p00477.tif
/data/heguozhen/Fire/activefire/images/patches/LC08_L1TP_175071_20200815_20200815_01_RT_p00360.tif,/data/heguozhen/Fire/activefire/masks/voting/LC08_L1TP_175071_20200815_20200815_01_RT_voting_p00360.tif
/data/heguozhen/Fire/activefire/images/patches/LC08_L1TP_129035_20200813_20200813_01_RT_p00844.tif,/data/heguozhen/Fire/activefire/masks/voting/LC08_L1TP_129035_20200813_20200813_01_RT_voting_p00844.tif
/data/heguozhen/Fire/activefire/images/patches/LC08_L1TP_170066_20200812_20200812_01_RT_p00439.tif,/data/heguozhen/Fire/activefire/masks/voting/LC08_L1TP_170066_20200812_20200812_01_RT_voting_p00439.tif
/data/heguozhen/Fire/activefire/images/patches/LC08_L1TP_172070_20200810_20200810_01_RT_p00201.tif,/data/heguozhen/Fire/activefire/masks/voting/LC08_L1TP_172070_20200810_20200810_01_RT_voting_p00201.tif
/data/heguozhen/Fire/activefire/images/patches/LC08_L1TP_173070_20200817_20200817_01_RT_p00193.tif,/data/heguozhen/Fire/activefire/masks/voting/LC08_L1TP_173070_20200817_20200817_01_RT_voting_p00193.tif
/data/heguozhen/Fire/activefire/images/patches/LC08_L1TP_185018_20200821_20200821_01_RT_p00626.tif,/data/heguozhen/Fire/activefire/masks/voting/LC08_L1TP_185018_20200821_20200821_01_RT_voting_p00626.tif
/data/heguozhen/Fire/activefire/images/patches/LC08_L1TP_002071_20200819_20200820_01_RT_p00326.tif,/data/heguozhen/Fire/activefire/masks/voting/LC08_L1TP_002071_20200819_20200820_01_RT_voting_p00326.tif
/data/heguozhen/Fire/activefire/images/patches/LC08_L1TP_146031_20200820_20200820_01_RT_p00171.tif,/data/heguozhen/Fire/activefire/masks/voting/LC08_L1TP_146031_20200820_20200820_01_RT_voting_p00171.tif
/data/heguozhen/Fire/activefire/images/patches/LC08_L1TP_173065_20200817_20200817_01_RT_p00413.tif,/data/heguozhen/Fire/activefire/masks/voting/LC08_L1TP_173065_20200817_20200817_01_RT_voting_p00413.tif
/data/heguozhen/Fire/activefire/images/patches/LC08_L1TP_114064_20200820_20200820_01_RT_p00444.tif,/data/heguozhen/Fire/activefire/masks/voting/LC08_L1TP_114064_20200820_20200820_01_RT_voting_p00444.tif
/data/heguozhen/Fire/activefire/images/patches/LC08_L1TP_169068_20200821_20200821_01_RT_p00350.tif,/data/heguozhen/Fire/activefire/masks/voting/LC08_L1TP_169068_20200821_20200821_01_RT_voting_p00350.tif
/data/heguozhen/Fire/activefire/images/patches/LC08_L1TP_173034_20200817_20200817_01_RT_p00603.tif,/data/heguozhen/Fire/activefire/masks/voting/LC08_L1TP_173034_20200817_20200817_01_RT_voting_p00603.tif
/data/heguozhen/Fire/activefire/images/patches/LC08_L1TP_092079_20200826_20200826_01_RT_p00514.tif,/data/heguozhen/Fire/activefire/masks/voting/LC08_L1TP_092079_20200826_20200826_01_RT_voting_p00514.tif
/data/heguozhen/Fire/activefire/images/patches/LC08_L1TP_175072_20200815_20200815_01_RT_p00314.tif,/data/heguozhen/Fire/activefire/masks/voting/LC08_L1TP_175072_20200815_20200815_01_RT_voting_p00314.tif
/data/heguozhen/Fire/activefire/images/patches/LC08_L1TP_175071_20200815_20200815_01_RT_p00270.tif,/data/heguozhen/Fire/activefire/masks/voting/LC08_L1TP_175071_20200815_20200815_01_RT_voting_p00270.tif
/data/heguozhen/Fire/activefire/images/patches/LC08_L1TP_125052_20200817_20200817_01_RT_p00613.tif,/data/heguozhen/Fire/activefire/masks/voting/LC08_L1TP_125052_20200817_20200817_01_RT_voting_p00613.tif
/data/heguozhen/Fire/activefire/images/patches/LC08_L1TP_179070_20200811_20200811_01_RT_p00219.tif,/data/heguozhen/Fire/activefire/masks/voting/LC08_L1TP_179070_20200811_20200811_01_RT_voting_p00219.tif
/data/heguozhen/Fire/activefire/images/patches/LC08_L1TP_120029_20200814_20200814_01_RT_p00702.tif,/data/heguozhen/Fire/activefire/masks/voting/LC08_L1TP_120029_20200814_20200814_01_RT_voting_p00702.tif
/data/heguozhen/Fire/activefire/images/patches/LC08_L1TP_166065_20200816_20200816_01_RT_p00182.tif,/data/heguozhen/Fire/activefire/masks/voting/LC08_L1TP_166065_20200816_20200816_01_RT_voting_p00182.tif
/data/heguozhen/Fire/activefire/images/patches/LC08_L1TP_173071_20200817_20200817_01_RT_p00452.tif,/data/heguozhen/Fire/activefire/masks/voting/LC08_L1TP_173071_20200817_20200817_01_RT_voting_p00452.tif
/data/heguozhen/Fire/activefire/images/patches/LC08_L1TP_173069_20200817_20200817_01_RT_p00679.tif,/data/heguozhen/Fire/activefire/masks/voting/LC08_L1TP_173069_20200817_20200817_01_RT_voting_p00679.tif
/data/heguozhen/Fire/activefire/images/patches/LC08_L1TP_114066_20200820_20200820_01_RT_p00321.tif,/data/heguozhen/Fire/activefire/masks/voting/LC08_L1TP_114066_20200820_20200820_01_RT_voting_p00321.tif
/data/heguozhen/Fire/activefire/images/patches/LC08_L1TP_166070_20200816_20200816_01_RT_p00206.tif,/data/heguozhen/Fire/activefire/masks/voting/LC08_L1TP_166070_20200816_20200816_01_RT_voting_p00206.tif
/data/heguozhen/Fire/activefire/images/patches/LC08_L1TP_170068_20200812_20200812_01_RT_p00795.tif,/data/heguozhen/Fire/activefire/masks/voting/LC08_L1TP_170068_20200812_20200812_01_RT_voting_p00795.tif
/data/heguozhen/Fire/activefire/images/patches/LC08_L1TP_165068_20200809_20200809_01_RT_p00446.tif,/data/heguozhen/Fire/activefire/masks/voting/LC08_L1TP_165068_20200809_20200809_01_RT_voting_p00446.tif
/data/heguozhen/Fire/activefire/images/patches/LC08_L1TP_172070_20200810_20200810_01_RT_p00815.tif,/data/heguozhen/Fire/activefire/masks/voting/LC08_L1TP_172070_20200810_20200810_01_RT_voting_p00815.tif
/data/heguozhen/Fire/activefire/images/patches/LC08_L1TP_173063_20200817_20200817_01_RT_p00605.tif,/data/heguozhen/Fire/activefire/masks/voting/LC08_L1TP_173063_20200817_20200817_01_RT_voting_p00605.tif
/data/heguozhen/Fire/activefire/images/patches/LC08_L1TP_125043_20200817_20200817_01_RT_p00483.tif,/data/heguozhen/Fire/activefire/masks/voting/LC08_L1TP_125043_20200817_20200817_01_RT_voting_p00483.tif
/data/heguozhen/Fire/activefire/images/patches/LC08_L1TP_173068_20200817_20200817_01_RT_p00470.tif,/data/heguozhen/Fire/activefire/masks/voting/LC08_L1TP_173068_20200817_20200817_01_RT_voting_p00470.tif
/data/heguozhen/Fire/activefire/images/patches/LC08_L1TP_174025_20200808_20200808_01_RT_p00141.tif,/data/heguozhen/Fire/activefire/masks/voting/LC08_L1TP_174025_20200808_20200808_01_RT_voting_p00141.tif
/data/heguozhen/Fire/activefire/images/patches/LC08_L1TP_172065_20200810_20200810_01_RT_p00478.tif,/data/heguozhen/Fire/activefire/masks/voting/LC08_L1TP_172065_20200810_20200810_01_RT_voting_p00478.tif
/data/heguozhen/Fire/activefire/images/patches/LC08_L1TP_114035_20200820_20200820_01_RT_p00481.tif,/data/heguozhen/Fire/activefire/masks/voting/LC08_L1TP_114035_20200820_20200820_01_RT_voting_p00481.tif
/data/heguozhen/Fire/activefire/images/patches/LC08_L1TP_007047_20200822_20200822_01_RT_p00049.tif,/data/heguozhen/Fire/activefire/masks/voting/LC08_L1TP_007047_20200822_20200822_01_RT_voting_p00049.tif
/data/heguozhen/Fire/activefire/images/patches/LC08_L1TP_172068_20200810_20200810_01_RT_p00025.tif,/data/heguozhen/Fire/activefire/masks/voting/LC08_L1TP_172068_20200810_20200810_01_RT_voting_p00025.tif
/data/heguozhen/Fire/activefire/images/patches/LC08_L1GT_120016_20200830_20200830_01_RT_p00709.tif,/data/heguozhen/Fire/activefire/masks/voting/LC08_L1GT_120016_20200830_20200830_01_RT_voting_p00709.tif
/data/heguozhen/Fire/activefire/images/patches/LC08_L1TP_173062_20200817_20200817_01_RT_p00343.tif,/data/heguozhen/Fire/activefire/masks/voting/LC08_L1TP_173062_20200817_20200817_01_RT_voting_p00343.tif
/data/heguozhen/Fire/activefire/images/patches/LC08_L1TP_173067_20200817_20200817_01_RT_p00330.tif,/data/heguozhen/Fire/activefire/masks/voting/LC08_L1TP_173067_20200817_20200817_01_RT_voting_p00330.tif
/data/heguozhen/Fire/activefire/images/patches/LC08_L1TP_170069_20200812_20200812_01_RT_p00520.tif,/data/heguozhen/Fire/activefire/masks/voting/LC08_L1TP_170069_20200812_20200812_01_RT_voting_p00520.tif
/data/heguozhen/Fire/activefire/images/patches/LC08_L1TP_175067_20200815_20200815_01_RT_p00580.tif,/data/heguozhen/Fire/activefire/masks/voting/LC08_L1TP_175067_20200815_20200815_01_RT_voting_p00580.tif
/data/heguozhen/Fire/activefire/images/patches/LC08_L1TP_165068_20200809_20200809_01_RT_p00354.tif,/data/heguozhen/Fire/activefire/masks/voting/LC08_L1TP_165068_20200809_20200809_01_RT_voting_p00354.tif
/data/heguozhen/Fire/activefire/images/patches/LC08_L1TP_147030_20200811_20200811_01_RT_p00687.tif,/data/heguozhen/Fire/activefire/masks/voting/LC08_L1TP_147030_20200811_20200811_01_RT_voting_p00687.tif
/data/heguozhen/Fire/activefire/images/patches/LC08_L1TP_167066_20200823_20200823_01_RT_p00784.tif,/data/heguozhen/Fire/activefire/masks/voting/LC08_L1TP_167066_20200823_20200823_01_RT_voting_p00784.tif
/data/heguozhen/Fire/activefire/images/patches/LC08_L1TP_173068_20200817_20200817_01_RT_p00660.tif,/data/heguozhen/Fire/activefire/masks/voting/LC08_L1TP_173068_20200817_20200817_01_RT_voting_p00660.tif
/data/heguozhen/Fire/activefire/images/patches/LC08_L1TP_136014_20200830_20200830_01_RT_p00815.tif,/data/heguozhen/Fire/activefire/masks/voting/LC08_L1TP_136014_20200830_20200830_01_RT_voting_p00815.tif
/data/heguozhen/Fire/activefire/images/patches/LC08_L1TP_129036_20200813_20200813_01_RT_p00780.tif,/data/heguozhen/Fire/activefire/masks/voting/LC08_L1TP_129036_20200813_20200813_01_RT_voting_p00780.tif
/data/heguozhen/Fire/activefire/images/patches/LC08_L1TP_181063_20200809_20200809_01_RT_p00484.tif,/data/heguozhen/Fire/activefire/masks/voting/LC08_L1TP_181063_20200809_20200809_01_RT_voting_p00484.tif
/data/heguozhen/Fire/activefire/images/patches/LC08_L1TP_181063_20200809_20200809_01_RT_p00219.tif,/data/heguozhen/Fire/activefire/masks/voting/LC08_L1TP_181063_20200809_20200809_01_RT_voting_p00219.tif
/data/heguozhen/Fire/activefire/images/patches/LC08_L1TP_118029_20200816_20200816_01_RT_p00662.tif,/data/heguozhen/Fire/activefire/masks/voting/LC08_L1TP_118029_20200816_20200816_01_RT_voting_p00662.tif
/data/heguozhen/Fire/activefire/images/patches/LC08_L1TP_169068_20200821_20200821_01_RT_p00200.tif,/data/heguozhen/Fire/activefire/masks/voting/LC08_L1TP_169068_20200821_20200821_01_RT_voting_p00200.tif
/data/heguozhen/Fire/activefire/images/patches/LC08_L1TP_220065_20200810_20200810_01_RT_p00145.tif,/data/heguozhen/Fire/activefire/masks/voting/LC08_L1TP_220065_20200810_20200810_01_RT_voting_p00145.tif
/data/heguozhen/Fire/activefire/images/patches/LC08_L1TP_195035_20200811_20200812_01_RT_p00689.tif,/data/heguozhen/Fire/activefire/masks/voting/LC08_L1TP_195035_20200811_20200812_01_RT_voting_p00689.tif
/data/heguozhen/Fire/activefire/images/patches/LC08_L1TP_160075_20200822_20200822_01_RT_p00294.tif,/data/heguozhen/Fire/activefire/masks/voting/LC08_L1TP_160075_20200822_20200822_01_RT_voting_p00294.tif
/data/heguozhen/Fire/activefire/images/patches/LC08_L1TP_227081_20200811_20200811_01_RT_p00880.tif,/data/heguozhen/Fire/activefire/masks/voting/LC08_L1TP_227081_20200811_20200811_01_RT_voting_p00880.tif
/data/heguozhen/Fire/activefire/images/patches/LC08_L1TP_118029_20200816_20200816_01_RT_p00234.tif,/data/heguozhen/Fire/activefire/masks/voting/LC08_L1TP_118029_20200816_20200816_01_RT_voting_p00234.tif
/data/heguozhen/Fire/activefire/images/patches/LC08_L1TP_119032_20200823_20200823_01_RT_p00460.tif,/data/heguozhen/Fire/activefire/masks/voting/LC08_L1TP_119032_20200823_20200823_01_RT_voting_p00460.tif
/data/heguozhen/Fire/activefire/images/patches/LC08_L1TP_126034_20200824_20200824_01_RT_p00906.tif,/data/heguozhen/Fire/activefire/masks/voting/LC08_L1TP_126034_20200824_20200824_01_RT_voting_p00906.tif
/data/heguozhen/Fire/activefire/images/patches/LC08_L1TP_136015_20200830_20200830_01_RT_p01030.tif,/data/heguozhen/Fire/activefire/masks/voting/LC08_L1TP_136015_20200830_20200830_01_RT_voting_p01030.tif
/data/heguozhen/Fire/activefire/images/patches/LC08_L1TP_119027_20200823_20200823_01_RT_p00710.tif,/data/heguozhen/Fire/activefire/masks/voting/LC08_L1TP_119027_20200823_20200823_01_RT_voting_p00710.tif
/data/heguozhen/Fire/activefire/images/patches/LC08_L1TP_001068_20200812_20200812_01_RT_p00253.tif,/data/heguozhen/Fire/activefire/masks/voting/LC08_L1TP_001068_20200812_20200812_01_RT_voting_p00253.tif
/data/heguozhen/Fire/activefire/images/patches/LC08_L1TP_173067_20200817_20200817_01_RT_p00499.tif,/data/heguozhen/Fire/activefire/masks/voting/LC08_L1TP_173067_20200817_20200817_01_RT_voting_p00499.tif
/data/heguozhen/Fire/activefire/images/patches/LC08_L1TP_121028_20200821_20200821_01_RT_p00551.tif,/data/heguozhen/Fire/activefire/masks/voting/LC08_L1TP_121028_20200821_20200821_01_RT_voting_p00551.tif
/data/heguozhen/Fire/activefire/images/patches/LC08_L1TP_124046_20200810_20200810_01_RT_p00603.tif,/data/heguozhen/Fire/activefire/masks/voting/LC08_L1TP_124046_20200810_20200810_01_RT_voting_p00603.tif
/data/heguozhen/Fire/activefire/images/patches/LC08_L1TP_172062_20200810_20200810_01_RT_p00737.tif,/data/heguozhen/Fire/activefire/masks/voting/LC08_L1TP_172062_20200810_20200810_01_RT_voting_p00737.tif
/data/heguozhen/Fire/activefire/images/patches/LC08_L1TP_195021_20200811_20200812_01_RT_p00493.tif,/data/heguozhen/Fire/activefire/masks/voting/LC08_L1TP_195021_20200811_20200812_01_RT_voting_p00493.tif
/data/heguozhen/Fire/activefire/images/patches/LC08_L1TP_149039_20200809_20200809_01_RT_p00113.tif,/data/heguozhen/Fire/activefire/masks/voting/LC08_L1TP_149039_20200809_20200809_01_RT_voting_p00113.tif
/data/heguozhen/Fire/activefire/images/patches/LC08_L1TP_160031_20200822_20200822_01_RT_p00284.tif,/data/heguozhen/Fire/activefire/masks/voting/LC08_L1TP_160031_20200822_20200822_01_RT_voting_p00284.tif
/data/heguozhen/Fire/activefire/images/patches/LC08_L1TP_122033_20200828_20200828_01_RT_p00386.tif,/data/heguozhen/Fire/activefire/masks/voting/LC08_L1TP_122033_20200828_20200828_01_RT_voting_p00386.tif
/data/heguozhen/Fire/activefire/images/patches/LC08_L1TP_161072_20200813_20200813_01_RT_p00389.tif,/data/heguozhen/Fire/activefire/masks/voting/LC08_L1TP_161072_20200813_20200813_01_RT_voting_p00389.tif
/data/heguozhen/Fire/activefire/images/patches/LC08_L1TP_165067_20200809_20200809_01_RT_p00607.tif,/data/heguozhen/Fire/activefire/masks/voting/LC08_L1TP_165067_20200809_20200809_01_RT_voting_p00607.tif
/data/heguozhen/Fire/activefire/images/patches/LC08_L1TP_182064_20200816_20200816_01_RT_p00784.tif,/data/heguozhen/Fire/activefire/masks/voting/LC08_L1TP_182064_20200816_20200816_01_RT_voting_p00784.tif
/data/heguozhen/Fire/activefire/images/patches/LC08_L1TP_119026_20200823_20200823_01_RT_p00585.tif,/data/heguozhen/Fire/activefire/masks/voting/LC08_L1TP_119026_20200823_20200823_01_RT_voting_p00585.tif
/data/heguozhen/Fire/activefire/images/patches/LC08_L1TP_173069_20200817_20200817_01_RT_p00190.tif,/data/heguozhen/Fire/activefire/masks/voting/LC08_L1TP_173069_20200817_20200817_01_RT_voting_p00190.tif
/data/heguozhen/Fire/activefire/images/patches/LC08_L1TP_179068_20200811_20200811_01_RT_p00087.tif,/data/heguozhen/Fire/activefire/masks/voting/LC08_L1TP_179068_20200811_20200811_01_RT_voting_p00087.tif
/data/heguozhen/Fire/activefire/images/patches/LC08_L1TP_001085_20200812_20200812_01_RT_p00750.tif,/data/heguozhen/Fire/activefire/masks/voting/LC08_L1TP_001085_20200812_20200812_01_RT_voting_p00750.tif
/data/heguozhen/Fire/activefire/images/patches/LC08_L1TP_186025_20200812_20200812_01_RT_p00795.tif,/data/heguozhen/Fire/activefire/masks/voting/LC08_L1TP_186025_20200812_20200812_01_RT_voting_p00795.tif
/data/heguozhen/Fire/activefire/images/patches/LC08_L1TP_175026_20200815_20200815_01_RT_p00179.tif,/data/heguozhen/Fire/activefire/masks/voting/LC08_L1TP_175026_20200815_20200815_01_RT_voting_p00179.tif
/data/heguozhen/Fire/activefire/images/patches/LC08_L1TP_117016_20200809_20200809_01_RT_p00258.tif,/data/heguozhen/Fire/activefire/masks/voting/LC08_L1TP_117016_20200809_20200809_01_RT_voting_p00258.tif
/data/heguozhen/Fire/activefire/images/patches/LC08_L1TP_179067_20200811_20200811_01_RT_p00759.tif,/data/heguozhen/Fire/activefire/masks/voting/LC08_L1TP_179067_20200811_20200811_01_RT_voting_p00759.tif
/data/heguozhen/Fire/activefire/images/patches/LC08_L1TP_124050_20200826_20200826_01_RT_p00599.tif,/data/heguozhen/Fire/activefire/masks/voting/LC08_L1TP_124050_20200826_20200826_01_RT_voting_p00599.tif
/data/heguozhen/Fire/activefire/images/patches/LC08_L1TP_174069_20200808_20200808_01_RT_p00160.tif,/data/heguozhen/Fire/activefire/masks/voting/LC08_L1TP_174069_20200808_20200808_01_RT_voting_p00160.tif
/data/heguozhen/Fire/activefire/images/patches/LC08_L1TP_121029_20200821_20200821_01_RT_p00310.tif,/data/heguozhen/Fire/activefire/masks/voting/LC08_L1TP_121029_20200821_20200821_01_RT_voting_p00310.tif
/data/heguozhen/Fire/activefire/images/patches/LC08_L1TP_166064_20200816_20200816_01_RT_p00055.tif,/data/heguozhen/Fire/activefire/masks/voting/LC08_L1TP_166064_20200816_20200816_01_RT_voting_p00055.tif
/data/heguozhen/Fire/activefire/images/patches/LC08_L1TP_179069_20200811_20200811_01_RT_p00235.tif,/data/heguozhen/Fire/activefire/masks/voting/LC08_L1TP_179069_20200811_20200811_01_RT_voting_p00235.tif
/data/heguozhen/Fire/activefire/images/patches/LC08_L1TP_144029_20200822_20200822_01_RT_p00503.tif,/data/heguozhen/Fire/activefire/masks/voting/LC08_L1TP_144029_20200822_20200822_01_RT_voting_p00503.tif
/data/heguozhen/Fire/activefire/images/patches/LC08_L1TP_115028_20200811_20200811_01_RT_p00253.tif,/data/heguozhen/Fire/activefire/masks/voting/LC08_L1TP_115028_20200811_20200811_01_RT_voting_p00253.tif
/data/heguozhen/Fire/activefire/images/patches/LC08_L1TP_174027_20200808_20200808_01_RT_p00666.tif,/data/heguozhen/Fire/activefire/masks/voting/LC08_L1TP_174027_20200808_20200808_01_RT_voting_p00666.tif
/data/heguozhen/Fire/activefire/images/patches/LC08_L1TP_141030_20200817_20200817_01_RT_p00668.tif,/data/heguozhen/Fire/activefire/masks/voting/LC08_L1TP_141030_20200817_20200817_01_RT_voting_p00668.tif
/data/heguozhen/Fire/activefire/images/patches/LC08_L1TP_170066_20200812_20200812_01_RT_p00461.tif,/data/heguozhen/Fire/activefire/masks/voting/LC08_L1TP_170066_20200812_20200812_01_RT_voting_p00461.tif
/data/heguozhen/Fire/activefire/images/patches/LC08_L1TP_175068_20200815_20200815_01_RT_p00378.tif,/data/heguozhen/Fire/activefire/masks/voting/LC08_L1TP_175068_20200815_20200815_01_RT_voting_p00378.tif
/data/heguozhen/Fire/activefire/images/patches/LC08_L1TP_167073_20200823_20200823_01_RT_p00351.tif,/data/heguozhen/Fire/activefire/masks/voting/LC08_L1TP_167073_20200823_20200823_01_RT_voting_p00351.tif
/data/heguozhen/Fire/activefire/images/patches/LC08_L1TP_173064_20200817_20200817_01_RT_p00520.tif,/data/heguozhen/Fire/activefire/masks/voting/LC08_L1TP_173064_20200817_20200817_01_RT_voting_p00520.tif
/data/heguozhen/Fire/activefire/images/patches/LC08_L1TP_169068_20200821_20200821_01_RT_p00355.tif,/data/heguozhen/Fire/activefire/masks/voting/LC08_L1TP_169068_20200821_20200821_01_RT_voting_p00355.tif
/data/heguozhen/Fire/activefire/images/patches/LC08_L1TP_170035_20200812_20200812_01_RT_p00747.tif,/data/heguozhen/Fire/activefire/masks/voting/LC08_L1TP_170035_20200812_20200812_01_RT_voting_p00747.tif
/data/heguozhen/Fire/activefire/images/patches/LC08_L1TP_168061_20200830_20200830_01_RT_p00450.tif,/data/heguozhen/Fire/activefire/masks/voting/LC08_L1TP_168061_20200830_20200830_01_RT_voting_p00450.tif
/data/heguozhen/Fire/activefire/images/patches/LC08_L1TP_173067_20200817_20200817_01_RT_p00618.tif,/data/heguozhen/Fire/activefire/masks/voting/LC08_L1TP_173067_20200817_20200817_01_RT_voting_p00618.tif
/data/heguozhen/Fire/activefire/images/patches/LC08_L1TP_120032_20200830_20200830_01_RT_p00908.tif,/data/heguozhen/Fire/activefire/masks/voting/LC08_L1TP_120032_20200830_20200830_01_RT_voting_p00908.tif
/data/heguozhen/Fire/activefire/images/patches/LC08_L1TP_119029_20200807_20200807_01_RT_p00760.tif,/data/heguozhen/Fire/activefire/masks/voting/LC08_L1TP_119029_20200807_20200807_01_RT_voting_p00760.tif
/data/heguozhen/Fire/activefire/images/patches/LC08_L1TP_227076_20200811_20200811_01_RT_p00855.tif,/data/heguozhen/Fire/activefire/masks/voting/LC08_L1TP_227076_20200811_20200811_01_RT_voting_p00855.tif
/data/heguozhen/Fire/activefire/images/patches/LC08_L1TP_121030_20200821_20200821_01_RT_p00441.tif,/data/heguozhen/Fire/activefire/masks/voting/LC08_L1TP_121030_20200821_20200821_01_RT_voting_p00441.tif
/data/heguozhen/Fire/activefire/images/patches/LC08_L1TP_017051_20200812_20200812_01_RT_p00594.tif,/data/heguozhen/Fire/activefire/masks/voting/LC08_L1TP_017051_20200812_20200812_01_RT_voting_p00594.tif
/data/heguozhen/Fire/activefire/images/patches/LC08_L1TP_167065_20200823_20200823_01_RT_p00741.tif,/data/heguozhen/Fire/activefire/masks/voting/LC08_L1TP_167065_20200823_20200823_01_RT_voting_p00741.tif
/data/heguozhen/Fire/activefire/images/patches/LC08_L1TP_138018_20200828_20200828_01_RT_p01005.tif,/data/heguozhen/Fire/activefire/masks/voting/LC08_L1TP_138018_20200828_20200828_01_RT_voting_p01005.tif
/data/heguozhen/Fire/activefire/images/patches/LC08_L1TP_173065_20200817_20200817_01_RT_p00255.tif,/data/heguozhen/Fire/activefire/masks/voting/LC08_L1TP_173065_20200817_20200817_01_RT_voting_p00255.tif
/data/heguozhen/Fire/activefire/images/patches/LC08_L1TP_118029_20200816_20200816_01_RT_p00335.tif,/data/heguozhen/Fire/activefire/masks/voting/LC08_L1TP_118029_20200816_20200816_01_RT_voting_p00335.tif
/data/heguozhen/Fire/activefire/images/patches/LC08_L1TP_169068_20200821_20200821_01_RT_p00294.tif,/data/heguozhen/Fire/activefire/masks/voting/LC08_L1TP_169068_20200821_20200821_01_RT_voting_p00294.tif
/data/heguozhen/Fire/activefire/images/patches/LC08_L1TP_161072_20200813_20200813_01_RT_p00878.tif,/data/heguozhen/Fire/activefire/masks/voting/LC08_L1TP_161072_20200813_20200813_01_RT_voting_p00878.tif
/data/heguozhen/Fire/activefire/images/patches/LC08_L1TP_119016_20200823_20200823_01_RT_p00723.tif,/data/heguozhen/Fire/activefire/masks/voting/LC08_L1TP_119016_20200823_20200823_01_RT_voting_p00723.tif
/data/heguozhen/Fire/activefire/images/patches/LC08_L1TP_172069_20200810_20200810_01_RT_p00333.tif,/data/heguozhen/Fire/activefire/masks/voting/LC08_L1TP_172069_20200810_20200810_01_RT_voting_p00333.tif
/data/heguozhen/Fire/activefire/images/patches/LC08_L1TP_156012_20200810_20200810_01_RT_p00252.tif,/data/heguozhen/Fire/activefire/masks/voting/LC08_L1TP_156012_20200810_20200810_01_RT_voting_p00252.tif
/data/heguozhen/Fire/activefire/images/patches/LC08_L1TP_166069_20200816_20200816_01_RT_p00536.tif,/data/heguozhen/Fire/activefire/masks/voting/LC08_L1TP_166069_20200816_20200816_01_RT_voting_p00536.tif
/data/heguozhen/Fire/activefire/images/patches/LC08_L1TP_175067_20200815_20200815_01_RT_p00754.tif,/data/heguozhen/Fire/activefire/masks/voting/LC08_L1TP_175067_20200815_20200815_01_RT_voting_p00754.tif
/data/heguozhen/Fire/activefire/images/patches/LC08_L1TP_166071_20200816_20200816_01_RT_p00195.tif,/data/heguozhen/Fire/activefire/masks/voting/LC08_L1TP_166071_20200816_20200816_01_RT_voting_p00195.tif
/data/heguozhen/Fire/activefire/images/patches/LC08_L1TP_154031_20200812_20200812_01_RT_p00457.tif,/data/heguozhen/Fire/activefire/masks/voting/LC08_L1TP_154031_20200812_20200812_01_RT_voting_p00457.tif
/data/heguozhen/Fire/activefire/images/patches/LC08_L1TP_200029_20200814_20200814_01_RT_p00461.tif,/data/heguozhen/Fire/activefire/masks/voting/LC08_L1TP_200029_20200814_20200814_01_RT_voting_p00461.tif
/data/heguozhen/Fire/activefire/images/patches/LC08_L1TP_188028_20200810_20200810_01_RT_p00439.tif,/data/heguozhen/Fire/activefire/masks/voting/LC08_L1TP_188028_20200810_20200810_01_RT_voting_p00439.tif
/data/heguozhen/Fire/activefire/images/patches/LC08_L1TP_121030_20200821_20200821_01_RT_p00699.tif,/data/heguozhen/Fire/activefire/masks/voting/LC08_L1TP_121030_20200821_20200821_01_RT_voting_p00699.tif
/data/heguozhen/Fire/activefire/images/patches/LC08_L1TP_173062_20200817_20200817_01_RT_p00264.tif,/data/heguozhen/Fire/activefire/masks/voting/LC08_L1TP_173062_20200817_20200817_01_RT_voting_p00264.tif
/data/heguozhen/Fire/activefire/images/patches/LC08_L1TP_117017_20200809_20200809_01_RT_p00468.tif,/data/heguozhen/Fire/activefire/masks/voting/LC08_L1TP_117017_20200809_20200809_01_RT_voting_p00468.tif
/data/heguozhen/Fire/activefire/images/patches/LC08_L1TP_169069_20200821_20200821_01_RT_p00050.tif,/data/heguozhen/Fire/activefire/masks/voting/LC08_L1TP_169069_20200821_20200821_01_RT_voting_p00050.tif
/data/heguozhen/Fire/activefire/images/patches/LC08_L1TP_182061_20200816_20200816_01_RT_p00546.tif,/data/heguozhen/Fire/activefire/masks/voting/LC08_L1TP_182061_20200816_20200816_01_RT_voting_p00546.tif
/data/heguozhen/Fire/activefire/images/patches/LC08_L1TP_220076_20200810_20200810_01_RT_p00666.tif,/data/heguozhen/Fire/activefire/masks/voting/LC08_L1TP_220076_20200810_20200810_01_RT_voting_p00666.tif
/data/heguozhen/Fire/activefire/images/patches/LC08_L1TP_093067_20200817_20200817_01_RT_p00110.tif,/data/heguozhen/Fire/activefire/masks/voting/LC08_L1TP_093067_20200817_20200817_01_RT_voting_p00110.tif
/data/heguozhen/Fire/activefire/images/patches/LC08_L1TP_126052_20200824_20200824_01_RT_p00544.tif,/data/heguozhen/Fire/activefire/masks/voting/LC08_L1TP_126052_20200824_20200824_01_RT_voting_p00544.tif
/data/heguozhen/Fire/activefire/images/patches/LC08_L1TP_170071_20200812_20200812_01_RT_p00270.tif,/data/heguozhen/Fire/activefire/masks/voting/LC08_L1TP_170071_20200812_20200812_01_RT_voting_p00270.tif
/data/heguozhen/Fire/activefire/images/patches/LC08_L1TP_130032_20200820_20200820_01_RT_p00797.tif,/data/heguozhen/Fire/activefire/masks/voting/LC08_L1TP_130032_20200820_20200820_01_RT_voting_p00797.tif
/data/heguozhen/Fire/activefire/images/patches/LC08_L1TP_169068_20200821_20200821_01_RT_p00577.tif,/data/heguozhen/Fire/activefire/masks/voting/LC08_L1TP_169068_20200821_20200821_01_RT_voting_p00577.tif
/data/heguozhen/Fire/activefire/images/patches/LC08_L1TP_118028_20200816_20200816_01_RT_p00473.tif,/data/heguozhen/Fire/activefire/masks/voting/LC08_L1TP_118028_20200816_20200816_01_RT_voting_p00473.tif
/data/heguozhen/Fire/activefire/images/patches/LC08_L1TP_195034_20200811_20200812_01_RT_p00428.tif,/data/heguozhen/Fire/activefire/masks/voting/LC08_L1TP_195034_20200811_20200812_01_RT_voting_p00428.tif
/data/heguozhen/Fire/activefire/images/patches/LC08_L1TP_227082_20200811_20200811_01_RT_p00605.tif,/data/heguozhen/Fire/activefire/masks/voting/LC08_L1TP_227082_20200811_20200811_01_RT_voting_p00605.tif
/data/heguozhen/Fire/activefire/images/patches/LC08_L1TP_008046_20200813_20200813_01_RT_p00209.tif,/data/heguozhen/Fire/activefire/masks/voting/LC08_L1TP_008046_20200813_20200813_01_RT_voting_p00209.tif
/data/heguozhen/Fire/activefire/images/patches/LC08_L1TP_169069_20200821_20200821_01_RT_p00024.tif,/data/heguozhen/Fire/activefire/masks/voting/LC08_L1TP_169069_20200821_20200821_01_RT_voting_p00024.tif
/data/heguozhen/Fire/activefire/images/patches/LC08_L1TP_140018_20200826_20200826_01_RT_p01000.tif,/data/heguozhen/Fire/activefire/masks/voting/LC08_L1TP_140018_20200826_20200826_01_RT_voting_p01000.tif
/data/heguozhen/Fire/activefire/images/patches/LC08_L1TP_124034_20200826_20200826_01_RT_p00534.tif,/data/heguozhen/Fire/activefire/masks/voting/LC08_L1TP_124034_20200826_20200826_01_RT_voting_p00534.tif
/data/heguozhen/Fire/activefire/images/patches/LC08_L1TP_121026_20200821_20200821_01_RT_p00701.tif,/data/heguozhen/Fire/activefire/masks/voting/LC08_L1TP_121026_20200821_20200821_01_RT_voting_p00701.tif
/data/heguozhen/Fire/activefire/images/patches/LC08_L1TP_175070_20200815_20200815_01_RT_p00475.tif,/data/heguozhen/Fire/activefire/masks/voting/LC08_L1TP_175070_20200815_20200815_01_RT_voting_p00475.tif
/data/heguozhen/Fire/activefire/images/patches/LC08_L1TP_224061_20200806_20200807_01_RT_p00172.tif,/data/heguozhen/Fire/activefire/masks/voting/LC08_L1TP_224061_20200806_20200807_01_RT_voting_p00172.tif
/data/heguozhen/Fire/activefire/images/patches/LC08_L1TP_124028_20200810_20200810_01_RT_p00427.tif,/data/heguozhen/Fire/activefire/masks/voting/LC08_L1TP_124028_20200810_20200810_01_RT_voting_p00427.tif
/data/heguozhen/Fire/activefire/images/patches/LC08_L1TP_135019_20200807_20200807_01_RT_p00667.tif,/data/heguozhen/Fire/activefire/masks/voting/LC08_L1TP_135019_20200807_20200807_01_RT_voting_p00667.tif
/data/heguozhen/Fire/activefire/images/patches/LC08_L1TP_154013_20200812_20200812_01_RT_p00441.tif,/data/heguozhen/Fire/activefire/masks/voting/LC08_L1TP_154013_20200812_20200812_01_RT_voting_p00441.tif
/data/heguozhen/Fire/activefire/images/patches/LC08_L1TP_110066_20200824_20200824_01_RT_p00606.tif,/data/heguozhen/Fire/activefire/masks/voting/LC08_L1TP_110066_20200824_20200824_01_RT_voting_p00606.tif
/data/heguozhen/Fire/activefire/images/patches/LC08_L1TP_136018_20200830_20200830_01_RT_p00518.tif,/data/heguozhen/Fire/activefire/masks/voting/LC08_L1TP_136018_20200830_20200830_01_RT_voting_p00518.tif
/data/heguozhen/Fire/activefire/images/patches/LC08_L1TP_118026_20200816_20200816_01_RT_p00440.tif,/data/heguozhen/Fire/activefire/masks/voting/LC08_L1TP_118026_20200816_20200816_01_RT_voting_p00440.tif
/data/heguozhen/Fire/activefire/images/patches/LC08_L1TP_174066_20200808_20200808_01_RT_p00696.tif,/data/heguozhen/Fire/activefire/masks/voting/LC08_L1TP_174066_20200808_20200808_01_RT_voting_p00696.tif
/data/heguozhen/Fire/activefire/images/patches/LC08_L1TP_161074_20200813_20200813_01_RT_p00614.tif,/data/heguozhen/Fire/activefire/masks/voting/LC08_L1TP_161074_20200813_20200813_01_RT_voting_p00614.tif
/data/heguozhen/Fire/activefire/images/patches/LC08_L1TP_170070_20200812_20200812_01_RT_p00302.tif,/data/heguozhen/Fire/activefire/masks/voting/LC08_L1TP_170070_20200812_20200812_01_RT_voting_p00302.tif
/data/heguozhen/Fire/activefire/images/patches/LC08_L1TP_179064_20200811_20200811_01_RT_p00289.tif,/data/heguozhen/Fire/activefire/masks/voting/LC08_L1TP_179064_20200811_20200811_01_RT_voting_p00289.tif
/data/heguozhen/Fire/activefire/images/patches/LC08_L1TP_121028_20200821_20200821_01_RT_p00761.tif,/data/heguozhen/Fire/activefire/masks/voting/LC08_L1TP_121028_20200821_20200821_01_RT_voting_p00761.tif
/data/heguozhen/Fire/activefire/images/patches/LC08_L1TP_115028_20200811_20200811_01_RT_p00244.tif,/data/heguozhen/Fire/activefire/masks/voting/LC08_L1TP_115028_20200811_20200811_01_RT_voting_p00244.tif
/data/heguozhen/Fire/activefire/images/patches/LC08_L1TP_152032_20200814_20200814_01_RT_p00318.tif,/data/heguozhen/Fire/activefire/masks/voting/LC08_L1TP_152032_20200814_20200814_01_RT_voting_p00318.tif
/data/heguozhen/Fire/activefire/images/patches/LC08_L1TP_124036_20200826_20200826_01_RT_p00595.tif,/data/heguozhen/Fire/activefire/masks/voting/LC08_L1TP_124036_20200826_20200826_01_RT_voting_p00595.tif
/data/heguozhen/Fire/activefire/images/patches/LC08_L1TP_122044_20200828_20200828_01_RT_p00267.tif,/data/heguozhen/Fire/activefire/masks/voting/LC08_L1TP_122044_20200828_20200828_01_RT_voting_p00267.tif
/data/heguozhen/Fire/activefire/images/patches/LC08_L1TP_138030_20200828_20200828_01_RT_p00628.tif,/data/heguozhen/Fire/activefire/masks/voting/LC08_L1TP_138030_20200828_20200828_01_RT_voting_p00628.tif
/data/heguozhen/Fire/activefire/images/patches/LC08_L1TP_129035_20200813_20200813_01_RT_p00608.tif,/data/heguozhen/Fire/activefire/masks/voting/LC08_L1TP_129035_20200813_20200813_01_RT_voting_p00608.tif
/data/heguozhen/Fire/activefire/images/patches/LC08_L1TP_181062_20200809_20200809_01_RT_p00657.tif,/data/heguozhen/Fire/activefire/masks/voting/LC08_L1TP_181062_20200809_20200809_01_RT_voting_p00657.tif
/data/heguozhen/Fire/activefire/images/patches/LC08_L1TP_114027_20200820_20200820_01_RT_p00650.tif,/data/heguozhen/Fire/activefire/masks/voting/LC08_L1TP_114027_20200820_20200820_01_RT_voting_p00650.tif
/data/heguozhen/Fire/activefire/images/patches/LC08_L1TP_163023_20200827_20200827_01_RT_p00259.tif,/data/heguozhen/Fire/activefire/masks/voting/LC08_L1TP_163023_20200827_20200827_01_RT_voting_p00259.tif
/data/heguozhen/Fire/activefire/images/patches/LC08_L1TP_158076_20200808_20200808_01_RT_p00078.tif,/data/heguozhen/Fire/activefire/masks/voting/LC08_L1TP_158076_20200808_20200808_01_RT_voting_p00078.tif
/data/heguozhen/Fire/activefire/images/patches/LC08_L1TP_188057_20200810_20200810_01_RT_p00292.tif,/data/heguozhen/Fire/activefire/masks/voting/LC08_L1TP_188057_20200810_20200810_01_RT_voting_p00292.tif
/data/heguozhen/Fire/activefire/images/patches/LC08_L1TP_010062_20200811_20200811_01_RT_p00570.tif,/data/heguozhen/Fire/activefire/masks/voting/LC08_L1TP_010062_20200811_20200811_01_RT_voting_p00570.tif
/data/heguozhen/Fire/activefire/images/patches/LC08_L1TP_172068_20200810_20200810_01_RT_p00481.tif,/data/heguozhen/Fire/activefire/masks/voting/LC08_L1TP_172068_20200810_20200810_01_RT_voting_p00481.tif
/data/heguozhen/Fire/activefire/images/patches/LC08_L1TP_170070_20200812_20200812_01_RT_p00260.tif,/data/heguozhen/Fire/activefire/masks/voting/LC08_L1TP_170070_20200812_20200812_01_RT_voting_p00260.tif
/data/heguozhen/Fire/activefire/images/patches/LC08_L1TP_122044_20200828_20200828_01_RT_p00751.tif,/data/heguozhen/Fire/activefire/masks/voting/LC08_L1TP_122044_20200828_20200828_01_RT_voting_p00751.tif
/data/heguozhen/Fire/activefire/images/patches/LC08_L1TP_176025_20200806_20200807_01_RT_p00786.tif,/data/heguozhen/Fire/activefire/masks/voting/LC08_L1TP_176025_20200806_20200807_01_RT_voting_p00786.tif
/data/heguozhen/Fire/activefire/images/patches/LC08_L1TP_175067_20200815_20200815_01_RT_p00482.tif,/data/heguozhen/Fire/activefire/masks/voting/LC08_L1TP_175067_20200815_20200815_01_RT_voting_p00482.tif
/data/heguozhen/Fire/activefire/images/patches/LC08_L1TP_181060_20200809_20200809_01_RT_p00147.tif,/data/heguozhen/Fire/activefire/masks/voting/LC08_L1TP_181060_20200809_20200809_01_RT_voting_p00147.tif
/data/heguozhen/Fire/activefire/images/patches/LC08_L1TP_119065_20200823_20200823_01_RT_p00632.tif,/data/heguozhen/Fire/activefire/masks/voting/LC08_L1TP_119065_20200823_20200823_01_RT_voting_p00632.tif
/data/heguozhen/Fire/activefire/images/patches/LC08_L1TP_172070_20200810_20200810_01_RT_p00130.tif,/data/heguozhen/Fire/activefire/masks/voting/LC08_L1TP_172070_20200810_20200810_01_RT_voting_p00130.tif
/data/heguozhen/Fire/activefire/images/patches/LC08_L1TP_122023_20200812_20200812_01_RT_p00306.tif,/data/heguozhen/Fire/activefire/masks/voting/LC08_L1TP_122023_20200812_20200812_01_RT_voting_p00306.tif
/data/heguozhen/Fire/activefire/images/patches/LC08_L1TP_130013_20200820_20200820_01_RT_p00743.tif,/data/heguozhen/Fire/activefire/masks/voting/LC08_L1TP_130013_20200820_20200820_01_RT_voting_p00743.tif
/data/heguozhen/Fire/activefire/images/patches/LC08_L1TP_131020_20200811_20200811_01_RT_p00143.tif,/data/heguozhen/Fire/activefire/masks/voting/LC08_L1TP_131020_20200811_20200811_01_RT_voting_p00143.tif
/data/heguozhen/Fire/activefire/images/patches/LC08_L1TP_130042_20200820_20200820_01_RT_p00724.tif,/data/heguozhen/Fire/activefire/masks/voting/LC08_L1TP_130042_20200820_20200820_01_RT_voting_p00724.tif
/data/heguozhen/Fire/activefire/images/patches/LC08_L1TP_121029_20200821_20200821_01_RT_p00910.tif,/data/heguozhen/Fire/activefire/masks/voting/LC08_L1TP_121029_20200821_20200821_01_RT_voting_p00910.tif
/data/heguozhen/Fire/activefire/images/patches/LC08_L1TP_170069_20200812_20200812_01_RT_p00770.tif,/data/heguozhen/Fire/activefire/masks/voting/LC08_L1TP_170069_20200812_20200812_01_RT_voting_p00770.tif
/data/heguozhen/Fire/activefire/images/patches/LC08_L1TP_124035_20200826_20200826_01_RT_p00114.tif,/data/heguozhen/Fire/activefire/masks/voting/LC08_L1TP_124035_20200826_20200826_01_RT_voting_p00114.tif
/data/heguozhen/Fire/activefire/images/patches/LC08_L1TP_224080_20200806_20200807_01_RT_p00322.tif,/data/heguozhen/Fire/activefire/masks/voting/LC08_L1TP_224080_20200806_20200807_01_RT_voting_p00322.tif
/data/heguozhen/Fire/activefire/images/patches/LC08_L1TP_170067_20200812_20200812_01_RT_p00568.tif,/data/heguozhen/Fire/activefire/masks/voting/LC08_L1TP_170067_20200812_20200812_01_RT_voting_p00568.tif
/data/heguozhen/Fire/activefire/images/patches/LC08_L1TP_186030_20200812_20200812_01_RT_p00736.tif,/data/heguozhen/Fire/activefire/masks/voting/LC08_L1TP_186030_20200812_20200812_01_RT_voting_p00736.tif
/data/heguozhen/Fire/activefire/images/patches/LC08_L1TP_096065_20200822_20200822_01_RT_p00500.tif,/data/heguozhen/Fire/activefire/masks/voting/LC08_L1TP_096065_20200822_20200822_01_RT_voting_p00500.tif
/data/heguozhen/Fire/activefire/images/patches/LC08_L1TP_126032_20200824_20200824_01_RT_p00740.tif,/data/heguozhen/Fire/activefire/masks/voting/LC08_L1TP_126032_20200824_20200824_01_RT_voting_p00740.tif
/data/heguozhen/Fire/activefire/images/patches/LC08_L1TP_121033_20200821_20200821_01_RT_p00157.tif,/data/heguozhen/Fire/activefire/masks/voting/LC08_L1TP_121033_20200821_20200821_01_RT_voting_p00157.tif
/data/heguozhen/Fire/activefire/images/patches/LC08_L1TP_172064_20200810_20200810_01_RT_p00656.tif,/data/heguozhen/Fire/activefire/masks/voting/LC08_L1TP_172064_20200810_20200810_01_RT_voting_p00656.tif
/data/heguozhen/Fire/activefire/images/patches/LC08_L1TP_118026_20200816_20200816_01_RT_p00212.tif,/data/heguozhen/Fire/activefire/masks/voting/LC08_L1TP_118026_20200816_20200816_01_RT_voting_p00212.tif
/data/heguozhen/Fire/activefire/images/patches/LC08_L1TP_174026_20200808_20200808_01_RT_p00114.tif,/data/heguozhen/Fire/activefire/masks/voting/LC08_L1TP_174026_20200808_20200808_01_RT_voting_p00114.tif
/data/heguozhen/Fire/activefire/images/patches/LC08_L1TP_122031_20200812_20200812_01_RT_p00761.tif,/data/heguozhen/Fire/activefire/masks/voting/LC08_L1TP_122031_20200812_20200812_01_RT_voting_p00761.tif
/data/heguozhen/Fire/activefire/images/patches/LC08_L1TP_001083_20200812_20200812_01_RT_p00778.tif,/data/heguozhen/Fire/activefire/masks/voting/LC08_L1TP_001083_20200812_20200812_01_RT_voting_p00778.tif
/data/heguozhen/Fire/activefire/images/patches/LC08_L1TP_174066_20200808_20200808_01_RT_p00114.tif,/data/heguozhen/Fire/activefire/masks/voting/LC08_L1TP_174066_20200808_20200808_01_RT_voting_p00114.tif
/data/heguozhen/Fire/activefire/images/patches/LC08_L1TP_160034_20200822_20200822_01_RT_p00743.tif,/data/heguozhen/Fire/activefire/masks/voting/LC08_L1TP_160034_20200822_20200822_01_RT_voting_p00743.tif
/data/heguozhen/Fire/activefire/images/patches/LC08_L1TP_136015_20200830_20200830_01_RT_p00970.tif,/data/heguozhen/Fire/activefire/masks/voting/LC08_L1TP_136015_20200830_20200830_01_RT_voting_p00970.tif
/data/heguozhen/Fire/activefire/images/patches/LC08_L1TP_033030_20200828_20200828_01_RT_p00733.tif,/data/heguozhen/Fire/activefire/masks/voting/LC08_L1TP_033030_20200828_20200828_01_RT_voting_p00733.tif
/data/heguozhen/Fire/activefire/images/patches/LC08_L1TP_172064_20200810_20200810_01_RT_p00344.tif,/data/heguozhen/Fire/activefire/masks/voting/LC08_L1TP_172064_20200810_20200810_01_RT_voting_p00344.tif
/data/heguozhen/Fire/activefire/images/patches/LC08_L1TP_175027_20200815_20200815_01_RT_p00244.tif,/data/heguozhen/Fire/activefire/masks/voting/LC08_L1TP_175027_20200815_20200815_01_RT_voting_p00244.tif
/data/heguozhen/Fire/activefire/images/patches/LC08_L1TP_142017_20200824_20200824_01_RT_p00587.tif,/data/heguozhen/Fire/activefire/masks/voting/LC08_L1TP_142017_20200824_20200824_01_RT_voting_p00587.tif
/data/heguozhen/Fire/activefire/images/patches/LC08_L1TP_173071_20200817_20200817_01_RT_p00326.tif,/data/heguozhen/Fire/activefire/masks/voting/LC08_L1TP_173071_20200817_20200817_01_RT_voting_p00326.tif
/data/heguozhen/Fire/activefire/images/patches/LC08_L1TP_133015_20200825_20200825_01_RT_p00114.tif,/data/heguozhen/Fire/activefire/masks/voting/LC08_L1TP_133015_20200825_20200825_01_RT_voting_p00114.tif
/data/heguozhen/Fire/activefire/images/patches/LC08_L1TP_126052_20200824_20200824_01_RT_p00572.tif,/data/heguozhen/Fire/activefire/masks/voting/LC08_L1TP_126052_20200824_20200824_01_RT_voting_p00572.tif
/data/heguozhen/Fire/activefire/images/patches/LC08_L1TP_166038_20200816_20200816_01_RT_p00327.tif,/data/heguozhen/Fire/activefire/masks/voting/LC08_L1TP_166038_20200816_20200816_01_RT_voting_p00327.tif
/data/heguozhen/Fire/activefire/images/patches/LC08_L1TP_170066_20200812_20200812_01_RT_p00137.tif,/data/heguozhen/Fire/activefire/masks/voting/LC08_L1TP_170066_20200812_20200812_01_RT_voting_p00137.tif
/data/heguozhen/Fire/activefire/images/patches/LC08_L1TP_156021_20200810_20200810_01_RT_p00230.tif,/data/heguozhen/Fire/activefire/masks/voting/LC08_L1TP_156021_20200810_20200810_01_RT_voting_p00230.tif
/data/heguozhen/Fire/activefire/images/patches/LC08_L1TP_122044_20200812_20200812_01_RT_p00701.tif,/data/heguozhen/Fire/activefire/masks/voting/LC08_L1TP_122044_20200812_20200812_01_RT_voting_p00701.tif
/data/heguozhen/Fire/activefire/images/patches/LC08_L1TP_170065_20200812_20200812_01_RT_p00698.tif,/data/heguozhen/Fire/activefire/masks/voting/LC08_L1TP_170065_20200812_20200812_01_RT_voting_p00698.tif
/data/heguozhen/Fire/activefire/images/patches/LC08_L1TP_008057_20200829_20200829_01_RT_p00568.tif,/data/heguozhen/Fire/activefire/masks/voting/LC08_L1TP_008057_20200829_20200829_01_RT_voting_p00568.tif
/data/heguozhen/Fire/activefire/images/patches/LC08_L1TP_169069_20200821_20200821_01_RT_p00316.tif,/data/heguozhen/Fire/activefire/masks/voting/LC08_L1TP_169069_20200821_20200821_01_RT_voting_p00316.tif
/data/heguozhen/Fire/activefire/images/patches/LC08_L1TP_170065_20200812_20200812_01_RT_p00549.tif,/data/heguozhen/Fire/activefire/masks/voting/LC08_L1TP_170065_20200812_20200812_01_RT_voting_p00549.tif
/data/heguozhen/Fire/activefire/images/patches/LC08_L1TP_001081_20200812_20200812_01_RT_p00703.tif,/data/heguozhen/Fire/activefire/masks/voting/LC08_L1TP_001081_20200812_20200812_01_RT_voting_p00703.tif
/data/heguozhen/Fire/activefire/images/patches/LC08_L1TP_122044_20200828_20200828_01_RT_p00482.tif,/data/heguozhen/Fire/activefire/masks/voting/LC08_L1TP_122044_20200828_20200828_01_RT_voting_p00482.tif
/data/heguozhen/Fire/activefire/images/patches/LC08_L1TP_135015_20200823_20200823_01_RT_p00705.tif,/data/heguozhen/Fire/activefire/masks/voting/LC08_L1TP_135015_20200823_20200823_01_RT_voting_p00705.tif
/data/heguozhen/Fire/activefire/images/patches/LC08_L1TP_166072_20200816_20200816_01_RT_p00087.tif,/data/heguozhen/Fire/activefire/masks/voting/LC08_L1TP_166072_20200816_20200816_01_RT_voting_p00087.tif
/data/heguozhen/Fire/activefire/images/patches/LC08_L1TP_101082_20200809_20200809_01_RT_p00645.tif,/data/heguozhen/Fire/activefire/masks/voting/LC08_L1TP_101082_20200809_20200809_01_RT_voting_p00645.tif
/data/heguozhen/Fire/activefire/images/patches/LC08_L1TP_182062_20200816_20200816_01_RT_p00514.tif,/data/heguozhen/Fire/activefire/masks/voting/LC08_L1TP_182062_20200816_20200816_01_RT_voting_p00514.tif
/data/heguozhen/Fire/activefire/images/patches/LC08_L1TP_181062_20200809_20200809_01_RT_p00082.tif,/data/heguozhen/Fire/activefire/masks/voting/LC08_L1TP_181062_20200809_20200809_01_RT_voting_p00082.tif
/data/heguozhen/Fire/activefire/images/patches/LC08_L1TP_118029_20200816_20200816_01_RT_p00677.tif,/data/heguozhen/Fire/activefire/masks/voting/LC08_L1TP_118029_20200816_20200816_01_RT_voting_p00677.tif
/data/heguozhen/Fire/activefire/images/patches/LC08_L1TP_165039_20200809_20200809_01_RT_p00880.tif,/data/heguozhen/Fire/activefire/masks/voting/LC08_L1TP_165039_20200809_20200809_01_RT_voting_p00880.tif
/data/heguozhen/Fire/activefire/images/patches/LC08_L1TP_124032_20200826_20200826_01_RT_p00589.tif,/data/heguozhen/Fire/activefire/masks/voting/LC08_L1TP_124032_20200826_20200826_01_RT_voting_p00589.tif
/data/heguozhen/Fire/activefire/images/patches/LC08_L1TP_172064_20200810_20200810_01_RT_p00666.tif,/data/heguozhen/Fire/activefire/masks/voting/LC08_L1TP_172064_20200810_20200810_01_RT_voting_p00666.tif
/data/heguozhen/Fire/activefire/images/patches/LC08_L1TP_224072_20200806_20200807_01_RT_p00656.tif,/data/heguozhen/Fire/activefire/masks/voting/LC08_L1TP_224072_20200806_20200807_01_RT_voting_p00656.tif
/data/heguozhen/Fire/activefire/images/patches/LC08_L1TP_169069_20200821_20200821_01_RT_p00054.tif,/data/heguozhen/Fire/activefire/masks/voting/LC08_L1TP_169069_20200821_20200821_01_RT_voting_p00054.tif
/data/heguozhen/Fire/activefire/images/patches/LC08_L1TP_124050_20200810_20200810_01_RT_p00406.tif,/data/heguozhen/Fire/activefire/masks/voting/LC08_L1TP_124050_20200810_20200810_01_RT_voting_p00406.tif
/data/heguozhen/Fire/activefire/images/patches/LC08_L1TP_119029_20200807_20200807_01_RT_p00453.tif,/data/heguozhen/Fire/activefire/masks/voting/LC08_L1TP_119029_20200807_20200807_01_RT_voting_p00453.tif
/data/heguozhen/Fire/activefire/images/patches/LC08_L1TP_118038_20200816_20200816_01_RT_p00300.tif,/data/heguozhen/Fire/activefire/masks/voting/LC08_L1TP_118038_20200816_20200816_01_RT_voting_p00300.tif
/data/heguozhen/Fire/activefire/images/patches/LC08_L1TP_166069_20200816_20200816_01_RT_p00207.tif,/data/heguozhen/Fire/activefire/masks/voting/LC08_L1TP_166069_20200816_20200816_01_RT_voting_p00207.tif
/data/heguozhen/Fire/activefire/images/patches/LC08_L1TP_189031_20200817_20200817_01_RT_p00453.tif,/data/heguozhen/Fire/activefire/masks/voting/LC08_L1TP_189031_20200817_20200817_01_RT_voting_p00453.tif
/data/heguozhen/Fire/activefire/images/patches/LC08_L1TP_167073_20200823_20200823_01_RT_p00367.tif,/data/heguozhen/Fire/activefire/masks/voting/LC08_L1TP_167073_20200823_20200823_01_RT_voting_p00367.tif
/data/heguozhen/Fire/activefire/images/patches/LC08_L1TP_119026_20200823_20200823_01_RT_p00479.tif,/data/heguozhen/Fire/activefire/masks/voting/LC08_L1TP_119026_20200823_20200823_01_RT_voting_p00479.tif
/data/heguozhen/Fire/activefire/images/patches/LC08_L1TP_167074_20200823_20200823_01_RT_p00234.tif,/data/heguozhen/Fire/activefire/masks/voting/LC08_L1TP_167074_20200823_20200823_01_RT_voting_p00234.tif
/data/heguozhen/Fire/activefire/images/patches/LC08_L1TP_120030_20200830_20200830_01_RT_p00664.tif,/data/heguozhen/Fire/activefire/masks/voting/LC08_L1TP_120030_20200830_20200830_01_RT_voting_p00664.tif
/data/heguozhen/Fire/activefire/images/patches/LC08_L1TP_179066_20200811_20200811_01_RT_p00521.tif,/data/heguozhen/Fire/activefire/masks/voting/LC08_L1TP_179066_20200811_20200811_01_RT_voting_p00521.tif
/data/heguozhen/Fire/activefire/images/patches/LC08_L1TP_173068_20200817_20200817_01_RT_p00579.tif,/data/heguozhen/Fire/activefire/masks/voting/LC08_L1TP_173068_20200817_20200817_01_RT_voting_p00579.tif
/data/heguozhen/Fire/activefire/images/patches/LC08_L1TP_227077_20200811_20200811_01_RT_p00400.tif,/data/heguozhen/Fire/activefire/masks/voting/LC08_L1TP_227077_20200811_20200811_01_RT_voting_p00400.tif
/data/heguozhen/Fire/activefire/images/patches/LC08_L1TP_170071_20200812_20200812_01_RT_p00438.tif,/data/heguozhen/Fire/activefire/masks/voting/LC08_L1TP_170071_20200812_20200812_01_RT_voting_p00438.tif
/data/heguozhen/Fire/activefire/images/patches/LC08_L1TP_108070_20200826_20200826_01_RT_p00388.tif,/data/heguozhen/Fire/activefire/masks/voting/LC08_L1TP_108070_20200826_20200826_01_RT_voting_p00388.tif
/data/heguozhen/Fire/activefire/images/patches/LC08_L1TP_154032_20200828_20200828_01_RT_p00730.tif,/data/heguozhen/Fire/activefire/masks/voting/LC08_L1TP_154032_20200828_20200828_01_RT_voting_p00730.tif
/data/heguozhen/Fire/activefire/images/patches/LC08_L1TP_140019_20200810_20200810_01_RT_p00569.tif,/data/heguozhen/Fire/activefire/masks/voting/LC08_L1TP_140019_20200810_20200810_01_RT_voting_p00569.tif
/data/heguozhen/Fire/activefire/images/patches/LC08_L1TP_119028_20200823_20200823_01_RT_p00845.tif,/data/heguozhen/Fire/activefire/masks/voting/LC08_L1TP_119028_20200823_20200823_01_RT_voting_p00845.tif
/data/heguozhen/Fire/activefire/images/patches/LC08_L1TP_172067_20200810_20200810_01_RT_p00134.tif,/data/heguozhen/Fire/activefire/masks/voting/LC08_L1TP_172067_20200810_20200810_01_RT_voting_p00134.tif
/data/heguozhen/Fire/activefire/images/patches/LC08_L1TP_169068_20200821_20200821_01_RT_p00420.tif,/data/heguozhen/Fire/activefire/masks/voting/LC08_L1TP_169068_20200821_20200821_01_RT_voting_p00420.tif
/data/heguozhen/Fire/activefire/images/patches/LC08_L1TP_172067_20200810_20200810_01_RT_p00298.tif,/data/heguozhen/Fire/activefire/masks/voting/LC08_L1TP_172067_20200810_20200810_01_RT_voting_p00298.tif
/data/heguozhen/Fire/activefire/images/patches/LC08_L1TP_117020_20200809_20200809_01_RT_p00808.tif,/data/heguozhen/Fire/activefire/masks/voting/LC08_L1TP_117020_20200809_20200809_01_RT_voting_p00808.tif
/data/heguozhen/Fire/activefire/images/patches/LC08_L1TP_181068_20200809_20200809_01_RT_p00577.tif,/data/heguozhen/Fire/activefire/masks/voting/LC08_L1TP_181068_20200809_20200809_01_RT_voting_p00577.tif
/data/heguozhen/Fire/activefire/images/patches/LC08_L1TP_170070_20200812_20200812_01_RT_p00488.tif,/data/heguozhen/Fire/activefire/masks/voting/LC08_L1TP_170070_20200812_20200812_01_RT_voting_p00488.tif
/data/heguozhen/Fire/activefire/images/patches/LC08_L1TP_104070_20200830_20200830_01_RT_p00344.tif,/data/heguozhen/Fire/activefire/masks/voting/LC08_L1TP_104070_20200830_20200830_01_RT_voting_p00344.tif
/data/heguozhen/Fire/activefire/images/patches/LC08_L1TP_172069_20200810_20200810_01_RT_p00580.tif,/data/heguozhen/Fire/activefire/masks/voting/LC08_L1TP_172069_20200810_20200810_01_RT_voting_p00580.tif
/data/heguozhen/Fire/activefire/images/patches/LC08_L1TP_115029_20200811_20200811_01_RT_p00749.tif,/data/heguozhen/Fire/activefire/masks/voting/LC08_L1TP_115029_20200811_20200811_01_RT_voting_p00749.tif
/data/heguozhen/Fire/activefire/images/patches/LC08_L1TP_121028_20200821_20200821_01_RT_p00758.tif,/data/heguozhen/Fire/activefire/masks/voting/LC08_L1TP_121028_20200821_20200821_01_RT_voting_p00758.tif
/data/heguozhen/Fire/activefire/images/patches/LC08_L1TP_130013_20200820_20200820_01_RT_p00741.tif,/data/heguozhen/Fire/activefire/masks/voting/LC08_L1TP_130013_20200820_20200820_01_RT_voting_p00741.tif
/data/heguozhen/Fire/activefire/images/patches/LC08_L1TP_172069_20200810_20200810_01_RT_p00234.tif,/data/heguozhen/Fire/activefire/masks/voting/LC08_L1TP_172069_20200810_20200810_01_RT_voting_p00234.tif
/data/heguozhen/Fire/activefire/images/patches/LC08_L1TP_119028_20200807_20200807_01_RT_p00635.tif,/data/heguozhen/Fire/activefire/masks/voting/LC08_L1TP_119028_20200807_20200807_01_RT_voting_p00635.tif
/data/heguozhen/Fire/activefire/images/patches/LC08_L1TP_124050_20200826_20200826_01_RT_p00601.tif,/data/heguozhen/Fire/activefire/masks/voting/LC08_L1TP_124050_20200826_20200826_01_RT_voting_p00601.tif
/data/heguozhen/Fire/activefire/images/patches/LC08_L1TP_170078_20200812_20200812_01_RT_p00302.tif,/data/heguozhen/Fire/activefire/masks/voting/LC08_L1TP_170078_20200812_20200812_01_RT_voting_p00302.tif
/data/heguozhen/Fire/activefire/images/patches/LC08_L1TP_156017_20200810_20200810_01_RT_p00291.tif,/data/heguozhen/Fire/activefire/masks/voting/LC08_L1TP_156017_20200810_20200810_01_RT_voting_p00291.tif
/data/heguozhen/Fire/activefire/images/patches/LC08_L1TP_124051_20200826_20200826_01_RT_p00844.tif,/data/heguozhen/Fire/activefire/masks/voting/LC08_L1TP_124051_20200826_20200826_01_RT_voting_p00844.tif
/data/heguozhen/Fire/activefire/images/patches/LC08_L1TP_154026_20200828_20200828_01_RT_p00390.tif,/data/heguozhen/Fire/activefire/masks/voting/LC08_L1TP_154026_20200828_20200828_01_RT_voting_p00390.tif
/data/heguozhen/Fire/activefire/images/patches/LC08_L1TP_156013_20200826_20200826_01_RT_p00264.tif,/data/heguozhen/Fire/activefire/masks/voting/LC08_L1TP_156013_20200826_20200826_01_RT_voting_p00264.tif
/data/heguozhen/Fire/activefire/images/patches/LC08_L1TP_170070_20200812_20200812_01_RT_p00330.tif,/data/heguozhen/Fire/activefire/masks/voting/LC08_L1TP_170070_20200812_20200812_01_RT_voting_p00330.tif
/data/heguozhen/Fire/activefire/images/patches/LC08_L1TP_175067_20200815_20200815_01_RT_p00511.tif,/data/heguozhen/Fire/activefire/masks/voting/LC08_L1TP_175067_20200815_20200815_01_RT_voting_p00511.tif
/data/heguozhen/Fire/activefire/images/patches/LC08_L1TP_172067_20200810_20200810_01_RT_p00274.tif,/data/heguozhen/Fire/activefire/masks/voting/LC08_L1TP_172067_20200810_20200810_01_RT_voting_p00274.tif
/data/heguozhen/Fire/activefire/images/patches/LC08_L1TP_175068_20200815_20200815_01_RT_p00421.tif,/data/heguozhen/Fire/activefire/masks/voting/LC08_L1TP_175068_20200815_20200815_01_RT_voting_p00421.tif
/data/heguozhen/Fire/activefire/images/patches/LC08_L1TP_170070_20200812_20200812_01_RT_p00443.tif,/data/heguozhen/Fire/activefire/masks/voting/LC08_L1TP_170070_20200812_20200812_01_RT_voting_p00443.tif
/data/heguozhen/Fire/activefire/images/patches/LC08_L1TP_166068_20200816_20200816_01_RT_p00536.tif,/data/heguozhen/Fire/activefire/masks/voting/LC08_L1TP_166068_20200816_20200816_01_RT_voting_p00536.tif
/data/heguozhen/Fire/activefire/images/patches/LC08_L1TP_172063_20200810_20200810_01_RT_p00442.tif,/data/heguozhen/Fire/activefire/masks/voting/LC08_L1TP_172063_20200810_20200810_01_RT_voting_p00442.tif
/data/heguozhen/Fire/activefire/images/patches/LC08_L1TP_119028_20200823_20200823_01_RT_p00878.tif,/data/heguozhen/Fire/activefire/masks/voting/LC08_L1TP_119028_20200823_20200823_01_RT_voting_p00878.tif
/data/heguozhen/Fire/activefire/images/patches/LC08_L1TP_122044_20200828_20200828_01_RT_p00701.tif,/data/heguozhen/Fire/activefire/masks/voting/LC08_L1TP_122044_20200828_20200828_01_RT_voting_p00701.tif
/data/heguozhen/Fire/activefire/images/patches/LC08_L1TP_173069_20200817_20200817_01_RT_p00452.tif,/data/heguozhen/Fire/activefire/masks/voting/LC08_L1TP_173069_20200817_20200817_01_RT_voting_p00452.tif
/data/heguozhen/Fire/activefire/images/patches/LC08_L1TP_118028_20200816_20200816_01_RT_p00561.tif,/data/heguozhen/Fire/activefire/masks/voting/LC08_L1TP_118028_20200816_20200816_01_RT_voting_p00561.tif
/data/heguozhen/Fire/activefire/images/patches/LC08_L1TP_179067_20200811_20200811_01_RT_p00853.tif,/data/heguozhen/Fire/activefire/masks/voting/LC08_L1TP_179067_20200811_20200811_01_RT_voting_p00853.tif
/data/heguozhen/Fire/activefire/images/patches/LC08_L1TP_181063_20200809_20200809_01_RT_p00377.tif,/data/heguozhen/Fire/activefire/masks/voting/LC08_L1TP_181063_20200809_20200809_01_RT_voting_p00377.tif
/data/heguozhen/Fire/activefire/images/patches/LC08_L1TP_135019_20200823_20200823_01_RT_p00257.tif,/data/heguozhen/Fire/activefire/masks/voting/LC08_L1TP_135019_20200823_20200823_01_RT_voting_p00257.tif
/data/heguozhen/Fire/activefire/images/patches/LC08_L1TP_182063_20200816_20200816_01_RT_p00740.tif,/data/heguozhen/Fire/activefire/masks/voting/LC08_L1TP_182063_20200816_20200816_01_RT_voting_p00740.tif
/data/heguozhen/Fire/activefire/images/patches/LC08_L1TP_172069_20200810_20200810_01_RT_p00447.tif,/data/heguozhen/Fire/activefire/masks/voting/LC08_L1TP_172069_20200810_20200810_01_RT_voting_p00447.tif
/data/heguozhen/Fire/activefire/images/patches/LC08_L1TP_182064_20200816_20200816_01_RT_p00721.tif,/data/heguozhen/Fire/activefire/masks/voting/LC08_L1TP_182064_20200816_20200816_01_RT_voting_p00721.tif
/data/heguozhen/Fire/activefire/images/patches/LC08_L1TP_034032_20200819_20200820_01_RT_p00396.tif,/data/heguozhen/Fire/activefire/masks/voting/LC08_L1TP_034032_20200819_20200820_01_RT_voting_p00396.tif
/data/heguozhen/Fire/activefire/images/patches/LC08_L1TP_123024_20200819_20200819_01_RT_p00638.tif,/data/heguozhen/Fire/activefire/masks/voting/LC08_L1TP_123024_20200819_20200819_01_RT_voting_p00638.tif
/data/heguozhen/Fire/activefire/images/patches/LC08_L1TP_227069_20200811_20200811_01_RT_p00202.tif,/data/heguozhen/Fire/activefire/masks/voting/LC08_L1TP_227069_20200811_20200811_01_RT_voting_p00202.tif
/data/heguozhen/Fire/activefire/images/patches/LC08_L1TP_121030_20200821_20200821_01_RT_p00568.tif,/data/heguozhen/Fire/activefire/masks/voting/LC08_L1TP_121030_20200821_20200821_01_RT_voting_p00568.tif
/data/heguozhen/Fire/activefire/images/patches/LC08_L1TP_120030_20200814_20200814_01_RT_p00854.tif,/data/heguozhen/Fire/activefire/masks/voting/LC08_L1TP_120030_20200814_20200814_01_RT_voting_p00854.tif
/data/heguozhen/Fire/activefire/images/patches/LC08_L1TP_170065_20200812_20200812_01_RT_p00875.tif,/data/heguozhen/Fire/activefire/masks/voting/LC08_L1TP_170065_20200812_20200812_01_RT_voting_p00875.tif
/data/heguozhen/Fire/activefire/images/patches/LC08_L1TP_182064_20200816_20200816_01_RT_p00179.tif,/data/heguozhen/Fire/activefire/masks/voting/LC08_L1TP_182064_20200816_20200816_01_RT_voting_p00179.tif
/data/heguozhen/Fire/activefire/images/patches/LC08_L1TP_120031_20200814_20200814_01_RT_p00851.tif,/data/heguozhen/Fire/activefire/masks/voting/LC08_L1TP_120031_20200814_20200814_01_RT_voting_p00851.tif
/data/heguozhen/Fire/activefire/images/patches/LC08_L1TP_168073_20200830_20200830_01_RT_p00241.tif,/data/heguozhen/Fire/activefire/masks/voting/LC08_L1TP_168073_20200830_20200830_01_RT_voting_p00241.tif
/data/heguozhen/Fire/activefire/images/patches/LC08_L1TP_121027_20200821_20200821_01_RT_p00938.tif,/data/heguozhen/Fire/activefire/masks/voting/LC08_L1TP_121027_20200821_20200821_01_RT_voting_p00938.tif
/data/heguozhen/Fire/activefire/images/patches/LC08_L1TP_227085_20200811_20200811_01_RT_p00821.tif,/data/heguozhen/Fire/activefire/masks/voting/LC08_L1TP_227085_20200811_20200811_01_RT_voting_p00821.tif
/data/heguozhen/Fire/activefire/images/patches/LC08_L1TP_157032_20200817_20200817_01_RT_p00702.tif,/data/heguozhen/Fire/activefire/masks/voting/LC08_L1TP_157032_20200817_20200817_01_RT_voting_p00702.tif
/data/heguozhen/Fire/activefire/images/patches/LC08_L1TP_147040_20200827_20200827_01_RT_p00251.tif,/data/heguozhen/Fire/activefire/masks/voting/LC08_L1TP_147040_20200827_20200827_01_RT_voting_p00251.tif
/data/heguozhen/Fire/activefire/images/patches/LC08_L1TP_128039_20200822_20200822_01_RT_p00698.tif,/data/heguozhen/Fire/activefire/masks/voting/LC08_L1TP_128039_20200822_20200822_01_RT_voting_p00698.tif
/data/heguozhen/Fire/activefire/images/patches/LC08_L1TP_126030_20200824_20200824_01_RT_p00332.tif,/data/heguozhen/Fire/activefire/masks/voting/LC08_L1TP_126030_20200824_20200824_01_RT_voting_p00332.tif
/data/heguozhen/Fire/activefire/images/patches/LC08_L1TP_175067_20200815_20200815_01_RT_p00546.tif,/data/heguozhen/Fire/activefire/masks/voting/LC08_L1TP_175067_20200815_20200815_01_RT_voting_p00546.tif
/data/heguozhen/Fire/activefire/images/patches/LC08_L1TP_173067_20200817_20200817_01_RT_p00505.tif,/data/heguozhen/Fire/activefire/masks/voting/LC08_L1TP_173067_20200817_20200817_01_RT_voting_p00505.tif
/data/heguozhen/Fire/activefire/images/patches/LC08_L1TP_176028_20200806_20200807_01_RT_p00197.tif,/data/heguozhen/Fire/activefire/masks/voting/LC08_L1TP_176028_20200806_20200807_01_RT_voting_p00197.tif
/data/heguozhen/Fire/activefire/images/patches/LC08_L1TP_218076_20200812_20200812_01_RT_p00314.tif,/data/heguozhen/Fire/activefire/masks/voting/LC08_L1TP_218076_20200812_20200812_01_RT_voting_p00314.tif
/data/heguozhen/Fire/activefire/images/patches/LC08_L1TP_141054_20200817_20200817_01_RT_p00525.tif,/data/heguozhen/Fire/activefire/masks/voting/LC08_L1TP_141054_20200817_20200817_01_RT_voting_p00525.tif
/data/heguozhen/Fire/activefire/images/patches/LC08_L1TP_119042_20200823_20200823_01_RT_p00730.tif,/data/heguozhen/Fire/activefire/masks/voting/LC08_L1TP_119042_20200823_20200823_01_RT_voting_p00730.tif
/data/heguozhen/Fire/activefire/images/patches/LC08_L1TP_181062_20200809_20200809_01_RT_p00598.tif,/data/heguozhen/Fire/activefire/masks/voting/LC08_L1TP_181062_20200809_20200809_01_RT_voting_p00598.tif
/data/heguozhen/Fire/activefire/images/patches/LC08_L1TP_174066_20200808_20200808_01_RT_p00362.tif,/data/heguozhen/Fire/activefire/masks/voting/LC08_L1TP_174066_20200808_20200808_01_RT_voting_p00362.tif
/data/heguozhen/Fire/activefire/images/patches/LC08_L1TP_126053_20200824_20200824_01_RT_p00843.tif,/data/heguozhen/Fire/activefire/masks/voting/LC08_L1TP_126053_20200824_20200824_01_RT_voting_p00843.tif
/data/heguozhen/Fire/activefire/images/patches/LC08_L1TP_126053_20200824_20200824_01_RT_p00632.tif,/data/heguozhen/Fire/activefire/masks/voting/LC08_L1TP_126053_20200824_20200824_01_RT_voting_p00632.tif
/data/heguozhen/Fire/activefire/images/patches/LC08_L1TP_175069_20200815_20200815_01_RT_p00267.tif,/data/heguozhen/Fire/activefire/masks/voting/LC08_L1TP_175069_20200815_20200815_01_RT_voting_p00267.tif
/data/heguozhen/Fire/activefire/images/patches/LC08_L1TP_172063_20200810_20200810_01_RT_p00644.tif,/data/heguozhen/Fire/activefire/masks/voting/LC08_L1TP_172063_20200810_20200810_01_RT_voting_p00644.tif
/data/heguozhen/Fire/activefire/images/patches/LC08_L1TP_173064_20200817_20200817_01_RT_p00580.tif,/data/heguozhen/Fire/activefire/masks/voting/LC08_L1TP_173064_20200817_20200817_01_RT_voting_p00580.tif
/data/heguozhen/Fire/activefire/images/patches/LC08_L1TP_121028_20200821_20200821_01_RT_p00491.tif,/data/heguozhen/Fire/activefire/masks/voting/LC08_L1TP_121028_20200821_20200821_01_RT_voting_p00491.tif
/data/heguozhen/Fire/activefire/images/patches/LC08_L1TP_124025_20200826_20200826_01_RT_p00854.tif,/data/heguozhen/Fire/activefire/masks/voting/LC08_L1TP_124025_20200826_20200826_01_RT_voting_p00854.tif
/data/heguozhen/Fire/activefire/images/patches/LC08_L1TP_165025_20200809_20200809_01_RT_p00201.tif,/data/heguozhen/Fire/activefire/masks/voting/LC08_L1TP_165025_20200809_20200809_01_RT_voting_p00201.tif
/data/heguozhen/Fire/activefire/images/patches/LC08_L1TP_173068_20200817_20200817_01_RT_p00114.tif,/data/heguozhen/Fire/activefire/masks/voting/LC08_L1TP_173068_20200817_20200817_01_RT_voting_p00114.tif
/data/heguozhen/Fire/activefire/images/patches/LC08_L1TP_001081_20200828_20200828_01_RT_p00608.tif,/data/heguozhen/Fire/activefire/masks/voting/LC08_L1TP_001081_20200828_20200828_01_RT_voting_p00608.tif
/data/heguozhen/Fire/activefire/images/patches/LC08_L1TP_227078_20200811_20200811_01_RT_p00230.tif,/data/heguozhen/Fire/activefire/masks/voting/LC08_L1TP_227078_20200811_20200811_01_RT_voting_p00230.tif
/data/heguozhen/Fire/activefire/images/patches/LC08_L1TP_179064_20200811_20200811_01_RT_p00688.tif,/data/heguozhen/Fire/activefire/masks/voting/LC08_L1TP_179064_20200811_20200811_01_RT_voting_p00688.tif
/data/heguozhen/Fire/activefire/images/patches/LC08_L1TP_112063_20200822_20200822_01_RT_p00211.tif,/data/heguozhen/Fire/activefire/masks/voting/LC08_L1TP_112063_20200822_20200822_01_RT_voting_p00211.tif
/data/heguozhen/Fire/activefire/images/patches/LC08_L1TP_224068_20200806_20200807_01_RT_p00848.tif,/data/heguozhen/Fire/activefire/masks/voting/LC08_L1TP_224068_20200806_20200807_01_RT_voting_p00848.tif
/data/heguozhen/Fire/activefire/images/patches/LC08_L1TP_166070_20200816_20200816_01_RT_p00551.tif,/data/heguozhen/Fire/activefire/masks/voting/LC08_L1TP_166070_20200816_20200816_01_RT_voting_p00551.tif
/data/heguozhen/Fire/activefire/images/patches/LC08_L1TP_172064_20200810_20200810_01_RT_p00581.tif,/data/heguozhen/Fire/activefire/masks/voting/LC08_L1TP_172064_20200810_20200810_01_RT_voting_p00581.tif
/data/heguozhen/Fire/activefire/images/patches/LC08_L1TP_117016_20200809_20200809_01_RT_p00440.tif,/data/heguozhen/Fire/activefire/masks/voting/LC08_L1TP_117016_20200809_20200809_01_RT_voting_p00440.tif
/data/heguozhen/Fire/activefire/images/patches/LC08_L1TP_099069_20200827_20200827_01_RT_p00782.tif,/data/heguozhen/Fire/activefire/masks/voting/LC08_L1TP_099069_20200827_20200827_01_RT_voting_p00782.tif
/data/heguozhen/Fire/activefire/images/patches/LC08_L1TP_173069_20200817_20200817_01_RT_p00542.tif,/data/heguozhen/Fire/activefire/masks/voting/LC08_L1TP_173069_20200817_20200817_01_RT_voting_p00542.tif
/data/heguozhen/Fire/activefire/images/patches/LC08_L1TP_126035_20200824_20200824_01_RT_p00605.tif,/data/heguozhen/Fire/activefire/masks/voting/LC08_L1TP_126035_20200824_20200824_01_RT_voting_p00605.tif
/data/heguozhen/Fire/activefire/images/patches/LC08_L1TP_169068_20200821_20200821_01_RT_p00534.tif,/data/heguozhen/Fire/activefire/masks/voting/LC08_L1TP_169068_20200821_20200821_01_RT_voting_p00534.tif
/data/heguozhen/Fire/activefire/images/patches/LC08_L1TP_108016_20200810_20200810_01_RT_p00321.tif,/data/heguozhen/Fire/activefire/masks/voting/LC08_L1TP_108016_20200810_20200810_01_RT_voting_p00321.tif
/data/heguozhen/Fire/activefire/images/patches/LC08_L1TP_112025_20200822_20200822_01_RT_p00315.tif,/data/heguozhen/Fire/activefire/masks/voting/LC08_L1TP_112025_20200822_20200822_01_RT_voting_p00315.tif
/data/heguozhen/Fire/activefire/images/patches/LC08_L1TP_106066_20200828_20200828_01_RT_p00318.tif,/data/heguozhen/Fire/activefire/masks/voting/LC08_L1TP_106066_20200828_20200828_01_RT_voting_p00318.tif
/data/heguozhen/Fire/activefire/images/patches/LC08_L1TP_173071_20200817_20200817_01_RT_p00143.tif,/data/heguozhen/Fire/activefire/masks/voting/LC08_L1TP_173071_20200817_20200817_01_RT_voting_p00143.tif
/data/heguozhen/Fire/activefire/images/patches/LC08_L1TP_170069_20200812_20200812_01_RT_p00368.tif,/data/heguozhen/Fire/activefire/masks/voting/LC08_L1TP_170069_20200812_20200812_01_RT_voting_p00368.tif
/data/heguozhen/Fire/activefire/images/patches/LC08_L1TP_184025_20200814_20200814_01_RT_p00567.tif,/data/heguozhen/Fire/activefire/masks/voting/LC08_L1TP_184025_20200814_20200814_01_RT_voting_p00567.tif
/data/heguozhen/Fire/activefire/images/patches/LC08_L1TP_119030_20200807_20200807_01_RT_p00725.tif,/data/heguozhen/Fire/activefire/masks/voting/LC08_L1TP_119030_20200807_20200807_01_RT_voting_p00725.tif
/data/heguozhen/Fire/activefire/images/patches/LC08_L1TP_147029_20200811_20200811_01_RT_p00820.tif,/data/heguozhen/Fire/activefire/masks/voting/LC08_L1TP_147029_20200811_20200811_01_RT_voting_p00820.tif
/data/heguozhen/Fire/activefire/images/patches/LC08_L1TP_154032_20200828_20200828_01_RT_p00482.tif,/data/heguozhen/Fire/activefire/masks/voting/LC08_L1TP_154032_20200828_20200828_01_RT_voting_p00482.tif
/data/heguozhen/Fire/activefire/images/patches/LC08_L1TP_173070_20200817_20200817_01_RT_p00754.tif,/data/heguozhen/Fire/activefire/masks/voting/LC08_L1TP_173070_20200817_20200817_01_RT_voting_p00754.tif
/data/heguozhen/Fire/activefire/images/patches/LC08_L1TP_118028_20200816_20200816_01_RT_p00566.tif,/data/heguozhen/Fire/activefire/masks/voting/LC08_L1TP_118028_20200816_20200816_01_RT_voting_p00566.tif
/data/heguozhen/Fire/activefire/images/patches/LC08_L1TP_160013_20200822_20200822_01_RT_p00968.tif,/data/heguozhen/Fire/activefire/masks/voting/LC08_L1TP_160013_20200822_20200822_01_RT_voting_p00968.tif
/data/heguozhen/Fire/activefire/images/patches/LC08_L1TP_220081_20200810_20200810_01_RT_p00226.tif,/data/heguozhen/Fire/activefire/masks/voting/LC08_L1TP_220081_20200810_20200810_01_RT_voting_p00226.tif
/data/heguozhen/Fire/activefire/images/patches/LC08_L1TP_170065_20200812_20200812_01_RT_p00723.tif,/data/heguozhen/Fire/activefire/masks/voting/LC08_L1TP_170065_20200812_20200812_01_RT_voting_p00723.tif
/data/heguozhen/Fire/activefire/images/patches/LC08_L1TP_122039_20200828_20200828_01_RT_p00513.tif,/data/heguozhen/Fire/activefire/masks/voting/LC08_L1TP_122039_20200828_20200828_01_RT_voting_p00513.tif
/data/heguozhen/Fire/activefire/images/patches/LC08_L1TP_179034_20200811_20200811_01_RT_p00786.tif,/data/heguozhen/Fire/activefire/masks/voting/LC08_L1TP_179034_20200811_20200811_01_RT_voting_p00786.tif
/data/heguozhen/Fire/activefire/images/patches/LC08_L1TP_033027_20200812_20200812_01_RT_p00142.tif,/data/heguozhen/Fire/activefire/masks/voting/LC08_L1TP_033027_20200812_20200812_01_RT_voting_p00142.tif
/data/heguozhen/Fire/activefire/images/patches/LC08_L1TP_122013_20200812_20200812_01_RT_p00845.tif,/data/heguozhen/Fire/activefire/masks/voting/LC08_L1TP_122013_20200812_20200812_01_RT_voting_p00845.tif
/data/heguozhen/Fire/activefire/images/patches/LC08_L1TP_135015_20200823_20200823_01_RT_p00445.tif,/data/heguozhen/Fire/activefire/masks/voting/LC08_L1TP_135015_20200823_20200823_01_RT_voting_p00445.tif
/data/heguozhen/Fire/activefire/images/patches/LC08_L1TP_173070_20200817_20200817_01_RT_p00520.tif,/data/heguozhen/Fire/activefire/masks/voting/LC08_L1TP_173070_20200817_20200817_01_RT_voting_p00520.tif
/data/heguozhen/Fire/activefire/images/patches/LC08_L1TP_126040_20200824_20200824_01_RT_p00826.tif,/data/heguozhen/Fire/activefire/masks/voting/LC08_L1TP_126040_20200824_20200824_01_RT_voting_p00826.tif
/data/heguozhen/Fire/activefire/images/patches/LC08_L1TP_175069_20200815_20200815_01_RT_p00413.tif,/data/heguozhen/Fire/activefire/masks/voting/LC08_L1TP_175069_20200815_20200815_01_RT_voting_p00413.tif
/data/heguozhen/Fire/activefire/images/patches/LC08_L1TP_119030_20200807_20200807_01_RT_p00504.tif,/data/heguozhen/Fire/activefire/masks/voting/LC08_L1TP_119030_20200807_20200807_01_RT_voting_p00504.tif
/data/heguozhen/Fire/activefire/images/patches/LC08_L1TP_168073_20200830_20200830_01_RT_p00880.tif,/data/heguozhen/Fire/activefire/masks/voting/LC08_L1TP_168073_20200830_20200830_01_RT_voting_p00880.tif
/data/heguozhen/Fire/activefire/images/patches/LC08_L1GT_182060_20200816_20200816_01_RT_p00522.tif,/data/heguozhen/Fire/activefire/masks/voting/LC08_L1GT_182060_20200816_20200816_01_RT_voting_p00522.tif
/data/heguozhen/Fire/activefire/images/patches/LC08_L1TP_170073_20200812_20200812_01_RT_p00626.tif,/data/heguozhen/Fire/activefire/masks/voting/LC08_L1TP_170073_20200812_20200812_01_RT_voting_p00626.tif
/data/heguozhen/Fire/activefire/images/patches/LC08_L1TP_224080_20200806_20200807_01_RT_p00393.tif,/data/heguozhen/Fire/activefire/masks/voting/LC08_L1TP_224080_20200806_20200807_01_RT_voting_p00393.tif
/data/heguozhen/Fire/activefire/images/patches/LC08_L1TP_170069_20200812_20200812_01_RT_p00768.tif,/data/heguozhen/Fire/activefire/masks/voting/LC08_L1TP_170069_20200812_20200812_01_RT_voting_p00768.tif
/data/heguozhen/Fire/activefire/images/patches/LC08_L1TP_135014_20200823_20200823_01_RT_p00115.tif,/data/heguozhen/Fire/activefire/masks/voting/LC08_L1TP_135014_20200823_20200823_01_RT_voting_p00115.tif
/data/heguozhen/Fire/activefire/images/patches/LC08_L1TP_172069_20200810_20200810_01_RT_p00197.tif,/data/heguozhen/Fire/activefire/masks/voting/LC08_L1TP_172069_20200810_20200810_01_RT_voting_p00197.tif
/data/heguozhen/Fire/activefire/images/patches/LC08_L1TP_169082_20200821_20200821_01_RT_p00697.tif,/data/heguozhen/Fire/activefire/masks/voting/LC08_L1TP_169082_20200821_20200821_01_RT_voting_p00697.tif
/data/heguozhen/Fire/activefire/images/patches/LC08_L1TP_164026_20200818_20200818_01_RT_p00791.tif,/data/heguozhen/Fire/activefire/masks/voting/LC08_L1TP_164026_20200818_20200818_01_RT_voting_p00791.tif
/data/heguozhen/Fire/activefire/images/patches/LC08_L1TP_175067_20200815_20200815_01_RT_p00175.tif,/data/heguozhen/Fire/activefire/masks/voting/LC08_L1TP_175067_20200815_20200815_01_RT_voting_p00175.tif
/data/heguozhen/Fire/activefire/images/patches/LC08_L1TP_179069_20200811_20200811_01_RT_p00165.tif,/data/heguozhen/Fire/activefire/masks/voting/LC08_L1TP_179069_20200811_20200811_01_RT_voting_p00165.tif
/data/heguozhen/Fire/activefire/images/patches/LC08_L1TP_126035_20200824_20200824_01_RT_p00750.tif,/data/heguozhen/Fire/activefire/masks/voting/LC08_L1TP_126035_20200824_20200824_01_RT_voting_p00750.tif
/data/heguozhen/Fire/activefire/images/patches/LC08_L1TP_172061_20200810_20200810_01_RT_p00569.tif,/data/heguozhen/Fire/activefire/masks/voting/LC08_L1TP_172061_20200810_20200810_01_RT_voting_p00569.tif
/data/heguozhen/Fire/activefire/images/patches/LC08_L1TP_003069_20200810_20200810_01_RT_p00523.tif,/data/heguozhen/Fire/activefire/masks/voting/LC08_L1TP_003069_20200810_20200810_01_RT_voting_p00523.tif
/data/heguozhen/Fire/activefire/images/patches/LC08_L1TP_001053_20200812_20200812_01_RT_p00083.tif,/data/heguozhen/Fire/activefire/masks/voting/LC08_L1TP_001053_20200812_20200812_01_RT_voting_p00083.tif
/data/heguozhen/Fire/activefire/images/patches/LC08_L1TP_103069_20200823_20200823_01_RT_p00658.tif,/data/heguozhen/Fire/activefire/masks/voting/LC08_L1TP_103069_20200823_20200823_01_RT_voting_p00658.tif
/data/heguozhen/Fire/activefire/images/patches/LC08_L1TP_136018_20200830_20200830_01_RT_p00262.tif,/data/heguozhen/Fire/activefire/masks/voting/LC08_L1TP_136018_20200830_20200830_01_RT_voting_p00262.tif
/data/heguozhen/Fire/activefire/images/patches/LC08_L1TP_174069_20200808_20200808_01_RT_p00022.tif,/data/heguozhen/Fire/activefire/masks/voting/LC08_L1TP_174069_20200808_20200808_01_RT_voting_p00022.tif
/data/heguozhen/Fire/activefire/images/patches/LC08_L1TP_204049_20200810_20200810_01_RT_p00253.tif,/data/heguozhen/Fire/activefire/masks/voting/LC08_L1TP_204049_20200810_20200810_01_RT_voting_p00253.tif
/data/heguozhen/Fire/activefire/images/patches/LC08_L1TP_119030_20200807_20200807_01_RT_p00329.tif,/data/heguozhen/Fire/activefire/masks/voting/LC08_L1TP_119030_20200807_20200807_01_RT_voting_p00329.tif
/data/heguozhen/Fire/activefire/images/patches/LC08_L1TP_124029_20200810_20200810_01_RT_p00761.tif,/data/heguozhen/Fire/activefire/masks/voting/LC08_L1TP_124029_20200810_20200810_01_RT_voting_p00761.tif
/data/heguozhen/Fire/activefire/images/patches/LC08_L1TP_175067_20200815_20200815_01_RT_p00825.tif,/data/heguozhen/Fire/activefire/masks/voting/LC08_L1TP_175067_20200815_20200815_01_RT_voting_p00825.tif
/data/heguozhen/Fire/activefire/images/patches/LC08_L1TP_170070_20200812_20200812_01_RT_p00769.tif,/data/heguozhen/Fire/activefire/masks/voting/LC08_L1TP_170070_20200812_20200812_01_RT_voting_p00769.tif
/data/heguozhen/Fire/activefire/images/patches/LC08_L1TP_022037_20200815_20200815_01_RT_p00507.tif,/data/heguozhen/Fire/activefire/masks/voting/LC08_L1TP_022037_20200815_20200815_01_RT_voting_p00507.tif
/data/heguozhen/Fire/activefire/images/patches/LC08_L1TP_170069_20200812_20200812_01_RT_p00129.tif,/data/heguozhen/Fire/activefire/masks/voting/LC08_L1TP_170069_20200812_20200812_01_RT_voting_p00129.tif
/data/heguozhen/Fire/activefire/images/patches/LC08_L1TP_173068_20200817_20200817_01_RT_p00737.tif,/data/heguozhen/Fire/activefire/masks/voting/LC08_L1TP_173068_20200817_20200817_01_RT_voting_p00737.tif
/data/heguozhen/Fire/activefire/images/patches/LC08_L1TP_230065_20200816_20200816_01_RT_p00570.tif,/data/heguozhen/Fire/activefire/masks/voting/LC08_L1TP_230065_20200816_20200816_01_RT_voting_p00570.tif
/data/heguozhen/Fire/activefire/images/patches/LC08_L1TP_026038_20200827_20200827_01_RT_p00315.tif,/data/heguozhen/Fire/activefire/masks/voting/LC08_L1TP_026038_20200827_20200827_01_RT_voting_p00315.tif
/data/heguozhen/Fire/activefire/images/patches/LC08_L1TP_229079_20200809_20200809_01_RT_p00799.tif,/data/heguozhen/Fire/activefire/masks/voting/LC08_L1TP_229079_20200809_20200809_01_RT_voting_p00799.tif
/data/heguozhen/Fire/activefire/images/patches/LC08_L1TP_179070_20200811_20200811_01_RT_p00426.tif,/data/heguozhen/Fire/activefire/masks/voting/LC08_L1TP_179070_20200811_20200811_01_RT_voting_p00426.tif
/data/heguozhen/Fire/activefire/images/patches/LC08_L1TP_106068_20200828_20200828_01_RT_p00420.tif,/data/heguozhen/Fire/activefire/masks/voting/LC08_L1TP_106068_20200828_20200828_01_RT_voting_p00420.tif
/data/heguozhen/Fire/activefire/images/patches/LC08_L1TP_126031_20200824_20200824_01_RT_p00575.tif,/data/heguozhen/Fire/activefire/masks/voting/LC08_L1TP_126031_20200824_20200824_01_RT_voting_p00575.tif
/data/heguozhen/Fire/activefire/images/patches/LC08_L1TP_122044_20200828_20200828_01_RT_p00546.tif,/data/heguozhen/Fire/activefire/masks/voting/LC08_L1TP_122044_20200828_20200828_01_RT_voting_p00546.tif
/data/heguozhen/Fire/activefire/images/patches/LC08_L1TP_003071_20200810_20200810_01_RT_p00364.tif,/data/heguozhen/Fire/activefire/masks/voting/LC08_L1TP_003071_20200810_20200810_01_RT_voting_p00364.tif
/data/heguozhen/Fire/activefire/images/patches/LC08_L1TP_172062_20200810_20200810_01_RT_p00758.tif,/data/heguozhen/Fire/activefire/masks/voting/LC08_L1TP_172062_20200810_20200810_01_RT_voting_p00758.tif
/data/heguozhen/Fire/activefire/images/patches/LC08_L1TP_143029_20200815_20200815_01_RT_p00614.tif,/data/heguozhen/Fire/activefire/masks/voting/LC08_L1TP_143029_20200815_20200815_01_RT_voting_p00614.tif
/data/heguozhen/Fire/activefire/images/patches/LC08_L1TP_169070_20200821_20200821_01_RT_p00798.tif,/data/heguozhen/Fire/activefire/masks/voting/LC08_L1TP_169070_20200821_20200821_01_RT_voting_p00798.tif
/data/heguozhen/Fire/activefire/images/patches/LC08_L1TP_121016_20200821_20200821_01_RT_p00702.tif,/data/heguozhen/Fire/activefire/masks/voting/LC08_L1TP_121016_20200821_20200821_01_RT_voting_p00702.tif
/data/heguozhen/Fire/activefire/images/patches/LC08_L1TP_170065_20200812_20200812_01_RT_p00346.tif,/data/heguozhen/Fire/activefire/masks/voting/LC08_L1TP_170065_20200812_20200812_01_RT_voting_p00346.tif
/data/heguozhen/Fire/activefire/images/patches/LC08_L1TP_169034_20200821_20200821_01_RT_p00174.tif,/data/heguozhen/Fire/activefire/masks/voting/LC08_L1TP_169034_20200821_20200821_01_RT_voting_p00174.tif
/data/heguozhen/Fire/activefire/images/patches/LC08_L1TP_100066_20200818_20200818_01_RT_p00476.tif,/data/heguozhen/Fire/activefire/masks/voting/LC08_L1TP_100066_20200818_20200818_01_RT_voting_p00476.tif
/data/heguozhen/Fire/activefire/images/patches/LC08_L1TP_119028_20200823_20200823_01_RT_p00700.tif,/data/heguozhen/Fire/activefire/masks/voting/LC08_L1TP_119028_20200823_20200823_01_RT_voting_p00700.tif
/data/heguozhen/Fire/activefire/images/patches/LC08_L1TP_001085_20200812_20200812_01_RT_p00677.tif,/data/heguozhen/Fire/activefire/masks/voting/LC08_L1TP_001085_20200812_20200812_01_RT_voting_p00677.tif
/data/heguozhen/Fire/activefire/images/patches/LC08_L1TP_124034_20200810_20200810_01_RT_p00303.tif,/data/heguozhen/Fire/activefire/masks/voting/LC08_L1TP_124034_20200810_20200810_01_RT_voting_p00303.tif
/data/heguozhen/Fire/activefire/images/patches/LC08_L1TP_227077_20200811_20200811_01_RT_p00771.tif,/data/heguozhen/Fire/activefire/masks/voting/LC08_L1TP_227077_20200811_20200811_01_RT_voting_p00771.tif
/data/heguozhen/Fire/activefire/images/patches/LC08_L1TP_179067_20200811_20200811_01_RT_p00226.tif,/data/heguozhen/Fire/activefire/masks/voting/LC08_L1TP_179067_20200811_20200811_01_RT_voting_p00226.tif
/data/heguozhen/Fire/activefire/images/patches/LC08_L1TP_124034_20200810_20200810_01_RT_p00336.tif,/data/heguozhen/Fire/activefire/masks/voting/LC08_L1TP_124034_20200810_20200810_01_RT_voting_p00336.tif
/data/heguozhen/Fire/activefire/images/patches/LC08_L1TP_170070_20200812_20200812_01_RT_p00582.tif,/data/heguozhen/Fire/activefire/masks/voting/LC08_L1TP_170070_20200812_20200812_01_RT_voting_p00582.tif
/data/heguozhen/Fire/activefire/images/patches/LC08_L1TP_008047_20200829_20200829_01_RT_p00349.tif,/data/heguozhen/Fire/activefire/masks/voting/LC08_L1TP_008047_20200829_20200829_01_RT_voting_p00349.tif
/data/heguozhen/Fire/activefire/images/patches/LC08_L1TP_120030_20200814_20200814_01_RT_p00907.tif,/data/heguozhen/Fire/activefire/masks/voting/LC08_L1TP_120030_20200814_20200814_01_RT_voting_p00907.tif
/data/heguozhen/Fire/activefire/images/patches/LC08_L1TP_117016_20200809_20200809_01_RT_p00553.tif,/data/heguozhen/Fire/activefire/masks/voting/LC08_L1TP_117016_20200809_20200809_01_RT_voting_p00553.tif
/data/heguozhen/Fire/activefire/images/patches/LC08_L1TP_135015_20200807_20200807_01_RT_p00803.tif,/data/heguozhen/Fire/activefire/masks/voting/LC08_L1TP_135015_20200807_20200807_01_RT_voting_p00803.tif
/data/heguozhen/Fire/activefire/images/patches/LC08_L1TP_121028_20200821_20200821_01_RT_p00838.tif,/data/heguozhen/Fire/activefire/masks/voting/LC08_L1TP_121028_20200821_20200821_01_RT_voting_p00838.tif
/data/heguozhen/Fire/activefire/images/patches/LC08_L1TP_179027_20200811_20200811_01_RT_p00454.tif,/data/heguozhen/Fire/activefire/masks/voting/LC08_L1TP_179027_20200811_20200811_01_RT_voting_p00454.tif
/data/heguozhen/Fire/activefire/images/patches/LC08_L1TP_126058_20200824_20200824_01_RT_p00657.tif,/data/heguozhen/Fire/activefire/masks/voting/LC08_L1TP_126058_20200824_20200824_01_RT_voting_p00657.tif
/data/heguozhen/Fire/activefire/images/patches/LC08_L1TP_170070_20200812_20200812_01_RT_p00304.tif,/data/heguozhen/Fire/activefire/masks/voting/LC08_L1TP_170070_20200812_20200812_01_RT_voting_p00304.tif
/data/heguozhen/Fire/activefire/images/patches/LC08_L1TP_170076_20200812_20200812_01_RT_p00853.tif,/data/heguozhen/Fire/activefire/masks/voting/LC08_L1TP_170076_20200812_20200812_01_RT_voting_p00853.tif
/data/heguozhen/Fire/activefire/images/patches/LC08_L1TP_191031_20200815_20200815_01_RT_p00718.tif,/data/heguozhen/Fire/activefire/masks/voting/LC08_L1TP_191031_20200815_20200815_01_RT_voting_p00718.tif
/data/heguozhen/Fire/activefire/images/patches/LC08_L1TP_169070_20200821_20200821_01_RT_p00221.tif,/data/heguozhen/Fire/activefire/masks/voting/LC08_L1TP_169070_20200821_20200821_01_RT_voting_p00221.tif
/data/heguozhen/Fire/activefire/images/patches/LC08_L1TP_110066_20200824_20200824_01_RT_p00852.tif,/data/heguozhen/Fire/activefire/masks/voting/LC08_L1TP_110066_20200824_20200824_01_RT_voting_p00852.tif
/data/heguozhen/Fire/activefire/images/patches/LC08_L1TP_227077_20200811_20200811_01_RT_p00551.tif,/data/heguozhen/Fire/activefire/masks/voting/LC08_L1TP_227077_20200811_20200811_01_RT_voting_p00551.tif
/data/heguozhen/Fire/activefire/images/patches/LC08_L1TP_008053_20200813_20200813_01_RT_p00174.tif,/data/heguozhen/Fire/activefire/masks/voting/LC08_L1TP_008053_20200813_20200813_01_RT_voting_p00174.tif
/data/heguozhen/Fire/activefire/images/patches/LC08_L1TP_169065_20200821_20200821_01_RT_p00306.tif,/data/heguozhen/Fire/activefire/masks/voting/LC08_L1TP_169065_20200821_20200821_01_RT_voting_p00306.tif
/data/heguozhen/Fire/activefire/images/patches/LC08_L1TP_126033_20200824_20200824_01_RT_p00650.tif,/data/heguozhen/Fire/activefire/masks/voting/LC08_L1TP_126033_20200824_20200824_01_RT_voting_p00650.tif
/data/heguozhen/Fire/activefire/images/patches/LC08_L1TP_175027_20200815_20200815_01_RT_p00241.tif,/data/heguozhen/Fire/activefire/masks/voting/LC08_L1TP_175027_20200815_20200815_01_RT_voting_p00241.tif
/data/heguozhen/Fire/activefire/images/patches/LC08_L1TP_124035_20200826_20200826_01_RT_p00603.tif,/data/heguozhen/Fire/activefire/masks/voting/LC08_L1TP_124035_20200826_20200826_01_RT_voting_p00603.tif
/data/heguozhen/Fire/activefire/images/patches/LC08_L1TP_220064_20200810_20200810_01_RT_p00424.tif,/data/heguozhen/Fire/activefire/masks/voting/LC08_L1TP_220064_20200810_20200810_01_RT_voting_p00424.tif
/data/heguozhen/Fire/activefire/images/patches/LC08_L1TP_033042_20200812_20200812_01_RT_p00175.tif,/data/heguozhen/Fire/activefire/masks/voting/LC08_L1TP_033042_20200812_20200812_01_RT_voting_p00175.tif
/data/heguozhen/Fire/activefire/images/patches/LC08_L1TP_189032_20200817_20200817_01_RT_p00764.tif,/data/heguozhen/Fire/activefire/masks/voting/LC08_L1TP_189032_20200817_20200817_01_RT_voting_p00764.tif
/data/heguozhen/Fire/activefire/images/patches/LC08_L1TP_172065_20200810_20200810_01_RT_p00135.tif,/data/heguozhen/Fire/activefire/masks/voting/LC08_L1TP_172065_20200810_20200810_01_RT_voting_p00135.tif
/data/heguozhen/Fire/activefire/images/patches/LC08_L1GT_158018_20200824_20200824_01_RT_p00548.tif,/data/heguozhen/Fire/activefire/masks/voting/LC08_L1GT_158018_20200824_20200824_01_RT_voting_p00548.tif
/data/heguozhen/Fire/activefire/images/patches/LC08_L1TP_118028_20200816_20200816_01_RT_p00535.tif,/data/heguozhen/Fire/activefire/masks/voting/LC08_L1TP_118028_20200816_20200816_01_RT_voting_p00535.tif
/data/heguozhen/Fire/activefire/images/patches/LC08_L1TP_119025_20200823_20200823_01_RT_p00181.tif,/data/heguozhen/Fire/activefire/masks/voting/LC08_L1TP_119025_20200823_20200823_01_RT_voting_p00181.tif
/data/heguozhen/Fire/activefire/images/patches/LC08_L1TP_179067_20200811_20200811_01_RT_p00666.tif,/data/heguozhen/Fire/activefire/masks/voting/LC08_L1TP_179067_20200811_20200811_01_RT_voting_p00666.tif
/data/heguozhen/Fire/activefire/images/patches/LC08_L1TP_173063_20200817_20200817_01_RT_p00568.tif,/data/heguozhen/Fire/activefire/masks/voting/LC08_L1TP_173063_20200817_20200817_01_RT_voting_p00568.tif
/data/heguozhen/Fire/activefire/images/patches/LC08_L1TP_099069_20200827_20200827_01_RT_p00718.tif,/data/heguozhen/Fire/activefire/masks/voting/LC08_L1TP_099069_20200827_20200827_01_RT_voting_p00718.tif
/data/heguozhen/Fire/activefire/images/patches/LC08_L1TP_224068_20200806_20200807_01_RT_p00627.tif,/data/heguozhen/Fire/activefire/masks/voting/LC08_L1TP_224068_20200806_20200807_01_RT_voting_p00627.tif
/data/heguozhen/Fire/activefire/images/patches/LC08_L1TP_133034_20200809_20200809_01_RT_p00675.tif,/data/heguozhen/Fire/activefire/masks/voting/LC08_L1TP_133034_20200809_20200809_01_RT_voting_p00675.tif
/data/heguozhen/Fire/activefire/images/patches/LC08_L1TP_126031_20200824_20200824_01_RT_p00743.tif,/data/heguozhen/Fire/activefire/masks/voting/LC08_L1TP_126031_20200824_20200824_01_RT_voting_p00743.tif
/data/heguozhen/Fire/activefire/images/patches/LC08_L1TP_166071_20200816_20200816_01_RT_p00225.tif,/data/heguozhen/Fire/activefire/masks/voting/LC08_L1TP_166071_20200816_20200816_01_RT_voting_p00225.tif
/data/heguozhen/Fire/activefire/images/patches/LC08_L1TP_179067_20200811_20200811_01_RT_p00137.tif,/data/heguozhen/Fire/activefire/masks/voting/LC08_L1TP_179067_20200811_20200811_01_RT_voting_p00137.tif
/data/heguozhen/Fire/activefire/images/patches/LC08_L1TP_139018_20200819_20200819_01_RT_p00856.tif,/data/heguozhen/Fire/activefire/masks/voting/LC08_L1TP_139018_20200819_20200819_01_RT_voting_p00856.tif
/data/heguozhen/Fire/activefire/images/patches/LC08_L1TP_227075_20200811_20200811_01_RT_p00697.tif,/data/heguozhen/Fire/activefire/masks/voting/LC08_L1TP_227075_20200811_20200811_01_RT_voting_p00697.tif
/data/heguozhen/Fire/activefire/images/patches/LC08_L1TP_175067_20200815_20200815_01_RT_p00532.tif,/data/heguozhen/Fire/activefire/masks/voting/LC08_L1TP_175067_20200815_20200815_01_RT_voting_p00532.tif
/data/heguozhen/Fire/activefire/images/patches/LC08_L1TP_124035_20200810_20200810_01_RT_p00135.tif,/data/heguozhen/Fire/activefire/masks/voting/LC08_L1TP_124035_20200810_20200810_01_RT_voting_p00135.tif
/data/heguozhen/Fire/activefire/images/patches/LC08_L1TP_174066_20200808_20200808_01_RT_p00056.tif,/data/heguozhen/Fire/activefire/masks/voting/LC08_L1TP_174066_20200808_20200808_01_RT_voting_p00056.tif
/data/heguozhen/Fire/activefire/images/patches/LC08_L1TP_138017_20200828_20200828_01_RT_p00687.tif,/data/heguozhen/Fire/activefire/masks/voting/LC08_L1TP_138017_20200828_20200828_01_RT_voting_p00687.tif
/data/heguozhen/Fire/activefire/images/patches/LC08_L1TP_222078_20200808_20200808_01_RT_p00131.tif,/data/heguozhen/Fire/activefire/masks/voting/LC08_L1TP_222078_20200808_20200808_01_RT_voting_p00131.tif
/data/heguozhen/Fire/activefire/images/patches/LC08_L1TP_130032_20200820_20200820_01_RT_p00709.tif,/data/heguozhen/Fire/activefire/masks/voting/LC08_L1TP_130032_20200820_20200820_01_RT_voting_p00709.tif
/data/heguozhen/Fire/activefire/images/patches/LC08_L1TP_173067_20200817_20200817_01_RT_p00693.tif,/data/heguozhen/Fire/activefire/masks/voting/LC08_L1TP_173067_20200817_20200817_01_RT_voting_p00693.tif
/data/heguozhen/Fire/activefire/images/patches/LC08_L1TP_174069_20200808_20200808_01_RT_p00698.tif,/data/heguozhen/Fire/activefire/masks/voting/LC08_L1TP_174069_20200808_20200808_01_RT_voting_p00698.tif
/data/heguozhen/Fire/activefire/images/patches/LC08_L1TP_119065_20200823_20200823_01_RT_p00761.tif,/data/heguozhen/Fire/activefire/masks/voting/LC08_L1TP_119065_20200823_20200823_01_RT_voting_p00761.tif
/data/heguozhen/Fire/activefire/images/patches/LC08_L1TP_017037_20200828_20200828_01_RT_p00483.tif,/data/heguozhen/Fire/activefire/masks/voting/LC08_L1TP_017037_20200828_20200828_01_RT_voting_p00483.tif
/data/heguozhen/Fire/activefire/images/patches/LC08_L1TP_114027_20200820_20200820_01_RT_p00147.tif,/data/heguozhen/Fire/activefire/masks/voting/LC08_L1TP_114027_20200820_20200820_01_RT_voting_p00147.tif
/data/heguozhen/Fire/activefire/images/patches/LC08_L1TP_165035_20200809_20200809_01_RT_p00609.tif,/data/heguozhen/Fire/activefire/masks/voting/LC08_L1TP_165035_20200809_20200809_01_RT_voting_p00609.tif
/data/heguozhen/Fire/activefire/images/patches/LC08_L1TP_115027_20200811_20200811_01_RT_p00087.tif,/data/heguozhen/Fire/activefire/masks/voting/LC08_L1TP_115027_20200811_20200811_01_RT_voting_p00087.tif
/data/heguozhen/Fire/activefire/images/patches/LC08_L1TP_173069_20200817_20200817_01_RT_p00254.tif,/data/heguozhen/Fire/activefire/masks/voting/LC08_L1TP_173069_20200817_20200817_01_RT_voting_p00254.tif
/data/heguozhen/Fire/activefire/images/patches/LC08_L1TP_168073_20200830_20200830_01_RT_p00665.tif,/data/heguozhen/Fire/activefire/masks/voting/LC08_L1TP_168073_20200830_20200830_01_RT_voting_p00665.tif
/data/heguozhen/Fire/activefire/images/patches/LC08_L1TP_166069_20200816_20200816_01_RT_p00386.tif,/data/heguozhen/Fire/activefire/masks/voting/LC08_L1TP_166069_20200816_20200816_01_RT_voting_p00386.tif
/data/heguozhen/Fire/activefire/images/patches/LC08_L1TP_124030_20200810_20200810_01_RT_p00679.tif,/data/heguozhen/Fire/activefire/masks/voting/LC08_L1TP_124030_20200810_20200810_01_RT_voting_p00679.tif
/data/heguozhen/Fire/activefire/images/patches/LC08_L1TP_146027_20200820_20200820_01_RT_p00615.tif,/data/heguozhen/Fire/activefire/masks/voting/LC08_L1TP_146027_20200820_20200820_01_RT_voting_p00615.tif
/data/heguozhen/Fire/activefire/images/patches/LC08_L1TP_174072_20200808_20200808_01_RT_p00634.tif,/data/heguozhen/Fire/activefire/masks/voting/LC08_L1TP_174072_20200808_20200808_01_RT_voting_p00634.tif
/data/heguozhen/Fire/activefire/images/patches/LC08_L1TP_172064_20200810_20200810_01_RT_p00428.tif,/data/heguozhen/Fire/activefire/masks/voting/LC08_L1TP_172064_20200810_20200810_01_RT_voting_p00428.tif
/data/heguozhen/Fire/activefire/images/patches/LC08_L1TP_169069_20200821_20200821_01_RT_p00268.tif,/data/heguozhen/Fire/activefire/masks/voting/LC08_L1TP_169069_20200821_20200821_01_RT_voting_p00268.tif
/data/heguozhen/Fire/activefire/images/patches/LC08_L1TP_028034_20200825_20200825_01_RT_p00334.tif,/data/heguozhen/Fire/activefire/masks/voting/LC08_L1TP_028034_20200825_20200825_01_RT_voting_p00334.tif
/data/heguozhen/Fire/activefire/images/patches/LC08_L1TP_173066_20200817_20200817_01_RT_p00848.tif,/data/heguozhen/Fire/activefire/masks/voting/LC08_L1TP_173066_20200817_20200817_01_RT_voting_p00848.tif
/data/heguozhen/Fire/activefire/images/patches/LC08_L1TP_173072_20200817_20200817_01_RT_p00873.tif,/data/heguozhen/Fire/activefire/masks/voting/LC08_L1TP_173072_20200817_20200817_01_RT_voting_p00873.tif
/data/heguozhen/Fire/activefire/images/patches/LC08_L1TP_134019_20200816_20200816_01_RT_p00301.tif,/data/heguozhen/Fire/activefire/masks/voting/LC08_L1TP_134019_20200816_20200816_01_RT_voting_p00301.tif
/data/heguozhen/Fire/activefire/images/patches/LC08_L1TP_130033_20200820_20200820_01_RT_p00844.tif,/data/heguozhen/Fire/activefire/masks/voting/LC08_L1TP_130033_20200820_20200820_01_RT_voting_p00844.tif
/data/heguozhen/Fire/activefire/images/patches/LC08_L1TP_108027_20200826_20200826_01_RT_p00648.tif,/data/heguozhen/Fire/activefire/masks/voting/LC08_L1TP_108027_20200826_20200826_01_RT_voting_p00648.tif
/data/heguozhen/Fire/activefire/images/patches/LC08_L1TP_118029_20200816_20200816_01_RT_p00178.tif,/data/heguozhen/Fire/activefire/masks/voting/LC08_L1TP_118029_20200816_20200816_01_RT_voting_p00178.tif
/data/heguozhen/Fire/activefire/images/patches/LC08_L1TP_173064_20200817_20200817_01_RT_p00543.tif,/data/heguozhen/Fire/activefire/masks/voting/LC08_L1TP_173064_20200817_20200817_01_RT_voting_p00543.tif
/data/heguozhen/Fire/activefire/images/patches/LC08_L1TP_025039_20200820_20200820_01_RT_p00394.tif,/data/heguozhen/Fire/activefire/masks/voting/LC08_L1TP_025039_20200820_20200820_01_RT_voting_p00394.tif
/data/heguozhen/Fire/activefire/images/patches/LC08_L1TP_172022_20200810_20200810_01_RT_p00143.tif,/data/heguozhen/Fire/activefire/masks/voting/LC08_L1TP_172022_20200810_20200810_01_RT_voting_p00143.tif
/data/heguozhen/Fire/activefire/images/patches/LC08_L1TP_137018_20200821_20200821_01_RT_p00651.tif,/data/heguozhen/Fire/activefire/masks/voting/LC08_L1TP_137018_20200821_20200821_01_RT_voting_p00651.tif
/data/heguozhen/Fire/activefire/images/patches/LC08_L1GT_008064_20200813_20200813_01_RT_p00462.tif,/data/heguozhen/Fire/activefire/masks/voting/LC08_L1GT_008064_20200813_20200813_01_RT_voting_p00462.tif
/data/heguozhen/Fire/activefire/images/patches/LC08_L1TP_166038_20200816_20200816_01_RT_p00852.tif,/data/heguozhen/Fire/activefire/masks/voting/LC08_L1TP_166038_20200816_20200816_01_RT_voting_p00852.tif
/data/heguozhen/Fire/activefire/images/patches/LC08_L1TP_010065_20200827_20200827_01_RT_p00720.tif,/data/heguozhen/Fire/activefire/masks/voting/LC08_L1TP_010065_20200827_20200827_01_RT_voting_p00720.tif
/data/heguozhen/Fire/activefire/images/patches/LC08_L1TP_175071_20200815_20200815_01_RT_p00725.tif,/data/heguozhen/Fire/activefire/masks/voting/LC08_L1TP_175071_20200815_20200815_01_RT_voting_p00725.tif
/data/heguozhen/Fire/activefire/images/patches/LC08_L1TP_033042_20200812_20200812_01_RT_p00205.tif,/data/heguozhen/Fire/activefire/masks/voting/LC08_L1TP_033042_20200812_20200812_01_RT_voting_p00205.tif
/data/heguozhen/Fire/activefire/images/patches/LC08_L1TP_173071_20200817_20200817_01_RT_p00758.tif,/data/heguozhen/Fire/activefire/masks/voting/LC08_L1TP_173071_20200817_20200817_01_RT_voting_p00758.tif
/data/heguozhen/Fire/activefire/images/patches/LC08_L1TP_220080_20200810_20200810_01_RT_p00177.tif,/data/heguozhen/Fire/activefire/masks/voting/LC08_L1TP_220080_20200810_20200810_01_RT_voting_p00177.tif
/data/heguozhen/Fire/activefire/images/patches/LC08_L1TP_147023_20200811_20200811_01_RT_p00616.tif,/data/heguozhen/Fire/activefire/masks/voting/LC08_L1TP_147023_20200811_20200811_01_RT_voting_p00616.tif
/data/heguozhen/Fire/activefire/images/patches/LC08_L1TP_141055_20200817_20200817_01_RT_p00192.tif,/data/heguozhen/Fire/activefire/masks/voting/LC08_L1TP_141055_20200817_20200817_01_RT_voting_p00192.tif
/data/heguozhen/Fire/activefire/images/patches/LC08_L1TP_098069_20200820_20200820_01_RT_p00224.tif,/data/heguozhen/Fire/activefire/masks/voting/LC08_L1TP_098069_20200820_20200820_01_RT_voting_p00224.tif
/data/heguozhen/Fire/activefire/images/patches/LC08_L1TP_170065_20200812_20200812_01_RT_p00484.tif,/data/heguozhen/Fire/activefire/masks/voting/LC08_L1TP_170065_20200812_20200812_01_RT_voting_p00484.tif
/data/heguozhen/Fire/activefire/images/patches/LC08_L1TP_169068_20200821_20200821_01_RT_p00322.tif,/data/heguozhen/Fire/activefire/masks/voting/LC08_L1TP_169068_20200821_20200821_01_RT_voting_p00322.tif
/data/heguozhen/Fire/activefire/images/patches/LC08_L1TP_145023_20200813_20200813_01_RT_p00357.tif,/data/heguozhen/Fire/activefire/masks/voting/LC08_L1TP_145023_20200813_20200813_01_RT_voting_p00357.tif
/data/heguozhen/Fire/activefire/images/patches/LC08_L1TP_227072_20200811_20200811_01_RT_p00664.tif,/data/heguozhen/Fire/activefire/masks/voting/LC08_L1TP_227072_20200811_20200811_01_RT_voting_p00664.tif
/data/heguozhen/Fire/activefire/images/patches/LC08_L1TP_119030_20200807_20200807_01_RT_p00181.tif,/data/heguozhen/Fire/activefire/masks/voting/LC08_L1TP_119030_20200807_20200807_01_RT_voting_p00181.tif
/data/heguozhen/Fire/activefire/images/patches/LC08_L1TP_182063_20200816_20200816_01_RT_p00666.tif,/data/heguozhen/Fire/activefire/masks/voting/LC08_L1TP_182063_20200816_20200816_01_RT_voting_p00666.tif
/data/heguozhen/Fire/activefire/images/patches/LC08_L1TP_188057_20200810_20200810_01_RT_p00767.tif,/data/heguozhen/Fire/activefire/masks/voting/LC08_L1TP_188057_20200810_20200810_01_RT_voting_p00767.tif
/data/heguozhen/Fire/activefire/images/patches/LC08_L1TP_112037_20200822_20200822_01_RT_p00160.tif,/data/heguozhen/Fire/activefire/masks/voting/LC08_L1TP_112037_20200822_20200822_01_RT_voting_p00160.tif
/data/heguozhen/Fire/activefire/images/patches/LC08_L1TP_220067_20200810_20200810_01_RT_p00157.tif,/data/heguozhen/Fire/activefire/masks/voting/LC08_L1TP_220067_20200810_20200810_01_RT_voting_p00157.tif
/data/heguozhen/Fire/activefire/images/patches/LC08_L1TP_121031_20200821_20200821_01_RT_p00456.tif,/data/heguozhen/Fire/activefire/masks/voting/LC08_L1TP_121031_20200821_20200821_01_RT_voting_p00456.tif
/data/heguozhen/Fire/activefire/images/patches/LC08_L1TP_123064_20200819_20200819_01_RT_p00765.tif,/data/heguozhen/Fire/activefire/masks/voting/LC08_L1TP_123064_20200819_20200819_01_RT_voting_p00765.tif
/data/heguozhen/Fire/activefire/images/patches/LC08_L1TP_122044_20200828_20200828_01_RT_p00846.tif,/data/heguozhen/Fire/activefire/masks/voting/LC08_L1TP_122044_20200828_20200828_01_RT_voting_p00846.tif
/data/heguozhen/Fire/activefire/images/patches/LC08_L1TP_019034_20200810_20200810_01_RT_p00806.tif,/data/heguozhen/Fire/activefire/masks/voting/LC08_L1TP_019034_20200810_20200810_01_RT_voting_p00806.tif
/data/heguozhen/Fire/activefire/images/patches/LC08_L1TP_152032_20200814_20200814_01_RT_p00500.tif,/data/heguozhen/Fire/activefire/masks/voting/LC08_L1TP_152032_20200814_20200814_01_RT_voting_p00500.tif
/data/heguozhen/Fire/activefire/images/patches/LC08_L1TP_173026_20200817_20200817_01_RT_p00233.tif,/data/heguozhen/Fire/activefire/masks/voting/LC08_L1TP_173026_20200817_20200817_01_RT_voting_p00233.tif
/data/heguozhen/Fire/activefire/images/patches/LC08_L1TP_158077_20200808_20200808_01_RT_p00443.tif,/data/heguozhen/Fire/activefire/masks/voting/LC08_L1TP_158077_20200808_20200808_01_RT_voting_p00443.tif
/data/heguozhen/Fire/activefire/images/patches/LC08_L1TP_173068_20200817_20200817_01_RT_p00252.tif,/data/heguozhen/Fire/activefire/masks/voting/LC08_L1TP_173068_20200817_20200817_01_RT_voting_p00252.tif
/data/heguozhen/Fire/activefire/images/patches/LC08_L1TP_126034_20200808_20200808_01_RT_p00908.tif,/data/heguozhen/Fire/activefire/masks/voting/LC08_L1TP_126034_20200808_20200808_01_RT_voting_p00908.tif
/data/heguozhen/Fire/activefire/images/patches/LC08_L1TP_125035_20200817_20200817_01_RT_p00549.tif,/data/heguozhen/Fire/activefire/masks/voting/LC08_L1TP_125035_20200817_20200817_01_RT_voting_p00549.tif
/data/heguozhen/Fire/activefire/images/patches/LC08_L1TP_173028_20200817_20200817_01_RT_p00316.tif,/data/heguozhen/Fire/activefire/masks/voting/LC08_L1TP_173028_20200817_20200817_01_RT_voting_p00316.tif
/data/heguozhen/Fire/activefire/images/patches/LC08_L1TP_120065_20200814_20200814_01_RT_p00783.tif,/data/heguozhen/Fire/activefire/masks/voting/LC08_L1TP_120065_20200814_20200814_01_RT_voting_p00783.tif
/data/heguozhen/Fire/activefire/images/patches/LC08_L1TP_166065_20200816_20200816_01_RT_p00180.tif,/data/heguozhen/Fire/activefire/masks/voting/LC08_L1TP_166065_20200816_20200816_01_RT_voting_p00180.tif
/data/heguozhen/Fire/activefire/images/patches/LC08_L1TP_169065_20200821_20200821_01_RT_p00304.tif,/data/heguozhen/Fire/activefire/masks/voting/LC08_L1TP_169065_20200821_20200821_01_RT_voting_p00304.tif
/data/heguozhen/Fire/activefire/images/patches/LC08_L1TP_118029_20200816_20200816_01_RT_p00336.tif,/data/heguozhen/Fire/activefire/masks/voting/LC08_L1TP_118029_20200816_20200816_01_RT_voting_p00336.tif
/data/heguozhen/Fire/activefire/images/patches/LC08_L1TP_173071_20200817_20200817_01_RT_p00505.tif,/data/heguozhen/Fire/activefire/masks/voting/LC08_L1TP_173071_20200817_20200817_01_RT_voting_p00505.tif
/data/heguozhen/Fire/activefire/images/patches/LC08_L1TP_170032_20200812_20200812_01_RT_p00514.tif,/data/heguozhen/Fire/activefire/masks/voting/LC08_L1TP_170032_20200812_20200812_01_RT_voting_p00514.tif
/data/heguozhen/Fire/activefire/images/patches/LC08_L1TP_119042_20200807_20200807_01_RT_p00249.tif,/data/heguozhen/Fire/activefire/masks/voting/LC08_L1TP_119042_20200807_20200807_01_RT_voting_p00249.tif
/data/heguozhen/Fire/activefire/images/patches/LC08_L1TP_124035_20200826_20200826_01_RT_p00471.tif,/data/heguozhen/Fire/activefire/masks/voting/LC08_L1TP_124035_20200826_20200826_01_RT_voting_p00471.tif
/data/heguozhen/Fire/activefire/images/patches/LC08_L1TP_110036_20200824_20200824_01_RT_p00355.tif,/data/heguozhen/Fire/activefire/masks/voting/LC08_L1TP_110036_20200824_20200824_01_RT_voting_p00355.tif
/data/heguozhen/Fire/activefire/images/patches/LC08_L1TP_181068_20200809_20200809_01_RT_p00696.tif,/data/heguozhen/Fire/activefire/masks/voting/LC08_L1TP_181068_20200809_20200809_01_RT_voting_p00696.tif
/data/heguozhen/Fire/activefire/images/patches/LC08_L1TP_125052_20200817_20200817_01_RT_p00616.tif,/data/heguozhen/Fire/activefire/masks/voting/LC08_L1TP_125052_20200817_20200817_01_RT_voting_p00616.tif
/data/heguozhen/Fire/activefire/images/patches/LC08_L1TP_172063_20200810_20200810_01_RT_p00427.tif,/data/heguozhen/Fire/activefire/masks/voting/LC08_L1TP_172063_20200810_20200810_01_RT_voting_p00427.tif
/data/heguozhen/Fire/activefire/images/patches/LC08_L1TP_173067_20200817_20200817_01_RT_p00460.tif,/data/heguozhen/Fire/activefire/masks/voting/LC08_L1TP_173067_20200817_20200817_01_RT_voting_p00460.tif
/data/heguozhen/Fire/activefire/images/patches/LC08_L1TP_106069_20200828_20200828_01_RT_p00794.tif,/data/heguozhen/Fire/activefire/masks/voting/LC08_L1TP_106069_20200828_20200828_01_RT_voting_p00794.tif
/data/heguozhen/Fire/activefire/images/patches/LC08_L1TP_173070_20200817_20200817_01_RT_p00114.tif,/data/heguozhen/Fire/activefire/masks/voting/LC08_L1TP_173070_20200817_20200817_01_RT_voting_p00114.tif
/data/heguozhen/Fire/activefire/images/patches/LC08_L1TP_154031_20200812_20200812_01_RT_p00455.tif,/data/heguozhen/Fire/activefire/masks/voting/LC08_L1TP_154031_20200812_20200812_01_RT_voting_p00455.tif
/data/heguozhen/Fire/activefire/images/patches/LC08_L1TP_168073_20200830_20200830_01_RT_p00473.tif,/data/heguozhen/Fire/activefire/masks/voting/LC08_L1TP_168073_20200830_20200830_01_RT_voting_p00473.tif
/data/heguozhen/Fire/activefire/images/patches/LC08_L1TP_008065_20200829_20200829_01_RT_p00608.tif,/data/heguozhen/Fire/activefire/masks/voting/LC08_L1TP_008065_20200829_20200829_01_RT_voting_p00608.tif
/data/heguozhen/Fire/activefire/images/patches/LC08_L1TP_121015_20200821_20200821_01_RT_p00383.tif,/data/heguozhen/Fire/activefire/masks/voting/LC08_L1TP_121015_20200821_20200821_01_RT_voting_p00383.tif
/data/heguozhen/Fire/activefire/images/patches/LC08_L1TP_182062_20200816_20200816_01_RT_p00781.tif,/data/heguozhen/Fire/activefire/masks/voting/LC08_L1TP_182062_20200816_20200816_01_RT_voting_p00781.tif
/data/heguozhen/Fire/activefire/images/patches/LC08_L1TP_173072_20200817_20200817_01_RT_p00289.tif,/data/heguozhen/Fire/activefire/masks/voting/LC08_L1TP_173072_20200817_20200817_01_RT_voting_p00289.tif
/data/heguozhen/Fire/activefire/images/patches/LC08_L1TP_130032_20200820_20200820_01_RT_p00767.tif,/data/heguozhen/Fire/activefire/masks/voting/LC08_L1TP_130032_20200820_20200820_01_RT_voting_p00767.tif
/data/heguozhen/Fire/activefire/images/patches/LC08_L1TP_173064_20200817_20200817_01_RT_p00395.tif,/data/heguozhen/Fire/activefire/masks/voting/LC08_L1TP_173064_20200817_20200817_01_RT_voting_p00395.tif
/data/heguozhen/Fire/activefire/images/patches/LC08_L1TP_172026_20200810_20200810_01_RT_p00436.tif,/data/heguozhen/Fire/activefire/masks/voting/LC08_L1TP_172026_20200810_20200810_01_RT_voting_p00436.tif
/data/heguozhen/Fire/activefire/images/patches/LC08_L1TP_121028_20200821_20200821_01_RT_p00429.tif,/data/heguozhen/Fire/activefire/masks/voting/LC08_L1TP_121028_20200821_20200821_01_RT_voting_p00429.tif
/data/heguozhen/Fire/activefire/images/patches/LC08_L1TP_227077_20200811_20200811_01_RT_p00210.tif,/data/heguozhen/Fire/activefire/masks/voting/LC08_L1TP_227077_20200811_20200811_01_RT_voting_p00210.tif
/data/heguozhen/Fire/activefire/images/patches/LC08_L1TP_172067_20200810_20200810_01_RT_p00354.tif,/data/heguozhen/Fire/activefire/masks/voting/LC08_L1TP_172067_20200810_20200810_01_RT_voting_p00354.tif
/data/heguozhen/Fire/activefire/images/patches/LC08_L1TP_173068_20200817_20200817_01_RT_p00728.tif,/data/heguozhen/Fire/activefire/masks/voting/LC08_L1TP_173068_20200817_20200817_01_RT_voting_p00728.tif
/data/heguozhen/Fire/activefire/images/patches/LC08_L1TP_130049_20200820_20200820_01_RT_p00769.tif,/data/heguozhen/Fire/activefire/masks/voting/LC08_L1TP_130049_20200820_20200820_01_RT_voting_p00769.tif
/data/heguozhen/Fire/activefire/images/patches/LC08_L1TP_116050_20200818_20200818_01_RT_p00475.tif,/data/heguozhen/Fire/activefire/masks/voting/LC08_L1TP_116050_20200818_20200818_01_RT_voting_p00475.tif
/data/heguozhen/Fire/activefire/images/patches/LC08_L1TP_170069_20200812_20200812_01_RT_p00313.tif,/data/heguozhen/Fire/activefire/masks/voting/LC08_L1TP_170069_20200812_20200812_01_RT_voting_p00313.tif
/data/heguozhen/Fire/activefire/images/patches/LC08_L1TP_172070_20200810_20200810_01_RT_p00472.tif,/data/heguozhen/Fire/activefire/masks/voting/LC08_L1TP_172070_20200810_20200810_01_RT_voting_p00472.tif
/data/heguozhen/Fire/activefire/images/patches/LC08_L1TP_222078_20200808_20200808_01_RT_p00393.tif,/data/heguozhen/Fire/activefire/masks/voting/LC08_L1TP_222078_20200808_20200808_01_RT_voting_p00393.tif
/data/heguozhen/Fire/activefire/images/patches/LC08_L1TP_227070_20200811_20200811_01_RT_p00707.tif,/data/heguozhen/Fire/activefire/masks/voting/LC08_L1TP_227070_20200811_20200811_01_RT_voting_p00707.tif
/data/heguozhen/Fire/activefire/images/patches/LC08_L1TP_120030_20200814_20200814_01_RT_p00456.tif,/data/heguozhen/Fire/activefire/masks/voting/LC08_L1TP_120030_20200814_20200814_01_RT_voting_p00456.tif
/data/heguozhen/Fire/activefire/images/patches/LC08_L1TP_160071_20200822_20200822_01_RT_p00207.tif,/data/heguozhen/Fire/activefire/masks/voting/LC08_L1TP_160071_20200822_20200822_01_RT_voting_p00207.tif
/data/heguozhen/Fire/activefire/images/patches/LC08_L1TP_143018_20200815_20200815_01_RT_p00908.tif,/data/heguozhen/Fire/activefire/masks/voting/LC08_L1TP_143018_20200815_20200815_01_RT_voting_p00908.tif
/data/heguozhen/Fire/activefire/images/patches/LC08_L1TP_130014_20200820_20200820_01_RT_p00724.tif,/data/heguozhen/Fire/activefire/masks/voting/LC08_L1TP_130014_20200820_20200820_01_RT_voting_p00724.tif
/data/heguozhen/Fire/activefire/images/patches/LC08_L1TP_019039_20200810_20200810_01_RT_p00845.tif,/data/heguozhen/Fire/activefire/masks/voting/LC08_L1TP_019039_20200810_20200810_01_RT_voting_p00845.tif
/data/heguozhen/Fire/activefire/images/patches/LC08_L1TP_156020_20200810_20200810_01_RT_p00392.tif,/data/heguozhen/Fire/activefire/masks/voting/LC08_L1TP_156020_20200810_20200810_01_RT_voting_p00392.tif
/data/heguozhen/Fire/activefire/images/patches/LC08_L1TP_170068_20200812_20200812_01_RT_p00530.tif,/data/heguozhen/Fire/activefire/masks/voting/LC08_L1TP_170068_20200812_20200812_01_RT_voting_p00530.tif
/data/heguozhen/Fire/activefire/images/patches/LC08_L1TP_173069_20200817_20200817_01_RT_p00691.tif,/data/heguozhen/Fire/activefire/masks/voting/LC08_L1TP_173069_20200817_20200817_01_RT_voting_p00691.tif
/data/heguozhen/Fire/activefire/images/patches/LC08_L1TP_001071_20200828_20200828_01_RT_p00599.tif,/data/heguozhen/Fire/activefire/masks/voting/LC08_L1TP_001071_20200828_20200828_01_RT_voting_p00599.tif
/data/heguozhen/Fire/activefire/images/patches/LC08_L1TP_119030_20200807_20200807_01_RT_p00781.tif,/data/heguozhen/Fire/activefire/masks/voting/LC08_L1TP_119030_20200807_20200807_01_RT_voting_p00781.tif
/data/heguozhen/Fire/activefire/images/patches/LC08_L1TP_179067_20200811_20200811_01_RT_p00254.tif,/data/heguozhen/Fire/activefire/masks/voting/LC08_L1TP_179067_20200811_20200811_01_RT_voting_p00254.tif
/data/heguozhen/Fire/activefire/images/patches/LC08_L1TP_166039_20200816_20200816_01_RT_p00410.tif,/data/heguozhen/Fire/activefire/masks/voting/LC08_L1TP_166039_20200816_20200816_01_RT_voting_p00410.tif
/data/heguozhen/Fire/activefire/images/patches/LC08_L1TP_001062_20200812_20200812_01_RT_p00581.tif,/data/heguozhen/Fire/activefire/masks/voting/LC08_L1TP_001062_20200812_20200812_01_RT_voting_p00581.tif
/data/heguozhen/Fire/activefire/images/patches/LC08_L1TP_128015_20200822_20200822_01_RT_p00963.tif,/data/heguozhen/Fire/activefire/masks/voting/LC08_L1TP_128015_20200822_20200822_01_RT_voting_p00963.tif
/data/heguozhen/Fire/activefire/images/patches/LC08_L1TP_227070_20200811_20200811_01_RT_p00230.tif,/data/heguozhen/Fire/activefire/masks/voting/LC08_L1TP_227070_20200811_20200811_01_RT_voting_p00230.tif
/data/heguozhen/Fire/activefire/images/patches/LC08_L1TP_135015_20200823_20200823_01_RT_p00589.tif,/data/heguozhen/Fire/activefire/masks/voting/LC08_L1TP_135015_20200823_20200823_01_RT_voting_p00589.tif
/data/heguozhen/Fire/activefire/images/patches/LC08_L1TP_188035_20200810_20200810_01_RT_p00235.tif,/data/heguozhen/Fire/activefire/masks/voting/LC08_L1TP_188035_20200810_20200810_01_RT_voting_p00235.tif
/data/heguozhen/Fire/activefire/images/patches/LC08_L1TP_170069_20200812_20200812_01_RT_p00724.tif,/data/heguozhen/Fire/activefire/masks/voting/LC08_L1TP_170069_20200812_20200812_01_RT_voting_p00724.tif
/data/heguozhen/Fire/activefire/images/patches/LC08_L1TP_117017_20200809_20200809_01_RT_p00814.tif,/data/heguozhen/Fire/activefire/masks/voting/LC08_L1TP_117017_20200809_20200809_01_RT_voting_p00814.tif
/data/heguozhen/Fire/activefire/images/patches/LC08_L1TP_173069_20200817_20200817_01_RT_p00672.tif,/data/heguozhen/Fire/activefire/masks/voting/LC08_L1TP_173069_20200817_20200817_01_RT_voting_p00672.tif
/data/heguozhen/Fire/activefire/images/patches/LC08_L1TP_121027_20200821_20200821_01_RT_p00746.tif,/data/heguozhen/Fire/activefire/masks/voting/LC08_L1TP_121027_20200821_20200821_01_RT_voting_p00746.tif
/data/heguozhen/Fire/activefire/images/patches/LC08_L1TP_175067_20200815_20200815_01_RT_p00378.tif,/data/heguozhen/Fire/activefire/masks/voting/LC08_L1TP_175067_20200815_20200815_01_RT_voting_p00378.tif
/data/heguozhen/Fire/activefire/images/patches/LC08_L1TP_124029_20200810_20200810_01_RT_p00646.tif,/data/heguozhen/Fire/activefire/masks/voting/LC08_L1TP_124029_20200810_20200810_01_RT_voting_p00646.tif
/data/heguozhen/Fire/activefire/images/patches/LC08_L1TP_166066_20200816_20200816_01_RT_p00297.tif,/data/heguozhen/Fire/activefire/masks/voting/LC08_L1TP_166066_20200816_20200816_01_RT_voting_p00297.tif
/data/heguozhen/Fire/activefire/images/patches/LC08_L1TP_122044_20200828_20200828_01_RT_p00669.tif,/data/heguozhen/Fire/activefire/masks/voting/LC08_L1TP_122044_20200828_20200828_01_RT_voting_p00669.tif
/data/heguozhen/Fire/activefire/images/patches/LC08_L1TP_175067_20200815_20200815_01_RT_p00586.tif,/data/heguozhen/Fire/activefire/masks/voting/LC08_L1TP_175067_20200815_20200815_01_RT_voting_p00586.tif
/data/heguozhen/Fire/activefire/images/patches/LC08_L1TP_166067_20200816_20200816_01_RT_p00577.tif,/data/heguozhen/Fire/activefire/masks/voting/LC08_L1TP_166067_20200816_20200816_01_RT_voting_p00577.tif
/data/heguozhen/Fire/activefire/images/patches/LC08_L1TP_114028_20200820_20200820_01_RT_p00364.tif,/data/heguozhen/Fire/activefire/masks/voting/LC08_L1TP_114028_20200820_20200820_01_RT_voting_p00364.tif
/data/heguozhen/Fire/activefire/images/patches/LC08_L1TP_121028_20200821_20200821_01_RT_p00658.tif,/data/heguozhen/Fire/activefire/masks/voting/LC08_L1TP_121028_20200821_20200821_01_RT_voting_p00658.tif
/data/heguozhen/Fire/activefire/images/patches/LC08_L1TP_170070_20200812_20200812_01_RT_p00506.tif,/data/heguozhen/Fire/activefire/masks/voting/LC08_L1TP_170070_20200812_20200812_01_RT_voting_p00506.tif
/data/heguozhen/Fire/activefire/images/patches/LC08_L1TP_133033_20200809_20200809_01_RT_p00389.tif,/data/heguozhen/Fire/activefire/masks/voting/LC08_L1TP_133033_20200809_20200809_01_RT_voting_p00389.tif
/data/heguozhen/Fire/activefire/images/patches/LC08_L1TP_126034_20200824_20200824_01_RT_p00820.tif,/data/heguozhen/Fire/activefire/masks/voting/LC08_L1TP_126034_20200824_20200824_01_RT_voting_p00820.tif
/data/heguozhen/Fire/activefire/images/patches/LC08_L1TP_165070_20200809_20200809_01_RT_p00508.tif,/data/heguozhen/Fire/activefire/masks/voting/LC08_L1TP_165070_20200809_20200809_01_RT_voting_p00508.tif
/data/heguozhen/Fire/activefire/images/patches/LC08_L1TP_118028_20200816_20200816_01_RT_p00307.tif,/data/heguozhen/Fire/activefire/masks/voting/LC08_L1TP_118028_20200816_20200816_01_RT_voting_p00307.tif
/data/heguozhen/Fire/activefire/images/patches/LC08_L1TP_182061_20200816_20200816_01_RT_p00163.tif,/data/heguozhen/Fire/activefire/masks/voting/LC08_L1TP_182061_20200816_20200816_01_RT_voting_p00163.tif
/data/heguozhen/Fire/activefire/images/patches/LC08_L1TP_218065_20200812_20200812_01_RT_p00322.tif,/data/heguozhen/Fire/activefire/masks/voting/LC08_L1TP_218065_20200812_20200812_01_RT_voting_p00322.tif
/data/heguozhen/Fire/activefire/images/patches/LC08_L1TP_119065_20200823_20200823_01_RT_p00202.tif,/data/heguozhen/Fire/activefire/masks/voting/LC08_L1TP_119065_20200823_20200823_01_RT_voting_p00202.tif
/data/heguozhen/Fire/activefire/images/patches/LC08_L1TP_222076_20200808_20200808_01_RT_p00605.tif,/data/heguozhen/Fire/activefire/masks/voting/LC08_L1TP_222076_20200808_20200808_01_RT_voting_p00605.tif
/data/heguozhen/Fire/activefire/images/patches/LC08_L1TP_173062_20200817_20200817_01_RT_p00360.tif,/data/heguozhen/Fire/activefire/masks/voting/LC08_L1TP_173062_20200817_20200817_01_RT_voting_p00360.tif
/data/heguozhen/Fire/activefire/images/patches/LC08_L1TP_129033_20200813_20200813_01_RT_p00442.tif,/data/heguozhen/Fire/activefire/masks/voting/LC08_L1TP_129033_20200813_20200813_01_RT_voting_p00442.tif
/data/heguozhen/Fire/activefire/images/patches/LC08_L1TP_025037_20200820_20200820_01_RT_p00334.tif,/data/heguozhen/Fire/activefire/masks/voting/LC08_L1TP_025037_20200820_20200820_01_RT_voting_p00334.tif
/data/heguozhen/Fire/activefire/images/patches/LC08_L1TP_135015_20200823_20200823_01_RT_p00769.tif,/data/heguozhen/Fire/activefire/masks/voting/LC08_L1TP_135015_20200823_20200823_01_RT_voting_p00769.tif
/data/heguozhen/Fire/activefire/images/patches/LC08_L1TP_002054_20200819_20200820_01_RT_p00442.tif,/data/heguozhen/Fire/activefire/masks/voting/LC08_L1TP_002054_20200819_20200820_01_RT_voting_p00442.tif
/data/heguozhen/Fire/activefire/images/patches/LC08_L1TP_121028_20200821_20200821_01_RT_p00698.tif,/data/heguozhen/Fire/activefire/masks/voting/LC08_L1TP_121028_20200821_20200821_01_RT_voting_p00698.tif
/data/heguozhen/Fire/activefire/images/patches/LC08_L1TP_139013_20200819_20200819_01_RT_p00823.tif,/data/heguozhen/Fire/activefire/masks/voting/LC08_L1TP_139013_20200819_20200819_01_RT_voting_p00823.tif
/data/heguozhen/Fire/activefire/images/patches/LC08_L1TP_174066_20200808_20200808_01_RT_p00143.tif,/data/heguozhen/Fire/activefire/masks/voting/LC08_L1TP_174066_20200808_20200808_01_RT_voting_p00143.tif
/data/heguozhen/Fire/activefire/images/patches/LC08_L1TP_222071_20200808_20200808_01_RT_p00384.tif,/data/heguozhen/Fire/activefire/masks/voting/LC08_L1TP_222071_20200808_20200808_01_RT_voting_p00384.tif
/data/heguozhen/Fire/activefire/images/patches/LC08_L1TP_170035_20200812_20200812_01_RT_p00822.tif,/data/heguozhen/Fire/activefire/masks/voting/LC08_L1TP_170035_20200812_20200812_01_RT_voting_p00822.tif
/data/heguozhen/Fire/activefire/images/patches/LC08_L1TP_220079_20200810_20200810_01_RT_p00210.tif,/data/heguozhen/Fire/activefire/masks/voting/LC08_L1TP_220079_20200810_20200810_01_RT_voting_p00210.tif
/data/heguozhen/Fire/activefire/images/patches/LC08_L1TP_130039_20200820_20200820_01_RT_p00847.tif,/data/heguozhen/Fire/activefire/masks/voting/LC08_L1TP_130039_20200820_20200820_01_RT_voting_p00847.tif
/data/heguozhen/Fire/activefire/images/patches/LC08_L1TP_126040_20200824_20200824_01_RT_p00681.tif,/data/heguozhen/Fire/activefire/masks/voting/LC08_L1TP_126040_20200824_20200824_01_RT_voting_p00681.tif
/data/heguozhen/Fire/activefire/images/patches/LC08_L1TP_173070_20200817_20200817_01_RT_p00457.tif,/data/heguozhen/Fire/activefire/masks/voting/LC08_L1TP_173070_20200817_20200817_01_RT_voting_p00457.tif
/data/heguozhen/Fire/activefire/images/patches/LC08_L1TP_174066_20200808_20200808_01_RT_p00649.tif,/data/heguozhen/Fire/activefire/masks/voting/LC08_L1TP_174066_20200808_20200808_01_RT_voting_p00649.tif
/data/heguozhen/Fire/activefire/images/patches/LC08_L1TP_124034_20200826_20200826_01_RT_p00347.tif,/data/heguozhen/Fire/activefire/masks/voting/LC08_L1TP_124034_20200826_20200826_01_RT_voting_p00347.tif
/data/heguozhen/Fire/activefire/images/patches/LC08_L1TP_138039_20200828_20200828_01_RT_p00584.tif,/data/heguozhen/Fire/activefire/masks/voting/LC08_L1TP_138039_20200828_20200828_01_RT_voting_p00584.tif
/data/heguozhen/Fire/activefire/images/patches/LC08_L1TP_169058_20200821_20200821_01_RT_p00294.tif,/data/heguozhen/Fire/activefire/masks/voting/LC08_L1TP_169058_20200821_20200821_01_RT_voting_p00294.tif
/data/heguozhen/Fire/activefire/images/patches/LC08_L1TP_174069_20200808_20200808_01_RT_p00730.tif,/data/heguozhen/Fire/activefire/masks/voting/LC08_L1TP_174069_20200808_20200808_01_RT_voting_p00730.tif
/data/heguozhen/Fire/activefire/images/patches/LC08_L1TP_167074_20200823_20200823_01_RT_p00356.tif,/data/heguozhen/Fire/activefire/masks/voting/LC08_L1TP_167074_20200823_20200823_01_RT_voting_p00356.tif
/data/heguozhen/Fire/activefire/images/patches/LC08_L1TP_179068_20200811_20200811_01_RT_p00596.tif,/data/heguozhen/Fire/activefire/masks/voting/LC08_L1TP_179068_20200811_20200811_01_RT_voting_p00596.tif
/data/heguozhen/Fire/activefire/images/patches/LC08_L1GT_117028_20200825_20200825_01_RT_p00054.tif,/data/heguozhen/Fire/activefire/masks/voting/LC08_L1GT_117028_20200825_20200825_01_RT_voting_p00054.tif
/data/heguozhen/Fire/activefire/images/patches/LC08_L1TP_130037_20200820_20200820_01_RT_p00642.tif,/data/heguozhen/Fire/activefire/masks/voting/LC08_L1TP_130037_20200820_20200820_01_RT_voting_p00642.tif
/data/heguozhen/Fire/activefire/images/patches/LC08_L1TP_165069_20200809_20200809_01_RT_p00680.tif,/data/heguozhen/Fire/activefire/masks/voting/LC08_L1TP_165069_20200809_20200809_01_RT_voting_p00680.tif
/data/heguozhen/Fire/activefire/images/patches/LC08_L1TP_175062_20200815_20200815_01_RT_p00173.tif,/data/heguozhen/Fire/activefire/masks/voting/LC08_L1TP_175062_20200815_20200815_01_RT_voting_p00173.tif
/data/heguozhen/Fire/activefire/images/patches/LC08_L1TP_135015_20200807_20200807_01_RT_p00704.tif,/data/heguozhen/Fire/activefire/masks/voting/LC08_L1TP_135015_20200807_20200807_01_RT_voting_p00704.tif
/data/heguozhen/Fire/activefire/images/patches/LC08_L1TP_172069_20200810_20200810_01_RT_p00306.tif,/data/heguozhen/Fire/activefire/masks/voting/LC08_L1TP_172069_20200810_20200810_01_RT_voting_p00306.tif
/data/heguozhen/Fire/activefire/images/patches/LC08_L1TP_179067_20200811_20200811_01_RT_p00573.tif,/data/heguozhen/Fire/activefire/masks/voting/LC08_L1TP_179067_20200811_20200811_01_RT_voting_p00573.tif
/data/heguozhen/Fire/activefire/images/patches/LC08_L1TP_125018_20200817_20200817_01_RT_p00173.tif,/data/heguozhen/Fire/activefire/masks/voting/LC08_L1TP_125018_20200817_20200817_01_RT_voting_p00173.tif
/data/heguozhen/Fire/activefire/images/patches/LC08_L1TP_130013_20200820_20200820_01_RT_p00775.tif,/data/heguozhen/Fire/activefire/masks/voting/LC08_L1TP_130013_20200820_20200820_01_RT_voting_p00775.tif
/data/heguozhen/Fire/activefire/images/patches/LC08_L1TP_172068_20200810_20200810_01_RT_p00382.tif,/data/heguozhen/Fire/activefire/masks/voting/LC08_L1TP_172068_20200810_20200810_01_RT_voting_p00382.tif
/data/heguozhen/Fire/activefire/images/patches/LC08_L1TP_044033_20200825_20200826_01_RT_p00131.tif,/data/heguozhen/Fire/activefire/masks/voting/LC08_L1TP_044033_20200825_20200826_01_RT_voting_p00131.tif
/data/heguozhen/Fire/activefire/images/patches/LC08_L1TP_022037_20200815_20200815_01_RT_p00106.tif,/data/heguozhen/Fire/activefire/masks/voting/LC08_L1TP_022037_20200815_20200815_01_RT_voting_p00106.tif
/data/heguozhen/Fire/activefire/images/patches/LC08_L1TP_002070_20200819_20200820_01_RT_p00294.tif,/data/heguozhen/Fire/activefire/masks/voting/LC08_L1TP_002070_20200819_20200820_01_RT_voting_p00294.tif
/data/heguozhen/Fire/activefire/images/patches/LC08_L1TP_160074_20200822_20200822_01_RT_p00219.tif,/data/heguozhen/Fire/activefire/masks/voting/LC08_L1TP_160074_20200822_20200822_01_RT_voting_p00219.tif
/data/heguozhen/Fire/activefire/images/patches/LC08_L1TP_169068_20200821_20200821_01_RT_p00223.tif,/data/heguozhen/Fire/activefire/masks/voting/LC08_L1TP_169068_20200821_20200821_01_RT_voting_p00223.tif
/data/heguozhen/Fire/activefire/images/patches/LC08_L1TP_166067_20200816_20200816_01_RT_p00233.tif,/data/heguozhen/Fire/activefire/masks/voting/LC08_L1TP_166067_20200816_20200816_01_RT_voting_p00233.tif
/data/heguozhen/Fire/activefire/images/patches/LC08_L1TP_160075_20200822_20200822_01_RT_p00148.tif,/data/heguozhen/Fire/activefire/masks/voting/LC08_L1TP_160075_20200822_20200822_01_RT_voting_p00148.tif
/data/heguozhen/Fire/activefire/images/patches/LC08_L1TP_124036_20200810_20200810_01_RT_p00461.tif,/data/heguozhen/Fire/activefire/masks/voting/LC08_L1TP_124036_20200810_20200810_01_RT_voting_p00461.tif
/data/heguozhen/Fire/activefire/images/patches/LC08_L1TP_173070_20200817_20200817_01_RT_p00769.tif,/data/heguozhen/Fire/activefire/masks/voting/LC08_L1TP_173070_20200817_20200817_01_RT_voting_p00769.tif
/data/heguozhen/Fire/activefire/images/patches/LC08_L1TP_170068_20200812_20200812_01_RT_p00874.tif,/data/heguozhen/Fire/activefire/masks/voting/LC08_L1TP_170068_20200812_20200812_01_RT_voting_p00874.tif
/data/heguozhen/Fire/activefire/images/patches/LC08_L1TP_133015_20200825_20200825_01_RT_p00116.tif,/data/heguozhen/Fire/activefire/masks/voting/LC08_L1TP_133015_20200825_20200825_01_RT_voting_p00116.tif
/data/heguozhen/Fire/activefire/images/patches/LC08_L1TP_179068_20200811_20200811_01_RT_p00661.tif,/data/heguozhen/Fire/activefire/masks/voting/LC08_L1TP_179068_20200811_20200811_01_RT_voting_p00661.tif
/data/heguozhen/Fire/activefire/images/patches/LC08_L1TP_124050_20200810_20200810_01_RT_p00564.tif,/data/heguozhen/Fire/activefire/masks/voting/LC08_L1TP_124050_20200810_20200810_01_RT_voting_p00564.tif
/data/heguozhen/Fire/activefire/images/patches/LC08_L1TP_179063_20200811_20200811_01_RT_p00234.tif,/data/heguozhen/Fire/activefire/masks/voting/LC08_L1TP_179063_20200811_20200811_01_RT_voting_p00234.tif
/data/heguozhen/Fire/activefire/images/patches/LC08_L1TP_118028_20200816_20200816_01_RT_p00820.tif,/data/heguozhen/Fire/activefire/masks/voting/LC08_L1TP_118028_20200816_20200816_01_RT_voting_p00820.tif
/data/heguozhen/Fire/activefire/images/patches/LC08_L1TP_166071_20200816_20200816_01_RT_p00282.tif,/data/heguozhen/Fire/activefire/masks/voting/LC08_L1TP_166071_20200816_20200816_01_RT_voting_p00282.tif
/data/heguozhen/Fire/activefire/images/patches/LC08_L1TP_173067_20200817_20200817_01_RT_p00159.tif,/data/heguozhen/Fire/activefire/masks/voting/LC08_L1TP_173067_20200817_20200817_01_RT_voting_p00159.tif
/data/heguozhen/Fire/activefire/images/patches/LC08_L1TP_126035_20200824_20200824_01_RT_p00633.tif,/data/heguozhen/Fire/activefire/masks/voting/LC08_L1TP_126035_20200824_20200824_01_RT_voting_p00633.tif
/data/heguozhen/Fire/activefire/images/patches/LC08_L1TP_121030_20200821_20200821_01_RT_p00665.tif,/data/heguozhen/Fire/activefire/masks/voting/LC08_L1TP_121030_20200821_20200821_01_RT_voting_p00665.tif
/data/heguozhen/Fire/activefire/images/patches/LC08_L1TP_173066_20200817_20200817_01_RT_p00580.tif,/data/heguozhen/Fire/activefire/masks/voting/LC08_L1TP_173066_20200817_20200817_01_RT_voting_p00580.tif
/data/heguozhen/Fire/activefire/images/patches/LC08_L1TP_169069_20200821_20200821_01_RT_p00327.tif,/data/heguozhen/Fire/activefire/masks/voting/LC08_L1TP_169069_20200821_20200821_01_RT_voting_p00327.tif
/data/heguozhen/Fire/activefire/images/patches/LC08_L1TP_173066_20200817_20200817_01_RT_p00518.tif,/data/heguozhen/Fire/activefire/masks/voting/LC08_L1TP_173066_20200817_20200817_01_RT_voting_p00518.tif
/data/heguozhen/Fire/activefire/images/patches/LC08_L1TP_170066_20200812_20200812_01_RT_p00458.tif,/data/heguozhen/Fire/activefire/masks/voting/LC08_L1TP_170066_20200812_20200812_01_RT_voting_p00458.tif
/data/heguozhen/Fire/activefire/images/patches/LC08_L1TP_123027_20200819_20200819_01_RT_p00379.tif,/data/heguozhen/Fire/activefire/masks/voting/LC08_L1TP_123027_20200819_20200819_01_RT_voting_p00379.tif
/data/heguozhen/Fire/activefire/images/patches/LC08_L1TP_170070_20200812_20200812_01_RT_p00677.tif,/data/heguozhen/Fire/activefire/masks/voting/LC08_L1TP_170070_20200812_20200812_01_RT_voting_p00677.tif
/data/heguozhen/Fire/activefire/images/patches/LC08_L1TP_156032_20200826_20200826_01_RT_p00177.tif,/data/heguozhen/Fire/activefire/masks/voting/LC08_L1TP_156032_20200826_20200826_01_RT_voting_p00177.tif
/data/heguozhen/Fire/activefire/images/patches/LC08_L1TP_001071_20200828_20200828_01_RT_p00397.tif,/data/heguozhen/Fire/activefire/masks/voting/LC08_L1TP_001071_20200828_20200828_01_RT_voting_p00397.tif
/data/heguozhen/Fire/activefire/images/patches/LC08_L1TP_160074_20200822_20200822_01_RT_p00666.tif,/data/heguozhen/Fire/activefire/masks/voting/LC08_L1TP_160074_20200822_20200822_01_RT_voting_p00666.tif
/data/heguozhen/Fire/activefire/images/patches/LC08_L1TP_173066_20200817_20200817_01_RT_p00084.tif,/data/heguozhen/Fire/activefire/masks/voting/LC08_L1TP_173066_20200817_20200817_01_RT_voting_p00084.tif
/data/heguozhen/Fire/activefire/images/patches/LC08_L1TP_172067_20200810_20200810_01_RT_p00352.tif,/data/heguozhen/Fire/activefire/masks/voting/LC08_L1TP_172067_20200810_20200810_01_RT_voting_p00352.tif
/data/heguozhen/Fire/activefire/images/patches/LC08_L1TP_173070_20200817_20200817_01_RT_p00639.tif,/data/heguozhen/Fire/activefire/masks/voting/LC08_L1TP_173070_20200817_20200817_01_RT_voting_p00639.tif
/data/heguozhen/Fire/activefire/images/patches/LC08_L1TP_172065_20200810_20200810_01_RT_p00816.tif,/data/heguozhen/Fire/activefire/masks/voting/LC08_L1TP_172065_20200810_20200810_01_RT_voting_p00816.tif
/data/heguozhen/Fire/activefire/images/patches/LC08_L1TP_114035_20200820_20200820_01_RT_p00275.tif,/data/heguozhen/Fire/activefire/masks/voting/LC08_L1TP_114035_20200820_20200820_01_RT_voting_p00275.tif
/data/heguozhen/Fire/activefire/images/patches/LC08_L1TP_124035_20200826_20200826_01_RT_p00627.tif,/data/heguozhen/Fire/activefire/masks/voting/LC08_L1TP_124035_20200826_20200826_01_RT_voting_p00627.tif
/data/heguozhen/Fire/activefire/images/patches/LC08_L1TP_173067_20200817_20200817_01_RT_p00728.tif,/data/heguozhen/Fire/activefire/masks/voting/LC08_L1TP_173067_20200817_20200817_01_RT_voting_p00728.tif
/data/heguozhen/Fire/activefire/images/patches/LC08_L1TP_034033_20200819_20200820_01_RT_p00161.tif,/data/heguozhen/Fire/activefire/masks/voting/LC08_L1TP_034033_20200819_20200820_01_RT_voting_p00161.tif
/data/heguozhen/Fire/activefire/images/patches/LC08_L1TP_001069_20200812_20200812_01_RT_p00845.tif,/data/heguozhen/Fire/activefire/masks/voting/LC08_L1TP_001069_20200812_20200812_01_RT_voting_p00845.tif
/data/heguozhen/Fire/activefire/images/patches/LC08_L1TP_122038_20200828_20200828_01_RT_p00727.tif,/data/heguozhen/Fire/activefire/masks/voting/LC08_L1TP_122038_20200828_20200828_01_RT_voting_p00727.tif
/data/heguozhen/Fire/activefire/images/patches/LC08_L1TP_175067_20200815_20200815_01_RT_p00522.tif,/data/heguozhen/Fire/activefire/masks/voting/LC08_L1TP_175067_20200815_20200815_01_RT_voting_p00522.tif
/data/heguozhen/Fire/activefire/images/patches/LC08_L1TP_140044_20200810_20200810_01_RT_p00640.tif,/data/heguozhen/Fire/activefire/masks/voting/LC08_L1TP_140044_20200810_20200810_01_RT_voting_p00640.tif
/data/heguozhen/Fire/activefire/images/patches/LC08_L1TP_160071_20200822_20200822_01_RT_p00525.tif,/data/heguozhen/Fire/activefire/masks/voting/LC08_L1TP_160071_20200822_20200822_01_RT_voting_p00525.tif
/data/heguozhen/Fire/activefire/images/patches/LC08_L1TP_118030_20200816_20200816_01_RT_p00282.tif,/data/heguozhen/Fire/activefire/masks/voting/LC08_L1TP_118030_20200816_20200816_01_RT_voting_p00282.tif
/data/heguozhen/Fire/activefire/images/patches/LC08_L1TP_120036_20200814_20200814_01_RT_p00545.tif,/data/heguozhen/Fire/activefire/masks/voting/LC08_L1TP_120036_20200814_20200814_01_RT_voting_p00545.tif
/data/heguozhen/Fire/activefire/images/patches/LC08_L1TP_173063_20200817_20200817_01_RT_p00598.tif,/data/heguozhen/Fire/activefire/masks/voting/LC08_L1TP_173063_20200817_20200817_01_RT_voting_p00598.tif
/data/heguozhen/Fire/activefire/images/patches/LC08_L1TP_175067_20200815_20200815_01_RT_p00205.tif,/data/heguozhen/Fire/activefire/masks/voting/LC08_L1TP_175067_20200815_20200815_01_RT_voting_p00205.tif
/data/heguozhen/Fire/activefire/images/patches/LC08_L1TP_223067_20200815_20200815_01_RT_p00139.tif,/data/heguozhen/Fire/activefire/masks/voting/LC08_L1TP_223067_20200815_20200815_01_RT_voting_p00139.tif
/data/heguozhen/Fire/activefire/images/patches/LC08_L1TP_104069_20200830_20200830_01_RT_p00750.tif,/data/heguozhen/Fire/activefire/masks/voting/LC08_L1TP_104069_20200830_20200830_01_RT_voting_p00750.tif
/data/heguozhen/Fire/activefire/images/patches/LC08_L1TP_188032_20200810_20200810_01_RT_p00743.tif,/data/heguozhen/Fire/activefire/masks/voting/LC08_L1TP_188032_20200810_20200810_01_RT_voting_p00743.tif
/data/heguozhen/Fire/activefire/images/patches/LC08_L1TP_161073_20200813_20200813_01_RT_p00596.tif,/data/heguozhen/Fire/activefire/masks/voting/LC08_L1TP_161073_20200813_20200813_01_RT_voting_p00596.tif
/data/heguozhen/Fire/activefire/images/patches/LC08_L1TP_134015_20200816_20200816_01_RT_p00605.tif,/data/heguozhen/Fire/activefire/masks/voting/LC08_L1TP_134015_20200816_20200816_01_RT_voting_p00605.tif
/data/heguozhen/Fire/activefire/images/patches/LC08_L1TP_126034_20200824_20200824_01_RT_p00907.tif,/data/heguozhen/Fire/activefire/masks/voting/LC08_L1TP_126034_20200824_20200824_01_RT_voting_p00907.tif
/data/heguozhen/Fire/activefire/images/patches/LC08_L1TP_173071_20200817_20200817_01_RT_p00297.tif,/data/heguozhen/Fire/activefire/masks/voting/LC08_L1TP_173071_20200817_20200817_01_RT_voting_p00297.tif
/data/heguozhen/Fire/activefire/images/patches/LC08_L1TP_122015_20200812_20200812_01_RT_p00383.tif,/data/heguozhen/Fire/activefire/masks/voting/LC08_L1TP_122015_20200812_20200812_01_RT_voting_p00383.tif
/data/heguozhen/Fire/activefire/images/patches/LC08_L1TP_169036_20200821_20200821_01_RT_p00387.tif,/data/heguozhen/Fire/activefire/masks/voting/LC08_L1TP_169036_20200821_20200821_01_RT_voting_p00387.tif
/data/heguozhen/Fire/activefire/images/patches/LC08_L1TP_166072_20200816_20200816_01_RT_p00394.tif,/data/heguozhen/Fire/activefire/masks/voting/LC08_L1TP_166072_20200816_20200816_01_RT_voting_p00394.tif
/data/heguozhen/Fire/activefire/images/patches/LC08_L1TP_165038_20200809_20200809_01_RT_p00459.tif,/data/heguozhen/Fire/activefire/masks/voting/LC08_L1TP_165038_20200809_20200809_01_RT_voting_p00459.tif
/data/heguozhen/Fire/activefire/images/patches/LC08_L1TP_126052_20200824_20200824_01_RT_p00451.tif,/data/heguozhen/Fire/activefire/masks/voting/LC08_L1TP_126052_20200824_20200824_01_RT_voting_p00451.tif
/data/heguozhen/Fire/activefire/images/patches/LC08_L1TP_165067_20200809_20200809_01_RT_p00114.tif,/data/heguozhen/Fire/activefire/masks/voting/LC08_L1TP_165067_20200809_20200809_01_RT_voting_p00114.tif
/data/heguozhen/Fire/activefire/images/patches/LC08_L1TP_131035_20200827_20200827_01_RT_p00706.tif,/data/heguozhen/Fire/activefire/masks/voting/LC08_L1TP_131035_20200827_20200827_01_RT_voting_p00706.tif
/data/heguozhen/Fire/activefire/images/patches/LC08_L1TP_128039_20200822_20200822_01_RT_p00570.tif,/data/heguozhen/Fire/activefire/masks/voting/LC08_L1TP_128039_20200822_20200822_01_RT_voting_p00570.tif
/data/heguozhen/Fire/activefire/images/patches/LC08_L1TP_001066_20200828_20200828_01_RT_p00612.tif,/data/heguozhen/Fire/activefire/masks/voting/LC08_L1TP_001066_20200828_20200828_01_RT_voting_p00612.tif
/data/heguozhen/Fire/activefire/images/patches/LC08_L1TP_227078_20200811_20200811_01_RT_p00417.tif,/data/heguozhen/Fire/activefire/masks/voting/LC08_L1TP_227078_20200811_20200811_01_RT_voting_p00417.tif
/data/heguozhen/Fire/activefire/images/patches/LC08_L1TP_169036_20200821_20200821_01_RT_p00363.tif,/data/heguozhen/Fire/activefire/masks/voting/LC08_L1TP_169036_20200821_20200821_01_RT_voting_p00363.tif
/data/heguozhen/Fire/activefire/images/patches/LC08_L1TP_114028_20200820_20200820_01_RT_p00298.tif,/data/heguozhen/Fire/activefire/masks/voting/LC08_L1TP_114028_20200820_20200820_01_RT_voting_p00298.tif
/data/heguozhen/Fire/activefire/images/patches/LC08_L1TP_201034_20200821_20200821_01_RT_p00476.tif,/data/heguozhen/Fire/activefire/masks/voting/LC08_L1TP_201034_20200821_20200821_01_RT_voting_p00476.tif
/data/heguozhen/Fire/activefire/images/patches/LC08_L1TP_172066_20200810_20200810_01_RT_p00191.tif,/data/heguozhen/Fire/activefire/masks/voting/LC08_L1TP_172066_20200810_20200810_01_RT_voting_p00191.tif
/data/heguozhen/Fire/activefire/images/patches/LC08_L1TP_169068_20200821_20200821_01_RT_p00361.tif,/data/heguozhen/Fire/activefire/masks/voting/LC08_L1TP_169068_20200821_20200821_01_RT_voting_p00361.tif
/data/heguozhen/Fire/activefire/images/patches/LC08_L1GT_182060_20200816_20200816_01_RT_p00454.tif,/data/heguozhen/Fire/activefire/masks/voting/LC08_L1GT_182060_20200816_20200816_01_RT_voting_p00454.tif
/data/heguozhen/Fire/activefire/images/patches/LC08_L1TP_140018_20200826_20200826_01_RT_p01001.tif,/data/heguozhen/Fire/activefire/masks/voting/LC08_L1TP_140018_20200826_20200826_01_RT_voting_p01001.tif
/data/heguozhen/Fire/activefire/images/patches/LC08_L1TP_123017_20200819_20200819_01_RT_p00377.tif,/data/heguozhen/Fire/activefire/masks/voting/LC08_L1TP_123017_20200819_20200819_01_RT_voting_p00377.tif
/data/heguozhen/Fire/activefire/images/patches/LC08_L1TP_174073_20200808_20200808_01_RT_p00221.tif,/data/heguozhen/Fire/activefire/masks/voting/LC08_L1TP_174073_20200808_20200808_01_RT_voting_p00221.tif
/data/heguozhen/Fire/activefire/images/patches/LC08_L1TP_174066_20200808_20200808_01_RT_p00231.tif,/data/heguozhen/Fire/activefire/masks/voting/LC08_L1TP_174066_20200808_20200808_01_RT_voting_p00231.tif
/data/heguozhen/Fire/activefire/images/patches/LC08_L1TP_170069_20200812_20200812_01_RT_p00672.tif,/data/heguozhen/Fire/activefire/masks/voting/LC08_L1TP_170069_20200812_20200812_01_RT_voting_p00672.tif
/data/heguozhen/Fire/activefire/images/patches/LC08_L1TP_154031_20200812_20200812_01_RT_p00458.tif,/data/heguozhen/Fire/activefire/masks/voting/LC08_L1TP_154031_20200812_20200812_01_RT_voting_p00458.tif
/data/heguozhen/Fire/activefire/images/patches/LC08_L1TP_179068_20200811_20200811_01_RT_p00426.tif,/data/heguozhen/Fire/activefire/masks/voting/LC08_L1TP_179068_20200811_20200811_01_RT_voting_p00426.tif
/data/heguozhen/Fire/activefire/images/patches/LC08_L1TP_124035_20200810_20200810_01_RT_p00501.tif,/data/heguozhen/Fire/activefire/masks/voting/LC08_L1TP_124035_20200810_20200810_01_RT_voting_p00501.tif
/data/heguozhen/Fire/activefire/images/patches/LC08_L1TP_125052_20200817_20200817_01_RT_p00647.tif,/data/heguozhen/Fire/activefire/masks/voting/LC08_L1TP_125052_20200817_20200817_01_RT_voting_p00647.tif
/data/heguozhen/Fire/activefire/images/patches/LC08_L1TP_230090_20200816_20200816_01_RT_p00912.tif,/data/heguozhen/Fire/activefire/masks/voting/LC08_L1TP_230090_20200816_20200816_01_RT_voting_p00912.tif
/data/heguozhen/Fire/activefire/images/patches/LC08_L1TP_119027_20200823_20200823_01_RT_p00523.tif,/data/heguozhen/Fire/activefire/masks/voting/LC08_L1TP_119027_20200823_20200823_01_RT_voting_p00523.tif
/data/heguozhen/Fire/activefire/images/patches/LC08_L1TP_169065_20200821_20200821_01_RT_p00731.tif,/data/heguozhen/Fire/activefire/masks/voting/LC08_L1TP_169065_20200821_20200821_01_RT_voting_p00731.tif
/data/heguozhen/Fire/activefire/images/patches/LC08_L1TP_179063_20200811_20200811_01_RT_p00229.tif,/data/heguozhen/Fire/activefire/masks/voting/LC08_L1TP_179063_20200811_20200811_01_RT_voting_p00229.tif
/data/heguozhen/Fire/activefire/images/patches/LC08_L1TP_175071_20200815_20200815_01_RT_p00209.tif,/data/heguozhen/Fire/activefire/masks/voting/LC08_L1TP_175071_20200815_20200815_01_RT_voting_p00209.tif
/data/heguozhen/Fire/activefire/images/patches/LC08_L1TP_168073_20200830_20200830_01_RT_p00570.tif,/data/heguozhen/Fire/activefire/masks/voting/LC08_L1TP_168073_20200830_20200830_01_RT_voting_p00570.tif
/data/heguozhen/Fire/activefire/images/patches/LC08_L1TP_172060_20200810_20200810_01_RT_p00660.tif,/data/heguozhen/Fire/activefire/masks/voting/LC08_L1TP_172060_20200810_20200810_01_RT_voting_p00660.tif
/data/heguozhen/Fire/activefire/images/patches/LC08_L1GT_169022_20200821_20200821_01_RT_p00056.tif,/data/heguozhen/Fire/activefire/masks/voting/LC08_L1GT_169022_20200821_20200821_01_RT_voting_p00056.tif
/data/heguozhen/Fire/activefire/images/patches/LC08_L1TP_121033_20200821_20200821_01_RT_p00156.tif,/data/heguozhen/Fire/activefire/masks/voting/LC08_L1TP_121033_20200821_20200821_01_RT_voting_p00156.tif
/data/heguozhen/Fire/activefire/images/patches/LC08_L1TP_124052_20200810_20200810_01_RT_p00819.tif,/data/heguozhen/Fire/activefire/masks/voting/LC08_L1TP_124052_20200810_20200810_01_RT_voting_p00819.tif
/data/heguozhen/Fire/activefire/images/patches/LC08_L1TP_175068_20200815_20200815_01_RT_p00739.tif,/data/heguozhen/Fire/activefire/masks/voting/LC08_L1TP_175068_20200815_20200815_01_RT_voting_p00739.tif
/data/heguozhen/Fire/activefire/images/patches/LC08_L1TP_136018_20200830_20200830_01_RT_p00528.tif,/data/heguozhen/Fire/activefire/masks/voting/LC08_L1TP_136018_20200830_20200830_01_RT_voting_p00528.tif
/data/heguozhen/Fire/activefire/images/patches/LC08_L1TP_121028_20200821_20200821_01_RT_p00597.tif,/data/heguozhen/Fire/activefire/masks/voting/LC08_L1TP_121028_20200821_20200821_01_RT_voting_p00597.tif
/data/heguozhen/Fire/activefire/images/patches/LC08_L1TP_165070_20200809_20200809_01_RT_p00254.tif,/data/heguozhen/Fire/activefire/masks/voting/LC08_L1TP_165070_20200809_20200809_01_RT_voting_p00254.tif
/data/heguozhen/Fire/activefire/images/patches/LC08_L1TP_188032_20200810_20200810_01_RT_p00256.tif,/data/heguozhen/Fire/activefire/masks/voting/LC08_L1TP_188032_20200810_20200810_01_RT_voting_p00256.tif
/data/heguozhen/Fire/activefire/images/patches/LC08_L1TP_136014_20200830_20200830_01_RT_p00778.tif,/data/heguozhen/Fire/activefire/masks/voting/LC08_L1TP_136014_20200830_20200830_01_RT_voting_p00778.tif
/data/heguozhen/Fire/activefire/images/patches/LC08_L1TP_156012_20200826_20200826_01_RT_p00813.tif,/data/heguozhen/Fire/activefire/masks/voting/LC08_L1TP_156012_20200826_20200826_01_RT_voting_p00813.tif
/data/heguozhen/Fire/activefire/images/patches/LC08_L1TP_119028_20200823_20200823_01_RT_p00314.tif,/data/heguozhen/Fire/activefire/masks/voting/LC08_L1TP_119028_20200823_20200823_01_RT_voting_p00314.tif
/data/heguozhen/Fire/activefire/images/patches/LC08_L1TP_172066_20200810_20200810_01_RT_p00258.tif,/data/heguozhen/Fire/activefire/masks/voting/LC08_L1TP_172066_20200810_20200810_01_RT_voting_p00258.tif
/data/heguozhen/Fire/activefire/images/patches/LC08_L1TP_114027_20200820_20200820_01_RT_p00726.tif,/data/heguozhen/Fire/activefire/masks/voting/LC08_L1TP_114027_20200820_20200820_01_RT_voting_p00726.tif
/data/heguozhen/Fire/activefire/images/patches/LC08_L1TP_172027_20200810_20200810_01_RT_p00118.tif,/data/heguozhen/Fire/activefire/masks/voting/LC08_L1TP_172027_20200810_20200810_01_RT_voting_p00118.tif
/data/heguozhen/Fire/activefire/images/patches/LC08_L1TP_166068_20200816_20200816_01_RT_p00798.tif,/data/heguozhen/Fire/activefire/masks/voting/LC08_L1TP_166068_20200816_20200816_01_RT_voting_p00798.tif
/data/heguozhen/Fire/activefire/images/patches/LC08_L1TP_227070_20200811_20200811_01_RT_p00729.tif,/data/heguozhen/Fire/activefire/masks/voting/LC08_L1TP_227070_20200811_20200811_01_RT_voting_p00729.tif
/data/heguozhen/Fire/activefire/images/patches/LC08_L1GT_182060_20200816_20200816_01_RT_p00586.tif,/data/heguozhen/Fire/activefire/masks/voting/LC08_L1GT_182060_20200816_20200816_01_RT_voting_p00586.tif
/data/heguozhen/Fire/activefire/images/patches/LC08_L1TP_170067_20200812_20200812_01_RT_p00792.tif,/data/heguozhen/Fire/activefire/masks/voting/LC08_L1TP_170067_20200812_20200812_01_RT_voting_p00792.tif
/data/heguozhen/Fire/activefire/images/patches/LC08_L1TP_173065_20200817_20200817_01_RT_p00603.tif,/data/heguozhen/Fire/activefire/masks/voting/LC08_L1TP_173065_20200817_20200817_01_RT_voting_p00603.tif
/data/heguozhen/Fire/activefire/images/patches/LC08_L1TP_028034_20200825_20200825_01_RT_p00538.tif,/data/heguozhen/Fire/activefire/masks/voting/LC08_L1TP_028034_20200825_20200825_01_RT_voting_p00538.tif
/data/heguozhen/Fire/activefire/images/patches/LC08_L1TP_224064_20200806_20200807_01_RT_p00795.tif,/data/heguozhen/Fire/activefire/masks/voting/LC08_L1TP_224064_20200806_20200807_01_RT_voting_p00795.tif
/data/heguozhen/Fire/activefire/images/patches/LC08_L1TP_008053_20200829_20200829_01_RT_p00539.tif,/data/heguozhen/Fire/activefire/masks/voting/LC08_L1TP_008053_20200829_20200829_01_RT_voting_p00539.tif
/data/heguozhen/Fire/activefire/images/patches/LC08_L1TP_218069_20200812_20200812_01_RT_p00303.tif,/data/heguozhen/Fire/activefire/masks/voting/LC08_L1TP_218069_20200812_20200812_01_RT_voting_p00303.tif
/data/heguozhen/Fire/activefire/images/patches/LC08_L1TP_172035_20200810_20200810_01_RT_p00773.tif,/data/heguozhen/Fire/activefire/masks/voting/LC08_L1TP_172035_20200810_20200810_01_RT_voting_p00773.tif
/data/heguozhen/Fire/activefire/images/patches/LC08_L1TP_186026_20200812_20200812_01_RT_p00520.tif,/data/heguozhen/Fire/activefire/masks/voting/LC08_L1TP_186026_20200812_20200812_01_RT_voting_p00520.tif
/data/heguozhen/Fire/activefire/images/patches/LC08_L1TP_170069_20200812_20200812_01_RT_p00334.tif,/data/heguozhen/Fire/activefire/masks/voting/LC08_L1TP_170069_20200812_20200812_01_RT_voting_p00334.tif
/data/heguozhen/Fire/activefire/images/patches/LC08_L1TP_179067_20200811_20200811_01_RT_p00518.tif,/data/heguozhen/Fire/activefire/masks/voting/LC08_L1TP_179067_20200811_20200811_01_RT_voting_p00518.tif
/data/heguozhen/Fire/activefire/images/patches/LC08_L1TP_179063_20200811_20200811_01_RT_p00230.tif,/data/heguozhen/Fire/activefire/masks/voting/LC08_L1TP_179063_20200811_20200811_01_RT_voting_p00230.tif
/data/heguozhen/Fire/activefire/images/patches/LC08_L1TP_172068_20200810_20200810_01_RT_p00389.tif,/data/heguozhen/Fire/activefire/masks/voting/LC08_L1TP_172068_20200810_20200810_01_RT_voting_p00389.tif
/data/heguozhen/Fire/activefire/images/patches/LC08_L1TP_126034_20200808_20200808_01_RT_p00909.tif,/data/heguozhen/Fire/activefire/masks/voting/LC08_L1TP_126034_20200808_20200808_01_RT_voting_p00909.tif
/data/heguozhen/Fire/activefire/images/patches/LC08_L1TP_119030_20200807_20200807_01_RT_p00907.tif,/data/heguozhen/Fire/activefire/masks/voting/LC08_L1TP_119030_20200807_20200807_01_RT_voting_p00907.tif
/data/heguozhen/Fire/activefire/images/patches/LC08_L1TP_010061_20200827_20200827_01_RT_p00456.tif,/data/heguozhen/Fire/activefire/masks/voting/LC08_L1TP_010061_20200827_20200827_01_RT_voting_p00456.tif
/data/heguozhen/Fire/activefire/images/patches/LC08_L1TP_182061_20200816_20200816_01_RT_p00566.tif,/data/heguozhen/Fire/activefire/masks/voting/LC08_L1TP_182061_20200816_20200816_01_RT_voting_p00566.tif
/data/heguozhen/Fire/activefire/images/patches/LC08_L1TP_224081_20200806_20200807_01_RT_p00447.tif,/data/heguozhen/Fire/activefire/masks/voting/LC08_L1TP_224081_20200806_20200807_01_RT_voting_p00447.tif
/data/heguozhen/Fire/activefire/images/patches/LC08_L1TP_181061_20200809_20200809_01_RT_p00329.tif,/data/heguozhen/Fire/activefire/masks/voting/LC08_L1TP_181061_20200809_20200809_01_RT_voting_p00329.tif
/data/heguozhen/Fire/activefire/images/patches/LC08_L1TP_167019_20200823_20200823_01_RT_p00391.tif,/data/heguozhen/Fire/activefire/masks/voting/LC08_L1TP_167019_20200823_20200823_01_RT_voting_p00391.tif
/data/heguozhen/Fire/activefire/images/patches/LC08_L1TP_182061_20200816_20200816_01_RT_p00255.tif,/data/heguozhen/Fire/activefire/masks/voting/LC08_L1TP_182061_20200816_20200816_01_RT_voting_p00255.tif
/data/heguozhen/Fire/activefire/images/patches/LC08_L1TP_158019_20200808_20200808_01_RT_p00504.tif,/data/heguozhen/Fire/activefire/masks/voting/LC08_L1TP_158019_20200808_20200808_01_RT_voting_p00504.tif
/data/heguozhen/Fire/activefire/images/patches/LC08_L1TP_123015_20200819_20200819_01_RT_p00712.tif,/data/heguozhen/Fire/activefire/masks/voting/LC08_L1TP_123015_20200819_20200819_01_RT_voting_p00712.tif
/data/heguozhen/Fire/activefire/images/patches/LC08_L1TP_170070_20200812_20200812_01_RT_p00763.tif,/data/heguozhen/Fire/activefire/masks/voting/LC08_L1TP_170070_20200812_20200812_01_RT_voting_p00763.tif
/data/heguozhen/Fire/activefire/images/patches/LC08_L1TP_125052_20200817_20200817_01_RT_p00547.tif,/data/heguozhen/Fire/activefire/masks/voting/LC08_L1TP_125052_20200817_20200817_01_RT_voting_p00547.tif
/data/heguozhen/Fire/activefire/images/patches/LC08_L1TP_179064_20200811_20200811_01_RT_p00350.tif,/data/heguozhen/Fire/activefire/masks/voting/LC08_L1TP_179064_20200811_20200811_01_RT_voting_p00350.tif
/data/heguozhen/Fire/activefire/images/patches/LC08_L1TP_122029_20200812_20200812_01_RT_p00629.tif,/data/heguozhen/Fire/activefire/masks/voting/LC08_L1TP_122029_20200812_20200812_01_RT_voting_p00629.tif
/data/heguozhen/Fire/activefire/images/patches/LC08_L1TP_230076_20200816_20200816_01_RT_p00083.tif,/data/heguozhen/Fire/activefire/masks/voting/LC08_L1TP_230076_20200816_20200816_01_RT_voting_p00083.tif
/data/heguozhen/Fire/activefire/images/patches/LC08_L1TP_117066_20200825_20200825_01_RT_p00285.tif,/data/heguozhen/Fire/activefire/masks/voting/LC08_L1TP_117066_20200825_20200825_01_RT_voting_p00285.tif
/data/heguozhen/Fire/activefire/images/patches/LC08_L1TP_126032_20200824_20200824_01_RT_p00771.tif,/data/heguozhen/Fire/activefire/masks/voting/LC08_L1TP_126032_20200824_20200824_01_RT_voting_p00771.tif
/data/heguozhen/Fire/activefire/images/patches/LC08_L1TP_119031_20200823_20200823_01_RT_p00818.tif,/data/heguozhen/Fire/activefire/masks/voting/LC08_L1TP_119031_20200823_20200823_01_RT_voting_p00818.tif
/data/heguozhen/Fire/activefire/images/patches/LC08_L1TP_166067_20200816_20200816_01_RT_p00731.tif,/data/heguozhen/Fire/activefire/masks/voting/LC08_L1TP_166067_20200816_20200816_01_RT_voting_p00731.tif
/data/heguozhen/Fire/activefire/images/patches/LC08_L1TP_167022_20200823_20200823_01_RT_p00240.tif,/data/heguozhen/Fire/activefire/masks/voting/LC08_L1TP_167022_20200823_20200823_01_RT_voting_p00240.tif
/data/heguozhen/Fire/activefire/images/patches/LC08_L1TP_119029_20200807_20200807_01_RT_p00732.tif,/data/heguozhen/Fire/activefire/masks/voting/LC08_L1TP_119029_20200807_20200807_01_RT_voting_p00732.tif
/data/heguozhen/Fire/activefire/images/patches/LC08_L1TP_120030_20200830_20200830_01_RT_p00491.tif,/data/heguozhen/Fire/activefire/masks/voting/LC08_L1TP_120030_20200830_20200830_01_RT_voting_p00491.tif
/data/heguozhen/Fire/activefire/images/patches/LC08_L1TP_172069_20200810_20200810_01_RT_p00240.tif,/data/heguozhen/Fire/activefire/masks/voting/LC08_L1TP_172069_20200810_20200810_01_RT_voting_p00240.tif
/data/heguozhen/Fire/activefire/images/patches/LC08_L1TP_195035_20200811_20200812_01_RT_p00193.tif,/data/heguozhen/Fire/activefire/masks/voting/LC08_L1TP_195035_20200811_20200812_01_RT_voting_p00193.tif
/data/heguozhen/Fire/activefire/images/patches/LC08_L1TP_034041_20200819_20200820_01_RT_p00236.tif,/data/heguozhen/Fire/activefire/masks/voting/LC08_L1TP_034041_20200819_20200820_01_RT_voting_p00236.tif
/data/heguozhen/Fire/activefire/images/patches/LC08_L1TP_227074_20200811_20200811_01_RT_p00691.tif,/data/heguozhen/Fire/activefire/masks/voting/LC08_L1TP_227074_20200811_20200811_01_RT_voting_p00691.tif
/data/heguozhen/Fire/activefire/images/patches/LC08_L1TP_124035_20200810_20200810_01_RT_p00535.tif,/data/heguozhen/Fire/activefire/masks/voting/LC08_L1TP_124035_20200810_20200810_01_RT_voting_p00535.tif
/data/heguozhen/Fire/activefire/images/patches/LC08_L1TP_173067_20200817_20200817_01_RT_p00420.tif,/data/heguozhen/Fire/activefire/masks/voting/LC08_L1TP_173067_20200817_20200817_01_RT_voting_p00420.tif
/data/heguozhen/Fire/activefire/images/patches/LC08_L1TP_165069_20200809_20200809_01_RT_p00749.tif,/data/heguozhen/Fire/activefire/masks/voting/LC08_L1TP_165069_20200809_20200809_01_RT_voting_p00749.tif
/data/heguozhen/Fire/activefire/images/patches/LC08_L1TP_165070_20200809_20200809_01_RT_p00695.tif,/data/heguozhen/Fire/activefire/masks/voting/LC08_L1TP_165070_20200809_20200809_01_RT_voting_p00695.tif
/data/heguozhen/Fire/activefire/images/patches/LC08_L1TP_011062_20200818_20200818_01_RT_p00627.tif,/data/heguozhen/Fire/activefire/masks/voting/LC08_L1TP_011062_20200818_20200818_01_RT_voting_p00627.tif
/data/heguozhen/Fire/activefire/images/patches/LC08_L1TP_169069_20200821_20200821_01_RT_p00117.tif,/data/heguozhen/Fire/activefire/masks/voting/LC08_L1TP_169069_20200821_20200821_01_RT_voting_p00117.tif
/data/heguozhen/Fire/activefire/images/patches/LC08_L1TP_179063_20200811_20200811_01_RT_p00512.tif,/data/heguozhen/Fire/activefire/masks/voting/LC08_L1TP_179063_20200811_20200811_01_RT_voting_p00512.tif
/data/heguozhen/Fire/activefire/images/patches/LC08_L1TP_172063_20200810_20200810_01_RT_p00357.tif,/data/heguozhen/Fire/activefire/masks/voting/LC08_L1TP_172063_20200810_20200810_01_RT_voting_p00357.tif
/data/heguozhen/Fire/activefire/images/patches/LC08_L1TP_161072_20200813_20200813_01_RT_p00499.tif,/data/heguozhen/Fire/activefire/masks/voting/LC08_L1TP_161072_20200813_20200813_01_RT_voting_p00499.tif
/data/heguozhen/Fire/activefire/images/patches/LC08_L1TP_181061_20200809_20200809_01_RT_p00118.tif,/data/heguozhen/Fire/activefire/masks/voting/LC08_L1TP_181061_20200809_20200809_01_RT_voting_p00118.tif
/data/heguozhen/Fire/activefire/images/patches/LC08_L1TP_173067_20200817_20200817_01_RT_p00158.tif,/data/heguozhen/Fire/activefire/masks/voting/LC08_L1TP_173067_20200817_20200817_01_RT_voting_p00158.tif
/data/heguozhen/Fire/activefire/images/patches/LC08_L1TP_173070_20200817_20200817_01_RT_p00221.tif,/data/heguozhen/Fire/activefire/masks/voting/LC08_L1TP_173070_20200817_20200817_01_RT_voting_p00221.tif
/data/heguozhen/Fire/activefire/images/patches/LC08_L1TP_154032_20200812_20200812_01_RT_p00532.tif,/data/heguozhen/Fire/activefire/masks/voting/LC08_L1TP_154032_20200812_20200812_01_RT_voting_p00532.tif
/data/heguozhen/Fire/activefire/images/patches/LC08_L1TP_169035_20200821_20200821_01_RT_p00264.tif,/data/heguozhen/Fire/activefire/masks/voting/LC08_L1TP_169035_20200821_20200821_01_RT_voting_p00264.tif
/data/heguozhen/Fire/activefire/images/patches/LC08_L1TP_169068_20200821_20200821_01_RT_p00170.tif,/data/heguozhen/Fire/activefire/masks/voting/LC08_L1TP_169068_20200821_20200821_01_RT_voting_p00170.tif
/data/heguozhen/Fire/activefire/images/patches/LC08_L1TP_223063_20200815_20200815_01_RT_p00798.tif,/data/heguozhen/Fire/activefire/masks/voting/LC08_L1TP_223063_20200815_20200815_01_RT_voting_p00798.tif
/data/heguozhen/Fire/activefire/images/patches/LC08_L1TP_174063_20200808_20200808_01_RT_p00363.tif,/data/heguozhen/Fire/activefire/masks/voting/LC08_L1TP_174063_20200808_20200808_01_RT_voting_p00363.tif
/data/heguozhen/Fire/activefire/images/patches/LC08_L1TP_119029_20200807_20200807_01_RT_p00647.tif,/data/heguozhen/Fire/activefire/masks/voting/LC08_L1TP_119029_20200807_20200807_01_RT_voting_p00647.tif
/data/heguozhen/Fire/activefire/images/patches/LC08_L1TP_121027_20200821_20200821_01_RT_p00573.tif,/data/heguozhen/Fire/activefire/masks/voting/LC08_L1TP_121027_20200821_20200821_01_RT_voting_p00573.tif
/data/heguozhen/Fire/activefire/images/patches/LC08_L1TP_130032_20200820_20200820_01_RT_p00875.tif,/data/heguozhen/Fire/activefire/masks/voting/LC08_L1TP_130032_20200820_20200820_01_RT_voting_p00875.tif
/data/heguozhen/Fire/activefire/images/patches/LC08_L1TP_122042_20200828_20200828_01_RT_p00607.tif,/data/heguozhen/Fire/activefire/masks/voting/LC08_L1TP_122042_20200828_20200828_01_RT_voting_p00607.tif
/data/heguozhen/Fire/activefire/images/patches/LC08_L1TP_118029_20200816_20200816_01_RT_p00271.tif,/data/heguozhen/Fire/activefire/masks/voting/LC08_L1TP_118029_20200816_20200816_01_RT_voting_p00271.tif
/data/heguozhen/Fire/activefire/images/patches/LC08_L1TP_173070_20200817_20200817_01_RT_p00396.tif,/data/heguozhen/Fire/activefire/masks/voting/LC08_L1TP_173070_20200817_20200817_01_RT_voting_p00396.tif
/data/heguozhen/Fire/activefire/images/patches/LC08_L1TP_133034_20200809_20200809_01_RT_p00738.tif,/data/heguozhen/Fire/activefire/masks/voting/LC08_L1TP_133034_20200809_20200809_01_RT_voting_p00738.tif
/data/heguozhen/Fire/activefire/images/patches/LC08_L1TP_169069_20200821_20200821_01_RT_p00111.tif,/data/heguozhen/Fire/activefire/masks/voting/LC08_L1TP_169069_20200821_20200821_01_RT_voting_p00111.tif
/data/heguozhen/Fire/activefire/images/patches/LC08_L1TP_227090_20200811_20200811_01_RT_p00203.tif,/data/heguozhen/Fire/activefire/masks/voting/LC08_L1TP_227090_20200811_20200811_01_RT_voting_p00203.tif
/data/heguozhen/Fire/activefire/images/patches/LC08_L1TP_172062_20200810_20200810_01_RT_p00669.tif,/data/heguozhen/Fire/activefire/masks/voting/LC08_L1TP_172062_20200810_20200810_01_RT_voting_p00669.tif
/data/heguozhen/Fire/activefire/images/patches/LC08_L1TP_169082_20200821_20200821_01_RT_p00411.tif,/data/heguozhen/Fire/activefire/masks/voting/LC08_L1TP_169082_20200821_20200821_01_RT_voting_p00411.tif
/data/heguozhen/Fire/activefire/images/patches/LC08_L1TP_119028_20200807_20200807_01_RT_p00605.tif,/data/heguozhen/Fire/activefire/masks/voting/LC08_L1TP_119028_20200807_20200807_01_RT_voting_p00605.tif
/data/heguozhen/Fire/activefire/images/patches/LC08_L1TP_227078_20200811_20200811_01_RT_p00447.tif,/data/heguozhen/Fire/activefire/masks/voting/LC08_L1TP_227078_20200811_20200811_01_RT_voting_p00447.tif
/data/heguozhen/Fire/activefire/images/patches/LC08_L1TP_008066_20200829_20200829_01_RT_p00671.tif,/data/heguozhen/Fire/activefire/masks/voting/LC08_L1TP_008066_20200829_20200829_01_RT_voting_p00671.tif
/data/heguozhen/Fire/activefire/images/patches/LC08_L1TP_156032_20200810_20200810_01_RT_p00112.tif,/data/heguozhen/Fire/activefire/masks/voting/LC08_L1TP_156032_20200810_20200810_01_RT_voting_p00112.tif
/data/heguozhen/Fire/activefire/images/patches/LC08_L1TP_173063_20200817_20200817_01_RT_p00569.tif,/data/heguozhen/Fire/activefire/masks/voting/LC08_L1TP_173063_20200817_20200817_01_RT_voting_p00569.tif
/data/heguozhen/Fire/activefire/images/patches/LC08_L1TP_122043_20200828_20200828_01_RT_p00786.tif,/data/heguozhen/Fire/activefire/masks/voting/LC08_L1TP_122043_20200828_20200828_01_RT_voting_p00786.tif
/data/heguozhen/Fire/activefire/images/patches/LC08_L1TP_122043_20200828_20200828_01_RT_p00816.tif,/data/heguozhen/Fire/activefire/masks/voting/LC08_L1TP_122043_20200828_20200828_01_RT_voting_p00816.tif
/data/heguozhen/Fire/activefire/images/patches/LC08_L1TP_170034_20200812_20200812_01_RT_p00551.tif,/data/heguozhen/Fire/activefire/masks/voting/LC08_L1TP_170034_20200812_20200812_01_RT_voting_p00551.tif
/data/heguozhen/Fire/activefire/images/patches/LC08_L1TP_170067_20200812_20200812_01_RT_p00451.tif,/data/heguozhen/Fire/activefire/masks/voting/LC08_L1TP_170067_20200812_20200812_01_RT_voting_p00451.tif
/data/heguozhen/Fire/activefire/images/patches/LC08_L1TP_173071_20200817_20200817_01_RT_p00473.tif,/data/heguozhen/Fire/activefire/masks/voting/LC08_L1TP_173071_20200817_20200817_01_RT_voting_p00473.tif
/data/heguozhen/Fire/activefire/images/patches/LC08_L1TP_224079_20200806_20200807_01_RT_p00688.tif,/data/heguozhen/Fire/activefire/masks/voting/LC08_L1TP_224079_20200806_20200807_01_RT_voting_p00688.tif
/data/heguozhen/Fire/activefire/images/patches/LC08_L1TP_123025_20200819_20200819_01_RT_p00878.tif,/data/heguozhen/Fire/activefire/masks/voting/LC08_L1TP_123025_20200819_20200819_01_RT_voting_p00878.tif
/data/heguozhen/Fire/activefire/images/patches/LC08_L1TP_170079_20200812_20200812_01_RT_p00349.tif,/data/heguozhen/Fire/activefire/masks/voting/LC08_L1TP_170079_20200812_20200812_01_RT_voting_p00349.tif
/data/heguozhen/Fire/activefire/images/patches/LC08_L1TP_195034_20200811_20200812_01_RT_p00773.tif,/data/heguozhen/Fire/activefire/masks/voting/LC08_L1TP_195034_20200811_20200812_01_RT_voting_p00773.tif
/data/heguozhen/Fire/activefire/images/patches/LC08_L1TP_121027_20200821_20200821_01_RT_p00840.tif,/data/heguozhen/Fire/activefire/masks/voting/LC08_L1TP_121027_20200821_20200821_01_RT_voting_p00840.tif
/data/heguozhen/Fire/activefire/images/patches/LC08_L1TP_139019_20200819_20200819_01_RT_p00794.tif,/data/heguozhen/Fire/activefire/masks/voting/LC08_L1TP_139019_20200819_20200819_01_RT_voting_p00794.tif
/data/heguozhen/Fire/activefire/images/patches/LC08_L1TP_130032_20200820_20200820_01_RT_p00782.tif,/data/heguozhen/Fire/activefire/masks/voting/LC08_L1TP_130032_20200820_20200820_01_RT_voting_p00782.tif
/data/heguozhen/Fire/activefire/images/patches/LC08_L1TP_131041_20200827_20200827_01_RT_p00492.tif,/data/heguozhen/Fire/activefire/masks/voting/LC08_L1TP_131041_20200827_20200827_01_RT_voting_p00492.tif
/data/heguozhen/Fire/activefire/images/patches/LC08_L1TP_169082_20200821_20200821_01_RT_p00289.tif,/data/heguozhen/Fire/activefire/masks/voting/LC08_L1TP_169082_20200821_20200821_01_RT_voting_p00289.tif
/data/heguozhen/Fire/activefire/images/patches/LC08_L1TP_227072_20200811_20200811_01_RT_p00853.tif,/data/heguozhen/Fire/activefire/masks/voting/LC08_L1TP_227072_20200811_20200811_01_RT_voting_p00853.tif
/data/heguozhen/Fire/activefire/images/patches/LC08_L1TP_114036_20200820_20200820_01_RT_p00474.tif,/data/heguozhen/Fire/activefire/masks/voting/LC08_L1TP_114036_20200820_20200820_01_RT_voting_p00474.tif
/data/heguozhen/Fire/activefire/images/patches/LC08_L1TP_173069_20200817_20200817_01_RT_p00812.tif,/data/heguozhen/Fire/activefire/masks/voting/LC08_L1TP_173069_20200817_20200817_01_RT_voting_p00812.tif
/data/heguozhen/Fire/activefire/images/patches/LC08_L1TP_166066_20200816_20200816_01_RT_p00443.tif,/data/heguozhen/Fire/activefire/masks/voting/LC08_L1TP_166066_20200816_20200816_01_RT_voting_p00443.tif
/data/heguozhen/Fire/activefire/images/patches/LC08_L1TP_182062_20200816_20200816_01_RT_p00851.tif,/data/heguozhen/Fire/activefire/masks/voting/LC08_L1TP_182062_20200816_20200816_01_RT_voting_p00851.tif
/data/heguozhen/Fire/activefire/images/patches/LC08_L1TP_173065_20200817_20200817_01_RT_p00173.tif,/data/heguozhen/Fire/activefire/masks/voting/LC08_L1TP_173065_20200817_20200817_01_RT_voting_p00173.tif
/data/heguozhen/Fire/activefire/images/patches/LC08_L1TP_144030_20200822_20200822_01_RT_p00548.tif,/data/heguozhen/Fire/activefire/masks/voting/LC08_L1TP_144030_20200822_20200822_01_RT_voting_p00548.tif
/data/heguozhen/Fire/activefire/images/patches/LC08_L1TP_169080_20200821_20200821_01_RT_p00570.tif,/data/heguozhen/Fire/activefire/masks/voting/LC08_L1TP_169080_20200821_20200821_01_RT_voting_p00570.tif
/data/heguozhen/Fire/activefire/images/patches/LC08_L1TP_110067_20200824_20200824_01_RT_p00202.tif,/data/heguozhen/Fire/activefire/masks/voting/LC08_L1TP_110067_20200824_20200824_01_RT_voting_p00202.tif
/data/heguozhen/Fire/activefire/images/patches/LC08_L1TP_173070_20200817_20200817_01_RT_p00190.tif,/data/heguozhen/Fire/activefire/masks/voting/LC08_L1TP_173070_20200817_20200817_01_RT_voting_p00190.tif
/data/heguozhen/Fire/activefire/images/patches/LC08_L1TP_170066_20200812_20200812_01_RT_p00520.tif,/data/heguozhen/Fire/activefire/masks/voting/LC08_L1TP_170066_20200812_20200812_01_RT_voting_p00520.tif
/data/heguozhen/Fire/activefire/images/patches/LC08_L1TP_174069_20200808_20200808_01_RT_p00737.tif,/data/heguozhen/Fire/activefire/masks/voting/LC08_L1TP_174069_20200808_20200808_01_RT_voting_p00737.tif
/data/heguozhen/Fire/activefire/images/patches/LC08_L1TP_169078_20200821_20200821_01_RT_p00281.tif,/data/heguozhen/Fire/activefire/masks/voting/LC08_L1TP_169078_20200821_20200821_01_RT_voting_p00281.tif
/data/heguozhen/Fire/activefire/images/patches/LC08_L1TP_172066_20200810_20200810_01_RT_p00224.tif,/data/heguozhen/Fire/activefire/masks/voting/LC08_L1TP_172066_20200810_20200810_01_RT_voting_p00224.tif
/data/heguozhen/Fire/activefire/images/patches/LC08_L1TP_166066_20200816_20200816_01_RT_p00274.tif,/data/heguozhen/Fire/activefire/masks/voting/LC08_L1TP_166066_20200816_20200816_01_RT_voting_p00274.tif
/data/heguozhen/Fire/activefire/images/patches/LC08_L1TP_170066_20200812_20200812_01_RT_p00523.tif,/data/heguozhen/Fire/activefire/masks/voting/LC08_L1TP_170066_20200812_20200812_01_RT_voting_p00523.tif
/data/heguozhen/Fire/activefire/images/patches/LC08_L1TP_179068_20200811_20200811_01_RT_p00471.tif,/data/heguozhen/Fire/activefire/masks/voting/LC08_L1TP_179068_20200811_20200811_01_RT_voting_p00471.tif
/data/heguozhen/Fire/activefire/images/patches/LC08_L1TP_119028_20200807_20200807_01_RT_p00599.tif,/data/heguozhen/Fire/activefire/masks/voting/LC08_L1TP_119028_20200807_20200807_01_RT_voting_p00599.tif
/data/heguozhen/Fire/activefire/images/patches/LC08_L1TP_126032_20200824_20200824_01_RT_p00676.tif,/data/heguozhen/Fire/activefire/masks/voting/LC08_L1TP_126032_20200824_20200824_01_RT_voting_p00676.tif
/data/heguozhen/Fire/activefire/images/patches/LC08_L1TP_040029_20200829_20200829_01_RT_p00556.tif,/data/heguozhen/Fire/activefire/masks/voting/LC08_L1TP_040029_20200829_20200829_01_RT_voting_p00556.tif
/data/heguozhen/Fire/activefire/images/patches/LC08_L1TP_118029_20200816_20200816_01_RT_p00506.tif,/data/heguozhen/Fire/activefire/masks/voting/LC08_L1TP_118029_20200816_20200816_01_RT_voting_p00506.tif
/data/heguozhen/Fire/activefire/images/patches/LC08_L1TP_172063_20200810_20200810_01_RT_p00363.tif,/data/heguozhen/Fire/activefire/masks/voting/LC08_L1TP_172063_20200810_20200810_01_RT_voting_p00363.tif
/data/heguozhen/Fire/activefire/images/patches/LC08_L1TP_166066_20200816_20200816_01_RT_p00300.tif,/data/heguozhen/Fire/activefire/masks/voting/LC08_L1TP_166066_20200816_20200816_01_RT_voting_p00300.tif
/data/heguozhen/Fire/activefire/images/patches/LC08_L1TP_229072_20200809_20200809_01_RT_p00410.tif,/data/heguozhen/Fire/activefire/masks/voting/LC08_L1TP_229072_20200809_20200809_01_RT_voting_p00410.tif
/data/heguozhen/Fire/activefire/images/patches/LC08_L1TP_173063_20200817_20200817_01_RT_p00449.tif,/data/heguozhen/Fire/activefire/masks/voting/LC08_L1TP_173063_20200817_20200817_01_RT_voting_p00449.tif
/data/heguozhen/Fire/activefire/images/patches/LC08_L1TP_173069_20200817_20200817_01_RT_p00704.tif,/data/heguozhen/Fire/activefire/masks/voting/LC08_L1TP_173069_20200817_20200817_01_RT_voting_p00704.tif
/data/heguozhen/Fire/activefire/images/patches/LC08_L1TP_124032_20200810_20200810_01_RT_p00818.tif,/data/heguozhen/Fire/activefire/masks/voting/LC08_L1TP_124032_20200810_20200810_01_RT_voting_p00818.tif
/data/heguozhen/Fire/activefire/images/patches/LC08_L1TP_230065_20200816_20200816_01_RT_p00726.tif,/data/heguozhen/Fire/activefire/masks/voting/LC08_L1TP_230065_20200816_20200816_01_RT_voting_p00726.tif
/data/heguozhen/Fire/activefire/images/patches/LC08_L1TP_172066_20200810_20200810_01_RT_p00674.tif,/data/heguozhen/Fire/activefire/masks/voting/LC08_L1TP_172066_20200810_20200810_01_RT_voting_p00674.tif
/data/heguozhen/Fire/activefire/images/patches/LC08_L1TP_124044_20200810_20200810_01_RT_p00758.tif,/data/heguozhen/Fire/activefire/masks/voting/LC08_L1TP_124044_20200810_20200810_01_RT_voting_p00758.tif
/data/heguozhen/Fire/activefire/images/patches/LC08_L1TP_172061_20200810_20200810_01_RT_p00765.tif,/data/heguozhen/Fire/activefire/masks/voting/LC08_L1TP_172061_20200810_20200810_01_RT_voting_p00765.tif
/data/heguozhen/Fire/activefire/images/patches/LC08_L1TP_227078_20200811_20200811_01_RT_p00375.tif,/data/heguozhen/Fire/activefire/masks/voting/LC08_L1TP_227078_20200811_20200811_01_RT_voting_p00375.tif
/data/heguozhen/Fire/activefire/images/patches/LC08_L1TP_166071_20200816_20200816_01_RT_p00227.tif,/data/heguozhen/Fire/activefire/masks/voting/LC08_L1TP_166071_20200816_20200816_01_RT_voting_p00227.tif
/data/heguozhen/Fire/activefire/images/patches/LC08_L1TP_175070_20200815_20200815_01_RT_p00430.tif,/data/heguozhen/Fire/activefire/masks/voting/LC08_L1TP_175070_20200815_20200815_01_RT_voting_p00430.tif
/data/heguozhen/Fire/activefire/images/patches/LC08_L1TP_181063_20200809_20200809_01_RT_p00701.tif,/data/heguozhen/Fire/activefire/masks/voting/LC08_L1TP_181063_20200809_20200809_01_RT_voting_p00701.tif
/data/heguozhen/Fire/activefire/images/patches/LC08_L1TP_173068_20200817_20200817_01_RT_p00440.tif,/data/heguozhen/Fire/activefire/masks/voting/LC08_L1TP_173068_20200817_20200817_01_RT_voting_p00440.tif
/data/heguozhen/Fire/activefire/images/patches/LC08_L1TP_220064_20200810_20200810_01_RT_p00150.tif,/data/heguozhen/Fire/activefire/masks/voting/LC08_L1TP_220064_20200810_20200810_01_RT_voting_p00150.tif
/data/heguozhen/Fire/activefire/images/patches/LC08_L1TP_173070_20200817_20200817_01_RT_p00725.tif,/data/heguozhen/Fire/activefire/masks/voting/LC08_L1TP_173070_20200817_20200817_01_RT_voting_p00725.tif
/data/heguozhen/Fire/activefire/images/patches/LC08_L1TP_118029_20200816_20200816_01_RT_p00194.tif,/data/heguozhen/Fire/activefire/masks/voting/LC08_L1TP_118029_20200816_20200816_01_RT_voting_p00194.tif
/data/heguozhen/Fire/activefire/images/patches/LC08_L1TP_133018_20200825_20200825_01_RT_p00188.tif,/data/heguozhen/Fire/activefire/masks/voting/LC08_L1TP_133018_20200825_20200825_01_RT_voting_p00188.tif
/data/heguozhen/Fire/activefire/images/patches/LC08_L1TP_172061_20200810_20200810_01_RT_p00552.tif,/data/heguozhen/Fire/activefire/masks/voting/LC08_L1TP_172061_20200810_20200810_01_RT_voting_p00552.tif
/data/heguozhen/Fire/activefire/images/patches/LC08_L1TP_002053_20200819_20200820_01_RT_p00581.tif,/data/heguozhen/Fire/activefire/masks/voting/LC08_L1TP_002053_20200819_20200820_01_RT_voting_p00581.tif
/data/heguozhen/Fire/activefire/images/patches/LC08_L1TP_179026_20200811_20200811_01_RT_p00404.tif,/data/heguozhen/Fire/activefire/masks/voting/LC08_L1TP_179026_20200811_20200811_01_RT_voting_p00404.tif
/data/heguozhen/Fire/activefire/images/patches/LC08_L1TP_204022_20200810_20200810_01_RT_p00854.tif,/data/heguozhen/Fire/activefire/masks/voting/LC08_L1TP_204022_20200810_20200810_01_RT_voting_p00854.tif
/data/heguozhen/Fire/activefire/images/patches/LC08_L1TP_179064_20200811_20200811_01_RT_p00102.tif,/data/heguozhen/Fire/activefire/masks/voting/LC08_L1TP_179064_20200811_20200811_01_RT_voting_p00102.tif
/data/heguozhen/Fire/activefire/images/patches/LC08_L1TP_149039_20200809_20200809_01_RT_p00360.tif,/data/heguozhen/Fire/activefire/masks/voting/LC08_L1TP_149039_20200809_20200809_01_RT_voting_p00360.tif
/data/heguozhen/Fire/activefire/images/patches/LC08_L1TP_179069_20200811_20200811_01_RT_p00853.tif,/data/heguozhen/Fire/activefire/masks/voting/LC08_L1TP_179069_20200811_20200811_01_RT_voting_p00853.tif
/data/heguozhen/Fire/activefire/images/patches/LC08_L1TP_173069_20200817_20200817_01_RT_p00814.tif,/data/heguozhen/Fire/activefire/masks/voting/LC08_L1TP_173069_20200817_20200817_01_RT_voting_p00814.tif
/data/heguozhen/Fire/activefire/images/patches/LC08_L1TP_118029_20200816_20200816_01_RT_p00390.tif,/data/heguozhen/Fire/activefire/masks/voting/LC08_L1TP_118029_20200816_20200816_01_RT_voting_p00390.tif
/data/heguozhen/Fire/activefire/images/patches/LC08_L1TP_142054_20200824_20200824_01_RT_p00754.tif,/data/heguozhen/Fire/activefire/masks/voting/LC08_L1TP_142054_20200824_20200824_01_RT_voting_p00754.tif
/data/heguozhen/Fire/activefire/images/patches/LC08_L1TP_182061_20200816_20200816_01_RT_p00337.tif,/data/heguozhen/Fire/activefire/masks/voting/LC08_L1TP_182061_20200816_20200816_01_RT_voting_p00337.tif
/data/heguozhen/Fire/activefire/images/patches/LC08_L1TP_181061_20200809_20200809_01_RT_p00144.tif,/data/heguozhen/Fire/activefire/masks/voting/LC08_L1TP_181061_20200809_20200809_01_RT_voting_p00144.tif
/data/heguozhen/Fire/activefire/images/patches/LC08_L1TP_173067_20200817_20200817_01_RT_p00266.tif,/data/heguozhen/Fire/activefire/masks/voting/LC08_L1TP_173067_20200817_20200817_01_RT_voting_p00266.tif
/data/heguozhen/Fire/activefire/images/patches/LC08_L1TP_175070_20200815_20200815_01_RT_p00641.tif,/data/heguozhen/Fire/activefire/masks/voting/LC08_L1TP_175070_20200815_20200815_01_RT_voting_p00641.tif
/data/heguozhen/Fire/activefire/images/patches/LC08_L1TP_157018_20200817_20200817_01_RT_p00236.tif,/data/heguozhen/Fire/activefire/masks/voting/LC08_L1TP_157018_20200817_20200817_01_RT_voting_p00236.tif
/data/heguozhen/Fire/activefire/images/patches/LC08_L1TP_035042_20200810_20200810_01_RT_p00209.tif,/data/heguozhen/Fire/activefire/masks/voting/LC08_L1TP_035042_20200810_20200810_01_RT_voting_p00209.tif
/data/heguozhen/Fire/activefire/images/patches/LC08_L1TP_172069_20200810_20200810_01_RT_p00606.tif,/data/heguozhen/Fire/activefire/masks/voting/LC08_L1TP_172069_20200810_20200810_01_RT_voting_p00606.tif
/data/heguozhen/Fire/activefire/images/patches/LC08_L1TP_168073_20200830_20200830_01_RT_p00671.tif,/data/heguozhen/Fire/activefire/masks/voting/LC08_L1TP_168073_20200830_20200830_01_RT_voting_p00671.tif
/data/heguozhen/Fire/activefire/images/patches/LC08_L1TP_179067_20200811_20200811_01_RT_p00549.tif,/data/heguozhen/Fire/activefire/masks/voting/LC08_L1TP_179067_20200811_20200811_01_RT_voting_p00549.tif
/data/heguozhen/Fire/activefire/images/patches/LC08_L1TP_186060_20200812_20200812_01_RT_p00444.tif,/data/heguozhen/Fire/activefire/masks/voting/LC08_L1TP_186060_20200812_20200812_01_RT_voting_p00444.tif
/data/heguozhen/Fire/activefire/images/patches/LC08_L1TP_103061_20200807_20200807_01_RT_p00114.tif,/data/heguozhen/Fire/activefire/masks/voting/LC08_L1TP_103061_20200807_20200807_01_RT_voting_p00114.tif
/data/heguozhen/Fire/activefire/images/patches/LC08_L1TP_131042_20200827_20200827_01_RT_p00456.tif,/data/heguozhen/Fire/activefire/masks/voting/LC08_L1TP_131042_20200827_20200827_01_RT_voting_p00456.tif
/data/heguozhen/Fire/activefire/images/patches/LC08_L1TP_123026_20200819_20200819_01_RT_p00605.tif,/data/heguozhen/Fire/activefire/masks/voting/LC08_L1TP_123026_20200819_20200819_01_RT_voting_p00605.tif
/data/heguozhen/Fire/activefire/images/patches/LC08_L1TP_121028_20200821_20200821_01_RT_p00791.tif,/data/heguozhen/Fire/activefire/masks/voting/LC08_L1TP_121028_20200821_20200821_01_RT_voting_p00791.tif
/data/heguozhen/Fire/activefire/images/patches/LC08_L1TP_129036_20200813_20200813_01_RT_p00851.tif,/data/heguozhen/Fire/activefire/masks/voting/LC08_L1TP_129036_20200813_20200813_01_RT_voting_p00851.tif
/data/heguozhen/Fire/activefire/images/patches/LC08_L1TP_146028_20200820_20200820_01_RT_p00377.tif,/data/heguozhen/Fire/activefire/masks/voting/LC08_L1TP_146028_20200820_20200820_01_RT_voting_p00377.tif
/data/heguozhen/Fire/activefire/images/patches/LC08_L1TP_179066_20200811_20200811_01_RT_p00813.tif,/data/heguozhen/Fire/activefire/masks/voting/LC08_L1TP_179066_20200811_20200811_01_RT_voting_p00813.tif
/data/heguozhen/Fire/activefire/images/patches/LC08_L1TP_121031_20200821_20200821_01_RT_p00501.tif,/data/heguozhen/Fire/activefire/masks/voting/LC08_L1TP_121031_20200821_20200821_01_RT_voting_p00501.tif
/data/heguozhen/Fire/activefire/images/patches/LC08_L1TP_182061_20200816_20200816_01_RT_p00584.tif,/data/heguozhen/Fire/activefire/masks/voting/LC08_L1TP_182061_20200816_20200816_01_RT_voting_p00584.tif
/data/heguozhen/Fire/activefire/images/patches/LC08_L1TP_170078_20200812_20200812_01_RT_p00821.tif,/data/heguozhen/Fire/activefire/masks/voting/LC08_L1TP_170078_20200812_20200812_01_RT_voting_p00821.tif
/data/heguozhen/Fire/activefire/images/patches/LC08_L1TP_129050_20200813_20200813_01_RT_p00203.tif,/data/heguozhen/Fire/activefire/masks/voting/LC08_L1TP_129050_20200813_20200813_01_RT_voting_p00203.tif
/data/heguozhen/Fire/activefire/images/patches/LC08_L1TP_125043_20200817_20200817_01_RT_p00812.tif,/data/heguozhen/Fire/activefire/masks/voting/LC08_L1TP_125043_20200817_20200817_01_RT_voting_p00812.tif
/data/heguozhen/Fire/activefire/images/patches/LC08_L1TP_173062_20200817_20200817_01_RT_p00462.tif,/data/heguozhen/Fire/activefire/masks/voting/LC08_L1TP_173062_20200817_20200817_01_RT_voting_p00462.tif
/data/heguozhen/Fire/activefire/images/patches/LC08_L1TP_122040_20200828_20200828_01_RT_p00679.tif,/data/heguozhen/Fire/activefire/masks/voting/LC08_L1TP_122040_20200828_20200828_01_RT_voting_p00679.tif
/data/heguozhen/Fire/activefire/images/patches/LC08_L1TP_181062_20200809_20200809_01_RT_p00719.tif,/data/heguozhen/Fire/activefire/masks/voting/LC08_L1TP_181062_20200809_20200809_01_RT_voting_p00719.tif
/data/heguozhen/Fire/activefire/images/patches/LC08_L1TP_170065_20200812_20200812_01_RT_p00345.tif,/data/heguozhen/Fire/activefire/masks/voting/LC08_L1TP_170065_20200812_20200812_01_RT_voting_p00345.tif
/data/heguozhen/Fire/activefire/images/patches/LC08_L1TP_119031_20200807_20200807_01_RT_p00511.tif,/data/heguozhen/Fire/activefire/masks/voting/LC08_L1TP_119031_20200807_20200807_01_RT_voting_p00511.tif
/data/heguozhen/Fire/activefire/images/patches/LC08_L1TP_119029_20200807_20200807_01_RT_p00566.tif,/data/heguozhen/Fire/activefire/masks/voting/LC08_L1TP_119029_20200807_20200807_01_RT_voting_p00566.tif
/data/heguozhen/Fire/activefire/images/patches/LC08_L1TP_170070_20200812_20200812_01_RT_p00381.tif,/data/heguozhen/Fire/activefire/masks/voting/LC08_L1TP_170070_20200812_20200812_01_RT_voting_p00381.tif
/data/heguozhen/Fire/activefire/images/patches/LC08_L1TP_172070_20200810_20200810_01_RT_p00243.tif,/data/heguozhen/Fire/activefire/masks/voting/LC08_L1TP_172070_20200810_20200810_01_RT_voting_p00243.tif
/data/heguozhen/Fire/activefire/images/patches/LC08_L1TP_122031_20200812_20200812_01_RT_p00764.tif,/data/heguozhen/Fire/activefire/masks/voting/LC08_L1TP_122031_20200812_20200812_01_RT_voting_p00764.tif
/data/heguozhen/Fire/activefire/images/patches/LC08_L1TP_131036_20200827_20200827_01_RT_p00827.tif,/data/heguozhen/Fire/activefire/masks/voting/LC08_L1TP_131036_20200827_20200827_01_RT_voting_p00827.tif
/data/heguozhen/Fire/activefire/images/patches/LC08_L1TP_169066_20200821_20200821_01_RT_p00663.tif,/data/heguozhen/Fire/activefire/masks/voting/LC08_L1TP_169066_20200821_20200821_01_RT_voting_p00663.tif
/data/heguozhen/Fire/activefire/images/patches/LC08_L1TP_170070_20200812_20200812_01_RT_p00251.tif,/data/heguozhen/Fire/activefire/masks/voting/LC08_L1TP_170070_20200812_20200812_01_RT_voting_p00251.tif
/data/heguozhen/Fire/activefire/images/patches/LC08_L1TP_173066_20200817_20200817_01_RT_p00641.tif,/data/heguozhen/Fire/activefire/masks/voting/LC08_L1TP_173066_20200817_20200817_01_RT_voting_p00641.tif
/data/heguozhen/Fire/activefire/images/patches/LC08_L1TP_172065_20200810_20200810_01_RT_p00190.tif,/data/heguozhen/Fire/activefire/masks/voting/LC08_L1TP_172065_20200810_20200810_01_RT_voting_p00190.tif
/data/heguozhen/Fire/activefire/images/patches/LC08_L1TP_114066_20200820_20200820_01_RT_p00743.tif,/data/heguozhen/Fire/activefire/masks/voting/LC08_L1TP_114066_20200820_20200820_01_RT_voting_p00743.tif
/data/heguozhen/Fire/activefire/images/patches/LC08_L1TP_131015_20200827_20200827_01_RT_p00053.tif,/data/heguozhen/Fire/activefire/masks/voting/LC08_L1TP_131015_20200827_20200827_01_RT_voting_p00053.tif
/data/heguozhen/Fire/activefire/images/patches/LC08_L1TP_169068_20200821_20200821_01_RT_p00393.tif,/data/heguozhen/Fire/activefire/masks/voting/LC08_L1TP_169068_20200821_20200821_01_RT_voting_p00393.tif
/data/heguozhen/Fire/activefire/images/patches/LC08_L1TP_173029_20200817_20200817_01_RT_p00785.tif,/data/heguozhen/Fire/activefire/masks/voting/LC08_L1TP_173029_20200817_20200817_01_RT_voting_p00785.tif
/data/heguozhen/Fire/activefire/images/patches/LC08_L1TP_170013_20200812_20200812_01_RT_p00145.tif,/data/heguozhen/Fire/activefire/masks/voting/LC08_L1TP_170013_20200812_20200812_01_RT_voting_p00145.tif
/data/heguozhen/Fire/activefire/images/patches/LC08_L1TP_030028_20200823_20200823_01_RT_p00787.tif,/data/heguozhen/Fire/activefire/masks/voting/LC08_L1TP_030028_20200823_20200823_01_RT_voting_p00787.tif
/data/heguozhen/Fire/activefire/images/patches/LC08_L1TP_189017_20200817_20200817_01_RT_p00216.tif,/data/heguozhen/Fire/activefire/masks/voting/LC08_L1TP_189017_20200817_20200817_01_RT_voting_p00216.tif
/data/heguozhen/Fire/activefire/images/patches/LC08_L1TP_121031_20200821_20200821_01_RT_p00742.tif,/data/heguozhen/Fire/activefire/masks/voting/LC08_L1TP_121031_20200821_20200821_01_RT_voting_p00742.tif
/data/heguozhen/Fire/activefire/images/patches/LC08_L1TP_008056_20200829_20200829_01_RT_p00673.tif,/data/heguozhen/Fire/activefire/masks/voting/LC08_L1TP_008056_20200829_20200829_01_RT_voting_p00673.tif
/data/heguozhen/Fire/activefire/images/patches/LC08_L1TP_121016_20200821_20200821_01_RT_p00246.tif,/data/heguozhen/Fire/activefire/masks/voting/LC08_L1TP_121016_20200821_20200821_01_RT_voting_p00246.tif
/data/heguozhen/Fire/activefire/images/patches/LC08_L1TP_125035_20200817_20200817_01_RT_p00725.tif,/data/heguozhen/Fire/activefire/masks/voting/LC08_L1TP_125035_20200817_20200817_01_RT_voting_p00725.tif
/data/heguozhen/Fire/activefire/images/patches/LC08_L1TP_175070_20200815_20200815_01_RT_p00317.tif,/data/heguozhen/Fire/activefire/masks/voting/LC08_L1TP_175070_20200815_20200815_01_RT_voting_p00317.tif
/data/heguozhen/Fire/activefire/images/patches/LC08_L1TP_174069_20200808_20200808_01_RT_p00150.tif,/data/heguozhen/Fire/activefire/masks/voting/LC08_L1TP_174069_20200808_20200808_01_RT_voting_p00150.tif
/data/heguozhen/Fire/activefire/images/patches/LC08_L1TP_114067_20200820_20200820_01_RT_p00814.tif,/data/heguozhen/Fire/activefire/masks/voting/LC08_L1TP_114067_20200820_20200820_01_RT_voting_p00814.tif
/data/heguozhen/Fire/activefire/images/patches/LC08_L1TP_121030_20200821_20200821_01_RT_p00689.tif,/data/heguozhen/Fire/activefire/masks/voting/LC08_L1TP_121030_20200821_20200821_01_RT_voting_p00689.tif
/data/heguozhen/Fire/activefire/images/patches/LC08_L1TP_172059_20200810_20200810_01_RT_p00431.tif,/data/heguozhen/Fire/activefire/masks/voting/LC08_L1TP_172059_20200810_20200810_01_RT_voting_p00431.tif
/data/heguozhen/Fire/activefire/images/patches/LC08_L1TP_172064_20200810_20200810_01_RT_p00508.tif,/data/heguozhen/Fire/activefire/masks/voting/LC08_L1TP_172064_20200810_20200810_01_RT_voting_p00508.tif
/data/heguozhen/Fire/activefire/images/patches/LC08_L1TP_119065_20200823_20200823_01_RT_p00770.tif,/data/heguozhen/Fire/activefire/masks/voting/LC08_L1TP_119065_20200823_20200823_01_RT_voting_p00770.tif
/data/heguozhen/Fire/activefire/images/patches/LC08_L1TP_189031_20200817_20200817_01_RT_p00773.tif,/data/heguozhen/Fire/activefire/masks/voting/LC08_L1TP_189031_20200817_20200817_01_RT_voting_p00773.tif
/data/heguozhen/Fire/activefire/images/patches/LC08_L1TP_170069_20200812_20200812_01_RT_p00581.tif,/data/heguozhen/Fire/activefire/masks/voting/LC08_L1TP_170069_20200812_20200812_01_RT_voting_p00581.tif
/data/heguozhen/Fire/activefire/images/patches/LC08_L1TP_120032_20200814_20200814_01_RT_p00361.tif,/data/heguozhen/Fire/activefire/masks/voting/LC08_L1TP_120032_20200814_20200814_01_RT_voting_p00361.tif
/data/heguozhen/Fire/activefire/images/patches/LC08_L1TP_008067_20200829_20200829_01_RT_p00905.tif,/data/heguozhen/Fire/activefire/masks/voting/LC08_L1TP_008067_20200829_20200829_01_RT_voting_p00905.tif
/data/heguozhen/Fire/activefire/images/patches/LC08_L1TP_169066_20200821_20200821_01_RT_p00481.tif,/data/heguozhen/Fire/activefire/masks/voting/LC08_L1TP_169066_20200821_20200821_01_RT_voting_p00481.tif
/data/heguozhen/Fire/activefire/images/patches/LC08_L1TP_220080_20200810_20200810_01_RT_p00176.tif,/data/heguozhen/Fire/activefire/masks/voting/LC08_L1TP_220080_20200810_20200810_01_RT_voting_p00176.tif
/data/heguozhen/Fire/activefire/images/patches/LC08_L1TP_175072_20200815_20200815_01_RT_p00284.tif,/data/heguozhen/Fire/activefire/masks/voting/LC08_L1TP_175072_20200815_20200815_01_RT_voting_p00284.tif
/data/heguozhen/Fire/activefire/images/patches/LC08_L1TP_170070_20200812_20200812_01_RT_p00314.tif,/data/heguozhen/Fire/activefire/masks/voting/LC08_L1TP_170070_20200812_20200812_01_RT_voting_p00314.tif
/data/heguozhen/Fire/activefire/images/patches/LC08_L1TP_135018_20200823_20200823_01_RT_p00698.tif,/data/heguozhen/Fire/activefire/masks/voting/LC08_L1TP_135018_20200823_20200823_01_RT_voting_p00698.tif
/data/heguozhen/Fire/activefire/images/patches/LC08_L1TP_230079_20200816_20200816_01_RT_p00166.tif,/data/heguozhen/Fire/activefire/masks/voting/LC08_L1TP_230079_20200816_20200816_01_RT_voting_p00166.tif
/data/heguozhen/Fire/activefire/images/patches/LC08_L1TP_189034_20200817_20200817_01_RT_p00326.tif,/data/heguozhen/Fire/activefire/masks/voting/LC08_L1TP_189034_20200817_20200817_01_RT_voting_p00326.tif
/data/heguozhen/Fire/activefire/images/patches/LC08_L1TP_168065_20200830_20200830_01_RT_p00081.tif,/data/heguozhen/Fire/activefire/masks/voting/LC08_L1TP_168065_20200830_20200830_01_RT_voting_p00081.tif
/data/heguozhen/Fire/activefire/images/patches/LC08_L1TP_189032_20200817_20200817_01_RT_p00907.tif,/data/heguozhen/Fire/activefire/masks/voting/LC08_L1TP_189032_20200817_20200817_01_RT_voting_p00907.tif
/data/heguozhen/Fire/activefire/images/patches/LC08_L1TP_170069_20200812_20200812_01_RT_p00194.tif,/data/heguozhen/Fire/activefire/masks/voting/LC08_L1TP_170069_20200812_20200812_01_RT_voting_p00194.tif
/data/heguozhen/Fire/activefire/images/patches/LC08_L1TP_175067_20200815_20200815_01_RT_p00367.tif,/data/heguozhen/Fire/activefire/masks/voting/LC08_L1TP_175067_20200815_20200815_01_RT_voting_p00367.tif
/data/heguozhen/Fire/activefire/images/patches/LC08_L1TP_166064_20200816_20200816_01_RT_p00264.tif,/data/heguozhen/Fire/activefire/masks/voting/LC08_L1TP_166064_20200816_20200816_01_RT_voting_p00264.tif
/data/heguozhen/Fire/activefire/images/patches/LC08_L1TP_124034_20200826_20200826_01_RT_p00089.tif,/data/heguozhen/Fire/activefire/masks/voting/LC08_L1TP_124034_20200826_20200826_01_RT_voting_p00089.tif
/data/heguozhen/Fire/activefire/images/patches/LC08_L1TP_220079_20200810_20200810_01_RT_p00055.tif,/data/heguozhen/Fire/activefire/masks/voting/LC08_L1TP_220079_20200810_20200810_01_RT_voting_p00055.tif
/data/heguozhen/Fire/activefire/images/patches/LC08_L1TP_170067_20200812_20200812_01_RT_p00735.tif,/data/heguozhen/Fire/activefire/masks/voting/LC08_L1TP_170067_20200812_20200812_01_RT_voting_p00735.tif
/data/heguozhen/Fire/activefire/images/patches/LC08_L1TP_181063_20200809_20200809_01_RT_p00295.tif,/data/heguozhen/Fire/activefire/masks/voting/LC08_L1TP_181063_20200809_20200809_01_RT_voting_p00295.tif
/data/heguozhen/Fire/activefire/images/patches/LC08_L1TP_121030_20200821_20200821_01_RT_p00747.tif,/data/heguozhen/Fire/activefire/masks/voting/LC08_L1TP_121030_20200821_20200821_01_RT_voting_p00747.tif
/data/heguozhen/Fire/activefire/images/patches/LC08_L1TP_173012_20200817_20200817_01_RT_p00998.tif,/data/heguozhen/Fire/activefire/masks/voting/LC08_L1TP_173012_20200817_20200817_01_RT_voting_p00998.tif
/data/heguozhen/Fire/activefire/images/patches/LC08_L1TP_173065_20200817_20200817_01_RT_p00193.tif,/data/heguozhen/Fire/activefire/masks/voting/LC08_L1TP_173065_20200817_20200817_01_RT_voting_p00193.tif
/data/heguozhen/Fire/activefire/images/patches/LC08_L1TP_129034_20200813_20200813_01_RT_p00780.tif,/data/heguozhen/Fire/activefire/masks/voting/LC08_L1TP_129034_20200813_20200813_01_RT_voting_p00780.tif
/data/heguozhen/Fire/activefire/images/patches/LC08_L1TP_170070_20200812_20200812_01_RT_p00768.tif,/data/heguozhen/Fire/activefire/masks/voting/LC08_L1TP_170070_20200812_20200812_01_RT_voting_p00768.tif
/data/heguozhen/Fire/activefire/images/patches/LC08_L1TP_142053_20200824_20200824_01_RT_p00056.tif,/data/heguozhen/Fire/activefire/masks/voting/LC08_L1TP_142053_20200824_20200824_01_RT_voting_p00056.tif
/data/heguozhen/Fire/activefire/images/patches/LC08_L1TP_172064_20200810_20200810_01_RT_p00613.tif,/data/heguozhen/Fire/activefire/masks/voting/LC08_L1TP_172064_20200810_20200810_01_RT_voting_p00613.tif
/data/heguozhen/Fire/activefire/images/patches/LC08_L1TP_181069_20200809_20200809_01_RT_p00593.tif,/data/heguozhen/Fire/activefire/masks/voting/LC08_L1TP_181069_20200809_20200809_01_RT_voting_p00593.tif
/data/heguozhen/Fire/activefire/images/patches/LC08_L1TP_121032_20200821_20200821_01_RT_p00393.tif,/data/heguozhen/Fire/activefire/masks/voting/LC08_L1TP_121032_20200821_20200821_01_RT_voting_p00393.tif
/data/heguozhen/Fire/activefire/images/patches/LC08_L1TP_169068_20200821_20200821_01_RT_p00178.tif,/data/heguozhen/Fire/activefire/masks/voting/LC08_L1TP_169068_20200821_20200821_01_RT_voting_p00178.tif
/data/heguozhen/Fire/activefire/images/patches/LC08_L1TP_166068_20200816_20200816_01_RT_p00262.tif,/data/heguozhen/Fire/activefire/masks/voting/LC08_L1TP_166068_20200816_20200816_01_RT_voting_p00262.tif
/data/heguozhen/Fire/activefire/images/patches/LC08_L1TP_175072_20200815_20200815_01_RT_p00398.tif,/data/heguozhen/Fire/activefire/masks/voting/LC08_L1TP_175072_20200815_20200815_01_RT_voting_p00398.tif
/data/heguozhen/Fire/activefire/images/patches/LC08_L1TP_175069_20200815_20200815_01_RT_p00665.tif,/data/heguozhen/Fire/activefire/masks/voting/LC08_L1TP_175069_20200815_20200815_01_RT_voting_p00665.tif
/data/heguozhen/Fire/activefire/images/patches/LC08_L1TP_154032_20200828_20200828_01_RT_p00550.tif,/data/heguozhen/Fire/activefire/masks/voting/LC08_L1TP_154032_20200828_20200828_01_RT_voting_p00550.tif
/data/heguozhen/Fire/activefire/images/patches/LC08_L1TP_170067_20200812_20200812_01_RT_p00082.tif,/data/heguozhen/Fire/activefire/masks/voting/LC08_L1TP_170067_20200812_20200812_01_RT_voting_p00082.tif
/data/heguozhen/Fire/activefire/images/patches/LC08_L1TP_173063_20200817_20200817_01_RT_p00542.tif,/data/heguozhen/Fire/activefire/masks/voting/LC08_L1TP_173063_20200817_20200817_01_RT_voting_p00542.tif
/data/heguozhen/Fire/activefire/images/patches/LC08_L1TP_118040_20200816_20200816_01_RT_p00757.tif,/data/heguozhen/Fire/activefire/masks/voting/LC08_L1TP_118040_20200816_20200816_01_RT_voting_p00757.tif
/data/heguozhen/Fire/activefire/images/patches/LC08_L1TP_170069_20200812_20200812_01_RT_p00410.tif,/data/heguozhen/Fire/activefire/masks/voting/LC08_L1TP_170069_20200812_20200812_01_RT_voting_p00410.tif
/data/heguozhen/Fire/activefire/images/patches/LC08_L1TP_135015_20200823_20200823_01_RT_p00380.tif,/data/heguozhen/Fire/activefire/masks/voting/LC08_L1TP_135015_20200823_20200823_01_RT_voting_p00380.tif
/data/heguozhen/Fire/activefire/images/patches/LC08_L1TP_119027_20200823_20200823_01_RT_p00742.tif,/data/heguozhen/Fire/activefire/masks/voting/LC08_L1TP_119027_20200823_20200823_01_RT_voting_p00742.tif
/data/heguozhen/Fire/activefire/images/patches/LC08_L1TP_131035_20200827_20200827_01_RT_p00767.tif,/data/heguozhen/Fire/activefire/masks/voting/LC08_L1TP_131035_20200827_20200827_01_RT_voting_p00767.tif
/data/heguozhen/Fire/activefire/images/patches/LC08_L1TP_167037_20200823_20200823_01_RT_p00771.tif,/data/heguozhen/Fire/activefire/masks/voting/LC08_L1TP_167037_20200823_20200823_01_RT_voting_p00771.tif
/data/heguozhen/Fire/activefire/images/patches/LC08_L1TP_010060_20200811_20200811_01_RT_p00692.tif,/data/heguozhen/Fire/activefire/masks/voting/LC08_L1TP_010060_20200811_20200811_01_RT_voting_p00692.tif
/data/heguozhen/Fire/activefire/images/patches/LC08_L1TP_118028_20200816_20200816_01_RT_p00853.tif,/data/heguozhen/Fire/activefire/masks/voting/LC08_L1TP_118028_20200816_20200816_01_RT_voting_p00853.tif
/data/heguozhen/Fire/activefire/images/patches/LC08_L1TP_179063_20200811_20200811_01_RT_p00542.tif,/data/heguozhen/Fire/activefire/masks/voting/LC08_L1TP_179063_20200811_20200811_01_RT_voting_p00542.tif
/data/heguozhen/Fire/activefire/images/patches/LC08_L1TP_119030_20200807_20200807_01_RT_p00906.tif,/data/heguozhen/Fire/activefire/masks/voting/LC08_L1TP_119030_20200807_20200807_01_RT_voting_p00906.tif
/data/heguozhen/Fire/activefire/images/patches/LC08_L1TP_166068_20200816_20200816_01_RT_p00113.tif,/data/heguozhen/Fire/activefire/masks/voting/LC08_L1TP_166068_20200816_20200816_01_RT_voting_p00113.tif
/data/heguozhen/Fire/activefire/images/patches/LC08_L1TP_170067_20200812_20200812_01_RT_p00593.tif,/data/heguozhen/Fire/activefire/masks/voting/LC08_L1TP_170067_20200812_20200812_01_RT_voting_p00593.tif
/data/heguozhen/Fire/activefire/images/patches/LC08_L1TP_121028_20200821_20200821_01_RT_p00691.tif,/data/heguozhen/Fire/activefire/masks/voting/LC08_L1TP_121028_20200821_20200821_01_RT_voting_p00691.tif
/data/heguozhen/Fire/activefire/images/patches/LC08_L1TP_165068_20200809_20200809_01_RT_p00158.tif,/data/heguozhen/Fire/activefire/masks/voting/LC08_L1TP_165068_20200809_20200809_01_RT_voting_p00158.tif
/data/heguozhen/Fire/activefire/images/patches/LC08_L1TP_118030_20200816_20200816_01_RT_p00411.tif,/data/heguozhen/Fire/activefire/masks/voting/LC08_L1TP_118030_20200816_20200816_01_RT_voting_p00411.tif
/data/heguozhen/Fire/activefire/images/patches/LC08_L1TP_135015_20200823_20200823_01_RT_p00644.tif,/data/heguozhen/Fire/activefire/masks/voting/LC08_L1TP_135015_20200823_20200823_01_RT_voting_p00644.tif
/data/heguozhen/Fire/activefire/images/patches/LC08_L1TP_118029_20200816_20200816_01_RT_p00793.tif,/data/heguozhen/Fire/activefire/masks/voting/LC08_L1TP_118029_20200816_20200816_01_RT_voting_p00793.tif
/data/heguozhen/Fire/activefire/images/patches/LC08_L1TP_169036_20200821_20200821_01_RT_p00563.tif,/data/heguozhen/Fire/activefire/masks/voting/LC08_L1TP_169036_20200821_20200821_01_RT_voting_p00563.tif
/data/heguozhen/Fire/activefire/images/patches/LC08_L1TP_121028_20200821_20200821_01_RT_p00728.tif,/data/heguozhen/Fire/activefire/masks/voting/LC08_L1TP_121028_20200821_20200821_01_RT_voting_p00728.tif
/data/heguozhen/Fire/activefire/images/patches/LC08_L1TP_224081_20200806_20200807_01_RT_p00265.tif,/data/heguozhen/Fire/activefire/masks/voting/LC08_L1TP_224081_20200806_20200807_01_RT_voting_p00265.tif
/data/heguozhen/Fire/activefire/images/patches/LC08_L1TP_181062_20200809_20200809_01_RT_p00880.tif,/data/heguozhen/Fire/activefire/masks/voting/LC08_L1TP_181062_20200809_20200809_01_RT_voting_p00880.tif
/data/heguozhen/Fire/activefire/images/patches/LC08_L1TP_008064_20200829_20200829_01_RT_p00398.tif,/data/heguozhen/Fire/activefire/masks/voting/LC08_L1TP_008064_20200829_20200829_01_RT_voting_p00398.tif
/data/heguozhen/Fire/activefire/images/patches/LC08_L1TP_165070_20200809_20200809_01_RT_p00538.tif,/data/heguozhen/Fire/activefire/masks/voting/LC08_L1TP_165070_20200809_20200809_01_RT_voting_p00538.tif
/data/heguozhen/Fire/activefire/images/patches/LC08_L1TP_182061_20200816_20200816_01_RT_p00300.tif,/data/heguozhen/Fire/activefire/masks/voting/LC08_L1TP_182061_20200816_20200816_01_RT_voting_p00300.tif
/data/heguozhen/Fire/activefire/images/patches/LC08_L1TP_181070_20200809_20200809_01_RT_p00409.tif,/data/heguozhen/Fire/activefire/masks/voting/LC08_L1TP_181070_20200809_20200809_01_RT_voting_p00409.tif
/data/heguozhen/Fire/activefire/images/patches/LC08_L1TP_182062_20200816_20200816_01_RT_p00459.tif,/data/heguozhen/Fire/activefire/masks/voting/LC08_L1TP_182062_20200816_20200816_01_RT_voting_p00459.tif
/data/heguozhen/Fire/activefire/images/patches/LC08_L1TP_170070_20200812_20200812_01_RT_p00629.tif,/data/heguozhen/Fire/activefire/masks/voting/LC08_L1TP_170070_20200812_20200812_01_RT_voting_p00629.tif
/data/heguozhen/Fire/activefire/images/patches/LC08_L1TP_124051_20200826_20200826_01_RT_p00846.tif,/data/heguozhen/Fire/activefire/masks/voting/LC08_L1TP_124051_20200826_20200826_01_RT_voting_p00846.tif
/data/heguozhen/Fire/activefire/images/patches/LC08_L1TP_173066_20200817_20200817_01_RT_p00338.tif,/data/heguozhen/Fire/activefire/masks/voting/LC08_L1TP_173066_20200817_20200817_01_RT_voting_p00338.tif
/data/heguozhen/Fire/activefire/images/patches/LC08_L1TP_181062_20200809_20200809_01_RT_p00255.tif,/data/heguozhen/Fire/activefire/masks/voting/LC08_L1TP_181062_20200809_20200809_01_RT_voting_p00255.tif
/data/heguozhen/Fire/activefire/images/patches/LC08_L1TP_033042_20200812_20200812_01_RT_p00174.tif,/data/heguozhen/Fire/activefire/masks/voting/LC08_L1TP_033042_20200812_20200812_01_RT_voting_p00174.tif
/data/heguozhen/Fire/activefire/images/patches/LC08_L1TP_126032_20200824_20200824_01_RT_p00741.tif,/data/heguozhen/Fire/activefire/masks/voting/LC08_L1TP_126032_20200824_20200824_01_RT_voting_p00741.tif
/data/heguozhen/Fire/activefire/images/patches/LC08_L1TP_136015_20200830_20200830_01_RT_p00760.tif,/data/heguozhen/Fire/activefire/masks/voting/LC08_L1TP_136015_20200830_20200830_01_RT_voting_p00760.tif
/data/heguozhen/Fire/activefire/images/patches/LC08_L1TP_158077_20200808_20200808_01_RT_p00444.tif,/data/heguozhen/Fire/activefire/masks/voting/LC08_L1TP_158077_20200808_20200808_01_RT_voting_p00444.tif
/data/heguozhen/Fire/activefire/images/patches/LC08_L1TP_172064_20200810_20200810_01_RT_p00139.tif,/data/heguozhen/Fire/activefire/masks/voting/LC08_L1TP_172064_20200810_20200810_01_RT_voting_p00139.tif
/data/heguozhen/Fire/activefire/images/patches/LC08_L1TP_181061_20200809_20200809_01_RT_p00586.tif,/data/heguozhen/Fire/activefire/masks/voting/LC08_L1TP_181061_20200809_20200809_01_RT_voting_p00586.tif
/data/heguozhen/Fire/activefire/images/patches/LC08_L1TP_119032_20200807_20200807_01_RT_p00202.tif,/data/heguozhen/Fire/activefire/masks/voting/LC08_L1TP_119032_20200807_20200807_01_RT_voting_p00202.tif
/data/heguozhen/Fire/activefire/images/patches/LC08_L1TP_124035_20200826_20200826_01_RT_p00191.tif,/data/heguozhen/Fire/activefire/masks/voting/LC08_L1TP_124035_20200826_20200826_01_RT_voting_p00191.tif
/data/heguozhen/Fire/activefire/images/patches/LC08_L1TP_119032_20200823_20200823_01_RT_p00382.tif,/data/heguozhen/Fire/activefire/masks/voting/LC08_L1TP_119032_20200823_20200823_01_RT_voting_p00382.tif
/data/heguozhen/Fire/activefire/images/patches/LC08_L1TP_190034_20200808_20200808_01_RT_p00618.tif,/data/heguozhen/Fire/activefire/masks/voting/LC08_L1TP_190034_20200808_20200808_01_RT_voting_p00618.tif
/data/heguozhen/Fire/activefire/images/patches/LC08_L1TP_001069_20200828_20200828_01_RT_p00764.tif,/data/heguozhen/Fire/activefire/masks/voting/LC08_L1TP_001069_20200828_20200828_01_RT_voting_p00764.tif
/data/heguozhen/Fire/activefire/images/patches/LC08_L1TP_166039_20200816_20200816_01_RT_p00689.tif,/data/heguozhen/Fire/activefire/masks/voting/LC08_L1TP_166039_20200816_20200816_01_RT_voting_p00689.tif
/data/heguozhen/Fire/activefire/images/patches/LC08_L1TP_173069_20200817_20200817_01_RT_p00725.tif,/data/heguozhen/Fire/activefire/masks/voting/LC08_L1TP_173069_20200817_20200817_01_RT_voting_p00725.tif
/data/heguozhen/Fire/activefire/images/patches/LC08_L1TP_182062_20200816_20200816_01_RT_p00378.tif,/data/heguozhen/Fire/activefire/masks/voting/LC08_L1TP_182062_20200816_20200816_01_RT_voting_p00378.tif
/data/heguozhen/Fire/activefire/images/patches/LC08_L1TP_172069_20200810_20200810_01_RT_p00349.tif,/data/heguozhen/Fire/activefire/masks/voting/LC08_L1TP_172069_20200810_20200810_01_RT_voting_p00349.tif
/data/heguozhen/Fire/activefire/images/patches/LC08_L1TP_143029_20200815_20200815_01_RT_p00294.tif,/data/heguozhen/Fire/activefire/masks/voting/LC08_L1TP_143029_20200815_20200815_01_RT_voting_p00294.tif
/data/heguozhen/Fire/activefire/images/patches/LC08_L1TP_026044_20200811_20200812_01_RT_p00586.tif,/data/heguozhen/Fire/activefire/masks/voting/LC08_L1TP_026044_20200811_20200812_01_RT_voting_p00586.tif
/data/heguozhen/Fire/activefire/images/patches/LC08_L1TP_170065_20200812_20200812_01_RT_p00615.tif,/data/heguozhen/Fire/activefire/masks/voting/LC08_L1TP_170065_20200812_20200812_01_RT_voting_p00615.tif
/data/heguozhen/Fire/activefire/images/patches/LC08_L1TP_166070_20200816_20200816_01_RT_p00275.tif,/data/heguozhen/Fire/activefire/masks/voting/LC08_L1TP_166070_20200816_20200816_01_RT_voting_p00275.tif
/data/heguozhen/Fire/activefire/images/patches/LC08_L1TP_134015_20200816_20200816_01_RT_p00505.tif,/data/heguozhen/Fire/activefire/masks/voting/LC08_L1TP_134015_20200816_20200816_01_RT_voting_p00505.tif
/data/heguozhen/Fire/activefire/images/patches/LC08_L1TP_126032_20200824_20200824_01_RT_p00711.tif,/data/heguozhen/Fire/activefire/masks/voting/LC08_L1TP_126032_20200824_20200824_01_RT_voting_p00711.tif
/data/heguozhen/Fire/activefire/images/patches/LC08_L1TP_166065_20200816_20200816_01_RT_p00135.tif,/data/heguozhen/Fire/activefire/masks/voting/LC08_L1TP_166065_20200816_20200816_01_RT_voting_p00135.tif
/data/heguozhen/Fire/activefire/images/patches/LC08_L1TP_114027_20200820_20200820_01_RT_p00762.tif,/data/heguozhen/Fire/activefire/masks/voting/LC08_L1TP_114027_20200820_20200820_01_RT_voting_p00762.tif
/data/heguozhen/Fire/activefire/images/patches/LC08_L1TP_161072_20200813_20200813_01_RT_p00795.tif,/data/heguozhen/Fire/activefire/masks/voting/LC08_L1TP_161072_20200813_20200813_01_RT_voting_p00795.tif
/data/heguozhen/Fire/activefire/images/patches/LC08_L1TP_121028_20200821_20200821_01_RT_p00763.tif,/data/heguozhen/Fire/activefire/masks/voting/LC08_L1TP_121028_20200821_20200821_01_RT_voting_p00763.tif
/data/heguozhen/Fire/activefire/images/patches/LC08_L1TP_170070_20200812_20200812_01_RT_p00512.tif,/data/heguozhen/Fire/activefire/masks/voting/LC08_L1TP_170070_20200812_20200812_01_RT_voting_p00512.tif
/data/heguozhen/Fire/activefire/images/patches/LC08_L1TP_025034_20200820_20200820_01_RT_p00750.tif,/data/heguozhen/Fire/activefire/masks/voting/LC08_L1TP_025034_20200820_20200820_01_RT_voting_p00750.tif
/data/heguozhen/Fire/activefire/images/patches/LC08_L1TP_181063_20200809_20200809_01_RT_p00511.tif,/data/heguozhen/Fire/activefire/masks/voting/LC08_L1TP_181063_20200809_20200809_01_RT_voting_p00511.tif
/data/heguozhen/Fire/activefire/images/patches/LC08_L1TP_128039_20200822_20200822_01_RT_p00634.tif,/data/heguozhen/Fire/activefire/masks/voting/LC08_L1TP_128039_20200822_20200822_01_RT_voting_p00634.tif
/data/heguozhen/Fire/activefire/images/patches/LC08_L1TP_044033_20200825_20200826_01_RT_p00300.tif,/data/heguozhen/Fire/activefire/masks/voting/LC08_L1TP_044033_20200825_20200826_01_RT_voting_p00300.tif
/data/heguozhen/Fire/activefire/images/patches/LC08_L1TP_167071_20200823_20200823_01_RT_p00595.tif,/data/heguozhen/Fire/activefire/masks/voting/LC08_L1TP_167071_20200823_20200823_01_RT_voting_p00595.tif
/data/heguozhen/Fire/activefire/images/patches/LC08_L1TP_179068_20200811_20200811_01_RT_p00322.tif,/data/heguozhen/Fire/activefire/masks/voting/LC08_L1TP_179068_20200811_20200811_01_RT_voting_p00322.tif
/data/heguozhen/Fire/activefire/images/patches/LC08_L1TP_170070_20200812_20200812_01_RT_p00326.tif,/data/heguozhen/Fire/activefire/masks/voting/LC08_L1TP_170070_20200812_20200812_01_RT_voting_p00326.tif
/data/heguozhen/Fire/activefire/images/patches/LC08_L1TP_022032_20200815_20200815_01_RT_p00347.tif,/data/heguozhen/Fire/activefire/masks/voting/LC08_L1TP_022032_20200815_20200815_01_RT_voting_p00347.tif
/data/heguozhen/Fire/activefire/images/patches/LC08_L1TP_230065_20200816_20200816_01_RT_p00848.tif,/data/heguozhen/Fire/activefire/masks/voting/LC08_L1TP_230065_20200816_20200816_01_RT_voting_p00848.tif
/data/heguozhen/Fire/activefire/images/patches/LC08_L1TP_173063_20200817_20200817_01_RT_p00574.tif,/data/heguozhen/Fire/activefire/masks/voting/LC08_L1TP_173063_20200817_20200817_01_RT_voting_p00574.tif
/data/heguozhen/Fire/activefire/images/patches/LC08_L1TP_173067_20200817_20200817_01_RT_p00663.tif,/data/heguozhen/Fire/activefire/masks/voting/LC08_L1TP_173067_20200817_20200817_01_RT_voting_p00663.tif
/data/heguozhen/Fire/activefire/images/patches/LC08_L1TP_224069_20200806_20200807_01_RT_p00502.tif,/data/heguozhen/Fire/activefire/masks/voting/LC08_L1TP_224069_20200806_20200807_01_RT_voting_p00502.tif
/data/heguozhen/Fire/activefire/images/patches/LC08_L1TP_173066_20200817_20200817_01_RT_p00584.tif,/data/heguozhen/Fire/activefire/masks/voting/LC08_L1TP_173066_20200817_20200817_01_RT_voting_p00584.tif
/data/heguozhen/Fire/activefire/images/patches/LC08_L1TP_121027_20200821_20200821_01_RT_p00818.tif,/data/heguozhen/Fire/activefire/masks/voting/LC08_L1TP_121027_20200821_20200821_01_RT_voting_p00818.tif
/data/heguozhen/Fire/activefire/images/patches/LC08_L1TP_121027_20200821_20200821_01_RT_p00310.tif,/data/heguozhen/Fire/activefire/masks/voting/LC08_L1TP_121027_20200821_20200821_01_RT_voting_p00310.tif
/data/heguozhen/Fire/activefire/images/patches/LC08_L1TP_230078_20200816_20200816_01_RT_p00597.tif,/data/heguozhen/Fire/activefire/masks/voting/LC08_L1TP_230078_20200816_20200816_01_RT_voting_p00597.tif
/data/heguozhen/Fire/activefire/images/patches/LC08_L1TP_001071_20200828_20200828_01_RT_p00366.tif,/data/heguozhen/Fire/activefire/masks/voting/LC08_L1TP_001071_20200828_20200828_01_RT_voting_p00366.tif
/data/heguozhen/Fire/activefire/images/patches/LC08_L1TP_181068_20200809_20200809_01_RT_p00550.tif,/data/heguozhen/Fire/activefire/masks/voting/LC08_L1TP_181068_20200809_20200809_01_RT_voting_p00550.tif
/data/heguozhen/Fire/activefire/images/patches/LC08_L1TP_119026_20200823_20200823_01_RT_p00586.tif,/data/heguozhen/Fire/activefire/masks/voting/LC08_L1TP_119026_20200823_20200823_01_RT_voting_p00586.tif
/data/heguozhen/Fire/activefire/images/patches/LC08_L1TP_165067_20200809_20200809_01_RT_p00087.tif,/data/heguozhen/Fire/activefire/masks/voting/LC08_L1TP_165067_20200809_20200809_01_RT_voting_p00087.tif
/data/heguozhen/Fire/activefire/images/patches/LC08_L1TP_173066_20200817_20200817_01_RT_p00556.tif,/data/heguozhen/Fire/activefire/masks/voting/LC08_L1TP_173066_20200817_20200817_01_RT_voting_p00556.tif
/data/heguozhen/Fire/activefire/images/patches/LC08_L1TP_123026_20200819_20200819_01_RT_p00784.tif,/data/heguozhen/Fire/activefire/masks/voting/LC08_L1TP_123026_20200819_20200819_01_RT_voting_p00784.tif
/data/heguozhen/Fire/activefire/images/patches/LC08_L1TP_126047_20200824_20200824_01_RT_p00400.tif,/data/heguozhen/Fire/activefire/masks/voting/LC08_L1TP_126047_20200824_20200824_01_RT_voting_p00400.tif
/data/heguozhen/Fire/activefire/images/patches/LC08_L1TP_124050_20200810_20200810_01_RT_p00499.tif,/data/heguozhen/Fire/activefire/masks/voting/LC08_L1TP_124050_20200810_20200810_01_RT_voting_p00499.tif
/data/heguozhen/Fire/activefire/images/patches/LC08_L1TP_166073_20200816_20200816_01_RT_p00318.tif,/data/heguozhen/Fire/activefire/masks/voting/LC08_L1TP_166073_20200816_20200816_01_RT_voting_p00318.tif
/data/heguozhen/Fire/activefire/images/patches/LC08_L1TP_172061_20200810_20200810_01_RT_p00769.tif,/data/heguozhen/Fire/activefire/masks/voting/LC08_L1TP_172061_20200810_20200810_01_RT_voting_p00769.tif
/data/heguozhen/Fire/activefire/images/patches/LC08_L1TP_165038_20200809_20200809_01_RT_p00567.tif,/data/heguozhen/Fire/activefire/masks/voting/LC08_L1TP_165038_20200809_20200809_01_RT_voting_p00567.tif
/data/heguozhen/Fire/activefire/images/patches/LC08_L1TP_167066_20200823_20200823_01_RT_p00800.tif,/data/heguozhen/Fire/activefire/masks/voting/LC08_L1TP_167066_20200823_20200823_01_RT_voting_p00800.tif
/data/heguozhen/Fire/activefire/images/patches/LC08_L1TP_124053_20200826_20200826_01_RT_p00534.tif,/data/heguozhen/Fire/activefire/masks/voting/LC08_L1TP_124053_20200826_20200826_01_RT_voting_p00534.tif
/data/heguozhen/Fire/activefire/images/patches/LC08_L1TP_172067_20200810_20200810_01_RT_p00407.tif,/data/heguozhen/Fire/activefire/masks/voting/LC08_L1TP_172067_20200810_20200810_01_RT_voting_p00407.tif
/data/heguozhen/Fire/activefire/images/patches/LC08_L1TP_230076_20200816_20200816_01_RT_p00103.tif,/data/heguozhen/Fire/activefire/masks/voting/LC08_L1TP_230076_20200816_20200816_01_RT_voting_p00103.tif
/data/heguozhen/Fire/activefire/images/patches/LC08_L1TP_220071_20200810_20200810_01_RT_p00643.tif,/data/heguozhen/Fire/activefire/masks/voting/LC08_L1TP_220071_20200810_20200810_01_RT_voting_p00643.tif
/data/heguozhen/Fire/activefire/images/patches/LC08_L1TP_101066_20200825_20200825_01_RT_p00659.tif,/data/heguozhen/Fire/activefire/masks/voting/LC08_L1TP_101066_20200825_20200825_01_RT_voting_p00659.tif
/data/heguozhen/Fire/activefire/images/patches/LC08_L1TP_139018_20200819_20200819_01_RT_p00855.tif,/data/heguozhen/Fire/activefire/masks/voting/LC08_L1TP_139018_20200819_20200819_01_RT_voting_p00855.tif
/data/heguozhen/Fire/activefire/images/patches/LC08_L1TP_172069_20200810_20200810_01_RT_p00150.tif,/data/heguozhen/Fire/activefire/masks/voting/LC08_L1TP_172069_20200810_20200810_01_RT_voting_p00150.tif
/data/heguozhen/Fire/activefire/images/patches/LC08_L1TP_119065_20200807_20200807_01_RT_p00765.tif,/data/heguozhen/Fire/activefire/masks/voting/LC08_L1TP_119065_20200807_20200807_01_RT_voting_p00765.tif
/data/heguozhen/Fire/activefire/images/patches/LC08_L1TP_169035_20200821_20200821_01_RT_p00489.tif,/data/heguozhen/Fire/activefire/masks/voting/LC08_L1TP_169035_20200821_20200821_01_RT_voting_p00489.tif
/data/heguozhen/Fire/activefire/images/patches/LC08_L1TP_172060_20200810_20200810_01_RT_p00781.tif,/data/heguozhen/Fire/activefire/masks/voting/LC08_L1TP_172060_20200810_20200810_01_RT_voting_p00781.tif
/data/heguozhen/Fire/activefire/images/patches/LC08_L1TP_008065_20200829_20200829_01_RT_p00478.tif,/data/heguozhen/Fire/activefire/masks/voting/LC08_L1TP_008065_20200829_20200829_01_RT_voting_p00478.tif
/data/heguozhen/Fire/activefire/images/patches/LC08_L1TP_161073_20200813_20200813_01_RT_p00730.tif,/data/heguozhen/Fire/activefire/masks/voting/LC08_L1TP_161073_20200813_20200813_01_RT_voting_p00730.tif
/data/heguozhen/Fire/activefire/images/patches/LC08_L1TP_103068_20200823_20200823_01_RT_p00552.tif,/data/heguozhen/Fire/activefire/masks/voting/LC08_L1TP_103068_20200823_20200823_01_RT_voting_p00552.tif
/data/heguozhen/Fire/activefire/images/patches/LC08_L1TP_174027_20200808_20200808_01_RT_p00450.tif,/data/heguozhen/Fire/activefire/masks/voting/LC08_L1TP_174027_20200808_20200808_01_RT_voting_p00450.tif
/data/heguozhen/Fire/activefire/images/patches/LC08_L1TP_182067_20200816_20200816_01_RT_p00505.tif,/data/heguozhen/Fire/activefire/masks/voting/LC08_L1TP_182067_20200816_20200816_01_RT_voting_p00505.tif
/data/heguozhen/Fire/activefire/images/patches/LC08_L1TP_172070_20200810_20200810_01_RT_p00363.tif,/data/heguozhen/Fire/activefire/masks/voting/LC08_L1TP_172070_20200810_20200810_01_RT_voting_p00363.tif
/data/heguozhen/Fire/activefire/images/patches/LC08_L1TP_170067_20200812_20200812_01_RT_p00237.tif,/data/heguozhen/Fire/activefire/masks/voting/LC08_L1TP_170067_20200812_20200812_01_RT_voting_p00237.tif
/data/heguozhen/Fire/activefire/images/patches/LC08_L1TP_173064_20200817_20200817_01_RT_p00797.tif,/data/heguozhen/Fire/activefire/masks/voting/LC08_L1TP_173064_20200817_20200817_01_RT_voting_p00797.tif
/data/heguozhen/Fire/activefire/images/patches/LC08_L1TP_169065_20200821_20200821_01_RT_p00086.tif,/data/heguozhen/Fire/activefire/masks/voting/LC08_L1TP_169065_20200821_20200821_01_RT_voting_p00086.tif
/data/heguozhen/Fire/activefire/images/patches/LC08_L1TP_117016_20200809_20200809_01_RT_p00253.tif,/data/heguozhen/Fire/activefire/masks/voting/LC08_L1TP_117016_20200809_20200809_01_RT_voting_p00253.tif
/data/heguozhen/Fire/activefire/images/patches/LC08_L1TP_124049_20200810_20200810_01_RT_p00174.tif,/data/heguozhen/Fire/activefire/masks/voting/LC08_L1TP_124049_20200810_20200810_01_RT_voting_p00174.tif
/data/heguozhen/Fire/activefire/images/patches/LC08_L1TP_173067_20200817_20200817_01_RT_p00397.tif,/data/heguozhen/Fire/activefire/masks/voting/LC08_L1TP_173067_20200817_20200817_01_RT_voting_p00397.tif
/data/heguozhen/Fire/activefire/images/patches/LC08_L1TP_169035_20200821_20200821_01_RT_p00260.tif,/data/heguozhen/Fire/activefire/masks/voting/LC08_L1TP_169035_20200821_20200821_01_RT_voting_p00260.tif
/data/heguozhen/Fire/activefire/images/patches/LC08_L1TP_125052_20200817_20200817_01_RT_p00524.tif,/data/heguozhen/Fire/activefire/masks/voting/LC08_L1TP_125052_20200817_20200817_01_RT_voting_p00524.tif
/data/heguozhen/Fire/activefire/images/patches/LC08_L1TP_179062_20200811_20200811_01_RT_p00115.tif,/data/heguozhen/Fire/activefire/masks/voting/LC08_L1TP_179062_20200811_20200811_01_RT_voting_p00115.tif
/data/heguozhen/Fire/activefire/images/patches/LC08_L1TP_161030_20200813_20200813_01_RT_p00486.tif,/data/heguozhen/Fire/activefire/masks/voting/LC08_L1TP_161030_20200813_20200813_01_RT_voting_p00486.tif
/data/heguozhen/Fire/activefire/images/patches/LC08_L1TP_166066_20200816_20200816_01_RT_p00553.tif,/data/heguozhen/Fire/activefire/masks/voting/LC08_L1TP_166066_20200816_20200816_01_RT_voting_p00553.tif
/data/heguozhen/Fire/activefire/images/patches/LC08_L1TP_119028_20200807_20200807_01_RT_p00115.tif,/data/heguozhen/Fire/activefire/masks/voting/LC08_L1TP_119028_20200807_20200807_01_RT_voting_p00115.tif
/data/heguozhen/Fire/activefire/images/patches/LC08_L1TP_229065_20200809_20200809_01_RT_p00728.tif,/data/heguozhen/Fire/activefire/masks/voting/LC08_L1TP_229065_20200809_20200809_01_RT_voting_p00728.tif
/data/heguozhen/Fire/activefire/images/patches/LC08_L1TP_103069_20200823_20200823_01_RT_p00750.tif,/data/heguozhen/Fire/activefire/masks/voting/LC08_L1TP_103069_20200823_20200823_01_RT_voting_p00750.tif
/data/heguozhen/Fire/activefire/images/patches/LC08_L1TP_119065_20200823_20200823_01_RT_p00394.tif,/data/heguozhen/Fire/activefire/masks/voting/LC08_L1TP_119065_20200823_20200823_01_RT_voting_p00394.tif
/data/heguozhen/Fire/activefire/images/patches/LC08_L1TP_165068_20200809_20200809_01_RT_p00129.tif,/data/heguozhen/Fire/activefire/masks/voting/LC08_L1TP_165068_20200809_20200809_01_RT_voting_p00129.tif
/data/heguozhen/Fire/activefire/images/patches/LC08_L1TP_173070_20200817_20200817_01_RT_p00398.tif,/data/heguozhen/Fire/activefire/masks/voting/LC08_L1TP_173070_20200817_20200817_01_RT_voting_p00398.tif
/data/heguozhen/Fire/activefire/images/patches/LC08_L1TP_157032_20200817_20200817_01_RT_p00263.tif,/data/heguozhen/Fire/activefire/masks/voting/LC08_L1TP_157032_20200817_20200817_01_RT_voting_p00263.tif
/data/heguozhen/Fire/activefire/images/patches/LC08_L1TP_170063_20200812_20200812_01_RT_p00800.tif,/data/heguozhen/Fire/activefire/masks/voting/LC08_L1TP_170063_20200812_20200812_01_RT_voting_p00800.tif
/data/heguozhen/Fire/activefire/images/patches/LC08_L1TP_003067_20200810_20200810_01_RT_p00790.tif,/data/heguozhen/Fire/activefire/masks/voting/LC08_L1TP_003067_20200810_20200810_01_RT_voting_p00790.tif
/data/heguozhen/Fire/activefire/images/patches/LC08_L1TP_156019_20200810_20200810_01_RT_p00424.tif,/data/heguozhen/Fire/activefire/masks/voting/LC08_L1TP_156019_20200810_20200810_01_RT_voting_p00424.tif
/data/heguozhen/Fire/activefire/images/patches/LC08_L1TP_181027_20200809_20200809_01_RT_p00285.tif,/data/heguozhen/Fire/activefire/masks/voting/LC08_L1TP_181027_20200809_20200809_01_RT_voting_p00285.tif
/data/heguozhen/Fire/activefire/images/patches/LC08_L1TP_173068_20200817_20200817_01_RT_p00577.tif,/data/heguozhen/Fire/activefire/masks/voting/LC08_L1TP_173068_20200817_20200817_01_RT_voting_p00577.tif
/data/heguozhen/Fire/activefire/images/patches/LC08_L1TP_160074_20200822_20200822_01_RT_p00742.tif,/data/heguozhen/Fire/activefire/masks/voting/LC08_L1TP_160074_20200822_20200822_01_RT_voting_p00742.tif
/data/heguozhen/Fire/activefire/images/patches/LC08_L1TP_181062_20200809_20200809_01_RT_p00298.tif,/data/heguozhen/Fire/activefire/masks/voting/LC08_L1TP_181062_20200809_20200809_01_RT_voting_p00298.tif
/data/heguozhen/Fire/activefire/images/patches/LC08_L1TP_146028_20200820_20200820_01_RT_p00378.tif,/data/heguozhen/Fire/activefire/masks/voting/LC08_L1TP_146028_20200820_20200820_01_RT_voting_p00378.tif
/data/heguozhen/Fire/activefire/images/patches/LC08_L1TP_174072_20200808_20200808_01_RT_p00566.tif,/data/heguozhen/Fire/activefire/masks/voting/LC08_L1TP_174072_20200808_20200808_01_RT_voting_p00566.tif
/data/heguozhen/Fire/activefire/images/patches/LC08_L1TP_173063_20200817_20200817_01_RT_p00579.tif,/data/heguozhen/Fire/activefire/masks/voting/LC08_L1TP_173063_20200817_20200817_01_RT_voting_p00579.tif
/data/heguozhen/Fire/activefire/images/patches/LC08_L1TP_118030_20200816_20200816_01_RT_p00287.tif,/data/heguozhen/Fire/activefire/masks/voting/LC08_L1TP_118030_20200816_20200816_01_RT_voting_p00287.tif
/data/heguozhen/Fire/activefire/images/patches/LC08_L1TP_170068_20200812_20200812_01_RT_p00208.tif,/data/heguozhen/Fire/activefire/masks/voting/LC08_L1TP_170068_20200812_20200812_01_RT_voting_p00208.tif
/data/heguozhen/Fire/activefire/images/patches/LC08_L1TP_181064_20200809_20200809_01_RT_p00844.tif,/data/heguozhen/Fire/activefire/masks/voting/LC08_L1TP_181064_20200809_20200809_01_RT_voting_p00844.tif
/data/heguozhen/Fire/activefire/images/patches/LC08_L1TP_165069_20200809_20200809_01_RT_p00821.tif,/data/heguozhen/Fire/activefire/masks/voting/LC08_L1TP_165069_20200809_20200809_01_RT_voting_p00821.tif
/data/heguozhen/Fire/activefire/images/patches/LC08_L1TP_165067_20200809_20200809_01_RT_p00707.tif,/data/heguozhen/Fire/activefire/masks/voting/LC08_L1TP_165067_20200809_20200809_01_RT_voting_p00707.tif
/data/heguozhen/Fire/activefire/images/patches/LC08_L1TP_169080_20200821_20200821_01_RT_p00587.tif,/data/heguozhen/Fire/activefire/masks/voting/LC08_L1TP_169080_20200821_20200821_01_RT_voting_p00587.tif
/data/heguozhen/Fire/activefire/images/patches/LC08_L1TP_170067_20200812_20200812_01_RT_p00189.tif,/data/heguozhen/Fire/activefire/masks/voting/LC08_L1TP_170067_20200812_20200812_01_RT_voting_p00189.tif
/data/heguozhen/Fire/activefire/images/patches/LC08_L1TP_114067_20200820_20200820_01_RT_p00842.tif,/data/heguozhen/Fire/activefire/masks/voting/LC08_L1TP_114067_20200820_20200820_01_RT_voting_p00842.tif
/data/heguozhen/Fire/activefire/images/patches/LC08_L1TP_166069_20200816_20200816_01_RT_p00292.tif,/data/heguozhen/Fire/activefire/masks/voting/LC08_L1TP_166069_20200816_20200816_01_RT_voting_p00292.tif
/data/heguozhen/Fire/activefire/images/patches/LC08_L1TP_100066_20200818_20200818_01_RT_p00319.tif,/data/heguozhen/Fire/activefire/masks/voting/LC08_L1TP_100066_20200818_20200818_01_RT_voting_p00319.tif
/data/heguozhen/Fire/activefire/images/patches/LC08_L1TP_168073_20200830_20200830_01_RT_p00844.tif,/data/heguozhen/Fire/activefire/masks/voting/LC08_L1TP_168073_20200830_20200830_01_RT_voting_p00844.tif
/data/heguozhen/Fire/activefire/images/patches/LC08_L1TP_122045_20200828_20200828_01_RT_p00563.tif,/data/heguozhen/Fire/activefire/masks/voting/LC08_L1TP_122045_20200828_20200828_01_RT_voting_p00563.tif
/data/heguozhen/Fire/activefire/images/patches/LC08_L1TP_170070_20200812_20200812_01_RT_p00722.tif,/data/heguozhen/Fire/activefire/masks/voting/LC08_L1TP_170070_20200812_20200812_01_RT_voting_p00722.tif
/data/heguozhen/Fire/activefire/images/patches/LC08_L1TP_172067_20200810_20200810_01_RT_p00208.tif,/data/heguozhen/Fire/activefire/masks/voting/LC08_L1TP_172067_20200810_20200810_01_RT_voting_p00208.tif
/data/heguozhen/Fire/activefire/images/patches/LC08_L1TP_121028_20200821_20200821_01_RT_p00360.tif,/data/heguozhen/Fire/activefire/masks/voting/LC08_L1TP_121028_20200821_20200821_01_RT_voting_p00360.tif
/data/heguozhen/Fire/activefire/images/patches/LC08_L1TP_112064_20200822_20200822_01_RT_p00287.tif,/data/heguozhen/Fire/activefire/masks/voting/LC08_L1TP_112064_20200822_20200822_01_RT_voting_p00287.tif
/data/heguozhen/Fire/activefire/images/patches/LC08_L1TP_121028_20200821_20200821_01_RT_p00462.tif,/data/heguozhen/Fire/activefire/masks/voting/LC08_L1TP_121028_20200821_20200821_01_RT_voting_p00462.tif
/data/heguozhen/Fire/activefire/images/patches/LC08_L1TP_222072_20200808_20200808_01_RT_p00281.tif,/data/heguozhen/Fire/activefire/masks/voting/LC08_L1TP_222072_20200808_20200808_01_RT_voting_p00281.tif
/data/heguozhen/Fire/activefire/images/patches/LC08_L1TP_118028_20200816_20200816_01_RT_p00844.tif,/data/heguozhen/Fire/activefire/masks/voting/LC08_L1TP_118028_20200816_20200816_01_RT_voting_p00844.tif
/data/heguozhen/Fire/activefire/images/patches/LC08_L1TP_224079_20200806_20200807_01_RT_p00757.tif,/data/heguozhen/Fire/activefire/masks/voting/LC08_L1TP_224079_20200806_20200807_01_RT_voting_p00757.tif
/data/heguozhen/Fire/activefire/images/patches/LC08_L1TP_118029_20200816_20200816_01_RT_p00287.tif,/data/heguozhen/Fire/activefire/masks/voting/LC08_L1TP_118029_20200816_20200816_01_RT_voting_p00287.tif
/data/heguozhen/Fire/activefire/images/patches/LC08_L1TP_118028_20200816_20200816_01_RT_p00529.tif,/data/heguozhen/Fire/activefire/masks/voting/LC08_L1TP_118028_20200816_20200816_01_RT_voting_p00529.tif
/data/heguozhen/Fire/activefire/images/patches/LC08_L1TP_172069_20200810_20200810_01_RT_p00577.tif,/data/heguozhen/Fire/activefire/masks/voting/LC08_L1TP_172069_20200810_20200810_01_RT_voting_p00577.tif
/data/heguozhen/Fire/activefire/images/patches/LC08_L1TP_118017_20200816_20200816_01_RT_p00537.tif,/data/heguozhen/Fire/activefire/masks/voting/LC08_L1TP_118017_20200816_20200816_01_RT_voting_p00537.tif
/data/heguozhen/Fire/activefire/images/patches/LC08_L1TP_170069_20200812_20200812_01_RT_p00675.tif,/data/heguozhen/Fire/activefire/masks/voting/LC08_L1TP_170069_20200812_20200812_01_RT_voting_p00675.tif
/data/heguozhen/Fire/activefire/images/patches/LC08_L1TP_118029_20200816_20200816_01_RT_p00330.tif,/data/heguozhen/Fire/activefire/masks/voting/LC08_L1TP_118029_20200816_20200816_01_RT_voting_p00330.tif
/data/heguozhen/Fire/activefire/images/patches/LC08_L1TP_008047_20200813_20200813_01_RT_p00540.tif,/data/heguozhen/Fire/activefire/masks/voting/LC08_L1TP_008047_20200813_20200813_01_RT_voting_p00540.tif
/data/heguozhen/Fire/activefire/images/patches/LC08_L1TP_121030_20200821_20200821_01_RT_p00598.tif,/data/heguozhen/Fire/activefire/masks/voting/LC08_L1TP_121030_20200821_20200821_01_RT_voting_p00598.tif
/data/heguozhen/Fire/activefire/images/patches/LC08_L1TP_174066_20200808_20200808_01_RT_p00423.tif,/data/heguozhen/Fire/activefire/masks/voting/LC08_L1TP_174066_20200808_20200808_01_RT_voting_p00423.tif
/data/heguozhen/Fire/activefire/images/patches/LC08_L1TP_168073_20200830_20200830_01_RT_p00633.tif,/data/heguozhen/Fire/activefire/masks/voting/LC08_L1TP_168073_20200830_20200830_01_RT_voting_p00633.tif
/data/heguozhen/Fire/activefire/images/patches/LC08_L1TP_170070_20200812_20200812_01_RT_p00138.tif,/data/heguozhen/Fire/activefire/masks/voting/LC08_L1TP_170070_20200812_20200812_01_RT_voting_p00138.tif
/data/heguozhen/Fire/activefire/images/patches/LC08_L1TP_166072_20200816_20200816_01_RT_p00387.tif,/data/heguozhen/Fire/activefire/masks/voting/LC08_L1TP_166072_20200816_20200816_01_RT_voting_p00387.tif
/data/heguozhen/Fire/activefire/images/patches/LC08_L1TP_119032_20200823_20200823_01_RT_p00354.tif,/data/heguozhen/Fire/activefire/masks/voting/LC08_L1TP_119032_20200823_20200823_01_RT_voting_p00354.tif
/data/heguozhen/Fire/activefire/images/patches/LC08_L1TP_181064_20200809_20200809_01_RT_p00801.tif,/data/heguozhen/Fire/activefire/masks/voting/LC08_L1TP_181064_20200809_20200809_01_RT_voting_p00801.tif
/data/heguozhen/Fire/activefire/images/patches/LC08_L1GT_184064_20200814_20200814_01_RT_p00411.tif,/data/heguozhen/Fire/activefire/masks/voting/LC08_L1GT_184064_20200814_20200814_01_RT_voting_p00411.tif
/data/heguozhen/Fire/activefire/images/patches/LC08_L1TP_166067_20200816_20200816_01_RT_p00556.tif,/data/heguozhen/Fire/activefire/masks/voting/LC08_L1TP_166067_20200816_20200816_01_RT_voting_p00556.tif
/data/heguozhen/Fire/activefire/images/patches/LC08_L1TP_133019_20200809_20200809_01_RT_p00585.tif,/data/heguozhen/Fire/activefire/masks/voting/LC08_L1TP_133019_20200809_20200809_01_RT_voting_p00585.tif
/data/heguozhen/Fire/activefire/images/patches/LC08_L1TP_220065_20200810_20200810_01_RT_p00630.tif,/data/heguozhen/Fire/activefire/masks/voting/LC08_L1TP_220065_20200810_20200810_01_RT_voting_p00630.tif
/data/heguozhen/Fire/activefire/images/patches/LC08_L1TP_149039_20200809_20200809_01_RT_p00481.tif,/data/heguozhen/Fire/activefire/masks/voting/LC08_L1TP_149039_20200809_20200809_01_RT_voting_p00481.tif
/data/heguozhen/Fire/activefire/images/patches/LC08_L1TP_168061_20200830_20200830_01_RT_p00475.tif,/data/heguozhen/Fire/activefire/masks/voting/LC08_L1TP_168061_20200830_20200830_01_RT_voting_p00475.tif
/data/heguozhen/Fire/activefire/images/patches/LC08_L1TP_165068_20200809_20200809_01_RT_p00471.tif,/data/heguozhen/Fire/activefire/masks/voting/LC08_L1TP_165068_20200809_20200809_01_RT_voting_p00471.tif
/data/heguozhen/Fire/activefire/images/patches/LC08_L1TP_121016_20200821_20200821_01_RT_p00701.tif,/data/heguozhen/Fire/activefire/masks/voting/LC08_L1TP_121016_20200821_20200821_01_RT_voting_p00701.tif
/data/heguozhen/Fire/activefire/images/patches/LC08_L1TP_174069_20200808_20200808_01_RT_p00354.tif,/data/heguozhen/Fire/activefire/masks/voting/LC08_L1TP_174069_20200808_20200808_01_RT_voting_p00354.tif
/data/heguozhen/Fire/activefire/images/patches/LC08_L1TP_173062_20200817_20200817_01_RT_p00482.tif,/data/heguozhen/Fire/activefire/masks/voting/LC08_L1TP_173062_20200817_20200817_01_RT_voting_p00482.tif
/data/heguozhen/Fire/activefire/images/patches/LC08_L1TP_170069_20200812_20200812_01_RT_p00280.tif,/data/heguozhen/Fire/activefire/masks/voting/LC08_L1TP_170069_20200812_20200812_01_RT_voting_p00280.tif
/data/heguozhen/Fire/activefire/images/patches/LC08_L1TP_173068_20200817_20200817_01_RT_p00229.tif,/data/heguozhen/Fire/activefire/masks/voting/LC08_L1TP_173068_20200817_20200817_01_RT_voting_p00229.tif
/data/heguozhen/Fire/activefire/images/patches/LC08_L1TP_115028_20200811_20200811_01_RT_p00221.tif,/data/heguozhen/Fire/activefire/masks/voting/LC08_L1TP_115028_20200811_20200811_01_RT_voting_p00221.tif
/data/heguozhen/Fire/activefire/images/patches/LC08_L1TP_165040_20200809_20200809_01_RT_p00292.tif,/data/heguozhen/Fire/activefire/masks/voting/LC08_L1TP_165040_20200809_20200809_01_RT_voting_p00292.tif
/data/heguozhen/Fire/activefire/images/patches/LC08_L1TP_172067_20200810_20200810_01_RT_p00141.tif,/data/heguozhen/Fire/activefire/masks/voting/LC08_L1TP_172067_20200810_20200810_01_RT_voting_p00141.tif
/data/heguozhen/Fire/activefire/images/patches/LC08_L1TP_169068_20200821_20200821_01_RT_p00159.tif,/data/heguozhen/Fire/activefire/masks/voting/LC08_L1TP_169068_20200821_20200821_01_RT_voting_p00159.tif
/data/heguozhen/Fire/activefire/images/patches/LC08_L1TP_126052_20200824_20200824_01_RT_p00443.tif,/data/heguozhen/Fire/activefire/masks/voting/LC08_L1TP_126052_20200824_20200824_01_RT_voting_p00443.tif
/data/heguozhen/Fire/activefire/images/patches/LC08_L1TP_122043_20200828_20200828_01_RT_p00817.tif,/data/heguozhen/Fire/activefire/masks/voting/LC08_L1TP_122043_20200828_20200828_01_RT_voting_p00817.tif
/data/heguozhen/Fire/activefire/images/patches/LC08_L1TP_173071_20200817_20200817_01_RT_p00550.tif,/data/heguozhen/Fire/activefire/masks/voting/LC08_L1TP_173071_20200817_20200817_01_RT_voting_p00550.tif
/data/heguozhen/Fire/activefire/images/patches/LC08_L1TP_119065_20200823_20200823_01_RT_p00648.tif,/data/heguozhen/Fire/activefire/masks/voting/LC08_L1TP_119065_20200823_20200823_01_RT_voting_p00648.tif
/data/heguozhen/Fire/activefire/images/patches/LC08_L1TP_133033_20200809_20200809_01_RT_p00575.tif,/data/heguozhen/Fire/activefire/masks/voting/LC08_L1TP_133033_20200809_20200809_01_RT_voting_p00575.tif
/data/heguozhen/Fire/activefire/images/patches/LC08_L1TP_172063_20200810_20200810_01_RT_p00296.tif,/data/heguozhen/Fire/activefire/masks/voting/LC08_L1TP_172063_20200810_20200810_01_RT_voting_p00296.tif
/data/heguozhen/Fire/activefire/images/patches/LC08_L1TP_123025_20200819_20200819_01_RT_p00827.tif,/data/heguozhen/Fire/activefire/masks/voting/LC08_L1TP_123025_20200819_20200819_01_RT_voting_p00827.tif
/data/heguozhen/Fire/activefire/images/patches/LC08_L1TP_154032_20200828_20200828_01_RT_p00751.tif,/data/heguozhen/Fire/activefire/masks/voting/LC08_L1TP_154032_20200828_20200828_01_RT_voting_p00751.tif
/data/heguozhen/Fire/activefire/images/patches/LC08_L1TP_173069_20200817_20200817_01_RT_p00543.tif,/data/heguozhen/Fire/activefire/masks/voting/LC08_L1TP_173069_20200817_20200817_01_RT_voting_p00543.tif
/data/heguozhen/Fire/activefire/images/patches/LC08_L1TP_227077_20200811_20200811_01_RT_p00369.tif,/data/heguozhen/Fire/activefire/masks/voting/LC08_L1TP_227077_20200811_20200811_01_RT_voting_p00369.tif
/data/heguozhen/Fire/activefire/images/patches/LC08_L1TP_114066_20200820_20200820_01_RT_p00140.tif,/data/heguozhen/Fire/activefire/masks/voting/LC08_L1TP_114066_20200820_20200820_01_RT_voting_p00140.tif
/data/heguozhen/Fire/activefire/images/patches/LC08_L1TP_172079_20200810_20200810_01_RT_p00489.tif,/data/heguozhen/Fire/activefire/masks/voting/LC08_L1TP_172079_20200810_20200810_01_RT_voting_p00489.tif
/data/heguozhen/Fire/activefire/images/patches/LC08_L1TP_117066_20200809_20200809_01_RT_p00253.tif,/data/heguozhen/Fire/activefire/masks/voting/LC08_L1TP_117066_20200809_20200809_01_RT_voting_p00253.tif
/data/heguozhen/Fire/activefire/images/patches/LC08_L1TP_170079_20200812_20200812_01_RT_p00376.tif,/data/heguozhen/Fire/activefire/masks/voting/LC08_L1TP_170079_20200812_20200812_01_RT_voting_p00376.tif
/data/heguozhen/Fire/activefire/images/patches/LC08_L1TP_172071_20200810_20200810_01_RT_p00786.tif,/data/heguozhen/Fire/activefire/masks/voting/LC08_L1TP_172071_20200810_20200810_01_RT_voting_p00786.tif
/data/heguozhen/Fire/activefire/images/patches/LC08_L1TP_122028_20200812_20200812_01_RT_p00532.tif,/data/heguozhen/Fire/activefire/masks/voting/LC08_L1TP_122028_20200812_20200812_01_RT_voting_p00532.tif
/data/heguozhen/Fire/activefire/images/patches/LC08_L1TP_119028_20200823_20200823_01_RT_p00703.tif,/data/heguozhen/Fire/activefire/masks/voting/LC08_L1TP_119028_20200823_20200823_01_RT_voting_p00703.tif
/data/heguozhen/Fire/activefire/images/patches/LC08_L1TP_154032_20200812_20200812_01_RT_p00761.tif,/data/heguozhen/Fire/activefire/masks/voting/LC08_L1TP_154032_20200812_20200812_01_RT_voting_p00761.tif
/data/heguozhen/Fire/activefire/images/patches/LC08_L1TP_119030_20200823_20200823_01_RT_p00487.tif,/data/heguozhen/Fire/activefire/masks/voting/LC08_L1TP_119030_20200823_20200823_01_RT_voting_p00487.tif
/data/heguozhen/Fire/activefire/images/patches/LC08_L1TP_175068_20200815_20200815_01_RT_p00768.tif,/data/heguozhen/Fire/activefire/masks/voting/LC08_L1TP_175068_20200815_20200815_01_RT_voting_p00768.tif
/data/heguozhen/Fire/activefire/images/patches/LC08_L1TP_136015_20200830_20200830_01_RT_p00697.tif,/data/heguozhen/Fire/activefire/masks/voting/LC08_L1TP_136015_20200830_20200830_01_RT_voting_p00697.tif
/data/heguozhen/Fire/activefire/images/patches/LC08_L1TP_140055_20200810_20200810_01_RT_p00232.tif,/data/heguozhen/Fire/activefire/masks/voting/LC08_L1TP_140055_20200810_20200810_01_RT_voting_p00232.tif
/data/heguozhen/Fire/activefire/images/patches/LC08_L1TP_017036_20200812_20200812_01_RT_p00336.tif,/data/heguozhen/Fire/activefire/masks/voting/LC08_L1TP_017036_20200812_20200812_01_RT_voting_p00336.tif
/data/heguozhen/Fire/activefire/images/patches/LC08_L1TP_094067_20200824_20200824_01_RT_p00823.tif,/data/heguozhen/Fire/activefire/masks/voting/LC08_L1TP_094067_20200824_20200824_01_RT_voting_p00823.tif
/data/heguozhen/Fire/activefire/images/patches/LC08_L1TP_175067_20200815_20200815_01_RT_p00801.tif,/data/heguozhen/Fire/activefire/masks/voting/LC08_L1TP_175067_20200815_20200815_01_RT_voting_p00801.tif
/data/heguozhen/Fire/activefire/images/patches/LC08_L1TP_173067_20200817_20200817_01_RT_p00168.tif,/data/heguozhen/Fire/activefire/masks/voting/LC08_L1TP_173067_20200817_20200817_01_RT_voting_p00168.tif
/data/heguozhen/Fire/activefire/images/patches/LC08_L1TP_166039_20200816_20200816_01_RT_p00418.tif,/data/heguozhen/Fire/activefire/masks/voting/LC08_L1TP_166039_20200816_20200816_01_RT_voting_p00418.tif
/data/heguozhen/Fire/activefire/images/patches/LC08_L1TP_166069_20200816_20200816_01_RT_p00707.tif,/data/heguozhen/Fire/activefire/masks/voting/LC08_L1TP_166069_20200816_20200816_01_RT_voting_p00707.tif
/data/heguozhen/Fire/activefire/images/patches/LC08_L1TP_170066_20200812_20200812_01_RT_p00085.tif,/data/heguozhen/Fire/activefire/masks/voting/LC08_L1TP_170066_20200812_20200812_01_RT_voting_p00085.tif
/data/heguozhen/Fire/activefire/images/patches/LC08_L1TP_227073_20200811_20200811_01_RT_p00514.tif,/data/heguozhen/Fire/activefire/masks/voting/LC08_L1TP_227073_20200811_20200811_01_RT_voting_p00514.tif
/data/heguozhen/Fire/activefire/images/patches/LC08_L1TP_169036_20200821_20200821_01_RT_p00472.tif,/data/heguozhen/Fire/activefire/masks/voting/LC08_L1TP_169036_20200821_20200821_01_RT_voting_p00472.tif
/data/heguozhen/Fire/activefire/images/patches/LC08_L1TP_124049_20200826_20200826_01_RT_p00304.tif,/data/heguozhen/Fire/activefire/masks/voting/LC08_L1TP_124049_20200826_20200826_01_RT_voting_p00304.tif
/data/heguozhen/Fire/activefire/images/patches/LC08_L1TP_172061_20200810_20200810_01_RT_p00647.tif,/data/heguozhen/Fire/activefire/masks/voting/LC08_L1TP_172061_20200810_20200810_01_RT_voting_p00647.tif
/data/heguozhen/Fire/activefire/images/patches/LC08_L1TP_179071_20200811_20200811_01_RT_p00630.tif,/data/heguozhen/Fire/activefire/masks/voting/LC08_L1TP_179071_20200811_20200811_01_RT_voting_p00630.tif
/data/heguozhen/Fire/activefire/images/patches/LC08_L1TP_172063_20200810_20200810_01_RT_p00477.tif,/data/heguozhen/Fire/activefire/masks/voting/LC08_L1TP_172063_20200810_20200810_01_RT_voting_p00477.tif
/data/heguozhen/Fire/activefire/images/patches/LC08_L1TP_172063_20200810_20200810_01_RT_p00451.tif,/data/heguozhen/Fire/activefire/masks/voting/LC08_L1TP_172063_20200810_20200810_01_RT_voting_p00451.tif
/data/heguozhen/Fire/activefire/images/patches/LC08_L1TP_129033_20200813_20200813_01_RT_p00117.tif,/data/heguozhen/Fire/activefire/masks/voting/LC08_L1TP_129033_20200813_20200813_01_RT_voting_p00117.tif
/data/heguozhen/Fire/activefire/images/patches/LC08_L1TP_116036_20200818_20200818_01_RT_p00663.tif,/data/heguozhen/Fire/activefire/masks/voting/LC08_L1TP_116036_20200818_20200818_01_RT_voting_p00663.tif
/data/heguozhen/Fire/activefire/images/patches/LC08_L1TP_181063_20200809_20200809_01_RT_p00699.tif,/data/heguozhen/Fire/activefire/masks/voting/LC08_L1TP_181063_20200809_20200809_01_RT_voting_p00699.tif
/data/heguozhen/Fire/activefire/images/patches/LC08_L1TP_092082_20200826_20200826_01_RT_p00255.tif,/data/heguozhen/Fire/activefire/masks/voting/LC08_L1TP_092082_20200826_20200826_01_RT_voting_p00255.tif
/data/heguozhen/Fire/activefire/images/patches/LC08_L1TP_168065_20200830_20200830_01_RT_p00848.tif,/data/heguozhen/Fire/activefire/masks/voting/LC08_L1TP_168065_20200830_20200830_01_RT_voting_p00848.tif
/data/heguozhen/Fire/activefire/images/patches/LC08_L1TP_170067_20200812_20200812_01_RT_p00357.tif,/data/heguozhen/Fire/activefire/masks/voting/LC08_L1TP_170067_20200812_20200812_01_RT_voting_p00357.tif
/data/heguozhen/Fire/activefire/images/patches/LC08_L1TP_121025_20200821_20200821_01_RT_p00571.tif,/data/heguozhen/Fire/activefire/masks/voting/LC08_L1TP_121025_20200821_20200821_01_RT_voting_p00571.tif
/data/heguozhen/Fire/activefire/images/patches/LC08_L1TP_142051_20200824_20200824_01_RT_p00265.tif,/data/heguozhen/Fire/activefire/masks/voting/LC08_L1TP_142051_20200824_20200824_01_RT_voting_p00265.tif
/data/heguozhen/Fire/activefire/images/patches/LC08_L1TP_126035_20200824_20200824_01_RT_p00768.tif,/data/heguozhen/Fire/activefire/masks/voting/LC08_L1TP_126035_20200824_20200824_01_RT_voting_p00768.tif
/data/heguozhen/Fire/activefire/images/patches/LC08_L1TP_169067_20200821_20200821_01_RT_p00206.tif,/data/heguozhen/Fire/activefire/masks/voting/LC08_L1TP_169067_20200821_20200821_01_RT_voting_p00206.tif
/data/heguozhen/Fire/activefire/images/patches/LC08_L1TP_173065_20200817_20200817_01_RT_p00879.tif,/data/heguozhen/Fire/activefire/masks/voting/LC08_L1TP_173065_20200817_20200817_01_RT_voting_p00879.tif
/data/heguozhen/Fire/activefire/images/patches/LC08_L1TP_165069_20200809_20200809_01_RT_p00706.tif,/data/heguozhen/Fire/activefire/masks/voting/LC08_L1TP_165069_20200809_20200809_01_RT_voting_p00706.tif
/data/heguozhen/Fire/activefire/images/patches/LC08_L1TP_173067_20200817_20200817_01_RT_p00208.tif,/data/heguozhen/Fire/activefire/masks/voting/LC08_L1TP_173067_20200817_20200817_01_RT_voting_p00208.tif
/data/heguozhen/Fire/activefire/images/patches/LC08_L1TP_141054_20200817_20200817_01_RT_p00142.tif,/data/heguozhen/Fire/activefire/masks/voting/LC08_L1TP_141054_20200817_20200817_01_RT_voting_p00142.tif
/data/heguozhen/Fire/activefire/images/patches/LC08_L1TP_173070_20200817_20200817_01_RT_p00781.tif,/data/heguozhen/Fire/activefire/masks/voting/LC08_L1TP_173070_20200817_20200817_01_RT_voting_p00781.tif
/data/heguozhen/Fire/activefire/images/patches/LC08_L1TP_160074_20200822_20200822_01_RT_p00395.tif,/data/heguozhen/Fire/activefire/masks/voting/LC08_L1TP_160074_20200822_20200822_01_RT_voting_p00395.tif
/data/heguozhen/Fire/activefire/images/patches/LC08_L1TP_118029_20200816_20200816_01_RT_p00389.tif,/data/heguozhen/Fire/activefire/masks/voting/LC08_L1TP_118029_20200816_20200816_01_RT_voting_p00389.tif
/data/heguozhen/Fire/activefire/images/patches/LC08_L1TP_115028_20200811_20200811_01_RT_p00330.tif,/data/heguozhen/Fire/activefire/masks/voting/LC08_L1TP_115028_20200811_20200811_01_RT_voting_p00330.tif
/data/heguozhen/Fire/activefire/images/patches/LC08_L1TP_119065_20200823_20200823_01_RT_p00166.tif,/data/heguozhen/Fire/activefire/masks/voting/LC08_L1TP_119065_20200823_20200823_01_RT_voting_p00166.tif
/data/heguozhen/Fire/activefire/images/patches/LC08_L1TP_173064_20200817_20200817_01_RT_p00513.tif,/data/heguozhen/Fire/activefire/masks/voting/LC08_L1TP_173064_20200817_20200817_01_RT_voting_p00513.tif
/data/heguozhen/Fire/activefire/images/patches/LC08_L1TP_118029_20200816_20200816_01_RT_p00741.tif,/data/heguozhen/Fire/activefire/masks/voting/LC08_L1TP_118029_20200816_20200816_01_RT_voting_p00741.tif
/data/heguozhen/Fire/activefire/images/patches/LC08_L1TP_172066_20200810_20200810_01_RT_p00478.tif,/data/heguozhen/Fire/activefire/masks/voting/LC08_L1TP_172066_20200810_20200810_01_RT_voting_p00478.tif
/data/heguozhen/Fire/activefire/images/patches/LC08_L1TP_224070_20200806_20200807_01_RT_p00119.tif,/data/heguozhen/Fire/activefire/masks/voting/LC08_L1TP_224070_20200806_20200807_01_RT_voting_p00119.tif
/data/heguozhen/Fire/activefire/images/patches/LC08_L1TP_122039_20200828_20200828_01_RT_p00104.tif,/data/heguozhen/Fire/activefire/masks/voting/LC08_L1TP_122039_20200828_20200828_01_RT_voting_p00104.tif
/data/heguozhen/Fire/activefire/images/patches/LC08_L1TP_024038_20200813_20200813_01_RT_p00406.tif,/data/heguozhen/Fire/activefire/masks/voting/LC08_L1TP_024038_20200813_20200813_01_RT_voting_p00406.tif
/data/heguozhen/Fire/activefire/images/patches/LC08_L1TP_169065_20200821_20200821_01_RT_p00197.tif,/data/heguozhen/Fire/activefire/masks/voting/LC08_L1TP_169065_20200821_20200821_01_RT_voting_p00197.tif
/data/heguozhen/Fire/activefire/images/patches/LC08_L1TP_179068_20200811_20200811_01_RT_p00254.tif,/data/heguozhen/Fire/activefire/masks/voting/LC08_L1TP_179068_20200811_20200811_01_RT_voting_p00254.tif
/data/heguozhen/Fire/activefire/images/patches/LC08_L1TP_106070_20200828_20200828_01_RT_p00414.tif,/data/heguozhen/Fire/activefire/masks/voting/LC08_L1TP_106070_20200828_20200828_01_RT_voting_p00414.tif
/data/heguozhen/Fire/activefire/images/patches/LC08_L1TP_166068_20200816_20200816_01_RT_p00145.tif,/data/heguozhen/Fire/activefire/masks/voting/LC08_L1TP_166068_20200816_20200816_01_RT_voting_p00145.tif
/data/heguozhen/Fire/activefire/images/patches/LC08_L1TP_173063_20200817_20200817_01_RT_p00508.tif,/data/heguozhen/Fire/activefire/masks/voting/LC08_L1TP_173063_20200817_20200817_01_RT_voting_p00508.tif
/data/heguozhen/Fire/activefire/images/patches/LC08_L1TP_172066_20200810_20200810_01_RT_p00425.tif,/data/heguozhen/Fire/activefire/masks/voting/LC08_L1TP_172066_20200810_20200810_01_RT_voting_p00425.tif
/data/heguozhen/Fire/activefire/images/patches/LC08_L1TP_168073_20200830_20200830_01_RT_p00472.tif,/data/heguozhen/Fire/activefire/masks/voting/LC08_L1TP_168073_20200830_20200830_01_RT_voting_p00472.tif
/data/heguozhen/Fire/activefire/images/patches/LC08_L1TP_165067_20200809_20200809_01_RT_p00737.tif,/data/heguozhen/Fire/activefire/masks/voting/LC08_L1TP_165067_20200809_20200809_01_RT_voting_p00737.tif
/data/heguozhen/Fire/activefire/images/patches/LC08_L1TP_124034_20200810_20200810_01_RT_p00242.tif,/data/heguozhen/Fire/activefire/masks/voting/LC08_L1TP_124034_20200810_20200810_01_RT_voting_p00242.tif
/data/heguozhen/Fire/activefire/images/patches/LC08_L1TP_119030_20200823_20200823_01_RT_p00168.tif,/data/heguozhen/Fire/activefire/masks/voting/LC08_L1TP_119030_20200823_20200823_01_RT_voting_p00168.tif
/data/heguozhen/Fire/activefire/images/patches/LC08_L1GT_182060_20200816_20200816_01_RT_p00554.tif,/data/heguozhen/Fire/activefire/masks/voting/LC08_L1GT_182060_20200816_20200816_01_RT_voting_p00554.tif
/data/heguozhen/Fire/activefire/images/patches/LC08_L1TP_230062_20200816_20200816_01_RT_p00329.tif,/data/heguozhen/Fire/activefire/masks/voting/LC08_L1TP_230062_20200816_20200816_01_RT_voting_p00329.tif
/data/heguozhen/Fire/activefire/images/patches/LC08_L1TP_154031_20200812_20200812_01_RT_p00431.tif,/data/heguozhen/Fire/activefire/masks/voting/LC08_L1TP_154031_20200812_20200812_01_RT_voting_p00431.tif
/data/heguozhen/Fire/activefire/images/patches/LC08_L1TP_172071_20200810_20200810_01_RT_p00565.tif,/data/heguozhen/Fire/activefire/masks/voting/LC08_L1TP_172071_20200810_20200810_01_RT_voting_p00565.tif
/data/heguozhen/Fire/activefire/images/patches/LC08_L1TP_175070_20200815_20200815_01_RT_p00690.tif,/data/heguozhen/Fire/activefire/masks/voting/LC08_L1TP_175070_20200815_20200815_01_RT_voting_p00690.tif
/data/heguozhen/Fire/activefire/images/patches/LC08_L1TP_172063_20200810_20200810_01_RT_p00482.tif,/data/heguozhen/Fire/activefire/masks/voting/LC08_L1TP_172063_20200810_20200810_01_RT_voting_p00482.tif
/data/heguozhen/Fire/activefire/images/patches/LC08_L1TP_185032_20200821_20200821_01_RT_p00413.tif,/data/heguozhen/Fire/activefire/masks/voting/LC08_L1TP_185032_20200821_20200821_01_RT_voting_p00413.tif
/data/heguozhen/Fire/activefire/images/patches/LC08_L1TP_118017_20200816_20200816_01_RT_p00742.tif,/data/heguozhen/Fire/activefire/masks/voting/LC08_L1TP_118017_20200816_20200816_01_RT_voting_p00742.tif
/data/heguozhen/Fire/activefire/images/patches/LC08_L1TP_115027_20200811_20200811_01_RT_p00241.tif,/data/heguozhen/Fire/activefire/masks/voting/LC08_L1TP_115027_20200811_20200811_01_RT_voting_p00241.tif
/data/heguozhen/Fire/activefire/images/patches/LC08_L1TP_118028_20200816_20200816_01_RT_p00246.tif,/data/heguozhen/Fire/activefire/masks/voting/LC08_L1TP_118028_20200816_20200816_01_RT_voting_p00246.tif
/data/heguozhen/Fire/activefire/images/patches/LC08_L1TP_130032_20200820_20200820_01_RT_p00798.tif,/data/heguozhen/Fire/activefire/masks/voting/LC08_L1TP_130032_20200820_20200820_01_RT_voting_p00798.tif
/data/heguozhen/Fire/activefire/images/patches/LC08_L1TP_138039_20200828_20200828_01_RT_p00676.tif,/data/heguozhen/Fire/activefire/masks/voting/LC08_L1TP_138039_20200828_20200828_01_RT_voting_p00676.tif
/data/heguozhen/Fire/activefire/images/patches/LC08_L1TP_175071_20200815_20200815_01_RT_p00567.tif,/data/heguozhen/Fire/activefire/masks/voting/LC08_L1TP_175071_20200815_20200815_01_RT_voting_p00567.tif
/data/heguozhen/Fire/activefire/images/patches/LC08_L1TP_118028_20200816_20200816_01_RT_p00814.tif,/data/heguozhen/Fire/activefire/masks/voting/LC08_L1TP_118028_20200816_20200816_01_RT_voting_p00814.tif
/data/heguozhen/Fire/activefire/images/patches/LC08_L1TP_172069_20200810_20200810_01_RT_p00446.tif,/data/heguozhen/Fire/activefire/masks/voting/LC08_L1TP_172069_20200810_20200810_01_RT_voting_p00446.tif
/data/heguozhen/Fire/activefire/images/patches/LC08_L1TP_120014_20200830_20200830_01_RT_p00379.tif,/data/heguozhen/Fire/activefire/masks/voting/LC08_L1TP_120014_20200830_20200830_01_RT_voting_p00379.tif
/data/heguozhen/Fire/activefire/images/patches/LC08_L1TP_133034_20200809_20200809_01_RT_p00706.tif,/data/heguozhen/Fire/activefire/masks/voting/LC08_L1TP_133034_20200809_20200809_01_RT_voting_p00706.tif
/data/heguozhen/Fire/activefire/images/patches/LC08_L1TP_173069_20200817_20200817_01_RT_p00312.tif,/data/heguozhen/Fire/activefire/masks/voting/LC08_L1TP_173069_20200817_20200817_01_RT_voting_p00312.tif
/data/heguozhen/Fire/activefire/images/patches/LC08_L1GT_167072_20200823_20200823_01_RT_p00537.tif,/data/heguozhen/Fire/activefire/masks/voting/LC08_L1GT_167072_20200823_20200823_01_RT_voting_p00537.tif
/data/heguozhen/Fire/activefire/images/patches/LC08_L1TP_166039_20200816_20200816_01_RT_p00414.tif,/data/heguozhen/Fire/activefire/masks/voting/LC08_L1TP_166039_20200816_20200816_01_RT_voting_p00414.tif
/data/heguozhen/Fire/activefire/images/patches/LC08_L1TP_220074_20200810_20200810_01_RT_p00523.tif,/data/heguozhen/Fire/activefire/masks/voting/LC08_L1TP_220074_20200810_20200810_01_RT_voting_p00523.tif
/data/heguozhen/Fire/activefire/images/patches/LC08_L1TP_181062_20200809_20200809_01_RT_p00115.tif,/data/heguozhen/Fire/activefire/masks/voting/LC08_L1TP_181062_20200809_20200809_01_RT_voting_p00115.tif
/data/heguozhen/Fire/activefire/images/patches/LC08_L1TP_119031_20200807_20200807_01_RT_p00581.tif,/data/heguozhen/Fire/activefire/masks/voting/LC08_L1TP_119031_20200807_20200807_01_RT_voting_p00581.tif
/data/heguozhen/Fire/activefire/images/patches/LC08_L1TP_173070_20200817_20200817_01_RT_p00159.tif,/data/heguozhen/Fire/activefire/masks/voting/LC08_L1TP_173070_20200817_20200817_01_RT_voting_p00159.tif
/data/heguozhen/Fire/activefire/images/patches/LC08_L1TP_161072_20200813_20200813_01_RT_p00875.tif,/data/heguozhen/Fire/activefire/masks/voting/LC08_L1TP_161072_20200813_20200813_01_RT_voting_p00875.tif
/data/heguozhen/Fire/activefire/images/patches/LC08_L1TP_163027_20200811_20200811_01_RT_p00378.tif,/data/heguozhen/Fire/activefire/masks/voting/LC08_L1TP_163027_20200811_20200811_01_RT_voting_p00378.tif
/data/heguozhen/Fire/activefire/images/patches/LC08_L1TP_179066_20200811_20200811_01_RT_p00456.tif,/data/heguozhen/Fire/activefire/masks/voting/LC08_L1TP_179066_20200811_20200811_01_RT_voting_p00456.tif
/data/heguozhen/Fire/activefire/images/patches/LC08_L1TP_128039_20200822_20200822_01_RT_p00757.tif,/data/heguozhen/Fire/activefire/masks/voting/LC08_L1TP_128039_20200822_20200822_01_RT_voting_p00757.tif
/data/heguozhen/Fire/activefire/images/patches/LC08_L1TP_163033_20200811_20200811_01_RT_p00435.tif,/data/heguozhen/Fire/activefire/masks/voting/LC08_L1TP_163033_20200811_20200811_01_RT_voting_p00435.tif
/data/heguozhen/Fire/activefire/images/patches/LC08_L1TP_130013_20200820_20200820_01_RT_p00809.tif,/data/heguozhen/Fire/activefire/masks/voting/LC08_L1TP_130013_20200820_20200820_01_RT_voting_p00809.tif
/data/heguozhen/Fire/activefire/images/patches/LC08_L1TP_124035_20200810_20200810_01_RT_p00534.tif,/data/heguozhen/Fire/activefire/masks/voting/LC08_L1TP_124035_20200810_20200810_01_RT_voting_p00534.tif
/data/heguozhen/Fire/activefire/images/patches/LC08_L1TP_172065_20200810_20200810_01_RT_p00148.tif,/data/heguozhen/Fire/activefire/masks/voting/LC08_L1TP_172065_20200810_20200810_01_RT_voting_p00148.tif
/data/heguozhen/Fire/activefire/images/patches/LC08_L1TP_146030_20200820_20200820_01_RT_p00254.tif,/data/heguozhen/Fire/activefire/masks/voting/LC08_L1TP_146030_20200820_20200820_01_RT_voting_p00254.tif
/data/heguozhen/Fire/activefire/images/patches/LC08_L1TP_165070_20200809_20200809_01_RT_p00688.tif,/data/heguozhen/Fire/activefire/masks/voting/LC08_L1TP_165070_20200809_20200809_01_RT_voting_p00688.tif
/data/heguozhen/Fire/activefire/images/patches/LC08_L1TP_172067_20200810_20200810_01_RT_p00377.tif,/data/heguozhen/Fire/activefire/masks/voting/LC08_L1TP_172067_20200810_20200810_01_RT_voting_p00377.tif
/data/heguozhen/Fire/activefire/images/patches/LC08_L1TP_118030_20200816_20200816_01_RT_p00504.tif,/data/heguozhen/Fire/activefire/masks/voting/LC08_L1TP_118030_20200816_20200816_01_RT_voting_p00504.tif
/data/heguozhen/Fire/activefire/images/patches/LC08_L1TP_229072_20200809_20200809_01_RT_p00667.tif,/data/heguozhen/Fire/activefire/masks/voting/LC08_L1TP_229072_20200809_20200809_01_RT_voting_p00667.tif
/data/heguozhen/Fire/activefire/images/patches/LC08_L1TP_120031_20200814_20200814_01_RT_p00883.tif,/data/heguozhen/Fire/activefire/masks/voting/LC08_L1TP_120031_20200814_20200814_01_RT_voting_p00883.tif
/data/heguozhen/Fire/activefire/images/patches/LC08_L1TP_126045_20200824_20200824_01_RT_p00242.tif,/data/heguozhen/Fire/activefire/masks/voting/LC08_L1TP_126045_20200824_20200824_01_RT_voting_p00242.tif
/data/heguozhen/Fire/activefire/images/patches/LC08_L1TP_166068_20200816_20200816_01_RT_p00506.tif,/data/heguozhen/Fire/activefire/masks/voting/LC08_L1TP_166068_20200816_20200816_01_RT_voting_p00506.tif
/data/heguozhen/Fire/activefire/images/patches/LC08_L1TP_170067_20200812_20200812_01_RT_p00733.tif,/data/heguozhen/Fire/activefire/masks/voting/LC08_L1TP_170067_20200812_20200812_01_RT_voting_p00733.tif
/data/heguozhen/Fire/activefire/images/patches/LC08_L1TP_122016_20200828_20200828_01_RT_p00404.tif,/data/heguozhen/Fire/activefire/masks/voting/LC08_L1TP_122016_20200828_20200828_01_RT_voting_p00404.tif
/data/heguozhen/Fire/activefire/images/patches/LC08_L1TP_197024_20200809_20200809_01_RT_p00531.tif,/data/heguozhen/Fire/activefire/masks/voting/LC08_L1TP_197024_20200809_20200809_01_RT_voting_p00531.tif
/data/heguozhen/Fire/activefire/images/patches/LC08_L1TP_010065_20200827_20200827_01_RT_p00531.tif,/data/heguozhen/Fire/activefire/masks/voting/LC08_L1TP_010065_20200827_20200827_01_RT_voting_p00531.tif
/data/heguozhen/Fire/activefire/images/patches/LC08_L1TP_179058_20200811_20200811_01_RT_p00250.tif,/data/heguozhen/Fire/activefire/masks/voting/LC08_L1TP_179058_20200811_20200811_01_RT_voting_p00250.tif
/data/heguozhen/Fire/activefire/images/patches/LC08_L1TP_175069_20200815_20200815_01_RT_p00874.tif,/data/heguozhen/Fire/activefire/masks/voting/LC08_L1TP_175069_20200815_20200815_01_RT_voting_p00874.tif
/data/heguozhen/Fire/activefire/images/patches/LC08_L1TP_168073_20200830_20200830_01_RT_p00676.tif,/data/heguozhen/Fire/activefire/masks/voting/LC08_L1TP_168073_20200830_20200830_01_RT_voting_p00676.tif
/data/heguozhen/Fire/activefire/images/patches/LC08_L1TP_185029_20200821_20200821_01_RT_p00147.tif,/data/heguozhen/Fire/activefire/masks/voting/LC08_L1TP_185029_20200821_20200821_01_RT_voting_p00147.tif
/data/heguozhen/Fire/activefire/images/patches/LC08_L1TP_169065_20200821_20200821_01_RT_p00172.tif,/data/heguozhen/Fire/activefire/masks/voting/LC08_L1TP_169065_20200821_20200821_01_RT_voting_p00172.tif
/data/heguozhen/Fire/activefire/images/patches/LC08_L1TP_172066_20200810_20200810_01_RT_p00454.tif,/data/heguozhen/Fire/activefire/masks/voting/LC08_L1TP_172066_20200810_20200810_01_RT_voting_p00454.tif
/data/heguozhen/Fire/activefire/images/patches/LC08_L1TP_168073_20200830_20200830_01_RT_p00699.tif,/data/heguozhen/Fire/activefire/masks/voting/LC08_L1TP_168073_20200830_20200830_01_RT_voting_p00699.tif
/data/heguozhen/Fire/activefire/images/patches/LC08_L1TP_169037_20200821_20200821_01_RT_p00877.tif,/data/heguozhen/Fire/activefire/masks/voting/LC08_L1TP_169037_20200821_20200821_01_RT_voting_p00877.tif
/data/heguozhen/Fire/activefire/images/patches/LC08_L1TP_166068_20200816_20200816_01_RT_p00325.tif,/data/heguozhen/Fire/activefire/masks/voting/LC08_L1TP_166068_20200816_20200816_01_RT_voting_p00325.tif
/data/heguozhen/Fire/activefire/images/patches/LC08_L1TP_165067_20200809_20200809_01_RT_p00149.tif,/data/heguozhen/Fire/activefire/masks/voting/LC08_L1TP_165067_20200809_20200809_01_RT_voting_p00149.tif
/data/heguozhen/Fire/activefire/images/patches/LC08_L1TP_119028_20200823_20200823_01_RT_p00730.tif,/data/heguozhen/Fire/activefire/masks/voting/LC08_L1TP_119028_20200823_20200823_01_RT_voting_p00730.tif
/data/heguozhen/Fire/activefire/images/patches/LC08_L1TP_170082_20200812_20200812_01_RT_p00844.tif,/data/heguozhen/Fire/activefire/masks/voting/LC08_L1TP_170082_20200812_20200812_01_RT_voting_p00844.tif
/data/heguozhen/Fire/activefire/images/patches/LC08_L1TP_191039_20200815_20200815_01_RT_p00160.tif,/data/heguozhen/Fire/activefire/masks/voting/LC08_L1TP_191039_20200815_20200815_01_RT_voting_p00160.tif
/data/heguozhen/Fire/activefire/images/patches/LC08_L1TP_170069_20200812_20200812_01_RT_p00221.tif,/data/heguozhen/Fire/activefire/masks/voting/LC08_L1TP_170069_20200812_20200812_01_RT_voting_p00221.tif
/data/heguozhen/Fire/activefire/images/patches/LC08_L1TP_166066_20200816_20200816_01_RT_p00374.tif,/data/heguozhen/Fire/activefire/masks/voting/LC08_L1TP_166066_20200816_20200816_01_RT_voting_p00374.tif
/data/heguozhen/Fire/activefire/images/patches/LC08_L1TP_174066_20200808_20200808_01_RT_p00486.tif,/data/heguozhen/Fire/activefire/masks/voting/LC08_L1TP_174066_20200808_20200808_01_RT_voting_p00486.tif
/data/heguozhen/Fire/activefire/images/patches/LC08_L1TP_224077_20200806_20200807_01_RT_p00083.tif,/data/heguozhen/Fire/activefire/masks/voting/LC08_L1TP_224077_20200806_20200807_01_RT_voting_p00083.tif
/data/heguozhen/Fire/activefire/images/patches/LC08_L1TP_169078_20200821_20200821_01_RT_p00076.tif,/data/heguozhen/Fire/activefire/masks/voting/LC08_L1TP_169078_20200821_20200821_01_RT_voting_p00076.tif
/data/heguozhen/Fire/activefire/images/patches/LC08_L1TP_173024_20200817_20200817_01_RT_p00328.tif,/data/heguozhen/Fire/activefire/masks/voting/LC08_L1TP_173024_20200817_20200817_01_RT_voting_p00328.tif
/data/heguozhen/Fire/activefire/images/patches/LC08_L1TP_166067_20200816_20200816_01_RT_p00606.tif,/data/heguozhen/Fire/activefire/masks/voting/LC08_L1TP_166067_20200816_20200816_01_RT_voting_p00606.tif
/data/heguozhen/Fire/activefire/images/patches/LC08_L1TP_175068_20200815_20200815_01_RT_p00675.tif,/data/heguozhen/Fire/activefire/masks/voting/LC08_L1TP_175068_20200815_20200815_01_RT_voting_p00675.tif
/data/heguozhen/Fire/activefire/images/patches/LC08_L1TP_188033_20200810_20200810_01_RT_p00789.tif,/data/heguozhen/Fire/activefire/masks/voting/LC08_L1TP_188033_20200810_20200810_01_RT_voting_p00789.tif
/data/heguozhen/Fire/activefire/images/patches/LC08_L1TP_138018_20200828_20200828_01_RT_p00557.tif,/data/heguozhen/Fire/activefire/masks/voting/LC08_L1TP_138018_20200828_20200828_01_RT_voting_p00557.tif
/data/heguozhen/Fire/activefire/images/patches/LC08_L1TP_131041_20200811_20200811_01_RT_p00275.tif,/data/heguozhen/Fire/activefire/masks/voting/LC08_L1TP_131041_20200811_20200811_01_RT_voting_p00275.tif
/data/heguozhen/Fire/activefire/images/patches/LC08_L1TP_160074_20200822_20200822_01_RT_p00023.tif,/data/heguozhen/Fire/activefire/masks/voting/LC08_L1TP_160074_20200822_20200822_01_RT_voting_p00023.tif
/data/heguozhen/Fire/activefire/images/patches/LC08_L1GT_117060_20200825_20200825_01_RT_p00546.tif,/data/heguozhen/Fire/activefire/masks/voting/LC08_L1GT_117060_20200825_20200825_01_RT_voting_p00546.tif
/data/heguozhen/Fire/activefire/images/patches/LC08_L1TP_175071_20200815_20200815_01_RT_p00117.tif,/data/heguozhen/Fire/activefire/masks/voting/LC08_L1TP_175071_20200815_20200815_01_RT_voting_p00117.tif
/data/heguozhen/Fire/activefire/images/patches/LC08_L1TP_169050_20200821_20200821_01_RT_p00680.tif,/data/heguozhen/Fire/activefire/masks/voting/LC08_L1TP_169050_20200821_20200821_01_RT_voting_p00680.tif
/data/heguozhen/Fire/activefire/images/patches/LC08_L1TP_182061_20200816_20200816_01_RT_p00470.tif,/data/heguozhen/Fire/activefire/masks/voting/LC08_L1TP_182061_20200816_20200816_01_RT_voting_p00470.tif
/data/heguozhen/Fire/activefire/images/patches/LC08_L1TP_008046_20200813_20200813_01_RT_p00335.tif,/data/heguozhen/Fire/activefire/masks/voting/LC08_L1TP_008046_20200813_20200813_01_RT_voting_p00335.tif
/data/heguozhen/Fire/activefire/images/patches/LC08_L1TP_117031_20200825_20200825_01_RT_p00525.tif,/data/heguozhen/Fire/activefire/masks/voting/LC08_L1TP_117031_20200825_20200825_01_RT_voting_p00525.tif
/data/heguozhen/Fire/activefire/images/patches/LC08_L1TP_126032_20200824_20200824_01_RT_p00852.tif,/data/heguozhen/Fire/activefire/masks/voting/LC08_L1TP_126032_20200824_20200824_01_RT_voting_p00852.tif
/data/heguozhen/Fire/activefire/images/patches/LC08_L1TP_136015_20200830_20200830_01_RT_p00876.tif,/data/heguozhen/Fire/activefire/masks/voting/LC08_L1TP_136015_20200830_20200830_01_RT_voting_p00876.tif
/data/heguozhen/Fire/activefire/images/patches/LC08_L1TP_118028_20200816_20200816_01_RT_p00531.tif,/data/heguozhen/Fire/activefire/masks/voting/LC08_L1TP_118028_20200816_20200816_01_RT_voting_p00531.tif
/data/heguozhen/Fire/activefire/images/patches/LC08_L1TP_173071_20200817_20200817_01_RT_p00595.tif,/data/heguozhen/Fire/activefire/masks/voting/LC08_L1TP_173071_20200817_20200817_01_RT_voting_p00595.tif
/data/heguozhen/Fire/activefire/images/patches/LC08_L1TP_172067_20200810_20200810_01_RT_p00787.tif,/data/heguozhen/Fire/activefire/masks/voting/LC08_L1TP_172067_20200810_20200810_01_RT_voting_p00787.tif
/data/heguozhen/Fire/activefire/images/patches/LC08_L1TP_167073_20200823_20200823_01_RT_p00175.tif,/data/heguozhen/Fire/activefire/masks/voting/LC08_L1TP_167073_20200823_20200823_01_RT_voting_p00175.tif
/data/heguozhen/Fire/activefire/images/patches/LC08_L1TP_222076_20200808_20200808_01_RT_p00698.tif,/data/heguozhen/Fire/activefire/masks/voting/LC08_L1TP_222076_20200808_20200808_01_RT_voting_p00698.tif
/data/heguozhen/Fire/activefire/images/patches/LC08_L1TP_115066_20200827_20200827_01_RT_p00301.tif,/data/heguozhen/Fire/activefire/masks/voting/LC08_L1TP_115066_20200827_20200827_01_RT_voting_p00301.tif
/data/heguozhen/Fire/activefire/images/patches/LC08_L1TP_230079_20200816_20200816_01_RT_p00851.tif,/data/heguozhen/Fire/activefire/masks/voting/LC08_L1TP_230079_20200816_20200816_01_RT_voting_p00851.tif
/data/heguozhen/Fire/activefire/images/patches/LC08_L1TP_173069_20200817_20200817_01_RT_p00673.tif,/data/heguozhen/Fire/activefire/masks/voting/LC08_L1TP_173069_20200817_20200817_01_RT_voting_p00673.tif
/data/heguozhen/Fire/activefire/images/patches/LC08_L1TP_170066_20200812_20200812_01_RT_p00324.tif,/data/heguozhen/Fire/activefire/masks/voting/LC08_L1TP_170066_20200812_20200812_01_RT_voting_p00324.tif
/data/heguozhen/Fire/activefire/images/patches/LC08_L1TP_096070_20200822_20200822_01_RT_p00275.tif,/data/heguozhen/Fire/activefire/masks/voting/LC08_L1TP_096070_20200822_20200822_01_RT_voting_p00275.tif
/data/heguozhen/Fire/activefire/images/patches/LC08_L1TP_189034_20200817_20200817_01_RT_p00510.tif,/data/heguozhen/Fire/activefire/masks/voting/LC08_L1TP_189034_20200817_20200817_01_RT_voting_p00510.tif
/data/heguozhen/Fire/activefire/images/patches/LC08_L1TP_118028_20200816_20200816_01_RT_p00782.tif,/data/heguozhen/Fire/activefire/masks/voting/LC08_L1TP_118028_20200816_20200816_01_RT_voting_p00782.tif
/data/heguozhen/Fire/activefire/images/patches/LC08_L1TP_010064_20200827_20200827_01_RT_p00824.tif,/data/heguozhen/Fire/activefire/masks/voting/LC08_L1TP_010064_20200827_20200827_01_RT_voting_p00824.tif
/data/heguozhen/Fire/activefire/images/patches/LC08_L1TP_172070_20200810_20200810_01_RT_p00761.tif,/data/heguozhen/Fire/activefire/masks/voting/LC08_L1TP_172070_20200810_20200810_01_RT_voting_p00761.tif
/data/heguozhen/Fire/activefire/images/patches/LC08_L1TP_161072_20200813_20200813_01_RT_p00827.tif,/data/heguozhen/Fire/activefire/masks/voting/LC08_L1TP_161072_20200813_20200813_01_RT_voting_p00827.tif
/data/heguozhen/Fire/activefire/images/patches/LC08_L1TP_141054_20200817_20200817_01_RT_p00487.tif,/data/heguozhen/Fire/activefire/masks/voting/LC08_L1TP_141054_20200817_20200817_01_RT_voting_p00487.tif
/data/heguozhen/Fire/activefire/images/patches/LC08_L1TP_170078_20200812_20200812_01_RT_p00420.tif,/data/heguozhen/Fire/activefire/masks/voting/LC08_L1TP_170078_20200812_20200812_01_RT_voting_p00420.tif
/data/heguozhen/Fire/activefire/images/patches/LC08_L1TP_124032_20200810_20200810_01_RT_p00562.tif,/data/heguozhen/Fire/activefire/masks/voting/LC08_L1TP_124032_20200810_20200810_01_RT_voting_p00562.tif
/data/heguozhen/Fire/activefire/images/patches/LC08_L1TP_220073_20200810_20200810_01_RT_p00194.tif,/data/heguozhen/Fire/activefire/masks/voting/LC08_L1TP_220073_20200810_20200810_01_RT_voting_p00194.tif
/data/heguozhen/Fire/activefire/images/patches/LC08_L1TP_172068_20200810_20200810_01_RT_p00423.tif,/data/heguozhen/Fire/activefire/masks/voting/LC08_L1TP_172068_20200810_20200810_01_RT_voting_p00423.tif
/data/heguozhen/Fire/activefire/images/patches/LC08_L1TP_160076_20200822_20200822_01_RT_p00375.tif,/data/heguozhen/Fire/activefire/masks/voting/LC08_L1TP_160076_20200822_20200822_01_RT_voting_p00375.tif
/data/heguozhen/Fire/activefire/images/patches/LC08_L1TP_179070_20200811_20200811_01_RT_p00427.tif,/data/heguozhen/Fire/activefire/masks/voting/LC08_L1TP_179070_20200811_20200811_01_RT_voting_p00427.tif
/data/heguozhen/Fire/activefire/images/patches/LC08_L1TP_105068_20200821_20200821_01_RT_p00723.tif,/data/heguozhen/Fire/activefire/masks/voting/LC08_L1TP_105068_20200821_20200821_01_RT_voting_p00723.tif
/data/heguozhen/Fire/activefire/images/patches/LC08_L1TP_120030_20200814_20200814_01_RT_p00841.tif,/data/heguozhen/Fire/activefire/masks/voting/LC08_L1TP_120030_20200814_20200814_01_RT_voting_p00841.tif
/data/heguozhen/Fire/activefire/images/patches/LC08_L1TP_170064_20200812_20200812_01_RT_p00273.tif,/data/heguozhen/Fire/activefire/masks/voting/LC08_L1TP_170064_20200812_20200812_01_RT_voting_p00273.tif
/data/heguozhen/Fire/activefire/images/patches/LC08_L1TP_116050_20200818_20200818_01_RT_p00503.tif,/data/heguozhen/Fire/activefire/masks/voting/LC08_L1TP_116050_20200818_20200818_01_RT_voting_p00503.tif
/data/heguozhen/Fire/activefire/images/patches/LC08_L1TP_188033_20200810_20200810_01_RT_p00877.tif,/data/heguozhen/Fire/activefire/masks/voting/LC08_L1TP_188033_20200810_20200810_01_RT_voting_p00877.tif
/data/heguozhen/Fire/activefire/images/patches/LC08_L1TP_115066_20200827_20200827_01_RT_p00788.tif,/data/heguozhen/Fire/activefire/masks/voting/LC08_L1TP_115066_20200827_20200827_01_RT_voting_p00788.tif
/data/heguozhen/Fire/activefire/images/patches/LC08_L1TP_112063_20200822_20200822_01_RT_p00195.tif,/data/heguozhen/Fire/activefire/masks/voting/LC08_L1TP_112063_20200822_20200822_01_RT_voting_p00195.tif
/data/heguozhen/Fire/activefire/images/patches/LC08_L1TP_172069_20200810_20200810_01_RT_p00389.tif,/data/heguozhen/Fire/activefire/masks/voting/LC08_L1TP_172069_20200810_20200810_01_RT_voting_p00389.tif
/data/heguozhen/Fire/activefire/images/patches/LC08_L1TP_090079_20200811_20200812_01_RT_p00696.tif,/data/heguozhen/Fire/activefire/masks/voting/LC08_L1TP_090079_20200811_20200812_01_RT_voting_p00696.tif
/data/heguozhen/Fire/activefire/images/patches/LC08_L1TP_227071_20200811_20200811_01_RT_p00555.tif,/data/heguozhen/Fire/activefire/masks/voting/LC08_L1TP_227071_20200811_20200811_01_RT_voting_p00555.tif
/data/heguozhen/Fire/activefire/images/patches/LC08_L1TP_130031_20200820_20200820_01_RT_p00681.tif,/data/heguozhen/Fire/activefire/masks/voting/LC08_L1TP_130031_20200820_20200820_01_RT_voting_p00681.tif
/data/heguozhen/Fire/activefire/images/patches/LC08_L1TP_124051_20200826_20200826_01_RT_p00792.tif,/data/heguozhen/Fire/activefire/masks/voting/LC08_L1TP_124051_20200826_20200826_01_RT_voting_p00792.tif
/data/heguozhen/Fire/activefire/images/patches/LC08_L1TP_120029_20200814_20200814_01_RT_p00458.tif,/data/heguozhen/Fire/activefire/masks/voting/LC08_L1TP_120029_20200814_20200814_01_RT_voting_p00458.tif
/data/heguozhen/Fire/activefire/images/patches/LC08_L1TP_170070_20200812_20200812_01_RT_p00418.tif,/data/heguozhen/Fire/activefire/masks/voting/LC08_L1TP_170070_20200812_20200812_01_RT_voting_p00418.tif
/data/heguozhen/Fire/activefire/images/patches/LC08_L1TP_099070_20200827_20200827_01_RT_p00877.tif,/data/heguozhen/Fire/activefire/masks/voting/LC08_L1TP_099070_20200827_20200827_01_RT_voting_p00877.tif
/data/heguozhen/Fire/activefire/images/patches/LC08_L1TP_182067_20200816_20200816_01_RT_p00470.tif,/data/heguozhen/Fire/activefire/masks/voting/LC08_L1TP_182067_20200816_20200816_01_RT_voting_p00470.tif
/data/heguozhen/Fire/activefire/images/patches/LC08_L1TP_167036_20200823_20200823_01_RT_p00577.tif,/data/heguozhen/Fire/activefire/masks/voting/LC08_L1TP_167036_20200823_20200823_01_RT_voting_p00577.tif
/data/heguozhen/Fire/activefire/images/patches/LC08_L1TP_132015_20200818_20200818_01_RT_p00462.tif,/data/heguozhen/Fire/activefire/masks/voting/LC08_L1TP_132015_20200818_20200818_01_RT_voting_p00462.tif
/data/heguozhen/Fire/activefire/images/patches/LC08_L1TP_129032_20200813_20200813_01_RT_p00239.tif,/data/heguozhen/Fire/activefire/masks/voting/LC08_L1TP_129032_20200813_20200813_01_RT_voting_p00239.tif
/data/heguozhen/Fire/activefire/images/patches/LC08_L1TP_131030_20200827_20200827_01_RT_p00165.tif,/data/heguozhen/Fire/activefire/masks/voting/LC08_L1TP_131030_20200827_20200827_01_RT_voting_p00165.tif
/data/heguozhen/Fire/activefire/images/patches/LC08_L1TP_115028_20200811_20200811_01_RT_p00328.tif,/data/heguozhen/Fire/activefire/masks/voting/LC08_L1TP_115028_20200811_20200811_01_RT_voting_p00328.tif
/data/heguozhen/Fire/activefire/images/patches/LC08_L1TP_172067_20200810_20200810_01_RT_p00474.tif,/data/heguozhen/Fire/activefire/masks/voting/LC08_L1TP_172067_20200810_20200810_01_RT_voting_p00474.tif
/data/heguozhen/Fire/activefire/images/patches/LC08_L1TP_170070_20200812_20200812_01_RT_p00444.tif,/data/heguozhen/Fire/activefire/masks/voting/LC08_L1TP_170070_20200812_20200812_01_RT_voting_p00444.tif
/data/heguozhen/Fire/activefire/images/patches/LC08_L1TP_186027_20200812_20200812_01_RT_p00158.tif,/data/heguozhen/Fire/activefire/masks/voting/LC08_L1TP_186027_20200812_20200812_01_RT_voting_p00158.tif
/data/heguozhen/Fire/activefire/images/patches/LC08_L1TP_169036_20200821_20200821_01_RT_p00628.tif,/data/heguozhen/Fire/activefire/masks/voting/LC08_L1TP_169036_20200821_20200821_01_RT_voting_p00628.tif
/data/heguozhen/Fire/activefire/images/patches/LC08_L1TP_169069_20200821_20200821_01_RT_p00672.tif,/data/heguozhen/Fire/activefire/masks/voting/LC08_L1TP_169069_20200821_20200821_01_RT_voting_p00672.tif
/data/heguozhen/Fire/activefire/images/patches/LC08_L1TP_121029_20200821_20200821_01_RT_p00702.tif,/data/heguozhen/Fire/activefire/masks/voting/LC08_L1TP_121029_20200821_20200821_01_RT_voting_p00702.tif
/data/heguozhen/Fire/activefire/images/patches/LC08_L1TP_170071_20200812_20200812_01_RT_p00318.tif,/data/heguozhen/Fire/activefire/masks/voting/LC08_L1TP_170071_20200812_20200812_01_RT_voting_p00318.tif
/data/heguozhen/Fire/activefire/images/patches/LC08_L1TP_146027_20200820_20200820_01_RT_p00521.tif,/data/heguozhen/Fire/activefire/masks/voting/LC08_L1TP_146027_20200820_20200820_01_RT_voting_p00521.tif
/data/heguozhen/Fire/activefire/images/patches/LC08_L1TP_174069_20200808_20200808_01_RT_p00769.tif,/data/heguozhen/Fire/activefire/masks/voting/LC08_L1TP_174069_20200808_20200808_01_RT_voting_p00769.tif
/data/heguozhen/Fire/activefire/images/patches/LC08_L1TP_114036_20200820_20200820_01_RT_p00409.tif,/data/heguozhen/Fire/activefire/masks/voting/LC08_L1TP_114036_20200820_20200820_01_RT_voting_p00409.tif
/data/heguozhen/Fire/activefire/images/patches/LC08_L1TP_131034_20200811_20200811_01_RT_p00672.tif,/data/heguozhen/Fire/activefire/masks/voting/LC08_L1TP_131034_20200811_20200811_01_RT_voting_p00672.tif
/data/heguozhen/Fire/activefire/images/patches/LC08_L1TP_122013_20200812_20200812_01_RT_p00835.tif,/data/heguozhen/Fire/activefire/masks/voting/LC08_L1TP_122013_20200812_20200812_01_RT_voting_p00835.tif
/data/heguozhen/Fire/activefire/images/patches/LC08_L1TP_170070_20200812_20200812_01_RT_p00732.tif,/data/heguozhen/Fire/activefire/masks/voting/LC08_L1TP_170070_20200812_20200812_01_RT_voting_p00732.tif
/data/heguozhen/Fire/activefire/images/patches/LC08_L1TP_173068_20200817_20200817_01_RT_p00772.tif,/data/heguozhen/Fire/activefire/masks/voting/LC08_L1TP_173068_20200817_20200817_01_RT_voting_p00772.tif
/data/heguozhen/Fire/activefire/images/patches/LC08_L1TP_121015_20200821_20200821_01_RT_p00251.tif,/data/heguozhen/Fire/activefire/masks/voting/LC08_L1TP_121015_20200821_20200821_01_RT_voting_p00251.tif
/data/heguozhen/Fire/activefire/images/patches/LC08_L1GT_184061_20200814_20200814_01_RT_p00852.tif,/data/heguozhen/Fire/activefire/masks/voting/LC08_L1GT_184061_20200814_20200814_01_RT_voting_p00852.tif
/data/heguozhen/Fire/activefire/images/patches/LC08_L1TP_172061_20200810_20200810_01_RT_p00445.tif,/data/heguozhen/Fire/activefire/masks/voting/LC08_L1TP_172061_20200810_20200810_01_RT_voting_p00445.tif
/data/heguozhen/Fire/activefire/images/patches/LC08_L1TP_222080_20200808_20200808_01_RT_p00391.tif,/data/heguozhen/Fire/activefire/masks/voting/LC08_L1TP_222080_20200808_20200808_01_RT_voting_p00391.tif
/data/heguozhen/Fire/activefire/images/patches/LC08_L1TP_170069_20200812_20200812_01_RT_p00615.tif,/data/heguozhen/Fire/activefire/masks/voting/LC08_L1TP_170069_20200812_20200812_01_RT_voting_p00615.tif
/data/heguozhen/Fire/activefire/images/patches/LC08_L1GT_182060_20200816_20200816_01_RT_p00555.tif,/data/heguozhen/Fire/activefire/masks/voting/LC08_L1GT_182060_20200816_20200816_01_RT_voting_p00555.tif
/data/heguozhen/Fire/activefire/images/patches/LC08_L1TP_175068_20200815_20200815_01_RT_p00131.tif,/data/heguozhen/Fire/activefire/masks/voting/LC08_L1TP_175068_20200815_20200815_01_RT_voting_p00131.tif
/data/heguozhen/Fire/activefire/images/patches/LC08_L1GT_182060_20200816_20200816_01_RT_p00181.tif,/data/heguozhen/Fire/activefire/masks/voting/LC08_L1GT_182060_20200816_20200816_01_RT_voting_p00181.tif
/data/heguozhen/Fire/activefire/images/patches/LC08_L1TP_137017_20200821_20200821_01_RT_p00054.tif,/data/heguozhen/Fire/activefire/masks/voting/LC08_L1TP_137017_20200821_20200821_01_RT_voting_p00054.tif
/data/heguozhen/Fire/activefire/images/patches/LC08_L1TP_189032_20200817_20200817_01_RT_p00752.tif,/data/heguozhen/Fire/activefire/masks/voting/LC08_L1TP_189032_20200817_20200817_01_RT_voting_p00752.tif
/data/heguozhen/Fire/activefire/images/patches/LC08_L1TP_182061_20200816_20200816_01_RT_p00105.tif,/data/heguozhen/Fire/activefire/masks/voting/LC08_L1TP_182061_20200816_20200816_01_RT_voting_p00105.tif
/data/heguozhen/Fire/activefire/images/patches/LC08_L1TP_224079_20200806_20200807_01_RT_p00328.tif,/data/heguozhen/Fire/activefire/masks/voting/LC08_L1TP_224079_20200806_20200807_01_RT_voting_p00328.tif
/data/heguozhen/Fire/activefire/images/patches/LC08_L1TP_179063_20200811_20200811_01_RT_p00513.tif,/data/heguozhen/Fire/activefire/masks/voting/LC08_L1TP_179063_20200811_20200811_01_RT_voting_p00513.tif
/data/heguozhen/Fire/activefire/images/patches/LC08_L1TP_181063_20200809_20200809_01_RT_p00759.tif,/data/heguozhen/Fire/activefire/masks/voting/LC08_L1TP_181063_20200809_20200809_01_RT_voting_p00759.tif
/data/heguozhen/Fire/activefire/images/patches/LC08_L1TP_120058_20200830_20200830_01_RT_p00847.tif,/data/heguozhen/Fire/activefire/masks/voting/LC08_L1TP_120058_20200830_20200830_01_RT_voting_p00847.tif
/data/heguozhen/Fire/activefire/images/patches/LC08_L1TP_146028_20200820_20200820_01_RT_p00628.tif,/data/heguozhen/Fire/activefire/masks/voting/LC08_L1TP_146028_20200820_20200820_01_RT_voting_p00628.tif
/data/heguozhen/Fire/activefire/images/patches/LC08_L1TP_173066_20200817_20200817_01_RT_p00549.tif,/data/heguozhen/Fire/activefire/masks/voting/LC08_L1TP_173066_20200817_20200817_01_RT_voting_p00549.tif
/data/heguozhen/Fire/activefire/images/patches/LC08_L1TP_172070_20200810_20200810_01_RT_p00337.tif,/data/heguozhen/Fire/activefire/masks/voting/LC08_L1TP_172070_20200810_20200810_01_RT_voting_p00337.tif
/data/heguozhen/Fire/activefire/images/patches/LC08_L1TP_173067_20200817_20200817_01_RT_p00468.tif,/data/heguozhen/Fire/activefire/masks/voting/LC08_L1TP_173067_20200817_20200817_01_RT_voting_p00468.tif
/data/heguozhen/Fire/activefire/images/patches/LC08_L1TP_174069_20200808_20200808_01_RT_p00269.tif,/data/heguozhen/Fire/activefire/masks/voting/LC08_L1TP_174069_20200808_20200808_01_RT_voting_p00269.tif
/data/heguozhen/Fire/activefire/images/patches/LC08_L1TP_047027_20200814_20200815_01_RT_p00782.tif,/data/heguozhen/Fire/activefire/masks/voting/LC08_L1TP_047027_20200814_20200815_01_RT_voting_p00782.tif
/data/heguozhen/Fire/activefire/images/patches/LC08_L1TP_175069_20200815_20200815_01_RT_p00426.tif,/data/heguozhen/Fire/activefire/masks/voting/LC08_L1TP_175069_20200815_20200815_01_RT_voting_p00426.tif
/data/heguozhen/Fire/activefire/images/patches/LC08_L1TP_172062_20200810_20200810_01_RT_p00599.tif,/data/heguozhen/Fire/activefire/masks/voting/LC08_L1TP_172062_20200810_20200810_01_RT_voting_p00599.tif
/data/heguozhen/Fire/activefire/images/patches/LC08_L1TP_163055_20200811_20200811_01_RT_p00108.tif,/data/heguozhen/Fire/activefire/masks/voting/LC08_L1TP_163055_20200811_20200811_01_RT_voting_p00108.tif
/data/heguozhen/Fire/activefire/images/patches/LC08_L1TP_119027_20200823_20200823_01_RT_p00637.tif,/data/heguozhen/Fire/activefire/masks/voting/LC08_L1TP_119027_20200823_20200823_01_RT_voting_p00637.tif
/data/heguozhen/Fire/activefire/images/patches/LC08_L1TP_168073_20200830_20200830_01_RT_p00513.tif,/data/heguozhen/Fire/activefire/masks/voting/LC08_L1TP_168073_20200830_20200830_01_RT_voting_p00513.tif
/data/heguozhen/Fire/activefire/images/patches/LC08_L1TP_173071_20200817_20200817_01_RT_p00508.tif,/data/heguozhen/Fire/activefire/masks/voting/LC08_L1TP_173071_20200817_20200817_01_RT_voting_p00508.tif
/data/heguozhen/Fire/activefire/images/patches/LC08_L1TP_172070_20200810_20200810_01_RT_p00281.tif,/data/heguozhen/Fire/activefire/masks/voting/LC08_L1TP_172070_20200810_20200810_01_RT_voting_p00281.tif
/data/heguozhen/Fire/activefire/images/patches/LC08_L1TP_173066_20200817_20200817_01_RT_p00761.tif,/data/heguozhen/Fire/activefire/masks/voting/LC08_L1TP_173066_20200817_20200817_01_RT_voting_p00761.tif
/data/heguozhen/Fire/activefire/images/patches/LC08_L1TP_118028_20200816_20200816_01_RT_p00636.tif,/data/heguozhen/Fire/activefire/masks/voting/LC08_L1TP_118028_20200816_20200816_01_RT_voting_p00636.tif
/data/heguozhen/Fire/activefire/images/patches/LC08_L1TP_119026_20200823_20200823_01_RT_p00502.tif,/data/heguozhen/Fire/activefire/masks/voting/LC08_L1TP_119026_20200823_20200823_01_RT_voting_p00502.tif
/data/heguozhen/Fire/activefire/images/patches/LC08_L1TP_110036_20200824_20200824_01_RT_p00292.tif,/data/heguozhen/Fire/activefire/masks/voting/LC08_L1TP_110036_20200824_20200824_01_RT_voting_p00292.tif
/data/heguozhen/Fire/activefire/images/patches/LC08_L1TP_166066_20200816_20200816_01_RT_p00616.tif,/data/heguozhen/Fire/activefire/masks/voting/LC08_L1TP_166066_20200816_20200816_01_RT_voting_p00616.tif
/data/heguozhen/Fire/activefire/images/patches/LC08_L1TP_165067_20200809_20200809_01_RT_p00575.tif,/data/heguozhen/Fire/activefire/masks/voting/LC08_L1TP_165067_20200809_20200809_01_RT_voting_p00575.tif
/data/heguozhen/Fire/activefire/images/patches/LC08_L1TP_168073_20200830_20200830_01_RT_p00518.tif,/data/heguozhen/Fire/activefire/masks/voting/LC08_L1TP_168073_20200830_20200830_01_RT_voting_p00518.tif
/data/heguozhen/Fire/activefire/images/patches/LC08_L1TP_128014_20200822_20200822_01_RT_p00710.tif,/data/heguozhen/Fire/activefire/masks/voting/LC08_L1TP_128014_20200822_20200822_01_RT_voting_p00710.tif
/data/heguozhen/Fire/activefire/images/patches/LC08_L1TP_144034_20200822_20200822_01_RT_p00239.tif,/data/heguozhen/Fire/activefire/masks/voting/LC08_L1TP_144034_20200822_20200822_01_RT_voting_p00239.tif
/data/heguozhen/Fire/activefire/images/patches/LC08_L1TP_165069_20200809_20200809_01_RT_p00106.tif,/data/heguozhen/Fire/activefire/masks/voting/LC08_L1TP_165069_20200809_20200809_01_RT_voting_p00106.tif
/data/heguozhen/Fire/activefire/images/patches/LC08_L1TP_181061_20200809_20200809_01_RT_p00251.tif,/data/heguozhen/Fire/activefire/masks/voting/LC08_L1TP_181061_20200809_20200809_01_RT_voting_p00251.tif
/data/heguozhen/Fire/activefire/images/patches/LC08_L1TP_181062_20200809_20200809_01_RT_p00823.tif,/data/heguozhen/Fire/activefire/masks/voting/LC08_L1TP_181062_20200809_20200809_01_RT_voting_p00823.tif
/data/heguozhen/Fire/activefire/images/patches/LC08_L1TP_165068_20200809_20200809_01_RT_p00328.tif,/data/heguozhen/Fire/activefire/masks/voting/LC08_L1TP_165068_20200809_20200809_01_RT_voting_p00328.tif
/data/heguozhen/Fire/activefire/images/patches/LC08_L1TP_170072_20200812_20200812_01_RT_p00710.tif,/data/heguozhen/Fire/activefire/masks/voting/LC08_L1TP_170072_20200812_20200812_01_RT_voting_p00710.tif
/data/heguozhen/Fire/activefire/images/patches/LC08_L1TP_227078_20200811_20200811_01_RT_p00258.tif,/data/heguozhen/Fire/activefire/masks/voting/LC08_L1TP_227078_20200811_20200811_01_RT_voting_p00258.tif
/data/heguozhen/Fire/activefire/images/patches/LC08_L1TP_137019_20200821_20200821_01_RT_p00369.tif,/data/heguozhen/Fire/activefire/masks/voting/LC08_L1TP_137019_20200821_20200821_01_RT_voting_p00369.tif
/data/heguozhen/Fire/activefire/images/patches/LC08_L1TP_121026_20200821_20200821_01_RT_p00669.tif,/data/heguozhen/Fire/activefire/masks/voting/LC08_L1TP_121026_20200821_20200821_01_RT_voting_p00669.tif
/data/heguozhen/Fire/activefire/images/patches/LC08_L1TP_010064_20200827_20200827_01_RT_p00760.tif,/data/heguozhen/Fire/activefire/masks/voting/LC08_L1TP_010064_20200827_20200827_01_RT_voting_p00760.tif
/data/heguozhen/Fire/activefire/images/patches/LC08_L1TP_120033_20200814_20200814_01_RT_p00814.tif,/data/heguozhen/Fire/activefire/masks/voting/LC08_L1TP_120033_20200814_20200814_01_RT_voting_p00814.tif
/data/heguozhen/Fire/activefire/images/patches/LC08_L1TP_181069_20200809_20200809_01_RT_p00757.tif,/data/heguozhen/Fire/activefire/masks/voting/LC08_L1TP_181069_20200809_20200809_01_RT_voting_p00757.tif
/data/heguozhen/Fire/activefire/images/patches/LC08_L1TP_126031_20200824_20200824_01_RT_p00337.tif,/data/heguozhen/Fire/activefire/masks/voting/LC08_L1TP_126031_20200824_20200824_01_RT_voting_p00337.tif
/data/heguozhen/Fire/activefire/images/patches/LC08_L1TP_173067_20200817_20200817_01_RT_p00552.tif,/data/heguozhen/Fire/activefire/masks/voting/LC08_L1TP_173067_20200817_20200817_01_RT_voting_p00552.tif
/data/heguozhen/Fire/activefire/images/patches/LC08_L1TP_119033_20200823_20200823_01_RT_p00346.tif,/data/heguozhen/Fire/activefire/masks/voting/LC08_L1TP_119033_20200823_20200823_01_RT_voting_p00346.tif
/data/heguozhen/Fire/activefire/images/patches/LC08_L1TP_170066_20200812_20200812_01_RT_p00205.tif,/data/heguozhen/Fire/activefire/masks/voting/LC08_L1TP_170066_20200812_20200812_01_RT_voting_p00205.tif
/data/heguozhen/Fire/activefire/images/patches/LC08_L1TP_125052_20200817_20200817_01_RT_p00645.tif,/data/heguozhen/Fire/activefire/masks/voting/LC08_L1TP_125052_20200817_20200817_01_RT_voting_p00645.tif
/data/heguozhen/Fire/activefire/images/patches/LC08_L1TP_173063_20200817_20200817_01_RT_p00543.tif,/data/heguozhen/Fire/activefire/masks/voting/LC08_L1TP_173063_20200817_20200817_01_RT_voting_p00543.tif
/data/heguozhen/Fire/activefire/images/patches/LC08_L1TP_092079_20200826_20200826_01_RT_p00755.tif,/data/heguozhen/Fire/activefire/masks/voting/LC08_L1TP_092079_20200826_20200826_01_RT_voting_p00755.tif
/data/heguozhen/Fire/activefire/images/patches/LC08_L1TP_170035_20200812_20200812_01_RT_p00817.tif,/data/heguozhen/Fire/activefire/masks/voting/LC08_L1TP_170035_20200812_20200812_01_RT_voting_p00817.tif
/data/heguozhen/Fire/activefire/images/patches/LC08_L1TP_222064_20200808_20200808_01_RT_p00455.tif,/data/heguozhen/Fire/activefire/masks/voting/LC08_L1TP_222064_20200808_20200808_01_RT_voting_p00455.tif
/data/heguozhen/Fire/activefire/images/patches/LC08_L1TP_181033_20200809_20200809_01_RT_p00576.tif,/data/heguozhen/Fire/activefire/masks/voting/LC08_L1TP_181033_20200809_20200809_01_RT_voting_p00576.tif
/data/heguozhen/Fire/activefire/images/patches/LC08_L1TP_166070_20200816_20200816_01_RT_p00850.tif,/data/heguozhen/Fire/activefire/masks/voting/LC08_L1TP_166070_20200816_20200816_01_RT_voting_p00850.tif
/data/heguozhen/Fire/activefire/images/patches/LC08_L1TP_136018_20200830_20200830_01_RT_p00247.tif,/data/heguozhen/Fire/activefire/masks/voting/LC08_L1TP_136018_20200830_20200830_01_RT_voting_p00247.tif
/data/heguozhen/Fire/activefire/images/patches/LC08_L1TP_166073_20200816_20200816_01_RT_p00283.tif,/data/heguozhen/Fire/activefire/masks/voting/LC08_L1TP_166073_20200816_20200816_01_RT_voting_p00283.tif
/data/heguozhen/Fire/activefire/images/patches/LC08_L1TP_174069_20200808_20200808_01_RT_p00596.tif,/data/heguozhen/Fire/activefire/masks/voting/LC08_L1TP_174069_20200808_20200808_01_RT_voting_p00596.tif
/data/heguozhen/Fire/activefire/images/patches/LC08_L1TP_168073_20200830_20200830_01_RT_p00734.tif,/data/heguozhen/Fire/activefire/masks/voting/LC08_L1TP_168073_20200830_20200830_01_RT_voting_p00734.tif
/data/heguozhen/Fire/activefire/images/patches/LC08_L1TP_141019_20200817_20200817_01_RT_p00932.tif,/data/heguozhen/Fire/activefire/masks/voting/LC08_L1TP_141019_20200817_20200817_01_RT_voting_p00932.tif
/data/heguozhen/Fire/activefire/images/patches/LC08_L1TP_165069_20200809_20200809_01_RT_p00141.tif,/data/heguozhen/Fire/activefire/masks/voting/LC08_L1TP_165069_20200809_20200809_01_RT_voting_p00141.tif
/data/heguozhen/Fire/activefire/images/patches/LC08_L1TP_128014_20200822_20200822_01_RT_p00359.tif,/data/heguozhen/Fire/activefire/masks/voting/LC08_L1TP_128014_20200822_20200822_01_RT_voting_p00359.tif
/data/heguozhen/Fire/activefire/images/patches/LC08_L1TP_220064_20200810_20200810_01_RT_p00268.tif,/data/heguozhen/Fire/activefire/masks/voting/LC08_L1TP_220064_20200810_20200810_01_RT_voting_p00268.tif
/data/heguozhen/Fire/activefire/images/patches/LC08_L1TP_120030_20200814_20200814_01_RT_p00822.tif,/data/heguozhen/Fire/activefire/masks/voting/LC08_L1TP_120030_20200814_20200814_01_RT_voting_p00822.tif
/data/heguozhen/Fire/activefire/images/patches/LC08_L1TP_170071_20200812_20200812_01_RT_p00287.tif,/data/heguozhen/Fire/activefire/masks/voting/LC08_L1TP_170071_20200812_20200812_01_RT_voting_p00287.tif
/data/heguozhen/Fire/activefire/images/patches/LC08_L1TP_121029_20200821_20200821_01_RT_p00767.tif,/data/heguozhen/Fire/activefire/masks/voting/LC08_L1TP_121029_20200821_20200821_01_RT_voting_p00767.tif
/data/heguozhen/Fire/activefire/images/patches/LC08_L1TP_166043_20200816_20200816_01_RT_p00790.tif,/data/heguozhen/Fire/activefire/masks/voting/LC08_L1TP_166043_20200816_20200816_01_RT_voting_p00790.tif
/data/heguozhen/Fire/activefire/images/patches/LC08_L1TP_175071_20200815_20200815_01_RT_p00675.tif,/data/heguozhen/Fire/activefire/masks/voting/LC08_L1TP_175071_20200815_20200815_01_RT_voting_p00675.tif
/data/heguozhen/Fire/activefire/images/patches/LC08_L1TP_129033_20200813_20200813_01_RT_p00177.tif,/data/heguozhen/Fire/activefire/masks/voting/LC08_L1TP_129033_20200813_20200813_01_RT_voting_p00177.tif
/data/heguozhen/Fire/activefire/images/patches/LC08_L1TP_121028_20200821_20200821_01_RT_p00661.tif,/data/heguozhen/Fire/activefire/masks/voting/LC08_L1TP_121028_20200821_20200821_01_RT_voting_p00661.tif
/data/heguozhen/Fire/activefire/images/patches/LC08_L1TP_230065_20200816_20200816_01_RT_p00816.tif,/data/heguozhen/Fire/activefire/masks/voting/LC08_L1TP_230065_20200816_20200816_01_RT_voting_p00816.tif
/data/heguozhen/Fire/activefire/images/patches/LC08_L1TP_158018_20200808_20200808_01_RT_p00324.tif,/data/heguozhen/Fire/activefire/masks/voting/LC08_L1TP_158018_20200808_20200808_01_RT_voting_p00324.tif
/data/heguozhen/Fire/activefire/images/patches/LC08_L1TP_182062_20200816_20200816_01_RT_p00679.tif,/data/heguozhen/Fire/activefire/masks/voting/LC08_L1TP_182062_20200816_20200816_01_RT_voting_p00679.tif
/data/heguozhen/Fire/activefire/images/patches/LC08_L1TP_170064_20200812_20200812_01_RT_p00272.tif,/data/heguozhen/Fire/activefire/masks/voting/LC08_L1TP_170064_20200812_20200812_01_RT_voting_p00272.tif
/data/heguozhen/Fire/activefire/images/patches/LC08_L1TP_122038_20200828_20200828_01_RT_p00566.tif,/data/heguozhen/Fire/activefire/masks/voting/LC08_L1TP_122038_20200828_20200828_01_RT_voting_p00566.tif
/data/heguozhen/Fire/activefire/images/patches/LC08_L1TP_129031_20200813_20200813_01_RT_p00711.tif,/data/heguozhen/Fire/activefire/masks/voting/LC08_L1TP_129031_20200813_20200813_01_RT_voting_p00711.tif
/data/heguozhen/Fire/activefire/images/patches/LC08_L1TP_227077_20200811_20200811_01_RT_p00211.tif,/data/heguozhen/Fire/activefire/masks/voting/LC08_L1TP_227077_20200811_20200811_01_RT_voting_p00211.tif
/data/heguozhen/Fire/activefire/images/patches/LC08_L1TP_008052_20200813_20200813_01_RT_p00394.tif,/data/heguozhen/Fire/activefire/masks/voting/LC08_L1TP_008052_20200813_20200813_01_RT_voting_p00394.tif
/data/heguozhen/Fire/activefire/images/patches/LC08_L1TP_170062_20200812_20200812_01_RT_p00723.tif,/data/heguozhen/Fire/activefire/masks/voting/LC08_L1TP_170062_20200812_20200812_01_RT_voting_p00723.tif
/data/heguozhen/Fire/activefire/images/patches/LC08_L1TP_181063_20200809_20200809_01_RT_p00238.tif,/data/heguozhen/Fire/activefire/masks/voting/LC08_L1TP_181063_20200809_20200809_01_RT_voting_p00238.tif
/data/heguozhen/Fire/activefire/images/patches/LC08_L1TP_121031_20200821_20200821_01_RT_p00452.tif,/data/heguozhen/Fire/activefire/masks/voting/LC08_L1TP_121031_20200821_20200821_01_RT_voting_p00452.tif
/data/heguozhen/Fire/activefire/images/patches/LC08_L1TP_119028_20200823_20200823_01_RT_p00880.tif,/data/heguozhen/Fire/activefire/masks/voting/LC08_L1TP_119028_20200823_20200823_01_RT_voting_p00880.tif
/data/heguozhen/Fire/activefire/images/patches/LC08_L1TP_170069_20200812_20200812_01_RT_p00706.tif,/data/heguozhen/Fire/activefire/masks/voting/LC08_L1TP_170069_20200812_20200812_01_RT_voting_p00706.tif
/data/heguozhen/Fire/activefire/images/patches/LC08_L1TP_170068_20200812_20200812_01_RT_p00711.tif,/data/heguozhen/Fire/activefire/masks/voting/LC08_L1TP_170068_20200812_20200812_01_RT_voting_p00711.tif
/data/heguozhen/Fire/activefire/images/patches/LC08_L1TP_119027_20200823_20200823_01_RT_p00680.tif,/data/heguozhen/Fire/activefire/masks/voting/LC08_L1TP_119027_20200823_20200823_01_RT_voting_p00680.tif
/data/heguozhen/Fire/activefire/images/patches/LC08_L1TP_129032_20200813_20200813_01_RT_p00878.tif,/data/heguozhen/Fire/activefire/masks/voting/LC08_L1TP_129032_20200813_20200813_01_RT_voting_p00878.tif
/data/heguozhen/Fire/activefire/images/patches/LC08_L1TP_017038_20200812_20200812_01_RT_p00143.tif,/data/heguozhen/Fire/activefire/masks/voting/LC08_L1TP_017038_20200812_20200812_01_RT_voting_p00143.tif
/data/heguozhen/Fire/activefire/images/patches/LC08_L1TP_118029_20200816_20200816_01_RT_p00239.tif,/data/heguozhen/Fire/activefire/masks/voting/LC08_L1TP_118029_20200816_20200816_01_RT_voting_p00239.tif
/data/heguozhen/Fire/activefire/images/patches/LC08_L1TP_134020_20200816_20200816_01_RT_p00051.tif,/data/heguozhen/Fire/activefire/masks/voting/LC08_L1TP_134020_20200816_20200816_01_RT_voting_p00051.tif
/data/heguozhen/Fire/activefire/images/patches/LC08_L1TP_179066_20200811_20200811_01_RT_p00256.tif,/data/heguozhen/Fire/activefire/masks/voting/LC08_L1TP_179066_20200811_20200811_01_RT_voting_p00256.tif
/data/heguozhen/Fire/activefire/images/patches/LC08_L1TP_097070_20200813_20200813_01_RT_p00702.tif,/data/heguozhen/Fire/activefire/masks/voting/LC08_L1TP_097070_20200813_20200813_01_RT_voting_p00702.tif
/data/heguozhen/Fire/activefire/images/patches/LC08_L1TP_172069_20200810_20200810_01_RT_p00547.tif,/data/heguozhen/Fire/activefire/masks/voting/LC08_L1TP_172069_20200810_20200810_01_RT_voting_p00547.tif
/data/heguozhen/Fire/activefire/images/patches/LC08_L1TP_173067_20200817_20200817_01_RT_p00712.tif,/data/heguozhen/Fire/activefire/masks/voting/LC08_L1TP_173067_20200817_20200817_01_RT_voting_p00712.tif
/data/heguozhen/Fire/activefire/images/patches/LC08_L1TP_181061_20200809_20200809_01_RT_p00554.tif,/data/heguozhen/Fire/activefire/masks/voting/LC08_L1TP_181061_20200809_20200809_01_RT_voting_p00554.tif
/data/heguozhen/Fire/activefire/images/patches/LC08_L1TP_158034_20200808_20200808_01_RT_p00051.tif,/data/heguozhen/Fire/activefire/masks/voting/LC08_L1TP_158034_20200808_20200808_01_RT_voting_p00051.tif
/data/heguozhen/Fire/activefire/images/patches/LC08_L1TP_169033_20200821_20200821_01_RT_p00507.tif,/data/heguozhen/Fire/activefire/masks/voting/LC08_L1TP_169033_20200821_20200821_01_RT_voting_p00507.tif
/data/heguozhen/Fire/activefire/images/patches/LC08_L1TP_124011_20200826_20200826_01_RT_p00835.tif,/data/heguozhen/Fire/activefire/masks/voting/LC08_L1TP_124011_20200826_20200826_01_RT_voting_p00835.tif
/data/heguozhen/Fire/activefire/images/patches/LC08_L1TP_123015_20200819_20200819_01_RT_p00745.tif,/data/heguozhen/Fire/activefire/masks/voting/LC08_L1TP_123015_20200819_20200819_01_RT_voting_p00745.tif
/data/heguozhen/Fire/activefire/images/patches/LC08_L1TP_227082_20200811_20200811_01_RT_p00571.tif,/data/heguozhen/Fire/activefire/masks/voting/LC08_L1TP_227082_20200811_20200811_01_RT_voting_p00571.tif
/data/heguozhen/Fire/activefire/images/patches/LC08_L1TP_181026_20200809_20200809_01_RT_p00400.tif,/data/heguozhen/Fire/activefire/masks/voting/LC08_L1TP_181026_20200809_20200809_01_RT_voting_p00400.tif
/data/heguozhen/Fire/activefire/images/patches/LC08_L1TP_123026_20200819_20200819_01_RT_p00632.tif,/data/heguozhen/Fire/activefire/masks/voting/LC08_L1TP_123026_20200819_20200819_01_RT_voting_p00632.tif
/data/heguozhen/Fire/activefire/images/patches/LC08_L1TP_096076_20200822_20200822_01_RT_p00614.tif,/data/heguozhen/Fire/activefire/masks/voting/LC08_L1TP_096076_20200822_20200822_01_RT_voting_p00614.tif
/data/heguozhen/Fire/activefire/images/patches/LC08_L1TP_166038_20200816_20200816_01_RT_p00360.tif,/data/heguozhen/Fire/activefire/masks/voting/LC08_L1TP_166038_20200816_20200816_01_RT_voting_p00360.tif
/data/heguozhen/Fire/activefire/images/patches/LC08_L1TP_108032_20200826_20200826_01_RT_p00629.tif,/data/heguozhen/Fire/activefire/masks/voting/LC08_L1TP_108032_20200826_20200826_01_RT_voting_p00629.tif
/data/heguozhen/Fire/activefire/images/patches/LC08_L1TP_181062_20200809_20200809_01_RT_p00662.tif,/data/heguozhen/Fire/activefire/masks/voting/LC08_L1TP_181062_20200809_20200809_01_RT_voting_p00662.tif
/data/heguozhen/Fire/activefire/images/patches/LC08_L1TP_124035_20200810_20200810_01_RT_p00200.tif,/data/heguozhen/Fire/activefire/masks/voting/LC08_L1TP_124035_20200810_20200810_01_RT_voting_p00200.tif
/data/heguozhen/Fire/activefire/images/patches/LC08_L1TP_227072_20200811_20200811_01_RT_p00600.tif,/data/heguozhen/Fire/activefire/masks/voting/LC08_L1TP_227072_20200811_20200811_01_RT_voting_p00600.tif
/data/heguozhen/Fire/activefire/images/patches/LC08_L1TP_172061_20200810_20200810_01_RT_p00417.tif,/data/heguozhen/Fire/activefire/masks/voting/LC08_L1TP_172061_20200810_20200810_01_RT_voting_p00417.tif
/data/heguozhen/Fire/activefire/images/patches/LC08_L1TP_005068_20200824_20200824_01_RT_p00578.tif,/data/heguozhen/Fire/activefire/masks/voting/LC08_L1TP_005068_20200824_20200824_01_RT_voting_p00578.tif
/data/heguozhen/Fire/activefire/images/patches/LC08_L1TP_121030_20200821_20200821_01_RT_p00872.tif,/data/heguozhen/Fire/activefire/masks/voting/LC08_L1TP_121030_20200821_20200821_01_RT_voting_p00872.tif
/data/heguozhen/Fire/activefire/images/patches/LC08_L1TP_104068_20200830_20200830_01_RT_p00206.tif,/data/heguozhen/Fire/activefire/masks/voting/LC08_L1TP_104068_20200830_20200830_01_RT_voting_p00206.tif
/data/heguozhen/Fire/activefire/images/patches/LC08_L1TP_179068_20200811_20200811_01_RT_p00531.tif,/data/heguozhen/Fire/activefire/masks/voting/LC08_L1TP_179068_20200811_20200811_01_RT_voting_p00531.tif
/data/heguozhen/Fire/activefire/images/patches/LC08_L1TP_104069_20200830_20200830_01_RT_p00225.tif,/data/heguozhen/Fire/activefire/masks/voting/LC08_L1TP_104069_20200830_20200830_01_RT_voting_p00225.tif
/data/heguozhen/Fire/activefire/images/patches/LC08_L1TP_172070_20200810_20200810_01_RT_p00667.tif,/data/heguozhen/Fire/activefire/masks/voting/LC08_L1TP_172070_20200810_20200810_01_RT_voting_p00667.tif
/data/heguozhen/Fire/activefire/images/patches/LC08_L1TP_169068_20200821_20200821_01_RT_p00318.tif,/data/heguozhen/Fire/activefire/masks/voting/LC08_L1TP_169068_20200821_20200821_01_RT_voting_p00318.tif
/data/heguozhen/Fire/activefire/images/patches/LC08_L1TP_114027_20200820_20200820_01_RT_p00785.tif,/data/heguozhen/Fire/activefire/masks/voting/LC08_L1TP_114027_20200820_20200820_01_RT_voting_p00785.tif
/data/heguozhen/Fire/activefire/images/patches/LC08_L1TP_166070_20200816_20200816_01_RT_p00635.tif,/data/heguozhen/Fire/activefire/masks/voting/LC08_L1TP_166070_20200816_20200816_01_RT_voting_p00635.tif
/data/heguozhen/Fire/activefire/images/patches/LC08_L1TP_141019_20200817_20200817_01_RT_p00840.tif,/data/heguozhen/Fire/activefire/masks/voting/LC08_L1TP_141019_20200817_20200817_01_RT_voting_p00840.tif
/data/heguozhen/Fire/activefire/images/patches/LC08_L1TP_131035_20200827_20200827_01_RT_p00768.tif,/data/heguozhen/Fire/activefire/masks/voting/LC08_L1TP_131035_20200827_20200827_01_RT_voting_p00768.tif
/data/heguozhen/Fire/activefire/images/patches/LC08_L1TP_134020_20200816_20200816_01_RT_p00088.tif,/data/heguozhen/Fire/activefire/masks/voting/LC08_L1TP_134020_20200816_20200816_01_RT_voting_p00088.tif
/data/heguozhen/Fire/activefire/images/patches/LC08_L1TP_166072_20200816_20200816_01_RT_p00474.tif,/data/heguozhen/Fire/activefire/masks/voting/LC08_L1TP_166072_20200816_20200816_01_RT_voting_p00474.tif
/data/heguozhen/Fire/activefire/images/patches/LC08_L1TP_121026_20200821_20200821_01_RT_p00732.tif,/data/heguozhen/Fire/activefire/masks/voting/LC08_L1TP_121026_20200821_20200821_01_RT_voting_p00732.tif
/data/heguozhen/Fire/activefire/images/patches/LC08_L1TP_165068_20200809_20200809_01_RT_p00378.tif,/data/heguozhen/Fire/activefire/masks/voting/LC08_L1TP_165068_20200809_20200809_01_RT_voting_p00378.tif
/data/heguozhen/Fire/activefire/images/patches/LC08_L1TP_195035_20200811_20200812_01_RT_p00846.tif,/data/heguozhen/Fire/activefire/masks/voting/LC08_L1TP_195035_20200811_20200812_01_RT_voting_p00846.tif
/data/heguozhen/Fire/activefire/images/patches/LC08_L1TP_130031_20200820_20200820_01_RT_p00677.tif,/data/heguozhen/Fire/activefire/masks/voting/LC08_L1TP_130031_20200820_20200820_01_RT_voting_p00677.tif
/data/heguozhen/Fire/activefire/images/patches/LC08_L1TP_123023_20200819_20200819_01_RT_p00755.tif,/data/heguozhen/Fire/activefire/masks/voting/LC08_L1TP_123023_20200819_20200819_01_RT_voting_p00755.tif
/data/heguozhen/Fire/activefire/images/patches/LC08_L1TP_103068_20200823_20200823_01_RT_p00647.tif,/data/heguozhen/Fire/activefire/masks/voting/LC08_L1TP_103068_20200823_20200823_01_RT_voting_p00647.tif
/data/heguozhen/Fire/activefire/images/patches/LC08_L1TP_181067_20200809_20200809_01_RT_p00449.tif,/data/heguozhen/Fire/activefire/masks/voting/LC08_L1TP_181067_20200809_20200809_01_RT_voting_p00449.tif
/data/heguozhen/Fire/activefire/images/patches/LC08_L1TP_179063_20200811_20200811_01_RT_p00132.tif,/data/heguozhen/Fire/activefire/masks/voting/LC08_L1TP_179063_20200811_20200811_01_RT_voting_p00132.tif
/data/heguozhen/Fire/activefire/images/patches/LC08_L1TP_173063_20200817_20200817_01_RT_p00329.tif,/data/heguozhen/Fire/activefire/masks/voting/LC08_L1TP_173063_20200817_20200817_01_RT_voting_p00329.tif
/data/heguozhen/Fire/activefire/images/patches/LC08_L1TP_037032_20200824_20200824_01_RT_p00353.tif,/data/heguozhen/Fire/activefire/masks/voting/LC08_L1TP_037032_20200824_20200824_01_RT_voting_p00353.tif
/data/heguozhen/Fire/activefire/images/patches/LC08_L1TP_173062_20200817_20200817_01_RT_p00488.tif,/data/heguozhen/Fire/activefire/masks/voting/LC08_L1TP_173062_20200817_20200817_01_RT_voting_p00488.tif
/data/heguozhen/Fire/activefire/images/patches/LC08_L1TP_117066_20200809_20200809_01_RT_p00221.tif,/data/heguozhen/Fire/activefire/masks/voting/LC08_L1TP_117066_20200809_20200809_01_RT_voting_p00221.tif
/data/heguozhen/Fire/activefire/images/patches/LC08_L1TP_170070_20200812_20200812_01_RT_p00243.tif,/data/heguozhen/Fire/activefire/masks/voting/LC08_L1TP_170070_20200812_20200812_01_RT_voting_p00243.tif
/data/heguozhen/Fire/activefire/images/patches/LC08_L1TP_182061_20200816_20200816_01_RT_p00241.tif,/data/heguozhen/Fire/activefire/masks/voting/LC08_L1TP_182061_20200816_20200816_01_RT_voting_p00241.tif
/data/heguozhen/Fire/activefire/images/patches/LC08_L1TP_166067_20200816_20200816_01_RT_p00542.tif,/data/heguozhen/Fire/activefire/masks/voting/LC08_L1TP_166067_20200816_20200816_01_RT_voting_p00542.tif
/data/heguozhen/Fire/activefire/images/patches/LC08_L1TP_227084_20200811_20200811_01_RT_p00754.tif,/data/heguozhen/Fire/activefire/masks/voting/LC08_L1TP_227084_20200811_20200811_01_RT_voting_p00754.tif
/data/heguozhen/Fire/activefire/images/patches/LC08_L1TP_166068_20200816_20200816_01_RT_p00414.tif,/data/heguozhen/Fire/activefire/masks/voting/LC08_L1TP_166068_20200816_20200816_01_RT_voting_p00414.tif
/data/heguozhen/Fire/activefire/images/patches/LC08_L1TP_133035_20200809_20200809_01_RT_p00448.tif,/data/heguozhen/Fire/activefire/masks/voting/LC08_L1TP_133035_20200809_20200809_01_RT_voting_p00448.tif
/data/heguozhen/Fire/activefire/images/patches/LC08_L1TP_119029_20200807_20200807_01_RT_p00610.tif,/data/heguozhen/Fire/activefire/masks/voting/LC08_L1TP_119029_20200807_20200807_01_RT_voting_p00610.tif
/data/heguozhen/Fire/activefire/images/patches/LC08_L1TP_173062_20200817_20200817_01_RT_p00491.tif,/data/heguozhen/Fire/activefire/masks/voting/LC08_L1TP_173062_20200817_20200817_01_RT_voting_p00491.tif
/data/heguozhen/Fire/activefire/images/patches/LC08_L1TP_114027_20200820_20200820_01_RT_p00337.tif,/data/heguozhen/Fire/activefire/masks/voting/LC08_L1TP_114027_20200820_20200820_01_RT_voting_p00337.tif
/data/heguozhen/Fire/activefire/images/patches/LC08_L1TP_161072_20200813_20200813_01_RT_p00729.tif,/data/heguozhen/Fire/activefire/masks/voting/LC08_L1TP_161072_20200813_20200813_01_RT_voting_p00729.tif
/data/heguozhen/Fire/activefire/images/patches/LC08_L1TP_222067_20200808_20200808_01_RT_p00422.tif,/data/heguozhen/Fire/activefire/masks/voting/LC08_L1TP_222067_20200808_20200808_01_RT_voting_p00422.tif
/data/heguozhen/Fire/activefire/images/patches/LC08_L1TP_181029_20200809_20200809_01_RT_p00208.tif,/data/heguozhen/Fire/activefire/masks/voting/LC08_L1TP_181029_20200809_20200809_01_RT_voting_p00208.tif
/data/heguozhen/Fire/activefire/images/patches/LC08_L1TP_124032_20200810_20200810_01_RT_p00712.tif,/data/heguozhen/Fire/activefire/masks/voting/LC08_L1TP_124032_20200810_20200810_01_RT_voting_p00712.tif
/data/heguozhen/Fire/activefire/images/patches/LC08_L1TP_172060_20200810_20200810_01_RT_p00602.tif,/data/heguozhen/Fire/activefire/masks/voting/LC08_L1TP_172060_20200810_20200810_01_RT_voting_p00602.tif
/data/heguozhen/Fire/activefire/images/patches/LC08_L1TP_227088_20200811_20200811_01_RT_p00518.tif,/data/heguozhen/Fire/activefire/masks/voting/LC08_L1TP_227088_20200811_20200811_01_RT_voting_p00518.tif
/data/heguozhen/Fire/activefire/images/patches/LC08_L1TP_100066_20200818_20200818_01_RT_p00258.tif,/data/heguozhen/Fire/activefire/masks/voting/LC08_L1TP_100066_20200818_20200818_01_RT_voting_p00258.tif
/data/heguozhen/Fire/activefire/images/patches/LC08_L1TP_175026_20200815_20200815_01_RT_p00504.tif,/data/heguozhen/Fire/activefire/masks/voting/LC08_L1TP_175026_20200815_20200815_01_RT_voting_p00504.tif
/data/heguozhen/Fire/activefire/images/patches/LC08_L1TP_174069_20200808_20200808_01_RT_p00407.tif,/data/heguozhen/Fire/activefire/masks/voting/LC08_L1TP_174069_20200808_20200808_01_RT_voting_p00407.tif
/data/heguozhen/Fire/activefire/images/patches/LC08_L1TP_182061_20200816_20200816_01_RT_p00617.tif,/data/heguozhen/Fire/activefire/masks/voting/LC08_L1TP_182061_20200816_20200816_01_RT_voting_p00617.tif
/data/heguozhen/Fire/activefire/images/patches/LC08_L1TP_129033_20200813_20200813_01_RT_p00292.tif,/data/heguozhen/Fire/activefire/masks/voting/LC08_L1TP_129033_20200813_20200813_01_RT_voting_p00292.tif
/data/heguozhen/Fire/activefire/images/patches/LC08_L1TP_170073_20200812_20200812_01_RT_p00409.tif,/data/heguozhen/Fire/activefire/masks/voting/LC08_L1TP_170073_20200812_20200812_01_RT_voting_p00409.tif
/data/heguozhen/Fire/activefire/images/patches/LC08_L1TP_195035_20200811_20200812_01_RT_p00285.tif,/data/heguozhen/Fire/activefire/masks/voting/LC08_L1TP_195035_20200811_20200812_01_RT_voting_p00285.tif
/data/heguozhen/Fire/activefire/images/patches/LC08_L1TP_161031_20200813_20200813_01_RT_p00781.tif,/data/heguozhen/Fire/activefire/masks/voting/LC08_L1TP_161031_20200813_20200813_01_RT_voting_p00781.tif
/data/heguozhen/Fire/activefire/images/patches/LC08_L1TP_227065_20200811_20200811_01_RT_p00440.tif,/data/heguozhen/Fire/activefire/masks/voting/LC08_L1TP_227065_20200811_20200811_01_RT_voting_p00440.tif
/data/heguozhen/Fire/activefire/images/patches/LC08_L1TP_172062_20200810_20200810_01_RT_p00614.tif,/data/heguozhen/Fire/activefire/masks/voting/LC08_L1TP_172062_20200810_20200810_01_RT_voting_p00614.tif
/data/heguozhen/Fire/activefire/images/patches/LC08_L1TP_227075_20200811_20200811_01_RT_p00675.tif,/data/heguozhen/Fire/activefire/masks/voting/LC08_L1TP_227075_20200811_20200811_01_RT_voting_p00675.tif
/data/heguozhen/Fire/activefire/images/patches/LC08_L1TP_195035_20200811_20200812_01_RT_p00287.tif,/data/heguozhen/Fire/activefire/masks/voting/LC08_L1TP_195035_20200811_20200812_01_RT_voting_p00287.tif
/data/heguozhen/Fire/activefire/images/patches/LC08_L1TP_119027_20200823_20200823_01_RT_p00577.tif,/data/heguozhen/Fire/activefire/masks/voting/LC08_L1TP_119027_20200823_20200823_01_RT_voting_p00577.tif
/data/heguozhen/Fire/activefire/images/patches/LC08_L1TP_181062_20200809_20200809_01_RT_p00232.tif,/data/heguozhen/Fire/activefire/masks/voting/LC08_L1TP_181062_20200809_20200809_01_RT_voting_p00232.tif
/data/heguozhen/Fire/activefire/images/patches/LC08_L1TP_172066_20200810_20200810_01_RT_p00139.tif,/data/heguozhen/Fire/activefire/masks/voting/LC08_L1TP_172066_20200810_20200810_01_RT_voting_p00139.tif
/data/heguozhen/Fire/activefire/images/patches/LC08_L1TP_181062_20200809_20200809_01_RT_p00198.tif,/data/heguozhen/Fire/activefire/masks/voting/LC08_L1TP_181062_20200809_20200809_01_RT_voting_p00198.tif
/data/heguozhen/Fire/activefire/images/patches/LC08_L1TP_227072_20200811_20200811_01_RT_p00854.tif,/data/heguozhen/Fire/activefire/masks/voting/LC08_L1TP_227072_20200811_20200811_01_RT_voting_p00854.tif
/data/heguozhen/Fire/activefire/images/patches/LC08_L1TP_179067_20200811_20200811_01_RT_p00636.tif,/data/heguozhen/Fire/activefire/masks/voting/LC08_L1TP_179067_20200811_20200811_01_RT_voting_p00636.tif
/data/heguozhen/Fire/activefire/images/patches/LC08_L1TP_035033_20200810_20200810_01_RT_p00265.tif,/data/heguozhen/Fire/activefire/masks/voting/LC08_L1TP_035033_20200810_20200810_01_RT_voting_p00265.tif
/data/heguozhen/Fire/activefire/images/patches/LC08_L1TP_172061_20200810_20200810_01_RT_p00634.tif,/data/heguozhen/Fire/activefire/masks/voting/LC08_L1TP_172061_20200810_20200810_01_RT_voting_p00634.tif
/data/heguozhen/Fire/activefire/images/patches/LC08_L1TP_176025_20200806_20200807_01_RT_p00767.tif,/data/heguozhen/Fire/activefire/masks/voting/LC08_L1TP_176025_20200806_20200807_01_RT_voting_p00767.tif
/data/heguozhen/Fire/activefire/images/patches/LC08_L1TP_121028_20200821_20200821_01_RT_p00937.tif,/data/heguozhen/Fire/activefire/masks/voting/LC08_L1TP_121028_20200821_20200821_01_RT_voting_p00937.tif
/data/heguozhen/Fire/activefire/images/patches/LC08_L1TP_173027_20200817_20200817_01_RT_p00396.tif,/data/heguozhen/Fire/activefire/masks/voting/LC08_L1TP_173027_20200817_20200817_01_RT_voting_p00396.tif
/data/heguozhen/Fire/activefire/images/patches/LC08_L1TP_175067_20200815_20200815_01_RT_p00615.tif,/data/heguozhen/Fire/activefire/masks/voting/LC08_L1TP_175067_20200815_20200815_01_RT_voting_p00615.tif
/data/heguozhen/Fire/activefire/images/patches/LC08_L1TP_116035_20200818_20200818_01_RT_p00700.tif,/data/heguozhen/Fire/activefire/masks/voting/LC08_L1TP_116035_20200818_20200818_01_RT_voting_p00700.tif
/data/heguozhen/Fire/activefire/images/patches/LC08_L1TP_175071_20200815_20200815_01_RT_p00499.tif,/data/heguozhen/Fire/activefire/masks/voting/LC08_L1TP_175071_20200815_20200815_01_RT_voting_p00499.tif
/data/heguozhen/Fire/activefire/images/patches/LC08_L1TP_170066_20200812_20200812_01_RT_p00850.tif,/data/heguozhen/Fire/activefire/masks/voting/LC08_L1TP_170066_20200812_20200812_01_RT_voting_p00850.tif
/data/heguozhen/Fire/activefire/images/patches/LC08_L1TP_124026_20200826_20200826_01_RT_p00740.tif,/data/heguozhen/Fire/activefire/masks/voting/LC08_L1TP_124026_20200826_20200826_01_RT_voting_p00740.tif
/data/heguozhen/Fire/activefire/images/patches/LC08_L1TP_115028_20200811_20200811_01_RT_p00243.tif,/data/heguozhen/Fire/activefire/masks/voting/LC08_L1TP_115028_20200811_20200811_01_RT_voting_p00243.tif
/data/heguozhen/Fire/activefire/images/patches/LC08_L1TP_138018_20200828_20200828_01_RT_p00556.tif,/data/heguozhen/Fire/activefire/masks/voting/LC08_L1TP_138018_20200828_20200828_01_RT_voting_p00556.tif
/data/heguozhen/Fire/activefire/images/patches/LC08_L1TP_166065_20200816_20200816_01_RT_p00191.tif,/data/heguozhen/Fire/activefire/masks/voting/LC08_L1TP_166065_20200816_20200816_01_RT_voting_p00191.tif
/data/heguozhen/Fire/activefire/images/patches/LC08_L1TP_094085_20200824_20200824_01_RT_p00904.tif,/data/heguozhen/Fire/activefire/masks/voting/LC08_L1TP_094085_20200824_20200824_01_RT_voting_p00904.tif
/data/heguozhen/Fire/activefire/images/patches/LC08_L1TP_173070_20200817_20200817_01_RT_p00855.tif,/data/heguozhen/Fire/activefire/masks/voting/LC08_L1TP_173070_20200817_20200817_01_RT_voting_p00855.tif
/data/heguozhen/Fire/activefire/images/patches/LC08_L1TP_136018_20200830_20200830_01_RT_p00468.tif,/data/heguozhen/Fire/activefire/masks/voting/LC08_L1TP_136018_20200830_20200830_01_RT_voting_p00468.tif
/data/heguozhen/Fire/activefire/images/patches/LC08_L1TP_120030_20200814_20200814_01_RT_p00310.tif,/data/heguozhen/Fire/activefire/masks/voting/LC08_L1TP_120030_20200814_20200814_01_RT_voting_p00310.tif
/data/heguozhen/Fire/activefire/images/patches/LC08_L1TP_118030_20200816_20200816_01_RT_p00259.tif,/data/heguozhen/Fire/activefire/masks/voting/LC08_L1TP_118030_20200816_20200816_01_RT_voting_p00259.tif
/data/heguozhen/Fire/activefire/images/patches/LC08_L1TP_174069_20200808_20200808_01_RT_p00294.tif,/data/heguozhen/Fire/activefire/masks/voting/LC08_L1TP_174069_20200808_20200808_01_RT_voting_p00294.tif
/data/heguozhen/Fire/activefire/images/patches/LC08_L1TP_022037_20200815_20200815_01_RT_p00688.tif,/data/heguozhen/Fire/activefire/masks/voting/LC08_L1TP_022037_20200815_20200815_01_RT_voting_p00688.tif
/data/heguozhen/Fire/activefire/images/patches/LC08_L1TP_156018_20200810_20200810_01_RT_p00502.tif,/data/heguozhen/Fire/activefire/masks/voting/LC08_L1TP_156018_20200810_20200810_01_RT_voting_p00502.tif
/data/heguozhen/Fire/activefire/images/patches/LC08_L1TP_126034_20200824_20200824_01_RT_p00491.tif,/data/heguozhen/Fire/activefire/masks/voting/LC08_L1TP_126034_20200824_20200824_01_RT_voting_p00491.tif
/data/heguozhen/Fire/activefire/images/patches/LC08_L1TP_166068_20200816_20200816_01_RT_p00200.tif,/data/heguozhen/Fire/activefire/masks/voting/LC08_L1TP_166068_20200816_20200816_01_RT_voting_p00200.tif
/data/heguozhen/Fire/activefire/images/patches/LC08_L1TP_119065_20200823_20200823_01_RT_p00569.tif,/data/heguozhen/Fire/activefire/masks/voting/LC08_L1TP_119065_20200823_20200823_01_RT_voting_p00569.tif
/data/heguozhen/Fire/activefire/images/patches/LC08_L1TP_156013_20200810_20200810_01_RT_p00557.tif,/data/heguozhen/Fire/activefire/masks/voting/LC08_L1TP_156013_20200810_20200810_01_RT_voting_p00557.tif
/data/heguozhen/Fire/activefire/images/patches/LC08_L1TP_120032_20200814_20200814_01_RT_p00451.tif,/data/heguozhen/Fire/activefire/masks/voting/LC08_L1TP_120032_20200814_20200814_01_RT_voting_p00451.tif
/data/heguozhen/Fire/activefire/images/patches/LC08_L1TP_121027_20200821_20200821_01_RT_p00819.tif,/data/heguozhen/Fire/activefire/masks/voting/LC08_L1TP_121027_20200821_20200821_01_RT_voting_p00819.tif
/data/heguozhen/Fire/activefire/images/patches/LC08_L1TP_173063_20200817_20200817_01_RT_p00595.tif,/data/heguozhen/Fire/activefire/masks/voting/LC08_L1TP_173063_20200817_20200817_01_RT_voting_p00595.tif
/data/heguozhen/Fire/activefire/images/patches/LC08_L1TP_166067_20200816_20200816_01_RT_p00674.tif,/data/heguozhen/Fire/activefire/masks/voting/LC08_L1TP_166067_20200816_20200816_01_RT_voting_p00674.tif
/data/heguozhen/Fire/activefire/images/patches/LC08_L1TP_170070_20200812_20200812_01_RT_p00423.tif,/data/heguozhen/Fire/activefire/masks/voting/LC08_L1TP_170070_20200812_20200812_01_RT_voting_p00423.tif
/data/heguozhen/Fire/activefire/images/patches/LC08_L1TP_175070_20200815_20200815_01_RT_p00616.tif,/data/heguozhen/Fire/activefire/masks/voting/LC08_L1TP_175070_20200815_20200815_01_RT_voting_p00616.tif
/data/heguozhen/Fire/activefire/images/patches/LC08_L1TP_120065_20200830_20200830_01_RT_p00847.tif,/data/heguozhen/Fire/activefire/masks/voting/LC08_L1TP_120065_20200830_20200830_01_RT_voting_p00847.tif
/data/heguozhen/Fire/activefire/images/patches/LC08_L1TP_224074_20200806_20200807_01_RT_p00025.tif,/data/heguozhen/Fire/activefire/masks/voting/LC08_L1TP_224074_20200806_20200807_01_RT_voting_p00025.tif
/data/heguozhen/Fire/activefire/images/patches/LC08_L1TP_141055_20200817_20200817_01_RT_p00818.tif,/data/heguozhen/Fire/activefire/masks/voting/LC08_L1TP_141055_20200817_20200817_01_RT_voting_p00818.tif
/data/heguozhen/Fire/activefire/images/patches/LC08_L1TP_008046_20200813_20200813_01_RT_p00208.tif,/data/heguozhen/Fire/activefire/masks/voting/LC08_L1TP_008046_20200813_20200813_01_RT_voting_p00208.tif
/data/heguozhen/Fire/activefire/images/patches/LC08_L1TP_092078_20200826_20200826_01_RT_p00321.tif,/data/heguozhen/Fire/activefire/masks/voting/LC08_L1TP_092078_20200826_20200826_01_RT_voting_p00321.tif
/data/heguozhen/Fire/activefire/images/patches/LC08_L1TP_166070_20200816_20200816_01_RT_p00145.tif,/data/heguozhen/Fire/activefire/masks/voting/LC08_L1TP_166070_20200816_20200816_01_RT_voting_p00145.tif
/data/heguozhen/Fire/activefire/images/patches/LC08_L1TP_179069_20200811_20200811_01_RT_p00349.tif,/data/heguozhen/Fire/activefire/masks/voting/LC08_L1TP_179069_20200811_20200811_01_RT_voting_p00349.tif
/data/heguozhen/Fire/activefire/images/patches/LC08_L1TP_010063_20200827_20200827_01_RT_p00544.tif,/data/heguozhen/Fire/activefire/masks/voting/LC08_L1TP_010063_20200827_20200827_01_RT_voting_p00544.tif
/data/heguozhen/Fire/activefire/images/patches/LC08_L1GT_182060_20200816_20200816_01_RT_p00452.tif,/data/heguozhen/Fire/activefire/masks/voting/LC08_L1GT_182060_20200816_20200816_01_RT_voting_p00452.tif
/data/heguozhen/Fire/activefire/images/patches/LC08_L1TP_166071_20200816_20200816_01_RT_p00673.tif,/data/heguozhen/Fire/activefire/masks/voting/LC08_L1TP_166071_20200816_20200816_01_RT_voting_p00673.tif
/data/heguozhen/Fire/activefire/images/patches/LC08_L1TP_182061_20200816_20200816_01_RT_p00487.tif,/data/heguozhen/Fire/activefire/masks/voting/LC08_L1TP_182061_20200816_20200816_01_RT_voting_p00487.tif
/data/heguozhen/Fire/activefire/images/patches/LC08_L1TP_172070_20200810_20200810_01_RT_p00470.tif,/data/heguozhen/Fire/activefire/masks/voting/LC08_L1TP_172070_20200810_20200810_01_RT_voting_p00470.tif
/data/heguozhen/Fire/activefire/images/patches/LC08_L1TP_166069_20200816_20200816_01_RT_p00769.tif,/data/heguozhen/Fire/activefire/masks/voting/LC08_L1TP_166069_20200816_20200816_01_RT_voting_p00769.tif
/data/heguozhen/Fire/activefire/images/patches/LC08_L1TP_118016_20200816_20200816_01_RT_p00491.tif,/data/heguozhen/Fire/activefire/masks/voting/LC08_L1TP_118016_20200816_20200816_01_RT_voting_p00491.tif
/data/heguozhen/Fire/activefire/images/patches/LC08_L1TP_124049_20200810_20200810_01_RT_p00365.tif,/data/heguozhen/Fire/activefire/masks/voting/LC08_L1TP_124049_20200810_20200810_01_RT_voting_p00365.tif
/data/heguozhen/Fire/activefire/images/patches/LC08_L1TP_047028_20200814_20200815_01_RT_p00732.tif,/data/heguozhen/Fire/activefire/masks/voting/LC08_L1TP_047028_20200814_20200815_01_RT_voting_p00732.tif
/data/heguozhen/Fire/activefire/images/patches/LC08_L1TP_181069_20200809_20200809_01_RT_p00664.tif,/data/heguozhen/Fire/activefire/masks/voting/LC08_L1TP_181069_20200809_20200809_01_RT_voting_p00664.tif
/data/heguozhen/Fire/activefire/images/patches/LC08_L1TP_201034_20200821_20200821_01_RT_p00084.tif,/data/heguozhen/Fire/activefire/masks/voting/LC08_L1TP_201034_20200821_20200821_01_RT_voting_p00084.tif
/data/heguozhen/Fire/activefire/images/patches/LC08_L1TP_138039_20200828_20200828_01_RT_p00616.tif,/data/heguozhen/Fire/activefire/masks/voting/LC08_L1TP_138039_20200828_20200828_01_RT_voting_p00616.tif
/data/heguozhen/Fire/activefire/images/patches/LC08_L1TP_166043_20200816_20200816_01_RT_p00820.tif,/data/heguozhen/Fire/activefire/masks/voting/LC08_L1TP_166043_20200816_20200816_01_RT_voting_p00820.tif
/data/heguozhen/Fire/activefire/images/patches/LC08_L1TP_143018_20200815_20200815_01_RT_p00203.tif,/data/heguozhen/Fire/activefire/masks/voting/LC08_L1TP_143018_20200815_20200815_01_RT_voting_p00203.tif
/data/heguozhen/Fire/activefire/images/patches/LC08_L1TP_124034_20200826_20200826_01_RT_p00380.tif,/data/heguozhen/Fire/activefire/masks/voting/LC08_L1TP_124034_20200826_20200826_01_RT_voting_p00380.tif
/data/heguozhen/Fire/activefire/images/patches/LC08_L1TP_172067_20200810_20200810_01_RT_p00327.tif,/data/heguozhen/Fire/activefire/masks/voting/LC08_L1TP_172067_20200810_20200810_01_RT_voting_p00327.tif
/data/heguozhen/Fire/activefire/images/patches/LC08_L1TP_025035_20200820_20200820_01_RT_p00367.tif,/data/heguozhen/Fire/activefire/masks/voting/LC08_L1TP_025035_20200820_20200820_01_RT_voting_p00367.tif
/data/heguozhen/Fire/activefire/images/patches/LC08_L1TP_174066_20200808_20200808_01_RT_p00458.tif,/data/heguozhen/Fire/activefire/masks/voting/LC08_L1TP_174066_20200808_20200808_01_RT_voting_p00458.tif
/data/heguozhen/Fire/activefire/images/patches/LC08_L1TP_126032_20200824_20200824_01_RT_p00471.tif,/data/heguozhen/Fire/activefire/masks/voting/LC08_L1TP_126032_20200824_20200824_01_RT_voting_p00471.tif
/data/heguozhen/Fire/activefire/images/patches/LC08_L1TP_160013_20200822_20200822_01_RT_p00833.tif,/data/heguozhen/Fire/activefire/masks/voting/LC08_L1TP_160013_20200822_20200822_01_RT_voting_p00833.tif
/data/heguozhen/Fire/activefire/images/patches/LC08_L1TP_124045_20200810_20200810_01_RT_p00295.tif,/data/heguozhen/Fire/activefire/masks/voting/LC08_L1TP_124045_20200810_20200810_01_RT_voting_p00295.tif
/data/heguozhen/Fire/activefire/images/patches/LC08_L1TP_170070_20200812_20200812_01_RT_p00147.tif,/data/heguozhen/Fire/activefire/masks/voting/LC08_L1TP_170070_20200812_20200812_01_RT_voting_p00147.tif
/data/heguozhen/Fire/activefire/images/patches/LC08_L1TP_175072_20200815_20200815_01_RT_p00500.tif,/data/heguozhen/Fire/activefire/masks/voting/LC08_L1TP_175072_20200815_20200815_01_RT_voting_p00500.tif
/data/heguozhen/Fire/activefire/images/patches/LC08_L1TP_116035_20200818_20200818_01_RT_p00702.tif,/data/heguozhen/Fire/activefire/masks/voting/LC08_L1TP_116035_20200818_20200818_01_RT_voting_p00702.tif
/data/heguozhen/Fire/activefire/images/patches/LC08_L1TP_173066_20200817_20200817_01_RT_p00290.tif,/data/heguozhen/Fire/activefire/masks/voting/LC08_L1TP_173066_20200817_20200817_01_RT_voting_p00290.tif
/data/heguozhen/Fire/activefire/images/patches/LC08_L1TP_121030_20200821_20200821_01_RT_p00731.tif,/data/heguozhen/Fire/activefire/masks/voting/LC08_L1TP_121030_20200821_20200821_01_RT_voting_p00731.tif
/data/heguozhen/Fire/activefire/images/patches/LC08_L1TP_126032_20200824_20200824_01_RT_p00788.tif,/data/heguozhen/Fire/activefire/masks/voting/LC08_L1TP_126032_20200824_20200824_01_RT_voting_p00788.tif
/data/heguozhen/Fire/activefire/images/patches/LC08_L1TP_172064_20200810_20200810_01_RT_p00782.tif,/data/heguozhen/Fire/activefire/masks/voting/LC08_L1TP_172064_20200810_20200810_01_RT_voting_p00782.tif
/data/heguozhen/Fire/activefire/images/patches/LC08_L1TP_165068_20200809_20200809_01_RT_p00439.tif,/data/heguozhen/Fire/activefire/masks/voting/LC08_L1TP_165068_20200809_20200809_01_RT_voting_p00439.tif
/data/heguozhen/Fire/activefire/images/patches/LC08_L1TP_223067_20200815_20200815_01_RT_p00108.tif,/data/heguozhen/Fire/activefire/masks/voting/LC08_L1TP_223067_20200815_20200815_01_RT_voting_p00108.tif
/data/heguozhen/Fire/activefire/images/patches/LC08_L1TP_129050_20200813_20200813_01_RT_p00159.tif,/data/heguozhen/Fire/activefire/masks/voting/LC08_L1TP_129050_20200813_20200813_01_RT_voting_p00159.tif
/data/heguozhen/Fire/activefire/images/patches/LC08_L1TP_172062_20200810_20200810_01_RT_p00820.tif,/data/heguozhen/Fire/activefire/masks/voting/LC08_L1TP_172062_20200810_20200810_01_RT_voting_p00820.tif
/data/heguozhen/Fire/activefire/images/patches/LC08_L1TP_166070_20200816_20200816_01_RT_p00520.tif,/data/heguozhen/Fire/activefire/masks/voting/LC08_L1TP_166070_20200816_20200816_01_RT_voting_p00520.tif
/data/heguozhen/Fire/activefire/images/patches/LC08_L1TP_173072_20200817_20200817_01_RT_p00323.tif,/data/heguozhen/Fire/activefire/masks/voting/LC08_L1TP_173072_20200817_20200817_01_RT_voting_p00323.tif
/data/heguozhen/Fire/activefire/images/patches/LC08_L1TP_134019_20200816_20200816_01_RT_p00436.tif,/data/heguozhen/Fire/activefire/masks/voting/LC08_L1TP_134019_20200816_20200816_01_RT_voting_p00436.tif
/data/heguozhen/Fire/activefire/images/patches/LC08_L1TP_138040_20200828_20200828_01_RT_p00750.tif,/data/heguozhen/Fire/activefire/masks/voting/LC08_L1TP_138040_20200828_20200828_01_RT_voting_p00750.tif
/data/heguozhen/Fire/activefire/images/patches/LC08_L1TP_224063_20200806_20200807_01_RT_p00658.tif,/data/heguozhen/Fire/activefire/masks/voting/LC08_L1TP_224063_20200806_20200807_01_RT_voting_p00658.tif
/data/heguozhen/Fire/activefire/images/patches/LC08_L1TP_220080_20200810_20200810_01_RT_p00412.tif,/data/heguozhen/Fire/activefire/masks/voting/LC08_L1TP_220080_20200810_20200810_01_RT_voting_p00412.tif
/data/heguozhen/Fire/activefire/images/patches/LC08_L1TP_118030_20200816_20200816_01_RT_p00349.tif,/data/heguozhen/Fire/activefire/masks/voting/LC08_L1TP_118030_20200816_20200816_01_RT_voting_p00349.tif
/data/heguozhen/Fire/activefire/images/patches/LC08_L1TP_173071_20200817_20200817_01_RT_p00582.tif,/data/heguozhen/Fire/activefire/masks/voting/LC08_L1TP_173071_20200817_20200817_01_RT_voting_p00582.tif
/data/heguozhen/Fire/activefire/images/patches/LC08_L1TP_143030_20200815_20200815_01_RT_p00469.tif,/data/heguozhen/Fire/activefire/masks/voting/LC08_L1TP_143030_20200815_20200815_01_RT_voting_p00469.tif
/data/heguozhen/Fire/activefire/images/patches/LC08_L1TP_035027_20200810_20200810_01_RT_p00518.tif,/data/heguozhen/Fire/activefire/masks/voting/LC08_L1TP_035027_20200810_20200810_01_RT_voting_p00518.tif
/data/heguozhen/Fire/activefire/images/patches/LC08_L1TP_166070_20200816_20200816_01_RT_p00763.tif,/data/heguozhen/Fire/activefire/masks/voting/LC08_L1TP_166070_20200816_20200816_01_RT_voting_p00763.tif
/data/heguozhen/Fire/activefire/images/patches/LC08_L1TP_121030_20200821_20200821_01_RT_p00786.tif,/data/heguozhen/Fire/activefire/masks/voting/LC08_L1TP_121030_20200821_20200821_01_RT_voting_p00786.tif
/data/heguozhen/Fire/activefire/images/patches/LC08_L1TP_160075_20200822_20200822_01_RT_p00180.tif,/data/heguozhen/Fire/activefire/masks/voting/LC08_L1TP_160075_20200822_20200822_01_RT_voting_p00180.tif
/data/heguozhen/Fire/activefire/images/patches/LC08_L1TP_220076_20200810_20200810_01_RT_p00411.tif,/data/heguozhen/Fire/activefire/masks/voting/LC08_L1TP_220076_20200810_20200810_01_RT_voting_p00411.tif
/data/heguozhen/Fire/activefire/images/patches/LC08_L1TP_169035_20200821_20200821_01_RT_p00461.tif,/data/heguozhen/Fire/activefire/masks/voting/LC08_L1TP_169035_20200821_20200821_01_RT_voting_p00461.tif
/data/heguozhen/Fire/activefire/images/patches/LC08_L1TP_160075_20200822_20200822_01_RT_p00178.tif,/data/heguozhen/Fire/activefire/masks/voting/LC08_L1TP_160075_20200822_20200822_01_RT_voting_p00178.tif
/data/heguozhen/Fire/activefire/images/patches/LC08_L1TP_121027_20200821_20200821_01_RT_p00842.tif,/data/heguozhen/Fire/activefire/masks/voting/LC08_L1TP_121027_20200821_20200821_01_RT_voting_p00842.tif
/data/heguozhen/Fire/activefire/images/patches/LC08_L1TP_126044_20200824_20200824_01_RT_p00130.tif,/data/heguozhen/Fire/activefire/masks/voting/LC08_L1TP_126044_20200824_20200824_01_RT_voting_p00130.tif
/data/heguozhen/Fire/activefire/images/patches/LC08_L1TP_120024_20200830_20200830_01_RT_p00736.tif,/data/heguozhen/Fire/activefire/masks/voting/LC08_L1TP_120024_20200830_20200830_01_RT_voting_p00736.tif
/data/heguozhen/Fire/activefire/images/patches/LC08_L1TP_172067_20200810_20200810_01_RT_p00677.tif,/data/heguozhen/Fire/activefire/masks/voting/LC08_L1TP_172067_20200810_20200810_01_RT_voting_p00677.tif
/data/heguozhen/Fire/activefire/images/patches/LC08_L1TP_138038_20200812_20200812_01_RT_p00827.tif,/data/heguozhen/Fire/activefire/masks/voting/LC08_L1TP_138038_20200812_20200812_01_RT_voting_p00827.tif
/data/heguozhen/Fire/activefire/images/patches/LC08_L1TP_166071_20200816_20200816_01_RT_p00194.tif,/data/heguozhen/Fire/activefire/masks/voting/LC08_L1TP_166071_20200816_20200816_01_RT_voting_p00194.tif
/data/heguozhen/Fire/activefire/images/patches/LC08_L1TP_165069_20200809_20200809_01_RT_p00202.tif,/data/heguozhen/Fire/activefire/masks/voting/LC08_L1TP_165069_20200809_20200809_01_RT_voting_p00202.tif
/data/heguozhen/Fire/activefire/images/patches/LC08_L1TP_172069_20200810_20200810_01_RT_p00550.tif,/data/heguozhen/Fire/activefire/masks/voting/LC08_L1TP_172069_20200810_20200810_01_RT_voting_p00550.tif
/data/heguozhen/Fire/activefire/images/patches/LC08_L1TP_218074_20200812_20200812_01_RT_p00671.tif,/data/heguozhen/Fire/activefire/masks/voting/LC08_L1TP_218074_20200812_20200812_01_RT_voting_p00671.tif
/data/heguozhen/Fire/activefire/images/patches/LC08_L1TP_098070_20200820_20200820_01_RT_p00880.tif,/data/heguozhen/Fire/activefire/masks/voting/LC08_L1TP_098070_20200820_20200820_01_RT_voting_p00880.tif
/data/heguozhen/Fire/activefire/images/patches/LC08_L1TP_110066_20200824_20200824_01_RT_p00486.tif,/data/heguozhen/Fire/activefire/masks/voting/LC08_L1TP_110066_20200824_20200824_01_RT_voting_p00486.tif
/data/heguozhen/Fire/activefire/images/patches/LC08_L1TP_126033_20200824_20200824_01_RT_p00847.tif,/data/heguozhen/Fire/activefire/masks/voting/LC08_L1TP_126033_20200824_20200824_01_RT_voting_p00847.tif
/data/heguozhen/Fire/activefire/images/patches/LC08_L1TP_120034_20200830_20200830_01_RT_p00718.tif,/data/heguozhen/Fire/activefire/masks/voting/LC08_L1TP_120034_20200830_20200830_01_RT_voting_p00718.tif
/data/heguozhen/Fire/activefire/images/patches/LC08_L1TP_175065_20200815_20200815_01_RT_p00794.tif,/data/heguozhen/Fire/activefire/masks/voting/LC08_L1TP_175065_20200815_20200815_01_RT_voting_p00794.tif
/data/heguozhen/Fire/activefire/images/patches/LC08_L1TP_117016_20200809_20200809_01_RT_p00254.tif,/data/heguozhen/Fire/activefire/masks/voting/LC08_L1TP_117016_20200809_20200809_01_RT_voting_p00254.tif
/data/heguozhen/Fire/activefire/images/patches/LC08_L1TP_122065_20200828_20200828_01_RT_p00686.tif,/data/heguozhen/Fire/activefire/masks/voting/LC08_L1TP_122065_20200828_20200828_01_RT_voting_p00686.tif
/data/heguozhen/Fire/activefire/images/patches/LC08_L1TP_131034_20200827_20200827_01_RT_p00399.tif,/data/heguozhen/Fire/activefire/masks/voting/LC08_L1TP_131034_20200827_20200827_01_RT_voting_p00399.tif
/data/heguozhen/Fire/activefire/images/patches/LC08_L1TP_119041_20200807_20200807_01_RT_p00618.tif,/data/heguozhen/Fire/activefire/masks/voting/LC08_L1TP_119041_20200807_20200807_01_RT_voting_p00618.tif
/data/heguozhen/Fire/activefire/images/patches/LC08_L1TP_170066_20200812_20200812_01_RT_p00356.tif,/data/heguozhen/Fire/activefire/masks/voting/LC08_L1TP_170066_20200812_20200812_01_RT_voting_p00356.tif
/data/heguozhen/Fire/activefire/images/patches/LC08_L1TP_182061_20200816_20200816_01_RT_p00412.tif,/data/heguozhen/Fire/activefire/masks/voting/LC08_L1TP_182061_20200816_20200816_01_RT_voting_p00412.tif
/data/heguozhen/Fire/activefire/images/patches/LC08_L1GT_182060_20200816_20200816_01_RT_p00180.tif,/data/heguozhen/Fire/activefire/masks/voting/LC08_L1GT_182060_20200816_20200816_01_RT_voting_p00180.tif
/data/heguozhen/Fire/activefire/images/patches/LC08_L1TP_170069_20200812_20200812_01_RT_p00537.tif,/data/heguozhen/Fire/activefire/masks/voting/LC08_L1TP_170069_20200812_20200812_01_RT_voting_p00537.tif
/data/heguozhen/Fire/activefire/images/patches/LC08_L1TP_101065_20200825_20200825_01_RT_p00376.tif,/data/heguozhen/Fire/activefire/masks/voting/LC08_L1TP_101065_20200825_20200825_01_RT_voting_p00376.tif
/data/heguozhen/Fire/activefire/images/patches/LC08_L1TP_119062_20200823_20200823_01_RT_p00671.tif,/data/heguozhen/Fire/activefire/masks/voting/LC08_L1TP_119062_20200823_20200823_01_RT_voting_p00671.tif
/data/heguozhen/Fire/activefire/images/patches/LC08_L1TP_179069_20200811_20200811_01_RT_p00261.tif,/data/heguozhen/Fire/activefire/masks/voting/LC08_L1TP_179069_20200811_20200811_01_RT_voting_p00261.tif
/data/heguozhen/Fire/activefire/images/patches/LC08_L1TP_175069_20200815_20200815_01_RT_p00177.tif,/data/heguozhen/Fire/activefire/masks/voting/LC08_L1TP_175069_20200815_20200815_01_RT_voting_p00177.tif
/data/heguozhen/Fire/activefire/images/patches/LC08_L1TP_008065_20200829_20200829_01_RT_p00171.tif,/data/heguozhen/Fire/activefire/masks/voting/LC08_L1TP_008065_20200829_20200829_01_RT_voting_p00171.tif
/data/heguozhen/Fire/activefire/images/patches/LC08_L1TP_157018_20200817_20200817_01_RT_p00479.tif,/data/heguozhen/Fire/activefire/masks/voting/LC08_L1TP_157018_20200817_20200817_01_RT_voting_p00479.tif
/data/heguozhen/Fire/activefire/images/patches/LC08_L1TP_119028_20200823_20200823_01_RT_p00637.tif,/data/heguozhen/Fire/activefire/masks/voting/LC08_L1TP_119028_20200823_20200823_01_RT_voting_p00637.tif
/data/heguozhen/Fire/activefire/images/patches/LC08_L1TP_227081_20200811_20200811_01_RT_p00618.tif,/data/heguozhen/Fire/activefire/masks/voting/LC08_L1TP_227081_20200811_20200811_01_RT_voting_p00618.tif
/data/heguozhen/Fire/activefire/images/patches/LC08_L1TP_166070_20200816_20200816_01_RT_p00720.tif,/data/heguozhen/Fire/activefire/masks/voting/LC08_L1TP_166070_20200816_20200816_01_RT_voting_p00720.tif
/data/heguozhen/Fire/activefire/images/patches/LC08_L1TP_166038_20200816_20200816_01_RT_p00351.tif,/data/heguozhen/Fire/activefire/masks/voting/LC08_L1TP_166038_20200816_20200816_01_RT_voting_p00351.tif
/data/heguozhen/Fire/activefire/images/patches/LC08_L1TP_119065_20200823_20200823_01_RT_p00388.tif,/data/heguozhen/Fire/activefire/masks/voting/LC08_L1TP_119065_20200823_20200823_01_RT_voting_p00388.tif
/data/heguozhen/Fire/activefire/images/patches/LC08_L1TP_179068_20200811_20200811_01_RT_p00598.tif,/data/heguozhen/Fire/activefire/masks/voting/LC08_L1TP_179068_20200811_20200811_01_RT_voting_p00598.tif
/data/heguozhen/Fire/activefire/images/patches/LC08_L1TP_131035_20200827_20200827_01_RT_p00565.tif,/data/heguozhen/Fire/activefire/masks/voting/LC08_L1TP_131035_20200827_20200827_01_RT_voting_p00565.tif
/data/heguozhen/Fire/activefire/images/patches/LC08_L1TP_195035_20200811_20200812_01_RT_p00134.tif,/data/heguozhen/Fire/activefire/masks/voting/LC08_L1TP_195035_20200811_20200812_01_RT_voting_p00134.tif
/data/heguozhen/Fire/activefire/images/patches/LC08_L1TP_173068_20200817_20200817_01_RT_p00253.tif,/data/heguozhen/Fire/activefire/masks/voting/LC08_L1TP_173068_20200817_20200817_01_RT_voting_p00253.tif
/data/heguozhen/Fire/activefire/images/patches/LC08_L1TP_003069_20200810_20200810_01_RT_p00584.tif,/data/heguozhen/Fire/activefire/masks/voting/LC08_L1TP_003069_20200810_20200810_01_RT_voting_p00584.tif
/data/heguozhen/Fire/activefire/images/patches/LC08_L1TP_172066_20200810_20200810_01_RT_p00799.tif,/data/heguozhen/Fire/activefire/masks/voting/LC08_L1TP_172066_20200810_20200810_01_RT_voting_p00799.tif
/data/heguozhen/Fire/activefire/images/patches/LC08_L1TP_135015_20200823_20200823_01_RT_p00348.tif,/data/heguozhen/Fire/activefire/masks/voting/LC08_L1TP_135015_20200823_20200823_01_RT_voting_p00348.tif
/data/heguozhen/Fire/activefire/images/patches/LC08_L1TP_172061_20200810_20200810_01_RT_p00665.tif,/data/heguozhen/Fire/activefire/masks/voting/LC08_L1TP_172061_20200810_20200810_01_RT_voting_p00665.tif
/data/heguozhen/Fire/activefire/images/patches/LC08_L1TP_175072_20200815_20200815_01_RT_p00725.tif,/data/heguozhen/Fire/activefire/masks/voting/LC08_L1TP_175072_20200815_20200815_01_RT_voting_p00725.tif
/data/heguozhen/Fire/activefire/images/patches/LC08_L1TP_119029_20200807_20200807_01_RT_p00772.tif,/data/heguozhen/Fire/activefire/masks/voting/LC08_L1TP_119029_20200807_20200807_01_RT_voting_p00772.tif
/data/heguozhen/Fire/activefire/images/patches/LC08_L1TP_173070_20200817_20200817_01_RT_p00516.tif,/data/heguozhen/Fire/activefire/masks/voting/LC08_L1TP_173070_20200817_20200817_01_RT_voting_p00516.tif
/data/heguozhen/Fire/activefire/images/patches/LC08_L1TP_173063_20200817_20200817_01_RT_p00473.tif,/data/heguozhen/Fire/activefire/masks/voting/LC08_L1TP_173063_20200817_20200817_01_RT_voting_p00473.tif
/data/heguozhen/Fire/activefire/images/patches/LC08_L1TP_174072_20200808_20200808_01_RT_p00447.tif,/data/heguozhen/Fire/activefire/masks/voting/LC08_L1TP_174072_20200808_20200808_01_RT_voting_p00447.tif
/data/heguozhen/Fire/activefire/images/patches/LC08_L1TP_170067_20200812_20200812_01_RT_p00221.tif,/data/heguozhen/Fire/activefire/masks/voting/LC08_L1TP_170067_20200812_20200812_01_RT_voting_p00221.tif
/data/heguozhen/Fire/activefire/images/patches/LC08_L1TP_129034_20200813_20200813_01_RT_p00470.tif,/data/heguozhen/Fire/activefire/masks/voting/LC08_L1TP_129034_20200813_20200813_01_RT_voting_p00470.tif
/data/heguozhen/Fire/activefire/images/patches/LC08_L1TP_124034_20200826_20200826_01_RT_p00210.tif,/data/heguozhen/Fire/activefire/masks/voting/LC08_L1TP_124034_20200826_20200826_01_RT_voting_p00210.tif
/data/heguozhen/Fire/activefire/images/patches/LC08_L1TP_170068_20200812_20200812_01_RT_p00239.tif,/data/heguozhen/Fire/activefire/masks/voting/LC08_L1TP_170068_20200812_20200812_01_RT_voting_p00239.tif
/data/heguozhen/Fire/activefire/images/patches/LC08_L1TP_165067_20200809_20200809_01_RT_p00514.tif,/data/heguozhen/Fire/activefire/masks/voting/LC08_L1TP_165067_20200809_20200809_01_RT_voting_p00514.tif
/data/heguozhen/Fire/activefire/images/patches/LC08_L1TP_173071_20200817_20200817_01_RT_p00593.tif,/data/heguozhen/Fire/activefire/masks/voting/LC08_L1TP_173071_20200817_20200817_01_RT_voting_p00593.tif
/data/heguozhen/Fire/activefire/images/patches/LC08_L1TP_008066_20200829_20200829_01_RT_p00771.tif,/data/heguozhen/Fire/activefire/masks/voting/LC08_L1TP_008066_20200829_20200829_01_RT_voting_p00771.tif
/data/heguozhen/Fire/activefire/images/patches/LC08_L1TP_175071_20200815_20200815_01_RT_p00255.tif,/data/heguozhen/Fire/activefire/masks/voting/LC08_L1TP_175071_20200815_20200815_01_RT_voting_p00255.tif
/data/heguozhen/Fire/activefire/images/patches/LC08_L1TP_172063_20200810_20200810_01_RT_p00354.tif,/data/heguozhen/Fire/activefire/masks/voting/LC08_L1TP_172063_20200810_20200810_01_RT_voting_p00354.tif
/data/heguozhen/Fire/activefire/images/patches/LC08_L1TP_220065_20200810_20200810_01_RT_p00852.tif,/data/heguozhen/Fire/activefire/masks/voting/LC08_L1TP_220065_20200810_20200810_01_RT_voting_p00852.tif
/data/heguozhen/Fire/activefire/images/patches/LC08_L1TP_118017_20200816_20200816_01_RT_p00570.tif,/data/heguozhen/Fire/activefire/masks/voting/LC08_L1TP_118017_20200816_20200816_01_RT_voting_p00570.tif
/data/heguozhen/Fire/activefire/images/patches/LC08_L1TP_119029_20200807_20200807_01_RT_p00736.tif,/data/heguozhen/Fire/activefire/masks/voting/LC08_L1TP_119029_20200807_20200807_01_RT_voting_p00736.tif
/data/heguozhen/Fire/activefire/images/patches/LC08_L1TP_168023_20200830_20200830_01_RT_p00844.tif,/data/heguozhen/Fire/activefire/masks/voting/LC08_L1TP_168023_20200830_20200830_01_RT_voting_p00844.tif
/data/heguozhen/Fire/activefire/images/patches/LC08_L1TP_120013_20200830_20200830_01_RT_p00123.tif,/data/heguozhen/Fire/activefire/masks/voting/LC08_L1TP_120013_20200830_20200830_01_RT_voting_p00123.tif
/data/heguozhen/Fire/activefire/images/patches/LC08_L1TP_161072_20200813_20200813_01_RT_p00674.tif,/data/heguozhen/Fire/activefire/masks/voting/LC08_L1TP_161072_20200813_20200813_01_RT_voting_p00674.tif
/data/heguozhen/Fire/activefire/images/patches/LC08_L1TP_165069_20200809_20200809_01_RT_p00679.tif,/data/heguozhen/Fire/activefire/masks/voting/LC08_L1TP_165069_20200809_20200809_01_RT_voting_p00679.tif
/data/heguozhen/Fire/activefire/images/patches/LC08_L1TP_188032_20200810_20200810_01_RT_p00757.tif,/data/heguozhen/Fire/activefire/masks/voting/LC08_L1TP_188032_20200810_20200810_01_RT_voting_p00757.tif
/data/heguozhen/Fire/activefire/images/patches/LC08_L1TP_172062_20200810_20200810_01_RT_p00606.tif,/data/heguozhen/Fire/activefire/masks/voting/LC08_L1TP_172062_20200810_20200810_01_RT_voting_p00606.tif
/data/heguozhen/Fire/activefire/images/patches/LC08_L1TP_126034_20200824_20200824_01_RT_p00784.tif,/data/heguozhen/Fire/activefire/masks/voting/LC08_L1TP_126034_20200824_20200824_01_RT_voting_p00784.tif
/data/heguozhen/Fire/activefire/images/patches/LC08_L1TP_008066_20200829_20200829_01_RT_p00535.tif,/data/heguozhen/Fire/activefire/masks/voting/LC08_L1TP_008066_20200829_20200829_01_RT_voting_p00535.tif
/data/heguozhen/Fire/activefire/images/patches/LC08_L1TP_124035_20200810_20200810_01_RT_p00165.tif,/data/heguozhen/Fire/activefire/masks/voting/LC08_L1TP_124035_20200810_20200810_01_RT_voting_p00165.tif
/data/heguozhen/Fire/activefire/images/patches/LC08_L1TP_179068_20200811_20200811_01_RT_p00353.tif,/data/heguozhen/Fire/activefire/masks/voting/LC08_L1TP_179068_20200811_20200811_01_RT_voting_p00353.tif
/data/heguozhen/Fire/activefire/images/patches/LC08_L1TP_165069_20200809_20200809_01_RT_p00348.tif,/data/heguozhen/Fire/activefire/masks/voting/LC08_L1TP_165069_20200809_20200809_01_RT_voting_p00348.tif
/data/heguozhen/Fire/activefire/images/patches/LC08_L1TP_124026_20200826_20200826_01_RT_p00815.tif,/data/heguozhen/Fire/activefire/masks/voting/LC08_L1TP_124026_20200826_20200826_01_RT_voting_p00815.tif
/data/heguozhen/Fire/activefire/images/patches/LC08_L1TP_128056_20200822_20200822_01_RT_p00375.tif,/data/heguozhen/Fire/activefire/masks/voting/LC08_L1TP_128056_20200822_20200822_01_RT_voting_p00375.tif
/data/heguozhen/Fire/activefire/images/patches/LC08_L1TP_170070_20200812_20200812_01_RT_p00305.tif,/data/heguozhen/Fire/activefire/masks/voting/LC08_L1TP_170070_20200812_20200812_01_RT_voting_p00305.tif
/data/heguozhen/Fire/activefire/images/patches/LC08_L1TP_181067_20200809_20200809_01_RT_p00269.tif,/data/heguozhen/Fire/activefire/masks/voting/LC08_L1TP_181067_20200809_20200809_01_RT_voting_p00269.tif
/data/heguozhen/Fire/activefire/images/patches/LC08_L1TP_170065_20200812_20200812_01_RT_p00790.tif,/data/heguozhen/Fire/activefire/masks/voting/LC08_L1TP_170065_20200812_20200812_01_RT_voting_p00790.tif
/data/heguozhen/Fire/activefire/images/patches/LC08_L1TP_173072_20200817_20200817_01_RT_p00191.tif,/data/heguozhen/Fire/activefire/masks/voting/LC08_L1TP_173072_20200817_20200817_01_RT_voting_p00191.tif
/data/heguozhen/Fire/activefire/images/patches/LC08_L1TP_181062_20200809_20200809_01_RT_p00085.tif,/data/heguozhen/Fire/activefire/masks/voting/LC08_L1TP_181062_20200809_20200809_01_RT_voting_p00085.tif
/data/heguozhen/Fire/activefire/images/patches/LC08_L1TP_172065_20200810_20200810_01_RT_p00166.tif,/data/heguozhen/Fire/activefire/masks/voting/LC08_L1TP_172065_20200810_20200810_01_RT_voting_p00166.tif
/data/heguozhen/Fire/activefire/images/patches/LC08_L1TP_166070_20200816_20200816_01_RT_p00052.tif,/data/heguozhen/Fire/activefire/masks/voting/LC08_L1TP_166070_20200816_20200816_01_RT_voting_p00052.tif
/data/heguozhen/Fire/activefire/images/patches/LC08_L1TP_158077_20200808_20200808_01_RT_p00438.tif,/data/heguozhen/Fire/activefire/masks/voting/LC08_L1TP_158077_20200808_20200808_01_RT_voting_p00438.tif
/data/heguozhen/Fire/activefire/images/patches/LC08_L1TP_172070_20200810_20200810_01_RT_p00760.tif,/data/heguozhen/Fire/activefire/masks/voting/LC08_L1TP_172070_20200810_20200810_01_RT_voting_p00760.tif
/data/heguozhen/Fire/activefire/images/patches/LC08_L1TP_179065_20200811_20200811_01_RT_p00552.tif,/data/heguozhen/Fire/activefire/masks/voting/LC08_L1TP_179065_20200811_20200811_01_RT_voting_p00552.tif
/data/heguozhen/Fire/activefire/images/patches/LC08_L1TP_170067_20200812_20200812_01_RT_p00253.tif,/data/heguozhen/Fire/activefire/masks/voting/LC08_L1TP_170067_20200812_20200812_01_RT_voting_p00253.tif
/data/heguozhen/Fire/activefire/images/patches/LC08_L1TP_167035_20200823_20200823_01_RT_p00692.tif,/data/heguozhen/Fire/activefire/masks/voting/LC08_L1TP_167035_20200823_20200823_01_RT_voting_p00692.tif
/data/heguozhen/Fire/activefire/images/patches/LC08_L1TP_160076_20200822_20200822_01_RT_p00283.tif,/data/heguozhen/Fire/activefire/masks/voting/LC08_L1TP_160076_20200822_20200822_01_RT_voting_p00283.tif
/data/heguozhen/Fire/activefire/images/patches/LC08_L1TP_191056_20200815_20200815_01_RT_p00562.tif,/data/heguozhen/Fire/activefire/masks/voting/LC08_L1TP_191056_20200815_20200815_01_RT_voting_p00562.tif
/data/heguozhen/Fire/activefire/images/patches/LC08_L1TP_019038_20200810_20200810_01_RT_p00676.tif,/data/heguozhen/Fire/activefire/masks/voting/LC08_L1TP_019038_20200810_20200810_01_RT_voting_p00676.tif
/data/heguozhen/Fire/activefire/images/patches/LC08_L1TP_042023_20200827_20200827_01_RT_p00518.tif,/data/heguozhen/Fire/activefire/masks/voting/LC08_L1TP_042023_20200827_20200827_01_RT_voting_p00518.tif
/data/heguozhen/Fire/activefire/images/patches/LC08_L1TP_175068_20200815_20200815_01_RT_p00158.tif,/data/heguozhen/Fire/activefire/masks/voting/LC08_L1TP_175068_20200815_20200815_01_RT_voting_p00158.tif
/data/heguozhen/Fire/activefire/images/patches/LC08_L1TP_165069_20200809_20200809_01_RT_p00875.tif,/data/heguozhen/Fire/activefire/masks/voting/LC08_L1TP_165069_20200809_20200809_01_RT_voting_p00875.tif
/data/heguozhen/Fire/activefire/images/patches/LC08_L1TP_141054_20200817_20200817_01_RT_p00646.tif,/data/heguozhen/Fire/activefire/masks/voting/LC08_L1TP_141054_20200817_20200817_01_RT_voting_p00646.tif
/data/heguozhen/Fire/activefire/images/patches/LC08_L1TP_010063_20200827_20200827_01_RT_p00430.tif,/data/heguozhen/Fire/activefire/masks/voting/LC08_L1TP_010063_20200827_20200827_01_RT_voting_p00430.tif
/data/heguozhen/Fire/activefire/images/patches/LC08_L1TP_179063_20200811_20200811_01_RT_p00323.tif,/data/heguozhen/Fire/activefire/masks/voting/LC08_L1TP_179063_20200811_20200811_01_RT_voting_p00323.tif
/data/heguozhen/Fire/activefire/images/patches/LC08_L1TP_170081_20200812_20200812_01_RT_p00710.tif,/data/heguozhen/Fire/activefire/masks/voting/LC08_L1TP_170081_20200812_20200812_01_RT_voting_p00710.tif
/data/heguozhen/Fire/activefire/images/patches/LC08_L1TP_170066_20200812_20200812_01_RT_p00197.tif,/data/heguozhen/Fire/activefire/masks/voting/LC08_L1TP_170066_20200812_20200812_01_RT_voting_p00197.tif
/data/heguozhen/Fire/activefire/images/patches/LC08_L1TP_126052_20200824_20200824_01_RT_p00422.tif,/data/heguozhen/Fire/activefire/masks/voting/LC08_L1TP_126052_20200824_20200824_01_RT_voting_p00422.tif
/data/heguozhen/Fire/activefire/images/patches/LC08_L1TP_169069_20200821_20200821_01_RT_p00242.tif,/data/heguozhen/Fire/activefire/masks/voting/LC08_L1TP_169069_20200821_20200821_01_RT_voting_p00242.tif
/data/heguozhen/Fire/activefire/images/patches/LC08_L1TP_146021_20200820_20200820_01_RT_p00120.tif,/data/heguozhen/Fire/activefire/masks/voting/LC08_L1TP_146021_20200820_20200820_01_RT_voting_p00120.tif
/data/heguozhen/Fire/activefire/images/patches/LC08_L1TP_158020_20200808_20200808_01_RT_p00903.tif,/data/heguozhen/Fire/activefire/masks/voting/LC08_L1TP_158020_20200808_20200808_01_RT_voting_p00903.tif
/data/heguozhen/Fire/activefire/images/patches/LC08_L1TP_173069_20200817_20200817_01_RT_p00354.tif,/data/heguozhen/Fire/activefire/masks/voting/LC08_L1TP_173069_20200817_20200817_01_RT_voting_p00354.tif
/data/heguozhen/Fire/activefire/images/patches/LC08_L1TP_173065_20200817_20200817_01_RT_p00025.tif,/data/heguozhen/Fire/activefire/masks/voting/LC08_L1TP_173065_20200817_20200817_01_RT_voting_p00025.tif
/data/heguozhen/Fire/activefire/images/patches/LC08_L1TP_122038_20200828_20200828_01_RT_p00728.tif,/data/heguozhen/Fire/activefire/masks/voting/LC08_L1TP_122038_20200828_20200828_01_RT_voting_p00728.tif
/data/heguozhen/Fire/activefire/images/patches/LC08_L1TP_175070_20200815_20200815_01_RT_p00461.tif,/data/heguozhen/Fire/activefire/masks/voting/LC08_L1TP_175070_20200815_20200815_01_RT_voting_p00461.tif
/data/heguozhen/Fire/activefire/images/patches/LC08_L1TP_096071_20200822_20200822_01_RT_p00462.tif,/data/heguozhen/Fire/activefire/masks/voting/LC08_L1TP_096071_20200822_20200822_01_RT_voting_p00462.tif
/data/heguozhen/Fire/activefire/images/patches/LC08_L1TP_166066_20200816_20200816_01_RT_p00344.tif,/data/heguozhen/Fire/activefire/masks/voting/LC08_L1TP_166066_20200816_20200816_01_RT_voting_p00344.tif
/data/heguozhen/Fire/activefire/images/patches/LC08_L1TP_227082_20200811_20200811_01_RT_p00784.tif,/data/heguozhen/Fire/activefire/masks/voting/LC08_L1TP_227082_20200811_20200811_01_RT_voting_p00784.tif
/data/heguozhen/Fire/activefire/images/patches/LC08_L1TP_002053_20200819_20200820_01_RT_p00212.tif,/data/heguozhen/Fire/activefire/masks/voting/LC08_L1TP_002053_20200819_20200820_01_RT_voting_p00212.tif
/data/heguozhen/Fire/activefire/images/patches/LC08_L1TP_172070_20200810_20200810_01_RT_p00688.tif,/data/heguozhen/Fire/activefire/masks/voting/LC08_L1TP_172070_20200810_20200810_01_RT_voting_p00688.tif
/data/heguozhen/Fire/activefire/images/patches/LC08_L1TP_167074_20200823_20200823_01_RT_p00582.tif,/data/heguozhen/Fire/activefire/masks/voting/LC08_L1TP_167074_20200823_20200823_01_RT_voting_p00582.tif
/data/heguozhen/Fire/activefire/images/patches/LC08_L1TP_117017_20200809_20200809_01_RT_p00343.tif,/data/heguozhen/Fire/activefire/masks/voting/LC08_L1TP_117017_20200809_20200809_01_RT_voting_p00343.tif
/data/heguozhen/Fire/activefire/images/patches/LC08_L1TP_170029_20200812_20200812_01_RT_p00819.tif,/data/heguozhen/Fire/activefire/masks/voting/LC08_L1TP_170029_20200812_20200812_01_RT_voting_p00819.tif
/data/heguozhen/Fire/activefire/images/patches/LC08_L1TP_166067_20200816_20200816_01_RT_p00670.tif,/data/heguozhen/Fire/activefire/masks/voting/LC08_L1TP_166067_20200816_20200816_01_RT_voting_p00670.tif
/data/heguozhen/Fire/activefire/images/patches/LC08_L1TP_172063_20200810_20200810_01_RT_p00488.tif,/data/heguozhen/Fire/activefire/masks/voting/LC08_L1TP_172063_20200810_20200810_01_RT_voting_p00488.tif
/data/heguozhen/Fire/activefire/images/patches/LC08_L1TP_001053_20200828_20200828_01_RT_p00759.tif,/data/heguozhen/Fire/activefire/masks/voting/LC08_L1TP_001053_20200828_20200828_01_RT_voting_p00759.tif
/data/heguozhen/Fire/activefire/images/patches/LC08_L1TP_160075_20200822_20200822_01_RT_p00332.tif,/data/heguozhen/Fire/activefire/masks/voting/LC08_L1TP_160075_20200822_20200822_01_RT_voting_p00332.tif
/data/heguozhen/Fire/activefire/images/patches/LC08_L1TP_172070_20200810_20200810_01_RT_p00413.tif,/data/heguozhen/Fire/activefire/masks/voting/LC08_L1TP_172070_20200810_20200810_01_RT_voting_p00413.tif
/data/heguozhen/Fire/activefire/images/patches/LC08_L1TP_165067_20200809_20200809_01_RT_p00113.tif,/data/heguozhen/Fire/activefire/masks/voting/LC08_L1TP_165067_20200809_20200809_01_RT_voting_p00113.tif
/data/heguozhen/Fire/activefire/images/patches/LC08_L1TP_170068_20200812_20200812_01_RT_p00300.tif,/data/heguozhen/Fire/activefire/masks/voting/LC08_L1TP_170068_20200812_20200812_01_RT_voting_p00300.tif
/data/heguozhen/Fire/activefire/images/patches/LC08_L1TP_121028_20200821_20200821_01_RT_p00592.tif,/data/heguozhen/Fire/activefire/masks/voting/LC08_L1TP_121028_20200821_20200821_01_RT_voting_p00592.tif
/data/heguozhen/Fire/activefire/images/patches/LC08_L1TP_182064_20200816_20200816_01_RT_p00875.tif,/data/heguozhen/Fire/activefire/masks/voting/LC08_L1TP_182064_20200816_20200816_01_RT_voting_p00875.tif
/data/heguozhen/Fire/activefire/images/patches/LC08_L1TP_179063_20200811_20200811_01_RT_p00117.tif,/data/heguozhen/Fire/activefire/masks/voting/LC08_L1TP_179063_20200811_20200811_01_RT_voting_p00117.tif
/data/heguozhen/Fire/activefire/images/patches/LC08_L1TP_174066_20200808_20200808_01_RT_p00472.tif,/data/heguozhen/Fire/activefire/masks/voting/LC08_L1TP_174066_20200808_20200808_01_RT_voting_p00472.tif
/data/heguozhen/Fire/activefire/images/patches/LC08_L1TP_165069_20200809_20200809_01_RT_p00485.tif,/data/heguozhen/Fire/activefire/masks/voting/LC08_L1TP_165069_20200809_20200809_01_RT_voting_p00485.tif
/data/heguozhen/Fire/activefire/images/patches/LC08_L1TP_173072_20200817_20200817_01_RT_p00562.tif,/data/heguozhen/Fire/activefire/masks/voting/LC08_L1TP_173072_20200817_20200817_01_RT_voting_p00562.tif
/data/heguozhen/Fire/activefire/images/patches/LC08_L1TP_170070_20200812_20200812_01_RT_p00843.tif,/data/heguozhen/Fire/activefire/masks/voting/LC08_L1TP_170070_20200812_20200812_01_RT_voting_p00843.tif
/data/heguozhen/Fire/activefire/images/patches/LC08_L1TP_175027_20200815_20200815_01_RT_p00523.tif,/data/heguozhen/Fire/activefire/masks/voting/LC08_L1TP_175027_20200815_20200815_01_RT_voting_p00523.tif
/data/heguozhen/Fire/activefire/images/patches/LC08_L1TP_172066_20200810_20200810_01_RT_p00786.tif,/data/heguozhen/Fire/activefire/masks/voting/LC08_L1TP_172066_20200810_20200810_01_RT_voting_p00786.tif
/data/heguozhen/Fire/activefire/images/patches/LC08_L1TP_125052_20200817_20200817_01_RT_p00738.tif,/data/heguozhen/Fire/activefire/masks/voting/LC08_L1TP_125052_20200817_20200817_01_RT_voting_p00738.tif
/data/heguozhen/Fire/activefire/images/patches/LC08_L1TP_182061_20200816_20200816_01_RT_p00508.tif,/data/heguozhen/Fire/activefire/masks/voting/LC08_L1TP_182061_20200816_20200816_01_RT_voting_p00508.tif
/data/heguozhen/Fire/activefire/images/patches/LC08_L1TP_165069_20200809_20200809_01_RT_p00566.tif,/data/heguozhen/Fire/activefire/masks/voting/LC08_L1TP_165069_20200809_20200809_01_RT_voting_p00566.tif
/data/heguozhen/Fire/activefire/images/patches/LC08_L1TP_119026_20200823_20200823_01_RT_p00438.tif,/data/heguozhen/Fire/activefire/masks/voting/LC08_L1TP_119026_20200823_20200823_01_RT_voting_p00438.tif
/data/heguozhen/Fire/activefire/images/patches/LC08_L1TP_172066_20200810_20200810_01_RT_p00387.tif,/data/heguozhen/Fire/activefire/masks/voting/LC08_L1TP_172066_20200810_20200810_01_RT_voting_p00387.tif
/data/heguozhen/Fire/activefire/images/patches/LC08_L1TP_146027_20200820_20200820_01_RT_p00213.tif,/data/heguozhen/Fire/activefire/masks/voting/LC08_L1TP_146027_20200820_20200820_01_RT_voting_p00213.tif
/data/heguozhen/Fire/activefire/images/patches/LC08_L1TP_227077_20200811_20200811_01_RT_p00772.tif,/data/heguozhen/Fire/activefire/masks/voting/LC08_L1TP_227077_20200811_20200811_01_RT_voting_p00772.tif
/data/heguozhen/Fire/activefire/images/patches/LC08_L1TP_156018_20200810_20200810_01_RT_p00743.tif,/data/heguozhen/Fire/activefire/masks/voting/LC08_L1TP_156018_20200810_20200810_01_RT_voting_p00743.tif
/data/heguozhen/Fire/activefire/images/patches/LC08_L1GT_182060_20200816_20200816_01_RT_p00420.tif,/data/heguozhen/Fire/activefire/masks/voting/LC08_L1GT_182060_20200816_20200816_01_RT_voting_p00420.tif
/data/heguozhen/Fire/activefire/images/patches/LC08_L1TP_177039_20200813_20200813_01_RT_p00641.tif,/data/heguozhen/Fire/activefire/masks/voting/LC08_L1TP_177039_20200813_20200813_01_RT_voting_p00641.tif
/data/heguozhen/Fire/activefire/images/patches/LC08_L1TP_123015_20200819_20200819_01_RT_p00747.tif,/data/heguozhen/Fire/activefire/masks/voting/LC08_L1TP_123015_20200819_20200819_01_RT_voting_p00747.tif
/data/heguozhen/Fire/activefire/images/patches/LC08_L1TP_227083_20200811_20200811_01_RT_p00878.tif,/data/heguozhen/Fire/activefire/masks/voting/LC08_L1TP_227083_20200811_20200811_01_RT_voting_p00878.tif
/data/heguozhen/Fire/activefire/images/patches/LC08_L1TP_182062_20200816_20200816_01_RT_p00687.tif,/data/heguozhen/Fire/activefire/masks/voting/LC08_L1TP_182062_20200816_20200816_01_RT_voting_p00687.tif
/data/heguozhen/Fire/activefire/images/patches/LC08_L1TP_181063_20200809_20200809_01_RT_p00563.tif,/data/heguozhen/Fire/activefire/masks/voting/LC08_L1TP_181063_20200809_20200809_01_RT_voting_p00563.tif
/data/heguozhen/Fire/activefire/images/patches/LC08_L1TP_169071_20200821_20200821_01_RT_p00562.tif,/data/heguozhen/Fire/activefire/masks/voting/LC08_L1TP_169071_20200821_20200821_01_RT_voting_p00562.tif
/data/heguozhen/Fire/activefire/images/patches/LC08_L1TP_222063_20200808_20200808_01_RT_p00445.tif,/data/heguozhen/Fire/activefire/masks/voting/LC08_L1TP_222063_20200808_20200808_01_RT_voting_p00445.tif
/data/heguozhen/Fire/activefire/images/patches/LC08_L1TP_096064_20200822_20200822_01_RT_p00366.tif,/data/heguozhen/Fire/activefire/masks/voting/LC08_L1TP_096064_20200822_20200822_01_RT_voting_p00366.tif
/data/heguozhen/Fire/activefire/images/patches/LC08_L1TP_124061_20200826_20200826_01_RT_p00768.tif,/data/heguozhen/Fire/activefire/masks/voting/LC08_L1TP_124061_20200826_20200826_01_RT_voting_p00768.tif
/data/heguozhen/Fire/activefire/images/patches/LC08_L1TP_121015_20200821_20200821_01_RT_p00388.tif,/data/heguozhen/Fire/activefire/masks/voting/LC08_L1TP_121015_20200821_20200821_01_RT_voting_p00388.tif
/data/heguozhen/Fire/activefire/images/patches/LC08_L1TP_169035_20200821_20200821_01_RT_p00460.tif,/data/heguozhen/Fire/activefire/masks/voting/LC08_L1TP_169035_20200821_20200821_01_RT_voting_p00460.tif
/data/heguozhen/Fire/activefire/images/patches/LC08_L1TP_181062_20200809_20200809_01_RT_p00503.tif,/data/heguozhen/Fire/activefire/masks/voting/LC08_L1TP_181062_20200809_20200809_01_RT_voting_p00503.tif
/data/heguozhen/Fire/activefire/images/patches/LC08_L1TP_173070_20200817_20200817_01_RT_p00161.tif,/data/heguozhen/Fire/activefire/masks/voting/LC08_L1TP_173070_20200817_20200817_01_RT_voting_p00161.tif
/data/heguozhen/Fire/activefire/images/patches/LC08_L1TP_121028_20200821_20200821_01_RT_p00465.tif,/data/heguozhen/Fire/activefire/masks/voting/LC08_L1TP_121028_20200821_20200821_01_RT_voting_p00465.tif
/data/heguozhen/Fire/activefire/images/patches/LC08_L1TP_188027_20200810_20200810_01_RT_p00536.tif,/data/heguozhen/Fire/activefire/masks/voting/LC08_L1TP_188027_20200810_20200810_01_RT_voting_p00536.tif
/data/heguozhen/Fire/activefire/images/patches/LC08_L1TP_191039_20200815_20200815_01_RT_p00079.tif,/data/heguozhen/Fire/activefire/masks/voting/LC08_L1TP_191039_20200815_20200815_01_RT_voting_p00079.tif
/data/heguozhen/Fire/activefire/images/patches/LC08_L1TP_189031_20200817_20200817_01_RT_p00677.tif,/data/heguozhen/Fire/activefire/masks/voting/LC08_L1TP_189031_20200817_20200817_01_RT_voting_p00677.tif
/data/heguozhen/Fire/activefire/images/patches/LC08_L1TP_130032_20200820_20200820_01_RT_p00766.tif,/data/heguozhen/Fire/activefire/masks/voting/LC08_L1TP_130032_20200820_20200820_01_RT_voting_p00766.tif
/data/heguozhen/Fire/activefire/images/patches/LC08_L1TP_001053_20200812_20200812_01_RT_p00759.tif,/data/heguozhen/Fire/activefire/masks/voting/LC08_L1TP_001053_20200812_20200812_01_RT_voting_p00759.tif
/data/heguozhen/Fire/activefire/images/patches/LC08_L1TP_119028_20200823_20200823_01_RT_p00702.tif,/data/heguozhen/Fire/activefire/masks/voting/LC08_L1TP_119028_20200823_20200823_01_RT_voting_p00702.tif
/data/heguozhen/Fire/activefire/images/patches/LC08_L1TP_173070_20200817_20200817_01_RT_p00874.tif,/data/heguozhen/Fire/activefire/masks/voting/LC08_L1TP_173070_20200817_20200817_01_RT_voting_p00874.tif
/data/heguozhen/Fire/activefire/images/patches/LC08_L1TP_018031_20200819_20200820_01_RT_p00113.tif,/data/heguozhen/Fire/activefire/masks/voting/LC08_L1TP_018031_20200819_20200820_01_RT_voting_p00113.tif
/data/heguozhen/Fire/activefire/images/patches/LC08_L1TP_170070_20200812_20200812_01_RT_p00687.tif,/data/heguozhen/Fire/activefire/masks/voting/LC08_L1TP_170070_20200812_20200812_01_RT_voting_p00687.tif
/data/heguozhen/Fire/activefire/images/patches/LC08_L1TP_165068_20200809_20200809_01_RT_p00352.tif,/data/heguozhen/Fire/activefire/masks/voting/LC08_L1TP_165068_20200809_20200809_01_RT_voting_p00352.tif
/data/heguozhen/Fire/activefire/images/patches/LC08_L1TP_167071_20200823_20200823_01_RT_p00505.tif,/data/heguozhen/Fire/activefire/masks/voting/LC08_L1TP_167071_20200823_20200823_01_RT_voting_p00505.tif
/data/heguozhen/Fire/activefire/images/patches/LC08_L1TP_144029_20200822_20200822_01_RT_p00823.tif,/data/heguozhen/Fire/activefire/masks/voting/LC08_L1TP_144029_20200822_20200822_01_RT_voting_p00823.tif
/data/heguozhen/Fire/activefire/images/patches/LC08_L1TP_138040_20200828_20200828_01_RT_p00506.tif,/data/heguozhen/Fire/activefire/masks/voting/LC08_L1TP_138040_20200828_20200828_01_RT_voting_p00506.tif
/data/heguozhen/Fire/activefire/images/patches/LC08_L1TP_173068_20200817_20200817_01_RT_p00754.tif,/data/heguozhen/Fire/activefire/masks/voting/LC08_L1TP_173068_20200817_20200817_01_RT_voting_p00754.tif
/data/heguozhen/Fire/activefire/images/patches/LC08_L1TP_182062_20200816_20200816_01_RT_p00602.tif,/data/heguozhen/Fire/activefire/masks/voting/LC08_L1TP_182062_20200816_20200816_01_RT_voting_p00602.tif
/data/heguozhen/Fire/activefire/images/patches/LC08_L1TP_224067_20200806_20200807_01_RT_p00649.tif,/data/heguozhen/Fire/activefire/masks/voting/LC08_L1TP_224067_20200806_20200807_01_RT_voting_p00649.tif
/data/heguozhen/Fire/activefire/images/patches/LC08_L1TP_118028_20200816_20200816_01_RT_p00501.tif,/data/heguozhen/Fire/activefire/masks/voting/LC08_L1TP_118028_20200816_20200816_01_RT_voting_p00501.tif
/data/heguozhen/Fire/activefire/images/patches/LC08_L1TP_168073_20200830_20200830_01_RT_p00879.tif,/data/heguozhen/Fire/activefire/masks/voting/LC08_L1TP_168073_20200830_20200830_01_RT_voting_p00879.tif
/data/heguozhen/Fire/activefire/images/patches/LC08_L1TP_227065_20200811_20200811_01_RT_p00265.tif,/data/heguozhen/Fire/activefire/masks/voting/LC08_L1TP_227065_20200811_20200811_01_RT_voting_p00265.tif
/data/heguozhen/Fire/activefire/images/patches/LC08_L1TP_008065_20200829_20200829_01_RT_p00508.tif,/data/heguozhen/Fire/activefire/masks/voting/LC08_L1TP_008065_20200829_20200829_01_RT_voting_p00508.tif
/data/heguozhen/Fire/activefire/images/patches/LC08_L1TP_119065_20200823_20200823_01_RT_p00515.tif,/data/heguozhen/Fire/activefire/masks/voting/LC08_L1TP_119065_20200823_20200823_01_RT_voting_p00515.tif
/data/heguozhen/Fire/activefire/images/patches/LC08_L1TP_181064_20200809_20200809_01_RT_p00112.tif,/data/heguozhen/Fire/activefire/masks/voting/LC08_L1TP_181064_20200809_20200809_01_RT_voting_p00112.tif
/data/heguozhen/Fire/activefire/images/patches/LC08_L1TP_106069_20200828_20200828_01_RT_p00783.tif,/data/heguozhen/Fire/activefire/masks/voting/LC08_L1TP_106069_20200828_20200828_01_RT_voting_p00783.tif
/data/heguozhen/Fire/activefire/images/patches/LC08_L1TP_121028_20200821_20200821_01_RT_p00684.tif,/data/heguozhen/Fire/activefire/masks/voting/LC08_L1TP_121028_20200821_20200821_01_RT_voting_p00684.tif
/data/heguozhen/Fire/activefire/images/patches/LC08_L1TP_172070_20200810_20200810_01_RT_p00481.tif,/data/heguozhen/Fire/activefire/masks/voting/LC08_L1TP_172070_20200810_20200810_01_RT_voting_p00481.tif
/data/heguozhen/Fire/activefire/images/patches/LC08_L1TP_104068_20200830_20200830_01_RT_p00648.tif,/data/heguozhen/Fire/activefire/masks/voting/LC08_L1TP_104068_20200830_20200830_01_RT_voting_p00648.tif
/data/heguozhen/Fire/activefire/images/patches/LC08_L1TP_222071_20200808_20200808_01_RT_p00178.tif,/data/heguozhen/Fire/activefire/masks/voting/LC08_L1TP_222071_20200808_20200808_01_RT_voting_p00178.tif
/data/heguozhen/Fire/activefire/images/patches/LC08_L1TP_170030_20200812_20200812_01_RT_p00851.tif,/data/heguozhen/Fire/activefire/masks/voting/LC08_L1TP_170030_20200812_20200812_01_RT_voting_p00851.tif
/data/heguozhen/Fire/activefire/images/patches/LC08_L1TP_031043_20200814_20200815_01_RT_p00693.tif,/data/heguozhen/Fire/activefire/masks/voting/LC08_L1TP_031043_20200814_20200815_01_RT_voting_p00693.tif
/data/heguozhen/Fire/activefire/images/patches/LC08_L1TP_179066_20200811_20200811_01_RT_p00427.tif,/data/heguozhen/Fire/activefire/masks/voting/LC08_L1TP_179066_20200811_20200811_01_RT_voting_p00427.tif
/data/heguozhen/Fire/activefire/images/patches/LC08_L1TP_189038_20200817_20200817_01_RT_p00658.tif,/data/heguozhen/Fire/activefire/masks/voting/LC08_L1TP_189038_20200817_20200817_01_RT_voting_p00658.tif
/data/heguozhen/Fire/activefire/images/patches/LC08_L1TP_170079_20200812_20200812_01_RT_p00315.tif,/data/heguozhen/Fire/activefire/masks/voting/LC08_L1TP_170079_20200812_20200812_01_RT_voting_p00315.tif
/data/heguozhen/Fire/activefire/images/patches/LC08_L1TP_118029_20200816_20200816_01_RT_p00608.tif,/data/heguozhen/Fire/activefire/masks/voting/LC08_L1TP_118029_20200816_20200816_01_RT_voting_p00608.tif
/data/heguozhen/Fire/activefire/images/patches/LC08_L1TP_222068_20200808_20200808_01_RT_p00335.tif,/data/heguozhen/Fire/activefire/masks/voting/LC08_L1TP_222068_20200808_20200808_01_RT_voting_p00335.tif
/data/heguozhen/Fire/activefire/images/patches/LC08_L1TP_173071_20200817_20200817_01_RT_p00413.tif,/data/heguozhen/Fire/activefire/masks/voting/LC08_L1TP_173071_20200817_20200817_01_RT_voting_p00413.tif
/data/heguozhen/Fire/activefire/images/patches/LC08_L1TP_137018_20200821_20200821_01_RT_p00336.tif,/data/heguozhen/Fire/activefire/masks/voting/LC08_L1TP_137018_20200821_20200821_01_RT_voting_p00336.tif
/data/heguozhen/Fire/activefire/images/patches/LC08_L1TP_167037_20200823_20200823_01_RT_p00119.tif,/data/heguozhen/Fire/activefire/masks/voting/LC08_L1TP_167037_20200823_20200823_01_RT_voting_p00119.tif
/data/heguozhen/Fire/activefire/images/patches/LC08_L1TP_121042_20200821_20200821_01_RT_p00576.tif,/data/heguozhen/Fire/activefire/masks/voting/LC08_L1TP_121042_20200821_20200821_01_RT_voting_p00576.tif
/data/heguozhen/Fire/activefire/images/patches/LC08_L1TP_118029_20200816_20200816_01_RT_p00250.tif,/data/heguozhen/Fire/activefire/masks/voting/LC08_L1TP_118029_20200816_20200816_01_RT_voting_p00250.tif
/data/heguozhen/Fire/activefire/images/patches/LC08_L1TP_172066_20200810_20200810_01_RT_p00329.tif,/data/heguozhen/Fire/activefire/masks/voting/LC08_L1TP_172066_20200810_20200810_01_RT_voting_p00329.tif
/data/heguozhen/Fire/activefire/images/patches/LC08_L1TP_119031_20200823_20200823_01_RT_p00335.tif,/data/heguozhen/Fire/activefire/masks/voting/LC08_L1TP_119031_20200823_20200823_01_RT_voting_p00335.tif
/data/heguozhen/Fire/activefire/images/patches/LC08_L1TP_174027_20200808_20200808_01_RT_p00710.tif,/data/heguozhen/Fire/activefire/masks/voting/LC08_L1TP_174027_20200808_20200808_01_RT_voting_p00710.tif
/data/heguozhen/Fire/activefire/images/patches/LC08_L1TP_024029_20200813_20200813_01_RT_p00116.tif,/data/heguozhen/Fire/activefire/masks/voting/LC08_L1TP_024029_20200813_20200813_01_RT_voting_p00116.tif
/data/heguozhen/Fire/activefire/images/patches/LC08_L1TP_175069_20200815_20200815_01_RT_p00470.tif,/data/heguozhen/Fire/activefire/masks/voting/LC08_L1TP_175069_20200815_20200815_01_RT_voting_p00470.tif
/data/heguozhen/Fire/activefire/images/patches/LC08_L1TP_133019_20200809_20200809_01_RT_p00267.tif,/data/heguozhen/Fire/activefire/masks/voting/LC08_L1TP_133019_20200809_20200809_01_RT_voting_p00267.tif
/data/heguozhen/Fire/activefire/images/patches/LC08_L1TP_229065_20200809_20200809_01_RT_p00132.tif,/data/heguozhen/Fire/activefire/masks/voting/LC08_L1TP_229065_20200809_20200809_01_RT_voting_p00132.tif
/data/heguozhen/Fire/activefire/images/patches/LC08_L1TP_170066_20200812_20200812_01_RT_p00518.tif,/data/heguozhen/Fire/activefire/masks/voting/LC08_L1TP_170066_20200812_20200812_01_RT_voting_p00518.tif
/data/heguozhen/Fire/activefire/images/patches/LC08_L1TP_126032_20200824_20200824_01_RT_p00644.tif,/data/heguozhen/Fire/activefire/masks/voting/LC08_L1TP_126032_20200824_20200824_01_RT_voting_p00644.tif
/data/heguozhen/Fire/activefire/images/patches/LC08_L1TP_120029_20200814_20200814_01_RT_p00679.tif,/data/heguozhen/Fire/activefire/masks/voting/LC08_L1TP_120029_20200814_20200814_01_RT_voting_p00679.tif
/data/heguozhen/Fire/activefire/images/patches/LC08_L1TP_019039_20200810_20200810_01_RT_p00599.tif,/data/heguozhen/Fire/activefire/masks/voting/LC08_L1TP_019039_20200810_20200810_01_RT_voting_p00599.tif
/data/heguozhen/Fire/activefire/images/patches/LC08_L1TP_166070_20200816_20200816_01_RT_p00288.tif,/data/heguozhen/Fire/activefire/masks/voting/LC08_L1TP_166070_20200816_20200816_01_RT_voting_p00288.tif
/data/heguozhen/Fire/activefire/images/patches/LC08_L1TP_173062_20200817_20200817_01_RT_p00394.tif,/data/heguozhen/Fire/activefire/masks/voting/LC08_L1TP_173062_20200817_20200817_01_RT_voting_p00394.tif
/data/heguozhen/Fire/activefire/images/patches/LC08_L1TP_166067_20200816_20200816_01_RT_p00116.tif,/data/heguozhen/Fire/activefire/masks/voting/LC08_L1TP_166067_20200816_20200816_01_RT_voting_p00116.tif
/data/heguozhen/Fire/activefire/images/patches/LC08_L1TP_122035_20200828_20200828_01_RT_p00240.tif,/data/heguozhen/Fire/activefire/masks/voting/LC08_L1TP_122035_20200828_20200828_01_RT_voting_p00240.tif
/data/heguozhen/Fire/activefire/images/patches/LC08_L1TP_158034_20200808_20200808_01_RT_p00603.tif,/data/heguozhen/Fire/activefire/masks/voting/LC08_L1TP_158034_20200808_20200808_01_RT_voting_p00603.tif
/data/heguozhen/Fire/activefire/images/patches/LC08_L1TP_126036_20200824_20200824_01_RT_p00660.tif,/data/heguozhen/Fire/activefire/masks/voting/LC08_L1TP_126036_20200824_20200824_01_RT_voting_p00660.tif
/data/heguozhen/Fire/activefire/images/patches/LC08_L1TP_173070_20200817_20200817_01_RT_p00430.tif,/data/heguozhen/Fire/activefire/masks/voting/LC08_L1TP_173070_20200817_20200817_01_RT_voting_p00430.tif
/data/heguozhen/Fire/activefire/images/patches/LC08_L1TP_175071_20200815_20200815_01_RT_p00825.tif,/data/heguozhen/Fire/activefire/masks/voting/LC08_L1TP_175071_20200815_20200815_01_RT_voting_p00825.tif
/data/heguozhen/Fire/activefire/images/patches/LC08_L1TP_166066_20200816_20200816_01_RT_p00118.tif,/data/heguozhen/Fire/activefire/masks/voting/LC08_L1TP_166066_20200816_20200816_01_RT_voting_p00118.tif
/data/heguozhen/Fire/activefire/images/patches/LC08_L1TP_001066_20200812_20200812_01_RT_p00705.tif,/data/heguozhen/Fire/activefire/masks/voting/LC08_L1TP_001066_20200812_20200812_01_RT_voting_p00705.tif
/data/heguozhen/Fire/activefire/images/patches/LC08_L1TP_179064_20200811_20200811_01_RT_p00531.tif,/data/heguozhen/Fire/activefire/masks/voting/LC08_L1TP_179064_20200811_20200811_01_RT_voting_p00531.tif
/data/heguozhen/Fire/activefire/images/patches/LC08_L1TP_173071_20200817_20200817_01_RT_p00315.tif,/data/heguozhen/Fire/activefire/masks/voting/LC08_L1TP_173071_20200817_20200817_01_RT_voting_p00315.tif
/data/heguozhen/Fire/activefire/images/patches/LC08_L1TP_173068_20200817_20200817_01_RT_p00274.tif,/data/heguozhen/Fire/activefire/masks/voting/LC08_L1TP_173068_20200817_20200817_01_RT_voting_p00274.tif
/data/heguozhen/Fire/activefire/images/patches/LC08_L1TP_175070_20200815_20200815_01_RT_p00197.tif,/data/heguozhen/Fire/activefire/masks/voting/LC08_L1TP_175070_20200815_20200815_01_RT_voting_p00197.tif
/data/heguozhen/Fire/activefire/images/patches/LC08_L1TP_170069_20200812_20200812_01_RT_p00416.tif,/data/heguozhen/Fire/activefire/masks/voting/LC08_L1TP_170069_20200812_20200812_01_RT_voting_p00416.tif
/data/heguozhen/Fire/activefire/images/patches/LC08_L1TP_118029_20200816_20200816_01_RT_p00236.tif,/data/heguozhen/Fire/activefire/masks/voting/LC08_L1TP_118029_20200816_20200816_01_RT_voting_p00236.tif
/data/heguozhen/Fire/activefire/images/patches/LC08_L1TP_133035_20200825_20200825_01_RT_p00905.tif,/data/heguozhen/Fire/activefire/masks/voting/LC08_L1TP_133035_20200825_20200825_01_RT_voting_p00905.tif
/data/heguozhen/Fire/activefire/images/patches/LC08_L1TP_119025_20200823_20200823_01_RT_p00786.tif,/data/heguozhen/Fire/activefire/masks/voting/LC08_L1TP_119025_20200823_20200823_01_RT_voting_p00786.tif
/data/heguozhen/Fire/activefire/images/patches/LC08_L1TP_121028_20200821_20200821_01_RT_p00399.tif,/data/heguozhen/Fire/activefire/masks/voting/LC08_L1TP_121028_20200821_20200821_01_RT_voting_p00399.tif
/data/heguozhen/Fire/activefire/images/patches/LC08_L1GT_167072_20200823_20200823_01_RT_p00628.tif,/data/heguozhen/Fire/activefire/masks/voting/LC08_L1GT_167072_20200823_20200823_01_RT_voting_p00628.tif
/data/heguozhen/Fire/activefire/images/patches/LC08_L1TP_170071_20200812_20200812_01_RT_p00709.tif,/data/heguozhen/Fire/activefire/masks/voting/LC08_L1TP_170071_20200812_20200812_01_RT_voting_p00709.tif
/data/heguozhen/Fire/activefire/images/patches/LC08_L1TP_172060_20200810_20200810_01_RT_p00194.tif,/data/heguozhen/Fire/activefire/masks/voting/LC08_L1TP_172060_20200810_20200810_01_RT_voting_p00194.tif
/data/heguozhen/Fire/activefire/images/patches/LC08_L1TP_175068_20200815_20200815_01_RT_p00784.tif,/data/heguozhen/Fire/activefire/masks/voting/LC08_L1TP_175068_20200815_20200815_01_RT_voting_p00784.tif
/data/heguozhen/Fire/activefire/images/patches/LC08_L1TP_188022_20200810_20200810_01_RT_p00171.tif,/data/heguozhen/Fire/activefire/masks/voting/LC08_L1TP_188022_20200810_20200810_01_RT_voting_p00171.tif
/data/heguozhen/Fire/activefire/images/patches/LC08_L1TP_173071_20200817_20200817_01_RT_p00416.tif,/data/heguozhen/Fire/activefire/masks/voting/LC08_L1TP_173071_20200817_20200817_01_RT_voting_p00416.tif
/data/heguozhen/Fire/activefire/images/patches/LC08_L1TP_175066_20200815_20200815_01_RT_p00818.tif,/data/heguozhen/Fire/activefire/masks/voting/LC08_L1TP_175066_20200815_20200815_01_RT_voting_p00818.tif
/data/heguozhen/Fire/activefire/images/patches/LC08_L1TP_172063_20200810_20200810_01_RT_p00487.tif,/data/heguozhen/Fire/activefire/masks/voting/LC08_L1TP_172063_20200810_20200810_01_RT_voting_p00487.tif
/data/heguozhen/Fire/activefire/images/patches/LC08_L1TP_172028_20200810_20200810_01_RT_p00602.tif,/data/heguozhen/Fire/activefire/masks/voting/LC08_L1TP_172028_20200810_20200810_01_RT_voting_p00602.tif
/data/heguozhen/Fire/activefire/images/patches/LC08_L1TP_121026_20200821_20200821_01_RT_p00444.tif,/data/heguozhen/Fire/activefire/masks/voting/LC08_L1TP_121026_20200821_20200821_01_RT_voting_p00444.tif
/data/heguozhen/Fire/activefire/images/patches/LC08_L1TP_118028_20200816_20200816_01_RT_p00629.tif,/data/heguozhen/Fire/activefire/masks/voting/LC08_L1TP_118028_20200816_20200816_01_RT_voting_p00629.tif
/data/heguozhen/Fire/activefire/images/patches/LC08_L1TP_170070_20200812_20200812_01_RT_p00129.tif,/data/heguozhen/Fire/activefire/masks/voting/LC08_L1TP_170070_20200812_20200812_01_RT_voting_p00129.tif
/data/heguozhen/Fire/activefire/images/patches/LC08_L1TP_118029_20200816_20200816_01_RT_p00387.tif,/data/heguozhen/Fire/activefire/masks/voting/LC08_L1TP_118029_20200816_20200816_01_RT_voting_p00387.tif
/data/heguozhen/Fire/activefire/images/patches/LC08_L1TP_173069_20200817_20200817_01_RT_p00547.tif,/data/heguozhen/Fire/activefire/masks/voting/LC08_L1TP_173069_20200817_20200817_01_RT_voting_p00547.tif
/data/heguozhen/Fire/activefire/images/patches/LC08_L1TP_121028_20200821_20200821_01_RT_p00526.tif,/data/heguozhen/Fire/activefire/masks/voting/LC08_L1TP_121028_20200821_20200821_01_RT_voting_p00526.tif
/data/heguozhen/Fire/activefire/images/patches/LC08_L1TP_126031_20200824_20200824_01_RT_p00676.tif,/data/heguozhen/Fire/activefire/masks/voting/LC08_L1TP_126031_20200824_20200824_01_RT_voting_p00676.tif
/data/heguozhen/Fire/activefire/images/patches/LC08_L1TP_172061_20200810_20200810_01_RT_p00448.tif,/data/heguozhen/Fire/activefire/masks/voting/LC08_L1TP_172061_20200810_20200810_01_RT_voting_p00448.tif
/data/heguozhen/Fire/activefire/images/patches/LC08_L1TP_172070_20200810_20200810_01_RT_p00103.tif,/data/heguozhen/Fire/activefire/masks/voting/LC08_L1TP_172070_20200810_20200810_01_RT_voting_p00103.tif
/data/heguozhen/Fire/activefire/images/patches/LC08_L1TP_172079_20200810_20200810_01_RT_p00703.tif,/data/heguozhen/Fire/activefire/masks/voting/LC08_L1TP_172079_20200810_20200810_01_RT_voting_p00703.tif
/data/heguozhen/Fire/activefire/images/patches/LC08_L1TP_170070_20200812_20200812_01_RT_p00550.tif,/data/heguozhen/Fire/activefire/masks/voting/LC08_L1TP_170070_20200812_20200812_01_RT_voting_p00550.tif
/data/heguozhen/Fire/activefire/images/patches/LC08_L1TP_172067_20200810_20200810_01_RT_p00302.tif,/data/heguozhen/Fire/activefire/masks/voting/LC08_L1TP_172067_20200810_20200810_01_RT_voting_p00302.tif
/data/heguozhen/Fire/activefire/images/patches/LC08_L1TP_121030_20200821_20200821_01_RT_p00631.tif,/data/heguozhen/Fire/activefire/masks/voting/LC08_L1TP_121030_20200821_20200821_01_RT_voting_p00631.tif
/data/heguozhen/Fire/activefire/images/patches/LC08_L1TP_165067_20200809_20200809_01_RT_p00081.tif,/data/heguozhen/Fire/activefire/masks/voting/LC08_L1TP_165067_20200809_20200809_01_RT_voting_p00081.tif
/data/heguozhen/Fire/activefire/images/patches/LC08_L1TP_126040_20200824_20200824_01_RT_p00795.tif,/data/heguozhen/Fire/activefire/masks/voting/LC08_L1TP_126040_20200824_20200824_01_RT_voting_p00795.tif
/data/heguozhen/Fire/activefire/images/patches/LC08_L1TP_172026_20200810_20200810_01_RT_p00402.tif,/data/heguozhen/Fire/activefire/masks/voting/LC08_L1TP_172026_20200810_20200810_01_RT_voting_p00402.tif
/data/heguozhen/Fire/activefire/images/patches/LC08_L1TP_129036_20200813_20200813_01_RT_p00880.tif,/data/heguozhen/Fire/activefire/masks/voting/LC08_L1TP_129036_20200813_20200813_01_RT_voting_p00880.tif
/data/heguozhen/Fire/activefire/images/patches/LC08_L1TP_173072_20200817_20200817_01_RT_p00328.tif,/data/heguozhen/Fire/activefire/masks/voting/LC08_L1TP_173072_20200817_20200817_01_RT_voting_p00328.tif
/data/heguozhen/Fire/activefire/images/patches/LC08_L1TP_124031_20200810_20200810_01_RT_p00653.tif,/data/heguozhen/Fire/activefire/masks/voting/LC08_L1TP_124031_20200810_20200810_01_RT_voting_p00653.tif
/data/heguozhen/Fire/activefire/images/patches/LC08_L1TP_169077_20200821_20200821_01_RT_p00272.tif,/data/heguozhen/Fire/activefire/masks/voting/LC08_L1TP_169077_20200821_20200821_01_RT_voting_p00272.tif
/data/heguozhen/Fire/activefire/images/patches/LC08_L1TP_166039_20200816_20200816_01_RT_p00417.tif,/data/heguozhen/Fire/activefire/masks/voting/LC08_L1TP_166039_20200816_20200816_01_RT_voting_p00417.tif
/data/heguozhen/Fire/activefire/images/patches/LC08_L1TP_172062_20200810_20200810_01_RT_p00582.tif,/data/heguozhen/Fire/activefire/masks/voting/LC08_L1TP_172062_20200810_20200810_01_RT_voting_p00582.tif
/data/heguozhen/Fire/activefire/images/patches/LC08_L1TP_170067_20200812_20200812_01_RT_p00703.tif,/data/heguozhen/Fire/activefire/masks/voting/LC08_L1TP_170067_20200812_20200812_01_RT_voting_p00703.tif
/data/heguozhen/Fire/activefire/images/patches/LC08_L1TP_170070_20200812_20200812_01_RT_p00362.tif,/data/heguozhen/Fire/activefire/masks/voting/LC08_L1TP_170070_20200812_20200812_01_RT_voting_p00362.tif
/data/heguozhen/Fire/activefire/images/patches/LC08_L1TP_227077_20200811_20200811_01_RT_p00117.tif,/data/heguozhen/Fire/activefire/masks/voting/LC08_L1TP_227077_20200811_20200811_01_RT_voting_p00117.tif
/data/heguozhen/Fire/activefire/images/patches/LC08_L1TP_120029_20200814_20200814_01_RT_p00742.tif,/data/heguozhen/Fire/activefire/masks/voting/LC08_L1TP_120029_20200814_20200814_01_RT_voting_p00742.tif
/data/heguozhen/Fire/activefire/images/patches/LC08_L1TP_165070_20200809_20200809_01_RT_p00875.tif,/data/heguozhen/Fire/activefire/masks/voting/LC08_L1TP_165070_20200809_20200809_01_RT_voting_p00875.tif
/data/heguozhen/Fire/activefire/images/patches/LC08_L1TP_098069_20200820_20200820_01_RT_p00417.tif,/data/heguozhen/Fire/activefire/masks/voting/LC08_L1TP_098069_20200820_20200820_01_RT_voting_p00417.tif
/data/heguozhen/Fire/activefire/images/patches/LC08_L1TP_119029_20200807_20200807_01_RT_p00739.tif,/data/heguozhen/Fire/activefire/masks/voting/LC08_L1TP_119029_20200807_20200807_01_RT_voting_p00739.tif
/data/heguozhen/Fire/activefire/images/patches/LC08_L1TP_114066_20200820_20200820_01_RT_p00106.tif,/data/heguozhen/Fire/activefire/masks/voting/LC08_L1TP_114066_20200820_20200820_01_RT_voting_p00106.tif
/data/heguozhen/Fire/activefire/images/patches/LC08_L1TP_122033_20200828_20200828_01_RT_p00656.tif,/data/heguozhen/Fire/activefire/masks/voting/LC08_L1TP_122033_20200828_20200828_01_RT_voting_p00656.tif
/data/heguozhen/Fire/activefire/images/patches/LC08_L1TP_170070_20200812_20200812_01_RT_p00315.tif,/data/heguozhen/Fire/activefire/masks/voting/LC08_L1TP_170070_20200812_20200812_01_RT_voting_p00315.tif
/data/heguozhen/Fire/activefire/images/patches/LC08_L1TP_124035_20200826_20200826_01_RT_p00135.tif,/data/heguozhen/Fire/activefire/masks/voting/LC08_L1TP_124035_20200826_20200826_01_RT_voting_p00135.tif
/data/heguozhen/Fire/activefire/images/patches/LC08_L1TP_118028_20200816_20200816_01_RT_p00503.tif,/data/heguozhen/Fire/activefire/masks/voting/LC08_L1TP_118028_20200816_20200816_01_RT_voting_p00503.tif
/data/heguozhen/Fire/activefire/images/patches/LC08_L1TP_169069_20200821_20200821_01_RT_p00378.tif,/data/heguozhen/Fire/activefire/masks/voting/LC08_L1TP_169069_20200821_20200821_01_RT_voting_p00378.tif
/data/heguozhen/Fire/activefire/images/patches/LC08_L1TP_114066_20200820_20200820_01_RT_p00168.tif,/data/heguozhen/Fire/activefire/masks/voting/LC08_L1TP_114066_20200820_20200820_01_RT_voting_p00168.tif
/data/heguozhen/Fire/activefire/images/patches/LC08_L1TP_176028_20200806_20200807_01_RT_p00193.tif,/data/heguozhen/Fire/activefire/masks/voting/LC08_L1TP_176028_20200806_20200807_01_RT_voting_p00193.tif
/data/heguozhen/Fire/activefire/images/patches/LC08_L1TP_118065_20200816_20200816_01_RT_p00135.tif,/data/heguozhen/Fire/activefire/masks/voting/LC08_L1TP_118065_20200816_20200816_01_RT_voting_p00135.tif
/data/heguozhen/Fire/activefire/images/patches/LC08_L1TP_227069_20200811_20200811_01_RT_p00221.tif,/data/heguozhen/Fire/activefire/masks/voting/LC08_L1TP_227069_20200811_20200811_01_RT_voting_p00221.tif
/data/heguozhen/Fire/activefire/images/patches/LC08_L1TP_179067_20200811_20200811_01_RT_p00609.tif,/data/heguozhen/Fire/activefire/masks/voting/LC08_L1TP_179067_20200811_20200811_01_RT_voting_p00609.tif
/data/heguozhen/Fire/activefire/images/patches/LC08_L1TP_119065_20200823_20200823_01_RT_p00790.tif,/data/heguozhen/Fire/activefire/masks/voting/LC08_L1TP_119065_20200823_20200823_01_RT_voting_p00790.tif
/data/heguozhen/Fire/activefire/images/patches/LC08_L1TP_121029_20200821_20200821_01_RT_p00587.tif,/data/heguozhen/Fire/activefire/masks/voting/LC08_L1TP_121029_20200821_20200821_01_RT_voting_p00587.tif
/data/heguozhen/Fire/activefire/images/patches/LC08_L1TP_119031_20200807_20200807_01_RT_p00729.tif,/data/heguozhen/Fire/activefire/masks/voting/LC08_L1TP_119031_20200807_20200807_01_RT_voting_p00729.tif
/data/heguozhen/Fire/activefire/images/patches/LC08_L1TP_170068_20200812_20200812_01_RT_p00879.tif,/data/heguozhen/Fire/activefire/masks/voting/LC08_L1TP_170068_20200812_20200812_01_RT_voting_p00879.tif
/data/heguozhen/Fire/activefire/images/patches/LC08_L1TP_160074_20200822_20200822_01_RT_p00563.tif,/data/heguozhen/Fire/activefire/masks/voting/LC08_L1TP_160074_20200822_20200822_01_RT_voting_p00563.tif
/data/heguozhen/Fire/activefire/images/patches/LC08_L1TP_118028_20200816_20200816_01_RT_p00532.tif,/data/heguozhen/Fire/activefire/masks/voting/LC08_L1TP_118028_20200816_20200816_01_RT_voting_p00532.tif
/data/heguozhen/Fire/activefire/images/patches/LC08_L1TP_174069_20200808_20200808_01_RT_p00053.tif,/data/heguozhen/Fire/activefire/masks/voting/LC08_L1TP_174069_20200808_20200808_01_RT_voting_p00053.tif
/data/heguozhen/Fire/activefire/images/patches/LC08_L1TP_174066_20200808_20200808_01_RT_p00270.tif,/data/heguozhen/Fire/activefire/masks/voting/LC08_L1TP_174066_20200808_20200808_01_RT_voting_p00270.tif
/data/heguozhen/Fire/activefire/images/patches/LC08_L1TP_166073_20200816_20200816_01_RT_p00410.tif,/data/heguozhen/Fire/activefire/masks/voting/LC08_L1TP_166073_20200816_20200816_01_RT_voting_p00410.tif
/data/heguozhen/Fire/activefire/images/patches/LC08_L1TP_181063_20200809_20200809_01_RT_p00824.tif,/data/heguozhen/Fire/activefire/masks/voting/LC08_L1TP_181063_20200809_20200809_01_RT_voting_p00824.tif
/data/heguozhen/Fire/activefire/images/patches/LC08_L1TP_133020_20200809_20200809_01_RT_p00419.tif,/data/heguozhen/Fire/activefire/masks/voting/LC08_L1TP_133020_20200809_20200809_01_RT_voting_p00419.tif
/data/heguozhen/Fire/activefire/images/patches/LC08_L1TP_166066_20200816_20200816_01_RT_p00462.tif,/data/heguozhen/Fire/activefire/masks/voting/LC08_L1TP_166066_20200816_20200816_01_RT_voting_p00462.tif
/data/heguozhen/Fire/activefire/images/patches/LC08_L1TP_170068_20200812_20200812_01_RT_p00821.tif,/data/heguozhen/Fire/activefire/masks/voting/LC08_L1TP_170068_20200812_20200812_01_RT_voting_p00821.tif
/data/heguozhen/Fire/activefire/images/patches/LC08_L1TP_165070_20200809_20200809_01_RT_p00507.tif,/data/heguozhen/Fire/activefire/masks/voting/LC08_L1TP_165070_20200809_20200809_01_RT_voting_p00507.tif
/data/heguozhen/Fire/activefire/images/patches/LC08_L1TP_126045_20200824_20200824_01_RT_p00566.tif,/data/heguozhen/Fire/activefire/masks/voting/LC08_L1TP_126045_20200824_20200824_01_RT_voting_p00566.tif
/data/heguozhen/Fire/activefire/images/patches/LC08_L1TP_028028_20200825_20200825_01_RT_p00553.tif,/data/heguozhen/Fire/activefire/masks/voting/LC08_L1TP_028028_20200825_20200825_01_RT_voting_p00553.tif
/data/heguozhen/Fire/activefire/images/patches/LC08_L1TP_100066_20200818_20200818_01_RT_p00386.tif,/data/heguozhen/Fire/activefire/masks/voting/LC08_L1TP_100066_20200818_20200818_01_RT_voting_p00386.tif
/data/heguozhen/Fire/activefire/images/patches/LC08_L1TP_173071_20200817_20200817_01_RT_p00321.tif,/data/heguozhen/Fire/activefire/masks/voting/LC08_L1TP_173071_20200817_20200817_01_RT_voting_p00321.tif
/data/heguozhen/Fire/activefire/images/patches/LC08_L1TP_119027_20200823_20200823_01_RT_p00875.tif,/data/heguozhen/Fire/activefire/masks/voting/LC08_L1TP_119027_20200823_20200823_01_RT_voting_p00875.tif
/data/heguozhen/Fire/activefire/images/patches/LC08_L1TP_141017_20200817_20200817_01_RT_p00224.tif,/data/heguozhen/Fire/activefire/masks/voting/LC08_L1TP_141017_20200817_20200817_01_RT_voting_p00224.tif
/data/heguozhen/Fire/activefire/images/patches/LC08_L1TP_182061_20200816_20200816_01_RT_p00548.tif,/data/heguozhen/Fire/activefire/masks/voting/LC08_L1TP_182061_20200816_20200816_01_RT_voting_p00548.tif
/data/heguozhen/Fire/activefire/images/patches/LC08_L1TP_181061_20200809_20200809_01_RT_p00424.tif,/data/heguozhen/Fire/activefire/masks/voting/LC08_L1TP_181061_20200809_20200809_01_RT_voting_p00424.tif
/data/heguozhen/Fire/activefire/images/patches/LC08_L1TP_170064_20200812_20200812_01_RT_p00711.tif,/data/heguozhen/Fire/activefire/masks/voting/LC08_L1TP_170064_20200812_20200812_01_RT_voting_p00711.tif
/data/heguozhen/Fire/activefire/images/patches/LC08_L1TP_126032_20200824_20200824_01_RT_p00851.tif,/data/heguozhen/Fire/activefire/masks/voting/LC08_L1TP_126032_20200824_20200824_01_RT_voting_p00851.tif
/data/heguozhen/Fire/activefire/images/patches/LC08_L1TP_179065_20200811_20200811_01_RT_p00790.tif,/data/heguozhen/Fire/activefire/masks/voting/LC08_L1TP_179065_20200811_20200811_01_RT_voting_p00790.tif
/data/heguozhen/Fire/activefire/images/patches/LC08_L1TP_123017_20200819_20200819_01_RT_p00606.tif,/data/heguozhen/Fire/activefire/masks/voting/LC08_L1TP_123017_20200819_20200819_01_RT_voting_p00606.tif
/data/heguozhen/Fire/activefire/images/patches/LC08_L1TP_169065_20200821_20200821_01_RT_p00419.tif,/data/heguozhen/Fire/activefire/masks/voting/LC08_L1TP_169065_20200821_20200821_01_RT_voting_p00419.tif
/data/heguozhen/Fire/activefire/images/patches/LC08_L1TP_122013_20200828_20200828_01_RT_p00604.tif,/data/heguozhen/Fire/activefire/masks/voting/LC08_L1TP_122013_20200828_20200828_01_RT_voting_p00604.tif
/data/heguozhen/Fire/activefire/images/patches/LC08_L1TP_175027_20200815_20200815_01_RT_p00682.tif,/data/heguozhen/Fire/activefire/masks/voting/LC08_L1TP_175027_20200815_20200815_01_RT_voting_p00682.tif
/data/heguozhen/Fire/activefire/images/patches/LC08_L1TP_169068_20200821_20200821_01_RT_p00472.tif,/data/heguozhen/Fire/activefire/masks/voting/LC08_L1TP_169068_20200821_20200821_01_RT_voting_p00472.tif
/data/heguozhen/Fire/activefire/images/patches/LC08_L1TP_124032_20200810_20200810_01_RT_p00882.tif,/data/heguozhen/Fire/activefire/masks/voting/LC08_L1TP_124032_20200810_20200810_01_RT_voting_p00882.tif
/data/heguozhen/Fire/activefire/images/patches/LC08_L1TP_170069_20200812_20200812_01_RT_p00530.tif,/data/heguozhen/Fire/activefire/masks/voting/LC08_L1TP_170069_20200812_20200812_01_RT_voting_p00530.tif
/data/heguozhen/Fire/activefire/images/patches/LC08_L1TP_173068_20200817_20200817_01_RT_p00260.tif,/data/heguozhen/Fire/activefire/masks/voting/LC08_L1TP_173068_20200817_20200817_01_RT_voting_p00260.tif
/data/heguozhen/Fire/activefire/images/patches/LC08_L1TP_166071_20200816_20200816_01_RT_p00223.tif,/data/heguozhen/Fire/activefire/masks/voting/LC08_L1TP_166071_20200816_20200816_01_RT_voting_p00223.tif
/data/heguozhen/Fire/activefire/images/patches/LC08_L1TP_230065_20200816_20200816_01_RT_p00722.tif,/data/heguozhen/Fire/activefire/masks/voting/LC08_L1TP_230065_20200816_20200816_01_RT_voting_p00722.tif
/data/heguozhen/Fire/activefire/images/patches/LC08_L1TP_170066_20200812_20200812_01_RT_p00457.tif,/data/heguozhen/Fire/activefire/masks/voting/LC08_L1TP_170066_20200812_20200812_01_RT_voting_p00457.tif
/data/heguozhen/Fire/activefire/images/patches/LC08_L1TP_170069_20200812_20200812_01_RT_p00758.tif,/data/heguozhen/Fire/activefire/masks/voting/LC08_L1TP_170069_20200812_20200812_01_RT_voting_p00758.tif
/data/heguozhen/Fire/activefire/images/patches/LC08_L1TP_172070_20200810_20200810_01_RT_p00318.tif,/data/heguozhen/Fire/activefire/masks/voting/LC08_L1TP_172070_20200810_20200810_01_RT_voting_p00318.tif
/data/heguozhen/Fire/activefire/images/patches/LC08_L1TP_126048_20200824_20200824_01_RT_p00596.tif,/data/heguozhen/Fire/activefire/masks/voting/LC08_L1TP_126048_20200824_20200824_01_RT_voting_p00596.tif
/data/heguozhen/Fire/activefire/images/patches/LC08_L1TP_170068_20200812_20200812_01_RT_p00268.tif,/data/heguozhen/Fire/activefire/masks/voting/LC08_L1TP_170068_20200812_20200812_01_RT_voting_p00268.tif
/data/heguozhen/Fire/activefire/images/patches/LC08_L1TP_175071_20200815_20200815_01_RT_p00672.tif,/data/heguozhen/Fire/activefire/masks/voting/LC08_L1TP_175071_20200815_20200815_01_RT_voting_p00672.tif
/data/heguozhen/Fire/activefire/images/patches/LC08_L1TP_135018_20200823_20200823_01_RT_p00052.tif,/data/heguozhen/Fire/activefire/masks/voting/LC08_L1TP_135018_20200823_20200823_01_RT_voting_p00052.tif
/data/heguozhen/Fire/activefire/images/patches/LC08_L1TP_220080_20200810_20200810_01_RT_p00051.tif,/data/heguozhen/Fire/activefire/masks/voting/LC08_L1TP_220080_20200810_20200810_01_RT_voting_p00051.tif
/data/heguozhen/Fire/activefire/images/patches/LC08_L1TP_170065_20200812_20200812_01_RT_p00555.tif,/data/heguozhen/Fire/activefire/masks/voting/LC08_L1TP_170065_20200812_20200812_01_RT_voting_p00555.tif
/data/heguozhen/Fire/activefire/images/patches/LC08_L1TP_169036_20200821_20200821_01_RT_p00359.tif,/data/heguozhen/Fire/activefire/masks/voting/LC08_L1TP_169036_20200821_20200821_01_RT_voting_p00359.tif
/data/heguozhen/Fire/activefire/images/patches/LC08_L1TP_182023_20200816_20200816_01_RT_p00383.tif,/data/heguozhen/Fire/activefire/masks/voting/LC08_L1TP_182023_20200816_20200816_01_RT_voting_p00383.tif
/data/heguozhen/Fire/activefire/images/patches/LC08_L1TP_146027_20200820_20200820_01_RT_p00585.tif,/data/heguozhen/Fire/activefire/masks/voting/LC08_L1TP_146027_20200820_20200820_01_RT_voting_p00585.tif
/data/heguozhen/Fire/activefire/images/patches/LC08_L1TP_173062_20200817_20200817_01_RT_p00296.tif,/data/heguozhen/Fire/activefire/masks/voting/LC08_L1TP_173062_20200817_20200817_01_RT_voting_p00296.tif
/data/heguozhen/Fire/activefire/images/patches/LC08_L1TP_168073_20200830_20200830_01_RT_p00634.tif,/data/heguozhen/Fire/activefire/masks/voting/LC08_L1TP_168073_20200830_20200830_01_RT_voting_p00634.tif
/data/heguozhen/Fire/activefire/images/patches/LC08_L1TP_175071_20200815_20200815_01_RT_p00502.tif,/data/heguozhen/Fire/activefire/masks/voting/LC08_L1TP_175071_20200815_20200815_01_RT_voting_p00502.tif
/data/heguozhen/Fire/activefire/images/patches/LC08_L1TP_165069_20200809_20200809_01_RT_p00324.tif,/data/heguozhen/Fire/activefire/masks/voting/LC08_L1TP_165069_20200809_20200809_01_RT_voting_p00324.tif
/data/heguozhen/Fire/activefire/images/patches/LC08_L1TP_175068_20200815_20200815_01_RT_p00509.tif,/data/heguozhen/Fire/activefire/masks/voting/LC08_L1TP_175068_20200815_20200815_01_RT_voting_p00509.tif
/data/heguozhen/Fire/activefire/images/patches/LC08_L1TP_161073_20200813_20200813_01_RT_p00699.tif,/data/heguozhen/Fire/activefire/masks/voting/LC08_L1TP_161073_20200813_20200813_01_RT_voting_p00699.tif
/data/heguozhen/Fire/activefire/images/patches/LC08_L1TP_173067_20200817_20200817_01_RT_p00145.tif,/data/heguozhen/Fire/activefire/masks/voting/LC08_L1TP_173067_20200817_20200817_01_RT_voting_p00145.tif
/data/heguozhen/Fire/activefire/images/patches/LC08_L1TP_135015_20200823_20200823_01_RT_p00443.tif,/data/heguozhen/Fire/activefire/masks/voting/LC08_L1TP_135015_20200823_20200823_01_RT_voting_p00443.tif
/data/heguozhen/Fire/activefire/images/patches/LC08_L1TP_175068_20200815_20200815_01_RT_p00634.tif,/data/heguozhen/Fire/activefire/masks/voting/LC08_L1TP_175068_20200815_20200815_01_RT_voting_p00634.tif
/data/heguozhen/Fire/activefire/images/patches/LC08_L1TP_175068_20200815_20200815_01_RT_p00720.tif,/data/heguozhen/Fire/activefire/masks/voting/LC08_L1TP_175068_20200815_20200815_01_RT_voting_p00720.tif
/data/heguozhen/Fire/activefire/images/patches/LC08_L1TP_173068_20200817_20200817_01_RT_p00768.tif,/data/heguozhen/Fire/activefire/masks/voting/LC08_L1TP_173068_20200817_20200817_01_RT_voting_p00768.tif
/data/heguozhen/Fire/activefire/images/patches/LC08_L1TP_122042_20200828_20200828_01_RT_p00731.tif,/data/heguozhen/Fire/activefire/masks/voting/LC08_L1TP_122042_20200828_20200828_01_RT_voting_p00731.tif
/data/heguozhen/Fire/activefire/images/patches/LC08_L1TP_122015_20200828_20200828_01_RT_p00317.tif,/data/heguozhen/Fire/activefire/masks/voting/LC08_L1TP_122015_20200828_20200828_01_RT_voting_p00317.tif
/data/heguozhen/Fire/activefire/images/patches/LC08_L1TP_172032_20200810_20200810_01_RT_p00549.tif,/data/heguozhen/Fire/activefire/masks/voting/LC08_L1TP_172032_20200810_20200810_01_RT_voting_p00549.tif
/data/heguozhen/Fire/activefire/images/patches/LC08_L1TP_028022_20200809_20200809_01_RT_p00344.tif,/data/heguozhen/Fire/activefire/masks/voting/LC08_L1TP_028022_20200809_20200809_01_RT_voting_p00344.tif
/data/heguozhen/Fire/activefire/images/patches/LC08_L1TP_172068_20200810_20200810_01_RT_p00407.tif,/data/heguozhen/Fire/activefire/masks/voting/LC08_L1TP_172068_20200810_20200810_01_RT_voting_p00407.tif
/data/heguozhen/Fire/activefire/images/patches/LC08_L1TP_120042_20200814_20200814_01_RT_p00816.tif,/data/heguozhen/Fire/activefire/masks/voting/LC08_L1TP_120042_20200814_20200814_01_RT_voting_p00816.tif
/data/heguozhen/Fire/activefire/images/patches/LC08_L1TP_224072_20200806_20200807_01_RT_p00629.tif,/data/heguozhen/Fire/activefire/masks/voting/LC08_L1TP_224072_20200806_20200807_01_RT_voting_p00629.tif
/data/heguozhen/Fire/activefire/images/patches/LC08_L1TP_188032_20200810_20200810_01_RT_p00475.tif,/data/heguozhen/Fire/activefire/masks/voting/LC08_L1TP_188032_20200810_20200810_01_RT_voting_p00475.tif
/data/heguozhen/Fire/activefire/images/patches/LC08_L1TP_136018_20200830_20200830_01_RT_p00436.tif,/data/heguozhen/Fire/activefire/masks/voting/LC08_L1TP_136018_20200830_20200830_01_RT_voting_p00436.tif
/data/heguozhen/Fire/activefire/images/patches/LC08_L1TP_179068_20200811_20200811_01_RT_p00133.tif,/data/heguozhen/Fire/activefire/masks/voting/LC08_L1TP_179068_20200811_20200811_01_RT_voting_p00133.tif
/data/heguozhen/Fire/activefire/images/patches/LC08_L1TP_119029_20200807_20200807_01_RT_p00773.tif,/data/heguozhen/Fire/activefire/masks/voting/LC08_L1TP_119029_20200807_20200807_01_RT_voting_p00773.tif
/data/heguozhen/Fire/activefire/images/patches/LC08_L1TP_170065_20200812_20200812_01_RT_p00489.tif,/data/heguozhen/Fire/activefire/masks/voting/LC08_L1TP_170065_20200812_20200812_01_RT_voting_p00489.tif
/data/heguozhen/Fire/activefire/images/patches/LC08_L1TP_165068_20200809_20200809_01_RT_p00287.tif,/data/heguozhen/Fire/activefire/masks/voting/LC08_L1TP_165068_20200809_20200809_01_RT_voting_p00287.tif
/data/heguozhen/Fire/activefire/images/patches/LC08_L1TP_173065_20200817_20200817_01_RT_p00250.tif,/data/heguozhen/Fire/activefire/masks/voting/LC08_L1TP_173065_20200817_20200817_01_RT_voting_p00250.tif
/data/heguozhen/Fire/activefire/images/patches/LC08_L1TP_173065_20200817_20200817_01_RT_p00118.tif,/data/heguozhen/Fire/activefire/masks/voting/LC08_L1TP_173065_20200817_20200817_01_RT_voting_p00118.tif
/data/heguozhen/Fire/activefire/images/patches/LC08_L1TP_227081_20200811_20200811_01_RT_p00619.tif,/data/heguozhen/Fire/activefire/masks/voting/LC08_L1TP_227081_20200811_20200811_01_RT_voting_p00619.tif
/data/heguozhen/Fire/activefire/images/patches/LC08_L1TP_170068_20200812_20200812_01_RT_p00794.tif,/data/heguozhen/Fire/activefire/masks/voting/LC08_L1TP_170068_20200812_20200812_01_RT_voting_p00794.tif
/data/heguozhen/Fire/activefire/images/patches/LC08_L1TP_175072_20200815_20200815_01_RT_p00420.tif,/data/heguozhen/Fire/activefire/masks/voting/LC08_L1TP_175072_20200815_20200815_01_RT_voting_p00420.tif
/data/heguozhen/Fire/activefire/images/patches/LC08_L1TP_182062_20200816_20200816_01_RT_p00168.tif,/data/heguozhen/Fire/activefire/masks/voting/LC08_L1TP_182062_20200816_20200816_01_RT_voting_p00168.tif
/data/heguozhen/Fire/activefire/images/patches/LC08_L1TP_158076_20200808_20200808_01_RT_p00291.tif,/data/heguozhen/Fire/activefire/masks/voting/LC08_L1TP_158076_20200808_20200808_01_RT_voting_p00291.tif
/data/heguozhen/Fire/activefire/images/patches/LC08_L1TP_181063_20200809_20200809_01_RT_p00722.tif,/data/heguozhen/Fire/activefire/masks/voting/LC08_L1TP_181063_20200809_20200809_01_RT_voting_p00722.tif
/data/heguozhen/Fire/activefire/images/patches/LC08_L1TP_177039_20200813_20200813_01_RT_p00221.tif,/data/heguozhen/Fire/activefire/masks/voting/LC08_L1TP_177039_20200813_20200813_01_RT_voting_p00221.tif
/data/heguozhen/Fire/activefire/images/patches/LC08_L1TP_173063_20200817_20200817_01_RT_p00414.tif,/data/heguozhen/Fire/activefire/masks/voting/LC08_L1TP_173063_20200817_20200817_01_RT_voting_p00414.tif
/data/heguozhen/Fire/activefire/images/patches/LC08_L1TP_124050_20200810_20200810_01_RT_p00567.tif,/data/heguozhen/Fire/activefire/masks/voting/LC08_L1TP_124050_20200810_20200810_01_RT_voting_p00567.tif
/data/heguozhen/Fire/activefire/images/patches/LC08_L1TP_044033_20200825_20200826_01_RT_p00203.tif,/data/heguozhen/Fire/activefire/masks/voting/LC08_L1TP_044033_20200825_20200826_01_RT_voting_p00203.tif
/data/heguozhen/Fire/activefire/images/patches/LC08_L1TP_124051_20200826_20200826_01_RT_p00703.tif,/data/heguozhen/Fire/activefire/masks/voting/LC08_L1TP_124051_20200826_20200826_01_RT_voting_p00703.tif
/data/heguozhen/Fire/activefire/images/patches/LC08_L1TP_166069_20200816_20200816_01_RT_p00438.tif,/data/heguozhen/Fire/activefire/masks/voting/LC08_L1TP_166069_20200816_20200816_01_RT_voting_p00438.tif
/data/heguozhen/Fire/activefire/images/patches/LC08_L1TP_138039_20200828_20200828_01_RT_p00587.tif,/data/heguozhen/Fire/activefire/masks/voting/LC08_L1TP_138039_20200828_20200828_01_RT_voting_p00587.tif
/data/heguozhen/Fire/activefire/images/patches/LC08_L1TP_131043_20200827_20200827_01_RT_p00629.tif,/data/heguozhen/Fire/activefire/masks/voting/LC08_L1TP_131043_20200827_20200827_01_RT_voting_p00629.tif
/data/heguozhen/Fire/activefire/images/patches/LC08_L1TP_173071_20200817_20200817_01_RT_p00446.tif,/data/heguozhen/Fire/activefire/masks/voting/LC08_L1TP_173071_20200817_20200817_01_RT_voting_p00446.tif
/data/heguozhen/Fire/activefire/images/patches/LC08_L1TP_124049_20200810_20200810_01_RT_p00491.tif,/data/heguozhen/Fire/activefire/masks/voting/LC08_L1TP_124049_20200810_20200810_01_RT_voting_p00491.tif
/data/heguozhen/Fire/activefire/images/patches/LC08_L1TP_175026_20200815_20200815_01_RT_p00677.tif,/data/heguozhen/Fire/activefire/masks/voting/LC08_L1TP_175026_20200815_20200815_01_RT_voting_p00677.tif
/data/heguozhen/Fire/activefire/images/patches/LC08_L1TP_117066_20200825_20200825_01_RT_p00253.tif,/data/heguozhen/Fire/activefire/masks/voting/LC08_L1TP_117066_20200825_20200825_01_RT_voting_p00253.tif
/data/heguozhen/Fire/activefire/images/patches/LC08_L1TP_168073_20200830_20200830_01_RT_p00576.tif,/data/heguozhen/Fire/activefire/masks/voting/LC08_L1TP_168073_20200830_20200830_01_RT_voting_p00576.tif
/data/heguozhen/Fire/activefire/images/patches/LC08_L1TP_168073_20200830_20200830_01_RT_p00843.tif,/data/heguozhen/Fire/activefire/masks/voting/LC08_L1TP_168073_20200830_20200830_01_RT_voting_p00843.tif
/data/heguozhen/Fire/activefire/images/patches/LC08_L1TP_165070_20200809_20200809_01_RT_p00603.tif,/data/heguozhen/Fire/activefire/masks/voting/LC08_L1TP_165070_20200809_20200809_01_RT_voting_p00603.tif
/data/heguozhen/Fire/activefire/images/patches/LC08_L1TP_170077_20200812_20200812_01_RT_p00799.tif,/data/heguozhen/Fire/activefire/masks/voting/LC08_L1TP_170077_20200812_20200812_01_RT_voting_p00799.tif
/data/heguozhen/Fire/activefire/images/patches/LC08_L1TP_170070_20200812_20200812_01_RT_p00525.tif,/data/heguozhen/Fire/activefire/masks/voting/LC08_L1TP_170070_20200812_20200812_01_RT_voting_p00525.tif
/data/heguozhen/Fire/activefire/images/patches/LC08_L1TP_126031_20200824_20200824_01_RT_p00493.tif,/data/heguozhen/Fire/activefire/masks/voting/LC08_L1TP_126031_20200824_20200824_01_RT_voting_p00493.tif
/data/heguozhen/Fire/activefire/images/patches/LC08_L1GT_152019_20200830_20200830_01_RT_p00180.tif,/data/heguozhen/Fire/activefire/masks/voting/LC08_L1GT_152019_20200830_20200830_01_RT_voting_p00180.tif
/data/heguozhen/Fire/activefire/images/patches/LC08_L1TP_227082_20200811_20200811_01_RT_p00727.tif,/data/heguozhen/Fire/activefire/masks/voting/LC08_L1TP_227082_20200811_20200811_01_RT_voting_p00727.tif
/data/heguozhen/Fire/activefire/images/patches/LC08_L1TP_179066_20200811_20200811_01_RT_p00735.tif,/data/heguozhen/Fire/activefire/masks/voting/LC08_L1TP_179066_20200811_20200811_01_RT_voting_p00735.tif
/data/heguozhen/Fire/activefire/images/patches/LC08_L1TP_166067_20200816_20200816_01_RT_p00750.tif,/data/heguozhen/Fire/activefire/masks/voting/LC08_L1TP_166067_20200816_20200816_01_RT_voting_p00750.tif
/data/heguozhen/Fire/activefire/images/patches/LC08_L1TP_124032_20200826_20200826_01_RT_p00460.tif,/data/heguozhen/Fire/activefire/masks/voting/LC08_L1TP_124032_20200826_20200826_01_RT_voting_p00460.tif
/data/heguozhen/Fire/activefire/images/patches/LC08_L1TP_121027_20200821_20200821_01_RT_p00721.tif,/data/heguozhen/Fire/activefire/masks/voting/LC08_L1TP_121027_20200821_20200821_01_RT_voting_p00721.tif
/data/heguozhen/Fire/activefire/images/patches/LC08_L1TP_218068_20200812_20200812_01_RT_p00055.tif,/data/heguozhen/Fire/activefire/masks/voting/LC08_L1TP_218068_20200812_20200812_01_RT_voting_p00055.tif
/data/heguozhen/Fire/activefire/images/patches/LC08_L1TP_181063_20200809_20200809_01_RT_p00504.tif,/data/heguozhen/Fire/activefire/masks/voting/LC08_L1TP_181063_20200809_20200809_01_RT_voting_p00504.tif
/data/heguozhen/Fire/activefire/images/patches/LC08_L1TP_151030_20200823_20200823_01_RT_p00176.tif,/data/heguozhen/Fire/activefire/masks/voting/LC08_L1TP_151030_20200823_20200823_01_RT_voting_p00176.tif
/data/heguozhen/Fire/activefire/images/patches/LC08_L1TP_170064_20200812_20200812_01_RT_p00639.tif,/data/heguozhen/Fire/activefire/masks/voting/LC08_L1TP_170064_20200812_20200812_01_RT_voting_p00639.tif
/data/heguozhen/Fire/activefire/images/patches/LC08_L1TP_166070_20200816_20200816_01_RT_p00602.tif,/data/heguozhen/Fire/activefire/masks/voting/LC08_L1TP_166070_20200816_20200816_01_RT_voting_p00602.tif
/data/heguozhen/Fire/activefire/images/patches/LC08_L1TP_120030_20200814_20200814_01_RT_p00423.tif,/data/heguozhen/Fire/activefire/masks/voting/LC08_L1TP_120030_20200814_20200814_01_RT_voting_p00423.tif
/data/heguozhen/Fire/activefire/images/patches/LC08_L1TP_181069_20200809_20200809_01_RT_p00764.tif,/data/heguozhen/Fire/activefire/masks/voting/LC08_L1TP_181069_20200809_20200809_01_RT_voting_p00764.tif
/data/heguozhen/Fire/activefire/images/patches/LC08_L1TP_121031_20200821_20200821_01_RT_p00586.tif,/data/heguozhen/Fire/activefire/masks/voting/LC08_L1TP_121031_20200821_20200821_01_RT_voting_p00586.tif
/data/heguozhen/Fire/activefire/images/patches/LC08_L1TP_028040_20200809_20200809_01_RT_p00083.tif,/data/heguozhen/Fire/activefire/masks/voting/LC08_L1TP_028040_20200809_20200809_01_RT_voting_p00083.tif
/data/heguozhen/Fire/activefire/images/patches/LC08_L1TP_182063_20200816_20200816_01_RT_p00573.tif,/data/heguozhen/Fire/activefire/masks/voting/LC08_L1TP_182063_20200816_20200816_01_RT_voting_p00573.tif
/data/heguozhen/Fire/activefire/images/patches/LC08_L1TP_129035_20200813_20200813_01_RT_p00792.tif,/data/heguozhen/Fire/activefire/masks/voting/LC08_L1TP_129035_20200813_20200813_01_RT_voting_p00792.tif
/data/heguozhen/Fire/activefire/images/patches/LC08_L1TP_146022_20200820_20200820_01_RT_p00339.tif,/data/heguozhen/Fire/activefire/masks/voting/LC08_L1TP_146022_20200820_20200820_01_RT_voting_p00339.tif
/data/heguozhen/Fire/activefire/images/patches/LC08_L1TP_179068_20200811_20200811_01_RT_p00210.tif,/data/heguozhen/Fire/activefire/masks/voting/LC08_L1TP_179068_20200811_20200811_01_RT_voting_p00210.tif
/data/heguozhen/Fire/activefire/images/patches/LC08_L1TP_172066_20200810_20200810_01_RT_p00366.tif,/data/heguozhen/Fire/activefire/masks/voting/LC08_L1TP_172066_20200810_20200810_01_RT_voting_p00366.tif
/data/heguozhen/Fire/activefire/images/patches/LC08_L1TP_174066_20200808_20200808_01_RT_p00725.tif,/data/heguozhen/Fire/activefire/masks/voting/LC08_L1TP_174066_20200808_20200808_01_RT_voting_p00725.tif
/data/heguozhen/Fire/activefire/images/patches/LC08_L1TP_165068_20200809_20200809_01_RT_p00438.tif,/data/heguozhen/Fire/activefire/masks/voting/LC08_L1TP_165068_20200809_20200809_01_RT_voting_p00438.tif
/data/heguozhen/Fire/activefire/images/patches/LC08_L1TP_181069_20200809_20200809_01_RT_p00479.tif,/data/heguozhen/Fire/activefire/masks/voting/LC08_L1TP_181069_20200809_20200809_01_RT_voting_p00479.tif
/data/heguozhen/Fire/activefire/images/patches/LC08_L1TP_169069_20200821_20200821_01_RT_p00254.tif,/data/heguozhen/Fire/activefire/masks/voting/LC08_L1TP_169069_20200821_20200821_01_RT_voting_p00254.tif
/data/heguozhen/Fire/activefire/images/patches/LC08_L1TP_123015_20200819_20200819_01_RT_p00649.tif,/data/heguozhen/Fire/activefire/masks/voting/LC08_L1TP_123015_20200819_20200819_01_RT_voting_p00649.tif
/data/heguozhen/Fire/activefire/images/patches/LC08_L1TP_147023_20200827_20200827_01_RT_p00562.tif,/data/heguozhen/Fire/activefire/masks/voting/LC08_L1TP_147023_20200827_20200827_01_RT_voting_p00562.tif
/data/heguozhen/Fire/activefire/images/patches/LC08_L1TP_172068_20200810_20200810_01_RT_p00294.tif,/data/heguozhen/Fire/activefire/masks/voting/LC08_L1TP_172068_20200810_20200810_01_RT_voting_p00294.tif
/data/heguozhen/Fire/activefire/images/patches/LC08_L1TP_168073_20200830_20200830_01_RT_p00546.tif,/data/heguozhen/Fire/activefire/masks/voting/LC08_L1TP_168073_20200830_20200830_01_RT_voting_p00546.tif
/data/heguozhen/Fire/activefire/images/patches/LC08_L1TP_119065_20200807_20200807_01_RT_p00386.tif,/data/heguozhen/Fire/activefire/masks/voting/LC08_L1TP_119065_20200807_20200807_01_RT_voting_p00386.tif
/data/heguozhen/Fire/activefire/images/patches/LC08_L1TP_154034_20200812_20200812_01_RT_p00236.tif,/data/heguozhen/Fire/activefire/masks/voting/LC08_L1TP_154034_20200812_20200812_01_RT_voting_p00236.tif
/data/heguozhen/Fire/activefire/images/patches/LC08_L1TP_125052_20200817_20200817_01_RT_p00740.tif,/data/heguozhen/Fire/activefire/masks/voting/LC08_L1TP_125052_20200817_20200817_01_RT_voting_p00740.tif
/data/heguozhen/Fire/activefire/images/patches/LC08_L1TP_137019_20200821_20200821_01_RT_p00601.tif,/data/heguozhen/Fire/activefire/masks/voting/LC08_L1TP_137019_20200821_20200821_01_RT_voting_p00601.tif
/data/heguozhen/Fire/activefire/images/patches/LC08_L1TP_169070_20200821_20200821_01_RT_p00160.tif,/data/heguozhen/Fire/activefire/masks/voting/LC08_L1TP_169070_20200821_20200821_01_RT_voting_p00160.tif
/data/heguozhen/Fire/activefire/images/patches/LC08_L1TP_173062_20200817_20200817_01_RT_p00485.tif,/data/heguozhen/Fire/activefire/masks/voting/LC08_L1TP_173062_20200817_20200817_01_RT_voting_p00485.tif
/data/heguozhen/Fire/activefire/images/patches/LC08_L1TP_167053_20200823_20200823_01_RT_p00767.tif,/data/heguozhen/Fire/activefire/masks/voting/LC08_L1TP_167053_20200823_20200823_01_RT_voting_p00767.tif
/data/heguozhen/Fire/activefire/images/patches/LC08_L1TP_166068_20200816_20200816_01_RT_p00365.tif,/data/heguozhen/Fire/activefire/masks/voting/LC08_L1TP_166068_20200816_20200816_01_RT_voting_p00365.tif
/data/heguozhen/Fire/activefire/images/patches/LC08_L1TP_227065_20200811_20200811_01_RT_p00533.tif,/data/heguozhen/Fire/activefire/masks/voting/LC08_L1TP_227065_20200811_20200811_01_RT_voting_p00533.tif
/data/heguozhen/Fire/activefire/images/patches/LC08_L1TP_181062_20200809_20200809_01_RT_p00236.tif,/data/heguozhen/Fire/activefire/masks/voting/LC08_L1TP_181062_20200809_20200809_01_RT_voting_p00236.tif
/data/heguozhen/Fire/activefire/images/patches/LC08_L1TP_165068_20200809_20200809_01_RT_p00380.tif,/data/heguozhen/Fire/activefire/masks/voting/LC08_L1TP_165068_20200809_20200809_01_RT_voting_p00380.tif
/data/heguozhen/Fire/activefire/images/patches/LC08_L1TP_222064_20200808_20200808_01_RT_p00111.tif,/data/heguozhen/Fire/activefire/masks/voting/LC08_L1TP_222064_20200808_20200808_01_RT_voting_p00111.tif
/data/heguozhen/Fire/activefire/images/patches/LC08_L1TP_114028_20200820_20200820_01_RT_p00333.tif,/data/heguozhen/Fire/activefire/masks/voting/LC08_L1TP_114028_20200820_20200820_01_RT_voting_p00333.tif
/data/heguozhen/Fire/activefire/images/patches/LC08_L1TP_188034_20200810_20200810_01_RT_p00081.tif,/data/heguozhen/Fire/activefire/masks/voting/LC08_L1TP_188034_20200810_20200810_01_RT_voting_p00081.tif
/data/heguozhen/Fire/activefire/images/patches/LC08_L1TP_126044_20200824_20200824_01_RT_p00820.tif,/data/heguozhen/Fire/activefire/masks/voting/LC08_L1TP_126044_20200824_20200824_01_RT_voting_p00820.tif
/data/heguozhen/Fire/activefire/images/patches/LC08_L1TP_118030_20200816_20200816_01_RT_p00538.tif,/data/heguozhen/Fire/activefire/masks/voting/LC08_L1TP_118030_20200816_20200816_01_RT_voting_p00538.tif
/data/heguozhen/Fire/activefire/images/patches/LC08_L1TP_158033_20200808_20200808_01_RT_p00849.tif,/data/heguozhen/Fire/activefire/masks/voting/LC08_L1TP_158033_20200808_20200808_01_RT_voting_p00849.tif
/data/heguozhen/Fire/activefire/images/patches/LC08_L1TP_172035_20200810_20200810_01_RT_p00347.tif,/data/heguozhen/Fire/activefire/masks/voting/LC08_L1TP_172035_20200810_20200810_01_RT_voting_p00347.tif
/data/heguozhen/Fire/activefire/images/patches/LC08_L1TP_121028_20200821_20200821_01_RT_p00765.tif,/data/heguozhen/Fire/activefire/masks/voting/LC08_L1TP_121028_20200821_20200821_01_RT_voting_p00765.tif
/data/heguozhen/Fire/activefire/images/patches/LC08_L1TP_170069_20200812_20200812_01_RT_p00024.tif,/data/heguozhen/Fire/activefire/masks/voting/LC08_L1TP_170069_20200812_20200812_01_RT_voting_p00024.tif
/data/heguozhen/Fire/activefire/images/patches/LC08_L1TP_227077_20200811_20200811_01_RT_p00542.tif,/data/heguozhen/Fire/activefire/masks/voting/LC08_L1TP_227077_20200811_20200811_01_RT_voting_p00542.tif
/data/heguozhen/Fire/activefire/images/patches/LC08_L1TP_106068_20200828_20200828_01_RT_p00391.tif,/data/heguozhen/Fire/activefire/masks/voting/LC08_L1TP_106068_20200828_20200828_01_RT_voting_p00391.tif
/data/heguozhen/Fire/activefire/images/patches/LC08_L1TP_124025_20200826_20200826_01_RT_p00775.tif,/data/heguozhen/Fire/activefire/masks/voting/LC08_L1TP_124025_20200826_20200826_01_RT_voting_p00775.tif
/data/heguozhen/Fire/activefire/images/patches/LC08_L1TP_175070_20200815_20200815_01_RT_p00721.tif,/data/heguozhen/Fire/activefire/masks/voting/LC08_L1TP_175070_20200815_20200815_01_RT_voting_p00721.tif
/data/heguozhen/Fire/activefire/images/patches/LC08_L1TP_175068_20200815_20200815_01_RT_p00222.tif,/data/heguozhen/Fire/activefire/masks/voting/LC08_L1TP_175068_20200815_20200815_01_RT_voting_p00222.tif
/data/heguozhen/Fire/activefire/images/patches/LC08_L1TP_135015_20200807_20200807_01_RT_p00936.tif,/data/heguozhen/Fire/activefire/masks/voting/LC08_L1TP_135015_20200807_20200807_01_RT_voting_p00936.tif
/data/heguozhen/Fire/activefire/images/patches/LC08_L1TP_173061_20200817_20200817_01_RT_p00212.tif,/data/heguozhen/Fire/activefire/masks/voting/LC08_L1TP_173061_20200817_20200817_01_RT_voting_p00212.tif
/data/heguozhen/Fire/activefire/images/patches/LC08_L1TP_119065_20200807_20200807_01_RT_p00228.tif,/data/heguozhen/Fire/activefire/masks/voting/LC08_L1TP_119065_20200807_20200807_01_RT_voting_p00228.tif
/data/heguozhen/Fire/activefire/images/patches/LC08_L1TP_118028_20200816_20200816_01_RT_p00118.tif,/data/heguozhen/Fire/activefire/masks/voting/LC08_L1TP_118028_20200816_20200816_01_RT_voting_p00118.tif
/data/heguozhen/Fire/activefire/images/patches/LC08_L1TP_166070_20200816_20200816_01_RT_p00382.tif,/data/heguozhen/Fire/activefire/masks/voting/LC08_L1TP_166070_20200816_20200816_01_RT_voting_p00382.tif
/data/heguozhen/Fire/activefire/images/patches/LC08_L1TP_122032_20200828_20200828_01_RT_p00707.tif,/data/heguozhen/Fire/activefire/masks/voting/LC08_L1TP_122032_20200828_20200828_01_RT_voting_p00707.tif
/data/heguozhen/Fire/activefire/images/patches/LC08_L1TP_136015_20200830_20200830_01_RT_p00799.tif,/data/heguozhen/Fire/activefire/masks/voting/LC08_L1TP_136015_20200830_20200830_01_RT_voting_p00799.tif
/data/heguozhen/Fire/activefire/images/patches/LC08_L1TP_104068_20200814_20200814_01_RT_p00366.tif,/data/heguozhen/Fire/activefire/masks/voting/LC08_L1TP_104068_20200814_20200814_01_RT_voting_p00366.tif
/data/heguozhen/Fire/activefire/images/patches/LC08_L1TP_119030_20200807_20200807_01_RT_p00325.tif,/data/heguozhen/Fire/activefire/masks/voting/LC08_L1TP_119030_20200807_20200807_01_RT_voting_p00325.tif
/data/heguozhen/Fire/activefire/images/patches/LC08_L1TP_170071_20200812_20200812_01_RT_p00678.tif,/data/heguozhen/Fire/activefire/masks/voting/LC08_L1TP_170071_20200812_20200812_01_RT_voting_p00678.tif
/data/heguozhen/Fire/activefire/images/patches/LC08_L1TP_143030_20200815_20200815_01_RT_p00626.tif,/data/heguozhen/Fire/activefire/masks/voting/LC08_L1TP_143030_20200815_20200815_01_RT_voting_p00626.tif
/data/heguozhen/Fire/activefire/images/patches/LC08_L1TP_125049_20200817_20200817_01_RT_p00408.tif,/data/heguozhen/Fire/activefire/masks/voting/LC08_L1TP_125049_20200817_20200817_01_RT_voting_p00408.tif
/data/heguozhen/Fire/activefire/images/patches/LC08_L1TP_179063_20200811_20200811_01_RT_p00295.tif,/data/heguozhen/Fire/activefire/masks/voting/LC08_L1TP_179063_20200811_20200811_01_RT_voting_p00295.tif
/data/heguozhen/Fire/activefire/images/patches/LC08_L1TP_002054_20200819_20200820_01_RT_p00315.tif,/data/heguozhen/Fire/activefire/masks/voting/LC08_L1TP_002054_20200819_20200820_01_RT_voting_p00315.tif
/data/heguozhen/Fire/activefire/images/patches/LC08_L1TP_227075_20200811_20200811_01_RT_p00413.tif,/data/heguozhen/Fire/activefire/masks/voting/LC08_L1TP_227075_20200811_20200811_01_RT_voting_p00413.tif
/data/heguozhen/Fire/activefire/images/patches/LC08_L1TP_173068_20200817_20200817_01_RT_p00771.tif,/data/heguozhen/Fire/activefire/masks/voting/LC08_L1TP_173068_20200817_20200817_01_RT_voting_p00771.tif
/data/heguozhen/Fire/activefire/images/patches/LC08_L1TP_124035_20200810_20200810_01_RT_p00111.tif,/data/heguozhen/Fire/activefire/masks/voting/LC08_L1TP_124035_20200810_20200810_01_RT_voting_p00111.tif
/data/heguozhen/Fire/activefire/images/patches/LC08_L1TP_172069_20200810_20200810_01_RT_p00174.tif,/data/heguozhen/Fire/activefire/masks/voting/LC08_L1TP_172069_20200810_20200810_01_RT_voting_p00174.tif
/data/heguozhen/Fire/activefire/images/patches/LC08_L1TP_222079_20200808_20200808_01_RT_p00660.tif,/data/heguozhen/Fire/activefire/masks/voting/LC08_L1TP_222079_20200808_20200808_01_RT_voting_p00660.tif
/data/heguozhen/Fire/activefire/images/patches/LC08_L1TP_202024_20200812_20200812_01_RT_p00731.tif,/data/heguozhen/Fire/activefire/masks/voting/LC08_L1TP_202024_20200812_20200812_01_RT_voting_p00731.tif
/data/heguozhen/Fire/activefire/images/patches/LC08_L1TP_227077_20200811_20200811_01_RT_p00760.tif,/data/heguozhen/Fire/activefire/masks/voting/LC08_L1TP_227077_20200811_20200811_01_RT_voting_p00760.tif
/data/heguozhen/Fire/activefire/images/patches/LC08_L1TP_179067_20200811_20200811_01_RT_p00350.tif,/data/heguozhen/Fire/activefire/masks/voting/LC08_L1TP_179067_20200811_20200811_01_RT_voting_p00350.tif
/data/heguozhen/Fire/activefire/images/patches/LC08_L1TP_005069_20200824_20200824_01_RT_p00662.tif,/data/heguozhen/Fire/activefire/masks/voting/LC08_L1TP_005069_20200824_20200824_01_RT_voting_p00662.tif
/data/heguozhen/Fire/activefire/images/patches/LC08_L1TP_011061_20200818_20200818_01_RT_p00524.tif,/data/heguozhen/Fire/activefire/masks/voting/LC08_L1TP_011061_20200818_20200818_01_RT_voting_p00524.tif
/data/heguozhen/Fire/activefire/images/patches/LC08_L1TP_141018_20200817_20200817_01_RT_p00436.tif,/data/heguozhen/Fire/activefire/masks/voting/LC08_L1TP_141018_20200817_20200817_01_RT_voting_p00436.tif
/data/heguozhen/Fire/activefire/images/patches/LC08_L1TP_220076_20200810_20200810_01_RT_p00675.tif,/data/heguozhen/Fire/activefire/masks/voting/LC08_L1TP_220076_20200810_20200810_01_RT_voting_p00675.tif
/data/heguozhen/Fire/activefire/images/patches/LC08_L1TP_169025_20200821_20200821_01_RT_p00266.tif,/data/heguozhen/Fire/activefire/masks/voting/LC08_L1TP_169025_20200821_20200821_01_RT_voting_p00266.tif
/data/heguozhen/Fire/activefire/images/patches/LC08_L1TP_175067_20200815_20200815_01_RT_p00359.tif,/data/heguozhen/Fire/activefire/masks/voting/LC08_L1TP_175067_20200815_20200815_01_RT_voting_p00359.tif
/data/heguozhen/Fire/activefire/images/patches/LC08_L1TP_121031_20200821_20200821_01_RT_p00838.tif,/data/heguozhen/Fire/activefire/masks/voting/LC08_L1TP_121031_20200821_20200821_01_RT_voting_p00838.tif
/data/heguozhen/Fire/activefire/images/patches/LC08_L1TP_166039_20200816_20200816_01_RT_p00574.tif,/data/heguozhen/Fire/activefire/masks/voting/LC08_L1TP_166039_20200816_20200816_01_RT_voting_p00574.tif
/data/heguozhen/Fire/activefire/images/patches/LC08_L1TP_168073_20200830_20200830_01_RT_p00537.tif,/data/heguozhen/Fire/activefire/masks/voting/LC08_L1TP_168073_20200830_20200830_01_RT_voting_p00537.tif
/data/heguozhen/Fire/activefire/images/patches/LC08_L1TP_181069_20200809_20200809_01_RT_p00659.tif,/data/heguozhen/Fire/activefire/masks/voting/LC08_L1TP_181069_20200809_20200809_01_RT_voting_p00659.tif
/data/heguozhen/Fire/activefire/images/patches/LC08_L1TP_173069_20200817_20200817_01_RT_p00576.tif,/data/heguozhen/Fire/activefire/masks/voting/LC08_L1TP_173069_20200817_20200817_01_RT_voting_p00576.tif
/data/heguozhen/Fire/activefire/images/patches/LC08_L1TP_182063_20200816_20200816_01_RT_p00515.tif,/data/heguozhen/Fire/activefire/masks/voting/LC08_L1TP_182063_20200816_20200816_01_RT_voting_p00515.tif
/data/heguozhen/Fire/activefire/images/patches/LC08_L1TP_008065_20200829_20200829_01_RT_p00819.tif,/data/heguozhen/Fire/activefire/masks/voting/LC08_L1TP_008065_20200829_20200829_01_RT_voting_p00819.tif
/data/heguozhen/Fire/activefire/images/patches/LC08_L1TP_008053_20200813_20200813_01_RT_p00299.tif,/data/heguozhen/Fire/activefire/masks/voting/LC08_L1TP_008053_20200813_20200813_01_RT_voting_p00299.tif
/data/heguozhen/Fire/activefire/images/patches/LC08_L1TP_182061_20200816_20200816_01_RT_p00681.tif,/data/heguozhen/Fire/activefire/masks/voting/LC08_L1TP_182061_20200816_20200816_01_RT_voting_p00681.tif
/data/heguozhen/Fire/activefire/images/patches/LC08_L1TP_121016_20200821_20200821_01_RT_p00636.tif,/data/heguozhen/Fire/activefire/masks/voting/LC08_L1TP_121016_20200821_20200821_01_RT_voting_p00636.tif
/data/heguozhen/Fire/activefire/images/patches/LC08_L1TP_173065_20200817_20200817_01_RT_p00544.tif,/data/heguozhen/Fire/activefire/masks/voting/LC08_L1TP_173065_20200817_20200817_01_RT_voting_p00544.tif
/data/heguozhen/Fire/activefire/images/patches/LC08_L1TP_112037_20200822_20200822_01_RT_p00224.tif,/data/heguozhen/Fire/activefire/masks/voting/LC08_L1TP_112037_20200822_20200822_01_RT_voting_p00224.tif
/data/heguozhen/Fire/activefire/images/patches/LC08_L1TP_170071_20200812_20200812_01_RT_p00562.tif,/data/heguozhen/Fire/activefire/masks/voting/LC08_L1TP_170071_20200812_20200812_01_RT_voting_p00562.tif
/data/heguozhen/Fire/activefire/images/patches/LC08_L1TP_131042_20200827_20200827_01_RT_p00613.tif,/data/heguozhen/Fire/activefire/masks/voting/LC08_L1TP_131042_20200827_20200827_01_RT_voting_p00613.tif
/data/heguozhen/Fire/activefire/images/patches/LC08_L1TP_008052_20200813_20200813_01_RT_p00736.tif,/data/heguozhen/Fire/activefire/masks/voting/LC08_L1TP_008052_20200813_20200813_01_RT_voting_p00736.tif
/data/heguozhen/Fire/activefire/images/patches/LC08_L1TP_090078_20200811_20200812_01_RT_p00408.tif,/data/heguozhen/Fire/activefire/masks/voting/LC08_L1TP_090078_20200811_20200812_01_RT_voting_p00408.tif
/data/heguozhen/Fire/activefire/images/patches/LC08_L1TP_128039_20200822_20200822_01_RT_p00518.tif,/data/heguozhen/Fire/activefire/masks/voting/LC08_L1TP_128039_20200822_20200822_01_RT_voting_p00518.tif
/data/heguozhen/Fire/activefire/images/patches/LC08_L1TP_169068_20200821_20200821_01_RT_p00391.tif,/data/heguozhen/Fire/activefire/masks/voting/LC08_L1TP_169068_20200821_20200821_01_RT_voting_p00391.tif
/data/heguozhen/Fire/activefire/images/patches/LC08_L1TP_122044_20200828_20200828_01_RT_p00440.tif,/data/heguozhen/Fire/activefire/masks/voting/LC08_L1TP_122044_20200828_20200828_01_RT_voting_p00440.tif
/data/heguozhen/Fire/activefire/images/patches/LC08_L1TP_137018_20200821_20200821_01_RT_p00492.tif,/data/heguozhen/Fire/activefire/masks/voting/LC08_L1TP_137018_20200821_20200821_01_RT_voting_p00492.tif
/data/heguozhen/Fire/activefire/images/patches/LC08_L1TP_125052_20200817_20200817_01_RT_p00673.tif,/data/heguozhen/Fire/activefire/masks/voting/LC08_L1TP_125052_20200817_20200817_01_RT_voting_p00673.tif
/data/heguozhen/Fire/activefire/images/patches/LC08_L1TP_167038_20200823_20200823_01_RT_p00362.tif,/data/heguozhen/Fire/activefire/masks/voting/LC08_L1TP_167038_20200823_20200823_01_RT_voting_p00362.tif
/data/heguozhen/Fire/activefire/images/patches/LC08_L1TP_179069_20200811_20200811_01_RT_p00231.tif,/data/heguozhen/Fire/activefire/masks/voting/LC08_L1TP_179069_20200811_20200811_01_RT_voting_p00231.tif
/data/heguozhen/Fire/activefire/images/patches/LC08_L1TP_227070_20200811_20200811_01_RT_p00635.tif,/data/heguozhen/Fire/activefire/masks/voting/LC08_L1TP_227070_20200811_20200811_01_RT_voting_p00635.tif
/data/heguozhen/Fire/activefire/images/patches/LC08_L1TP_172069_20200810_20200810_01_RT_p00084.tif,/data/heguozhen/Fire/activefire/masks/voting/LC08_L1TP_172069_20200810_20200810_01_RT_voting_p00084.tif
/data/heguozhen/Fire/activefire/images/patches/LC08_L1TP_170065_20200812_20200812_01_RT_p00508.tif,/data/heguozhen/Fire/activefire/masks/voting/LC08_L1TP_170065_20200812_20200812_01_RT_voting_p00508.tif
/data/heguozhen/Fire/activefire/images/patches/LC08_L1TP_172069_20200810_20200810_01_RT_p00170.tif,/data/heguozhen/Fire/activefire/masks/voting/LC08_L1TP_172069_20200810_20200810_01_RT_voting_p00170.tif
/data/heguozhen/Fire/activefire/images/patches/LC08_L1TP_126035_20200824_20200824_01_RT_p00703.tif,/data/heguozhen/Fire/activefire/masks/voting/LC08_L1TP_126035_20200824_20200824_01_RT_voting_p00703.tif
/data/heguozhen/Fire/activefire/images/patches/LC08_L1TP_120031_20200814_20200814_01_RT_p00812.tif,/data/heguozhen/Fire/activefire/masks/voting/LC08_L1TP_120031_20200814_20200814_01_RT_voting_p00812.tif
/data/heguozhen/Fire/activefire/images/patches/LC08_L1TP_224079_20200806_20200807_01_RT_p00114.tif,/data/heguozhen/Fire/activefire/masks/voting/LC08_L1TP_224079_20200806_20200807_01_RT_voting_p00114.tif
/data/heguozhen/Fire/activefire/images/patches/LC08_L1TP_026038_20200827_20200827_01_RT_p00597.tif,/data/heguozhen/Fire/activefire/masks/voting/LC08_L1TP_026038_20200827_20200827_01_RT_voting_p00597.tif
/data/heguozhen/Fire/activefire/images/patches/LC08_L1TP_170070_20200812_20200812_01_RT_p00239.tif,/data/heguozhen/Fire/activefire/masks/voting/LC08_L1TP_170070_20200812_20200812_01_RT_voting_p00239.tif
/data/heguozhen/Fire/activefire/images/patches/LC08_L1TP_115027_20200811_20200811_01_RT_p00331.tif,/data/heguozhen/Fire/activefire/masks/voting/LC08_L1TP_115027_20200811_20200811_01_RT_voting_p00331.tif
/data/heguozhen/Fire/activefire/images/patches/LC08_L1TP_138017_20200828_20200828_01_RT_p00790.tif,/data/heguozhen/Fire/activefire/masks/voting/LC08_L1TP_138017_20200828_20200828_01_RT_voting_p00790.tif
/data/heguozhen/Fire/activefire/images/patches/LC08_L1TP_119014_20200807_20200807_01_RT_p00301.tif,/data/heguozhen/Fire/activefire/masks/voting/LC08_L1TP_119014_20200807_20200807_01_RT_voting_p00301.tif
/data/heguozhen/Fire/activefire/images/patches/LC08_L1TP_119017_20200823_20200823_01_RT_p00969.tif,/data/heguozhen/Fire/activefire/masks/voting/LC08_L1TP_119017_20200823_20200823_01_RT_voting_p00969.tif
/data/heguozhen/Fire/activefire/images/patches/LC08_L1TP_220073_20200810_20200810_01_RT_p00244.tif,/data/heguozhen/Fire/activefire/masks/voting/LC08_L1TP_220073_20200810_20200810_01_RT_voting_p00244.tif
/data/heguozhen/Fire/activefire/images/patches/LC08_L1TP_189031_20200817_20200817_01_RT_p00646.tif,/data/heguozhen/Fire/activefire/masks/voting/LC08_L1TP_189031_20200817_20200817_01_RT_voting_p00646.tif
/data/heguozhen/Fire/activefire/images/patches/LC08_L1TP_008065_20200829_20200829_01_RT_p00599.tif,/data/heguozhen/Fire/activefire/masks/voting/LC08_L1TP_008065_20200829_20200829_01_RT_voting_p00599.tif
/data/heguozhen/Fire/activefire/images/patches/LC08_L1TP_008053_20200813_20200813_01_RT_p00081.tif,/data/heguozhen/Fire/activefire/masks/voting/LC08_L1TP_008053_20200813_20200813_01_RT_voting_p00081.tif
/data/heguozhen/Fire/activefire/images/patches/LC08_L1TP_118042_20200816_20200816_01_RT_p00743.tif,/data/heguozhen/Fire/activefire/masks/voting/LC08_L1TP_118042_20200816_20200816_01_RT_voting_p00743.tif
/data/heguozhen/Fire/activefire/images/patches/LC08_L1TP_227077_20200811_20200811_01_RT_p00582.tif,/data/heguozhen/Fire/activefire/masks/voting/LC08_L1TP_227077_20200811_20200811_01_RT_voting_p00582.tif
/data/heguozhen/Fire/activefire/images/patches/LC08_L1TP_166067_20200816_20200816_01_RT_p00491.tif,/data/heguozhen/Fire/activefire/masks/voting/LC08_L1TP_166067_20200816_20200816_01_RT_voting_p00491.tif
/data/heguozhen/Fire/activefire/images/patches/LC08_L1TP_174072_20200808_20200808_01_RT_p00118.tif,/data/heguozhen/Fire/activefire/masks/voting/LC08_L1TP_174072_20200808_20200808_01_RT_voting_p00118.tif
/data/heguozhen/Fire/activefire/images/patches/LC08_L1TP_173068_20200817_20200817_01_RT_p00736.tif,/data/heguozhen/Fire/activefire/masks/voting/LC08_L1TP_173068_20200817_20200817_01_RT_voting_p00736.tif
/data/heguozhen/Fire/activefire/images/patches/LC08_L1TP_172069_20200810_20200810_01_RT_p00483.tif,/data/heguozhen/Fire/activefire/masks/voting/LC08_L1TP_172069_20200810_20200810_01_RT_voting_p00483.tif
/data/heguozhen/Fire/activefire/images/patches/LC08_L1TP_158019_20200808_20200808_01_RT_p00790.tif,/data/heguozhen/Fire/activefire/masks/voting/LC08_L1TP_158019_20200808_20200808_01_RT_voting_p00790.tif
/data/heguozhen/Fire/activefire/images/patches/LC08_L1TP_170067_20200812_20200812_01_RT_p00790.tif,/data/heguozhen/Fire/activefire/masks/voting/LC08_L1TP_170067_20200812_20200812_01_RT_voting_p00790.tif
/data/heguozhen/Fire/activefire/images/patches/LC08_L1TP_173070_20200817_20200817_01_RT_p00843.tif,/data/heguozhen/Fire/activefire/masks/voting/LC08_L1TP_173070_20200817_20200817_01_RT_voting_p00843.tif
/data/heguozhen/Fire/activefire/images/patches/LC08_L1TP_008053_20200813_20200813_01_RT_p00442.tif,/data/heguozhen/Fire/activefire/masks/voting/LC08_L1TP_008053_20200813_20200813_01_RT_voting_p00442.tif
/data/heguozhen/Fire/activefire/images/patches/LC08_L1TP_124046_20200810_20200810_01_RT_p00770.tif,/data/heguozhen/Fire/activefire/masks/voting/LC08_L1TP_124046_20200810_20200810_01_RT_voting_p00770.tif
/data/heguozhen/Fire/activefire/images/patches/LC08_L1TP_170060_20200812_20200812_01_RT_p00643.tif,/data/heguozhen/Fire/activefire/masks/voting/LC08_L1TP_170060_20200812_20200812_01_RT_voting_p00643.tif
/data/heguozhen/Fire/activefire/images/patches/LC08_L1TP_144027_20200822_20200822_01_RT_p00815.tif,/data/heguozhen/Fire/activefire/masks/voting/LC08_L1TP_144027_20200822_20200822_01_RT_voting_p00815.tif
/data/heguozhen/Fire/activefire/images/patches/LC08_L1TP_124036_20200810_20200810_01_RT_p00274.tif,/data/heguozhen/Fire/activefire/masks/voting/LC08_L1TP_124036_20200810_20200810_01_RT_voting_p00274.tif
/data/heguozhen/Fire/activefire/images/patches/LC08_L1TP_227066_20200811_20200811_01_RT_p00598.tif,/data/heguozhen/Fire/activefire/masks/voting/LC08_L1TP_227066_20200811_20200811_01_RT_voting_p00598.tif
/data/heguozhen/Fire/activefire/images/patches/LC08_L1TP_175071_20200815_20200815_01_RT_p00712.tif,/data/heguozhen/Fire/activefire/masks/voting/LC08_L1TP_175071_20200815_20200815_01_RT_voting_p00712.tif
/data/heguozhen/Fire/activefire/images/patches/LC08_L1TP_125052_20200817_20200817_01_RT_p00580.tif,/data/heguozhen/Fire/activefire/masks/voting/LC08_L1TP_125052_20200817_20200817_01_RT_voting_p00580.tif
/data/heguozhen/Fire/activefire/images/patches/LC08_L1TP_098070_20200820_20200820_01_RT_p00751.tif,/data/heguozhen/Fire/activefire/masks/voting/LC08_L1TP_098070_20200820_20200820_01_RT_voting_p00751.tif
/data/heguozhen/Fire/activefire/images/patches/LC08_L1TP_169036_20200821_20200821_01_RT_p00187.tif,/data/heguozhen/Fire/activefire/masks/voting/LC08_L1TP_169036_20200821_20200821_01_RT_voting_p00187.tif
/data/heguozhen/Fire/activefire/images/patches/LC08_L1TP_017038_20200812_20200812_01_RT_p00116.tif,/data/heguozhen/Fire/activefire/masks/voting/LC08_L1TP_017038_20200812_20200812_01_RT_voting_p00116.tif
/data/heguozhen/Fire/activefire/images/patches/LC08_L1TP_170064_20200812_20200812_01_RT_p00742.tif,/data/heguozhen/Fire/activefire/masks/voting/LC08_L1TP_170064_20200812_20200812_01_RT_voting_p00742.tif
/data/heguozhen/Fire/activefire/images/patches/LC08_L1TP_181069_20200809_20200809_01_RT_p00760.tif,/data/heguozhen/Fire/activefire/masks/voting/LC08_L1TP_181069_20200809_20200809_01_RT_voting_p00760.tif
/data/heguozhen/Fire/activefire/images/patches/LC08_L1TP_179065_20200811_20200811_01_RT_p00645.tif,/data/heguozhen/Fire/activefire/masks/voting/LC08_L1TP_179065_20200811_20200811_01_RT_voting_p00645.tif
/data/heguozhen/Fire/activefire/images/patches/LC08_L1TP_170068_20200812_20200812_01_RT_p00365.tif,/data/heguozhen/Fire/activefire/masks/voting/LC08_L1TP_170068_20200812_20200812_01_RT_voting_p00365.tif
/data/heguozhen/Fire/activefire/images/patches/LC08_L1TP_140045_20200810_20200810_01_RT_p00708.tif,/data/heguozhen/Fire/activefire/masks/voting/LC08_L1TP_140045_20200810_20200810_01_RT_voting_p00708.tif
/data/heguozhen/Fire/activefire/images/patches/LC08_L1TP_165069_20200809_20200809_01_RT_p00877.tif,/data/heguozhen/Fire/activefire/masks/voting/LC08_L1TP_165069_20200809_20200809_01_RT_voting_p00877.tif
/data/heguozhen/Fire/activefire/images/patches/LC08_L1TP_173064_20200817_20200817_01_RT_p00852.tif,/data/heguozhen/Fire/activefire/masks/voting/LC08_L1TP_173064_20200817_20200817_01_RT_voting_p00852.tif
/data/heguozhen/Fire/activefire/images/patches/LC08_L1TP_172071_20200810_20200810_01_RT_p00377.tif,/data/heguozhen/Fire/activefire/masks/voting/LC08_L1TP_172071_20200810_20200810_01_RT_voting_p00377.tif
/data/heguozhen/Fire/activefire/images/patches/LC08_L1TP_169069_20200821_20200821_01_RT_p00267.tif,/data/heguozhen/Fire/activefire/masks/voting/LC08_L1TP_169069_20200821_20200821_01_RT_voting_p00267.tif
/data/heguozhen/Fire/activefire/images/patches/LC08_L1TP_172066_20200810_20200810_01_RT_p00284.tif,/data/heguozhen/Fire/activefire/masks/voting/LC08_L1TP_172066_20200810_20200810_01_RT_voting_p00284.tif
/data/heguozhen/Fire/activefire/images/patches/LC08_L1TP_170069_20200812_20200812_01_RT_p00546.tif,/data/heguozhen/Fire/activefire/masks/voting/LC08_L1TP_170069_20200812_20200812_01_RT_voting_p00546.tif
/data/heguozhen/Fire/activefire/images/patches/LC08_L1TP_227077_20200811_20200811_01_RT_p00384.tif,/data/heguozhen/Fire/activefire/masks/voting/LC08_L1TP_227077_20200811_20200811_01_RT_voting_p00384.tif
/data/heguozhen/Fire/activefire/images/patches/LC08_L1TP_166038_20200816_20200816_01_RT_p00270.tif,/data/heguozhen/Fire/activefire/masks/voting/LC08_L1TP_166038_20200816_20200816_01_RT_voting_p00270.tif
/data/heguozhen/Fire/activefire/images/patches/LC08_L1TP_124049_20200826_20200826_01_RT_p00084.tif,/data/heguozhen/Fire/activefire/masks/voting/LC08_L1TP_124049_20200826_20200826_01_RT_voting_p00084.tif
/data/heguozhen/Fire/activefire/images/patches/LC08_L1TP_144027_20200822_20200822_01_RT_p00907.tif,/data/heguozhen/Fire/activefire/masks/voting/LC08_L1TP_144027_20200822_20200822_01_RT_voting_p00907.tif
/data/heguozhen/Fire/activefire/images/patches/LC08_L1TP_181062_20200809_20200809_01_RT_p00265.tif,/data/heguozhen/Fire/activefire/masks/voting/LC08_L1TP_181062_20200809_20200809_01_RT_voting_p00265.tif
/data/heguozhen/Fire/activefire/images/patches/LC08_L1TP_176025_20200806_20200807_01_RT_p00324.tif,/data/heguozhen/Fire/activefire/masks/voting/LC08_L1TP_176025_20200806_20200807_01_RT_voting_p00324.tif
/data/heguozhen/Fire/activefire/images/patches/LC08_L1TP_175027_20200815_20200815_01_RT_p00440.tif,/data/heguozhen/Fire/activefire/masks/voting/LC08_L1TP_175027_20200815_20200815_01_RT_voting_p00440.tif
/data/heguozhen/Fire/activefire/images/patches/LC08_L1TP_170066_20200812_20200812_01_RT_p00648.tif,/data/heguozhen/Fire/activefire/masks/voting/LC08_L1TP_170066_20200812_20200812_01_RT_voting_p00648.tif
/data/heguozhen/Fire/activefire/images/patches/LC08_L1TP_220064_20200810_20200810_01_RT_p00456.tif,/data/heguozhen/Fire/activefire/masks/voting/LC08_L1TP_220064_20200810_20200810_01_RT_voting_p00456.tif
/data/heguozhen/Fire/activefire/images/patches/LC08_L1TP_124037_20200810_20200810_01_RT_p00485.tif,/data/heguozhen/Fire/activefire/masks/voting/LC08_L1TP_124037_20200810_20200810_01_RT_voting_p00485.tif
/data/heguozhen/Fire/activefire/images/patches/LC08_L1TP_135020_20200823_20200823_01_RT_p00420.tif,/data/heguozhen/Fire/activefire/masks/voting/LC08_L1TP_135020_20200823_20200823_01_RT_voting_p00420.tif
/data/heguozhen/Fire/activefire/images/patches/LC08_L1TP_120043_20200814_20200814_01_RT_p00699.tif,/data/heguozhen/Fire/activefire/masks/voting/LC08_L1TP_120043_20200814_20200814_01_RT_voting_p00699.tif
/data/heguozhen/Fire/activefire/images/patches/LC08_L1TP_124063_20200826_20200826_01_RT_p00697.tif,/data/heguozhen/Fire/activefire/masks/voting/LC08_L1TP_124063_20200826_20200826_01_RT_voting_p00697.tif
/data/heguozhen/Fire/activefire/images/patches/LC08_L1TP_008065_20200829_20200829_01_RT_p00579.tif,/data/heguozhen/Fire/activefire/masks/voting/LC08_L1TP_008065_20200829_20200829_01_RT_voting_p00579.tif
/data/heguozhen/Fire/activefire/images/patches/LC08_L1TP_172065_20200810_20200810_01_RT_p00108.tif,/data/heguozhen/Fire/activefire/masks/voting/LC08_L1TP_172065_20200810_20200810_01_RT_voting_p00108.tif
/data/heguozhen/Fire/activefire/images/patches/LC08_L1TP_121030_20200821_20200821_01_RT_p00907.tif,/data/heguozhen/Fire/activefire/masks/voting/LC08_L1TP_121030_20200821_20200821_01_RT_voting_p00907.tif
/data/heguozhen/Fire/activefire/images/patches/LC08_L1TP_123026_20200819_20200819_01_RT_p00448.tif,/data/heguozhen/Fire/activefire/masks/voting/LC08_L1TP_123026_20200819_20200819_01_RT_voting_p00448.tif
/data/heguozhen/Fire/activefire/images/patches/LC08_L1GT_182060_20200816_20200816_01_RT_p00483.tif,/data/heguozhen/Fire/activefire/masks/voting/LC08_L1GT_182060_20200816_20200816_01_RT_voting_p00483.tif
/data/heguozhen/Fire/activefire/images/patches/LC08_L1TP_125043_20200817_20200817_01_RT_p00668.tif,/data/heguozhen/Fire/activefire/masks/voting/LC08_L1TP_125043_20200817_20200817_01_RT_voting_p00668.tif
/data/heguozhen/Fire/activefire/images/patches/LC08_L1TP_015041_20200830_20200831_01_RT_p00363.tif,/data/heguozhen/Fire/activefire/masks/voting/LC08_L1TP_015041_20200830_20200831_01_RT_voting_p00363.tif
/data/heguozhen/Fire/activefire/images/patches/LC08_L1TP_172070_20200810_20200810_01_RT_p00145.tif,/data/heguozhen/Fire/activefire/masks/voting/LC08_L1TP_172070_20200810_20200810_01_RT_voting_p00145.tif
/data/heguozhen/Fire/activefire/images/patches/LC08_L1TP_170070_20200812_20200812_01_RT_p00225.tif,/data/heguozhen/Fire/activefire/masks/voting/LC08_L1TP_170070_20200812_20200812_01_RT_voting_p00225.tif
/data/heguozhen/Fire/activefire/images/patches/LC08_L1TP_128039_20200822_20200822_01_RT_p00638.tif,/data/heguozhen/Fire/activefire/masks/voting/LC08_L1TP_128039_20200822_20200822_01_RT_voting_p00638.tif
/data/heguozhen/Fire/activefire/images/patches/LC08_L1TP_220065_20200810_20200810_01_RT_p00730.tif,/data/heguozhen/Fire/activefire/masks/voting/LC08_L1TP_220065_20200810_20200810_01_RT_voting_p00730.tif
/data/heguozhen/Fire/activefire/images/patches/LC08_L1TP_179068_20200811_20200811_01_RT_p00368.tif,/data/heguozhen/Fire/activefire/masks/voting/LC08_L1TP_179068_20200811_20200811_01_RT_voting_p00368.tif
/data/heguozhen/Fire/activefire/images/patches/LC08_L1TP_121028_20200821_20200821_01_RT_p00625.tif,/data/heguozhen/Fire/activefire/masks/voting/LC08_L1TP_121028_20200821_20200821_01_RT_voting_p00625.tif
/data/heguozhen/Fire/activefire/images/patches/LC08_L1TP_175069_20200815_20200815_01_RT_p00243.tif,/data/heguozhen/Fire/activefire/masks/voting/LC08_L1TP_175069_20200815_20200815_01_RT_voting_p00243.tif
/data/heguozhen/Fire/activefire/images/patches/LC08_L1TP_230078_20200816_20200816_01_RT_p00265.tif,/data/heguozhen/Fire/activefire/masks/voting/LC08_L1TP_230078_20200816_20200816_01_RT_voting_p00265.tif
/data/heguozhen/Fire/activefire/images/patches/LC08_L1TP_161072_20200813_20200813_01_RT_p00476.tif,/data/heguozhen/Fire/activefire/masks/voting/LC08_L1TP_161072_20200813_20200813_01_RT_voting_p00476.tif
/data/heguozhen/Fire/activefire/images/patches/LC08_L1TP_170067_20200812_20200812_01_RT_p00627.tif,/data/heguozhen/Fire/activefire/masks/voting/LC08_L1TP_170067_20200812_20200812_01_RT_voting_p00627.tif
/data/heguozhen/Fire/activefire/images/patches/LC08_L1TP_166067_20200816_20200816_01_RT_p00788.tif,/data/heguozhen/Fire/activefire/masks/voting/LC08_L1TP_166067_20200816_20200816_01_RT_voting_p00788.tif
/data/heguozhen/Fire/activefire/images/patches/LC08_L1TP_175071_20200815_20200815_01_RT_p00240.tif,/data/heguozhen/Fire/activefire/masks/voting/LC08_L1TP_175071_20200815_20200815_01_RT_voting_p00240.tif
/data/heguozhen/Fire/activefire/images/patches/LC08_L1TP_182062_20200816_20200816_01_RT_p00751.tif,/data/heguozhen/Fire/activefire/masks/voting/LC08_L1TP_182062_20200816_20200816_01_RT_voting_p00751.tif
/data/heguozhen/Fire/activefire/images/patches/LC08_L1TP_170067_20200812_20200812_01_RT_p00157.tif,/data/heguozhen/Fire/activefire/masks/voting/LC08_L1TP_170067_20200812_20200812_01_RT_voting_p00157.tif
/data/heguozhen/Fire/activefire/images/patches/LC08_L1TP_125053_20200817_20200817_01_RT_p00625.tif,/data/heguozhen/Fire/activefire/masks/voting/LC08_L1TP_125053_20200817_20200817_01_RT_voting_p00625.tif
/data/heguozhen/Fire/activefire/images/patches/LC08_L1TP_227082_20200811_20200811_01_RT_p00363.tif,/data/heguozhen/Fire/activefire/masks/voting/LC08_L1TP_227082_20200811_20200811_01_RT_voting_p00363.tif
/data/heguozhen/Fire/activefire/images/patches/LC08_L1TP_175068_20200815_20200815_01_RT_p00441.tif,/data/heguozhen/Fire/activefire/masks/voting/LC08_L1TP_175068_20200815_20200815_01_RT_voting_p00441.tif
/data/heguozhen/Fire/activefire/images/patches/LC08_L1TP_040037_20200813_20200814_01_RT_p00712.tif,/data/heguozhen/Fire/activefire/masks/voting/LC08_L1TP_040037_20200813_20200814_01_RT_voting_p00712.tif
/data/heguozhen/Fire/activefire/images/patches/LC08_L1TP_172024_20200810_20200810_01_RT_p00230.tif,/data/heguozhen/Fire/activefire/masks/voting/LC08_L1TP_172024_20200810_20200810_01_RT_voting_p00230.tif
/data/heguozhen/Fire/activefire/images/patches/LC08_L1TP_028042_20200809_20200809_01_RT_p00673.tif,/data/heguozhen/Fire/activefire/masks/voting/LC08_L1TP_028042_20200809_20200809_01_RT_voting_p00673.tif
/data/heguozhen/Fire/activefire/images/patches/LC08_L1TP_153011_20200821_20200821_01_RT_p00635.tif,/data/heguozhen/Fire/activefire/masks/voting/LC08_L1TP_153011_20200821_20200821_01_RT_voting_p00635.tif
/data/heguozhen/Fire/activefire/images/patches/LC08_L1TP_120031_20200814_20200814_01_RT_p00460.tif,/data/heguozhen/Fire/activefire/masks/voting/LC08_L1TP_120031_20200814_20200814_01_RT_voting_p00460.tif
/data/heguozhen/Fire/activefire/images/patches/LC08_L1TP_227065_20200811_20200811_01_RT_p00565.tif,/data/heguozhen/Fire/activefire/masks/voting/LC08_L1TP_227065_20200811_20200811_01_RT_voting_p00565.tif
/data/heguozhen/Fire/activefire/images/patches/LC08_L1TP_122043_20200828_20200828_01_RT_p00576.tif,/data/heguozhen/Fire/activefire/masks/voting/LC08_L1TP_122043_20200828_20200828_01_RT_voting_p00576.tif
/data/heguozhen/Fire/activefire/images/patches/LC08_L1TP_124032_20200810_20200810_01_RT_p00851.tif,/data/heguozhen/Fire/activefire/masks/voting/LC08_L1TP_124032_20200810_20200810_01_RT_voting_p00851.tif
/data/heguozhen/Fire/activefire/images/patches/LC08_L1TP_170066_20200812_20200812_01_RT_p00459.tif,/data/heguozhen/Fire/activefire/masks/voting/LC08_L1TP_170066_20200812_20200812_01_RT_voting_p00459.tif
/data/heguozhen/Fire/activefire/images/patches/LC08_L1TP_124050_20200826_20200826_01_RT_p00468.tif,/data/heguozhen/Fire/activefire/masks/voting/LC08_L1TP_124050_20200826_20200826_01_RT_voting_p00468.tif
/data/heguozhen/Fire/activefire/images/patches/LC08_L1TP_170066_20200812_20200812_01_RT_p00706.tif,/data/heguozhen/Fire/activefire/masks/voting/LC08_L1TP_170066_20200812_20200812_01_RT_voting_p00706.tif
/data/heguozhen/Fire/activefire/images/patches/LC08_L1TP_117065_20200809_20200809_01_RT_p00149.tif,/data/heguozhen/Fire/activefire/masks/voting/LC08_L1TP_117065_20200809_20200809_01_RT_voting_p00149.tif
/data/heguozhen/Fire/activefire/images/patches/LC08_L1TP_161073_20200813_20200813_01_RT_p00679.tif,/data/heguozhen/Fire/activefire/masks/voting/LC08_L1TP_161073_20200813_20200813_01_RT_voting_p00679.tif
/data/heguozhen/Fire/activefire/images/patches/LC08_L1TP_170070_20200812_20200812_01_RT_p00473.tif,/data/heguozhen/Fire/activefire/masks/voting/LC08_L1TP_170070_20200812_20200812_01_RT_voting_p00473.tif
/data/heguozhen/Fire/activefire/images/patches/LC08_L1TP_170065_20200812_20200812_01_RT_p00515.tif,/data/heguozhen/Fire/activefire/masks/voting/LC08_L1TP_170065_20200812_20200812_01_RT_voting_p00515.tif
/data/heguozhen/Fire/activefire/images/patches/LC08_L1TP_153032_20200821_20200821_01_RT_p00548.tif,/data/heguozhen/Fire/activefire/masks/voting/LC08_L1TP_153032_20200821_20200821_01_RT_voting_p00548.tif
/data/heguozhen/Fire/activefire/images/patches/LC08_L1TP_175070_20200815_20200815_01_RT_p00556.tif,/data/heguozhen/Fire/activefire/masks/voting/LC08_L1TP_175070_20200815_20200815_01_RT_voting_p00556.tif
/data/heguozhen/Fire/activefire/images/patches/LC08_L1TP_218074_20200812_20200812_01_RT_p00639.tif,/data/heguozhen/Fire/activefire/masks/voting/LC08_L1TP_218074_20200812_20200812_01_RT_voting_p00639.tif
/data/heguozhen/Fire/activefire/images/patches/LC08_L1TP_166066_20200816_20200816_01_RT_p00225.tif,/data/heguozhen/Fire/activefire/masks/voting/LC08_L1TP_166066_20200816_20200816_01_RT_voting_p00225.tif
/data/heguozhen/Fire/activefire/images/patches/LC08_L1TP_160031_20200822_20200822_01_RT_p00758.tif,/data/heguozhen/Fire/activefire/masks/voting/LC08_L1TP_160031_20200822_20200822_01_RT_voting_p00758.tif
/data/heguozhen/Fire/activefire/images/patches/LC08_L1TP_165069_20200809_20200809_01_RT_p00356.tif,/data/heguozhen/Fire/activefire/masks/voting/LC08_L1TP_165069_20200809_20200809_01_RT_voting_p00356.tif
/data/heguozhen/Fire/activefire/images/patches/LC08_L1TP_123026_20200819_20200819_01_RT_p00319.tif,/data/heguozhen/Fire/activefire/masks/voting/LC08_L1TP_123026_20200819_20200819_01_RT_voting_p00319.tif
/data/heguozhen/Fire/activefire/images/patches/LC08_L1TP_224079_20200806_20200807_01_RT_p00291.tif,/data/heguozhen/Fire/activefire/masks/voting/LC08_L1TP_224079_20200806_20200807_01_RT_voting_p00291.tif
/data/heguozhen/Fire/activefire/images/patches/LC08_L1TP_161072_20200813_20200813_01_RT_p00542.tif,/data/heguozhen/Fire/activefire/masks/voting/LC08_L1TP_161072_20200813_20200813_01_RT_voting_p00542.tif
/data/heguozhen/Fire/activefire/images/patches/LC08_L1TP_118066_20200816_20200816_01_RT_p00624.tif,/data/heguozhen/Fire/activefire/masks/voting/LC08_L1TP_118066_20200816_20200816_01_RT_voting_p00624.tif
/data/heguozhen/Fire/activefire/images/patches/LC08_L1TP_091077_20200818_20200819_01_RT_p00757.tif,/data/heguozhen/Fire/activefire/masks/voting/LC08_L1TP_091077_20200818_20200819_01_RT_voting_p00757.tif
/data/heguozhen/Fire/activefire/images/patches/LC08_L1TP_182063_20200816_20200816_01_RT_p00641.tif,/data/heguozhen/Fire/activefire/masks/voting/LC08_L1TP_182063_20200816_20200816_01_RT_voting_p00641.tif
/data/heguozhen/Fire/activefire/images/patches/LC08_L1TP_022031_20200815_20200815_01_RT_p00359.tif,/data/heguozhen/Fire/activefire/masks/voting/LC08_L1TP_022031_20200815_20200815_01_RT_voting_p00359.tif
/data/heguozhen/Fire/activefire/images/patches/LC08_L1TP_173068_20200817_20200817_01_RT_p00542.tif,/data/heguozhen/Fire/activefire/masks/voting/LC08_L1TP_173068_20200817_20200817_01_RT_voting_p00542.tif
/data/heguozhen/Fire/activefire/images/patches/LC08_L1TP_175069_20200815_20200815_01_RT_p00137.tif,/data/heguozhen/Fire/activefire/masks/voting/LC08_L1TP_175069_20200815_20200815_01_RT_voting_p00137.tif
/data/heguozhen/Fire/activefire/images/patches/LC08_L1TP_009028_20200820_20200820_01_RT_p00219.tif,/data/heguozhen/Fire/activefire/masks/voting/LC08_L1TP_009028_20200820_20200820_01_RT_voting_p00219.tif
/data/heguozhen/Fire/activefire/images/patches/LC08_L1TP_126032_20200824_20200824_01_RT_p00712.tif,/data/heguozhen/Fire/activefire/masks/voting/LC08_L1TP_126032_20200824_20200824_01_RT_voting_p00712.tif
/data/heguozhen/Fire/activefire/images/patches/LC08_L1TP_119018_20200823_20200823_01_RT_p00761.tif,/data/heguozhen/Fire/activefire/masks/voting/LC08_L1TP_119018_20200823_20200823_01_RT_voting_p00761.tif
/data/heguozhen/Fire/activefire/images/patches/LC08_L1TP_172029_20200810_20200810_01_RT_p00406.tif,/data/heguozhen/Fire/activefire/masks/voting/LC08_L1TP_172029_20200810_20200810_01_RT_voting_p00406.tif
/data/heguozhen/Fire/activefire/images/patches/LC08_L1TP_173066_20200817_20200817_01_RT_p00631.tif,/data/heguozhen/Fire/activefire/masks/voting/LC08_L1TP_173066_20200817_20200817_01_RT_voting_p00631.tif
/data/heguozhen/Fire/activefire/images/patches/LC08_L1TP_119017_20200807_20200807_01_RT_p01000.tif,/data/heguozhen/Fire/activefire/masks/voting/LC08_L1TP_119017_20200807_20200807_01_RT_voting_p01000.tif
/data/heguozhen/Fire/activefire/images/patches/LC08_L1TP_172026_20200810_20200810_01_RT_p00630.tif,/data/heguozhen/Fire/activefire/masks/voting/LC08_L1TP_172026_20200810_20200810_01_RT_voting_p00630.tif
/data/heguozhen/Fire/activefire/images/patches/LC08_L1TP_227072_20200811_20200811_01_RT_p00762.tif,/data/heguozhen/Fire/activefire/masks/voting/LC08_L1TP_227072_20200811_20200811_01_RT_voting_p00762.tif
/data/heguozhen/Fire/activefire/images/patches/LC08_L1TP_170066_20200812_20200812_01_RT_p00056.tif,/data/heguozhen/Fire/activefire/masks/voting/LC08_L1TP_170066_20200812_20200812_01_RT_voting_p00056.tif
/data/heguozhen/Fire/activefire/images/patches/LC08_L1TP_129033_20200813_20200813_01_RT_p00106.tif,/data/heguozhen/Fire/activefire/masks/voting/LC08_L1TP_129033_20200813_20200813_01_RT_voting_p00106.tif
/data/heguozhen/Fire/activefire/images/patches/LC08_L1GT_167072_20200823_20200823_01_RT_p00290.tif,/data/heguozhen/Fire/activefire/masks/voting/LC08_L1GT_167072_20200823_20200823_01_RT_voting_p00290.tif
/data/heguozhen/Fire/activefire/images/patches/LC08_L1TP_166066_20200816_20200816_01_RT_p00240.tif,/data/heguozhen/Fire/activefire/masks/voting/LC08_L1TP_166066_20200816_20200816_01_RT_voting_p00240.tif
/data/heguozhen/Fire/activefire/images/patches/LC08_L1TP_118018_20200816_20200816_01_RT_p00316.tif,/data/heguozhen/Fire/activefire/masks/voting/LC08_L1TP_118018_20200816_20200816_01_RT_voting_p00316.tif
/data/heguozhen/Fire/activefire/images/patches/LC08_L1TP_125052_20200817_20200817_01_RT_p00575.tif,/data/heguozhen/Fire/activefire/masks/voting/LC08_L1TP_125052_20200817_20200817_01_RT_voting_p00575.tif
/data/heguozhen/Fire/activefire/images/patches/LC08_L1TP_165039_20200809_20200809_01_RT_p00625.tif,/data/heguozhen/Fire/activefire/masks/voting/LC08_L1TP_165039_20200809_20200809_01_RT_voting_p00625.tif
/data/heguozhen/Fire/activefire/images/patches/LC08_L1TP_167074_20200823_20200823_01_RT_p00505.tif,/data/heguozhen/Fire/activefire/masks/voting/LC08_L1TP_167074_20200823_20200823_01_RT_voting_p00505.tif
/data/heguozhen/Fire/activefire/images/patches/LC08_L1TP_173028_20200817_20200817_01_RT_p00290.tif,/data/heguozhen/Fire/activefire/masks/voting/LC08_L1TP_173028_20200817_20200817_01_RT_voting_p00290.tif
/data/heguozhen/Fire/activefire/images/patches/LC08_L1TP_092078_20200810_20200810_01_RT_p00486.tif,/data/heguozhen/Fire/activefire/masks/voting/LC08_L1TP_092078_20200810_20200810_01_RT_voting_p00486.tif
/data/heguozhen/Fire/activefire/images/patches/LC08_L1TP_201034_20200821_20200821_01_RT_p00025.tif,/data/heguozhen/Fire/activefire/masks/voting/LC08_L1TP_201034_20200821_20200821_01_RT_voting_p00025.tif
/data/heguozhen/Fire/activefire/images/patches/LC08_L1TP_120065_20200830_20200830_01_RT_p00729.tif,/data/heguozhen/Fire/activefire/masks/voting/LC08_L1TP_120065_20200830_20200830_01_RT_voting_p00729.tif
/data/heguozhen/Fire/activefire/images/patches/LC08_L1TP_160076_20200822_20200822_01_RT_p00469.tif,/data/heguozhen/Fire/activefire/masks/voting/LC08_L1TP_160076_20200822_20200822_01_RT_voting_p00469.tif
/data/heguozhen/Fire/activefire/images/patches/LC08_L1TP_124052_20200826_20200826_01_RT_p00521.tif,/data/heguozhen/Fire/activefire/masks/voting/LC08_L1TP_124052_20200826_20200826_01_RT_voting_p00521.tif
/data/heguozhen/Fire/activefire/images/patches/LC08_L1TP_173067_20200817_20200817_01_RT_p00362.tif,/data/heguozhen/Fire/activefire/masks/voting/LC08_L1TP_173067_20200817_20200817_01_RT_voting_p00362.tif
/data/heguozhen/Fire/activefire/images/patches/LC08_L1TP_118029_20200816_20200816_01_RT_p00409.tif,/data/heguozhen/Fire/activefire/masks/voting/LC08_L1TP_118029_20200816_20200816_01_RT_voting_p00409.tif
/data/heguozhen/Fire/activefire/images/patches/LC08_L1TP_005068_20200824_20200824_01_RT_p00118.tif,/data/heguozhen/Fire/activefire/masks/voting/LC08_L1TP_005068_20200824_20200824_01_RT_voting_p00118.tif
/data/heguozhen/Fire/activefire/images/patches/LC08_L1TP_227081_20200811_20200811_01_RT_p00587.tif,/data/heguozhen/Fire/activefire/masks/voting/LC08_L1TP_227081_20200811_20200811_01_RT_voting_p00587.tif
/data/heguozhen/Fire/activefire/images/patches/LC08_L1TP_168023_20200830_20200830_01_RT_p00561.tif,/data/heguozhen/Fire/activefire/masks/voting/LC08_L1TP_168023_20200830_20200830_01_RT_voting_p00561.tif
/data/heguozhen/Fire/activefire/images/patches/LC08_L1TP_166068_20200816_20200816_01_RT_p00232.tif,/data/heguozhen/Fire/activefire/masks/voting/LC08_L1TP_166068_20200816_20200816_01_RT_voting_p00232.tif
/data/heguozhen/Fire/activefire/images/patches/LC08_L1TP_173064_20200817_20200817_01_RT_p00353.tif,/data/heguozhen/Fire/activefire/masks/voting/LC08_L1TP_173064_20200817_20200817_01_RT_voting_p00353.tif
/data/heguozhen/Fire/activefire/images/patches/LC08_L1TP_227064_20200811_20200811_01_RT_p00429.tif,/data/heguozhen/Fire/activefire/masks/voting/LC08_L1TP_227064_20200811_20200811_01_RT_voting_p00429.tif
/data/heguozhen/Fire/activefire/images/patches/LC08_L1TP_227082_20200811_20200811_01_RT_p00743.tif,/data/heguozhen/Fire/activefire/masks/voting/LC08_L1TP_227082_20200811_20200811_01_RT_voting_p00743.tif
/data/heguozhen/Fire/activefire/images/patches/LC08_L1TP_119029_20200807_20200807_01_RT_p00611.tif,/data/heguozhen/Fire/activefire/masks/voting/LC08_L1TP_119029_20200807_20200807_01_RT_voting_p00611.tif
/data/heguozhen/Fire/activefire/images/patches/LC08_L1TP_173062_20200817_20200817_01_RT_p00257.tif,/data/heguozhen/Fire/activefire/masks/voting/LC08_L1TP_173062_20200817_20200817_01_RT_voting_p00257.tif
/data/heguozhen/Fire/activefire/images/patches/LC08_L1TP_179068_20200811_20200811_01_RT_p00265.tif,/data/heguozhen/Fire/activefire/masks/voting/LC08_L1TP_179068_20200811_20200811_01_RT_voting_p00265.tif
/data/heguozhen/Fire/activefire/images/patches/LC08_L1TP_167066_20200823_20200823_01_RT_p00845.tif,/data/heguozhen/Fire/activefire/masks/voting/LC08_L1TP_167066_20200823_20200823_01_RT_voting_p00845.tif
/data/heguozhen/Fire/activefire/images/patches/LC08_L1TP_120016_20200814_20200814_01_RT_p00388.tif,/data/heguozhen/Fire/activefire/masks/voting/LC08_L1TP_120016_20200814_20200814_01_RT_voting_p00388.tif
/data/heguozhen/Fire/activefire/images/patches/LC08_L1TP_121030_20200821_20200821_01_RT_p00783.tif,/data/heguozhen/Fire/activefire/masks/voting/LC08_L1TP_121030_20200821_20200821_01_RT_voting_p00783.tif
/data/heguozhen/Fire/activefire/images/patches/LC08_L1TP_024031_20200829_20200829_01_RT_p00148.tif,/data/heguozhen/Fire/activefire/masks/voting/LC08_L1TP_024031_20200829_20200829_01_RT_voting_p00148.tif
/data/heguozhen/Fire/activefire/images/patches/LC08_L1TP_168073_20200830_20200830_01_RT_p00474.tif,/data/heguozhen/Fire/activefire/masks/voting/LC08_L1TP_168073_20200830_20200830_01_RT_voting_p00474.tif
/data/heguozhen/Fire/activefire/images/patches/LC08_L1TP_119032_20200823_20200823_01_RT_p00410.tif,/data/heguozhen/Fire/activefire/masks/voting/LC08_L1TP_119032_20200823_20200823_01_RT_voting_p00410.tif
/data/heguozhen/Fire/activefire/images/patches/LC08_L1TP_121028_20200821_20200821_01_RT_p00463.tif,/data/heguozhen/Fire/activefire/masks/voting/LC08_L1TP_121028_20200821_20200821_01_RT_voting_p00463.tif
/data/heguozhen/Fire/activefire/images/patches/LC08_L1TP_175072_20200815_20200815_01_RT_p00542.tif,/data/heguozhen/Fire/activefire/masks/voting/LC08_L1TP_175072_20200815_20200815_01_RT_voting_p00542.tif
/data/heguozhen/Fire/activefire/images/patches/LC08_L1TP_179066_20200811_20200811_01_RT_p00690.tif,/data/heguozhen/Fire/activefire/masks/voting/LC08_L1TP_179066_20200811_20200811_01_RT_voting_p00690.tif
/data/heguozhen/Fire/activefire/images/patches/LC08_L1TP_169062_20200821_20200821_01_RT_p00138.tif,/data/heguozhen/Fire/activefire/masks/voting/LC08_L1TP_169062_20200821_20200821_01_RT_voting_p00138.tif
/data/heguozhen/Fire/activefire/images/patches/LC08_L1TP_119031_20200807_20200807_01_RT_p00449.tif,/data/heguozhen/Fire/activefire/masks/voting/LC08_L1TP_119031_20200807_20200807_01_RT_voting_p00449.tif
/data/heguozhen/Fire/activefire/images/patches/LC08_L1TP_120030_20200814_20200814_01_RT_p00562.tif,/data/heguozhen/Fire/activefire/masks/voting/LC08_L1TP_120030_20200814_20200814_01_RT_voting_p00562.tif
/data/heguozhen/Fire/activefire/images/patches/LC08_L1TP_201034_20200821_20200821_01_RT_p00176.tif,/data/heguozhen/Fire/activefire/masks/voting/LC08_L1TP_201034_20200821_20200821_01_RT_voting_p00176.tif
/data/heguozhen/Fire/activefire/images/patches/LC08_L1TP_174025_20200808_20200808_01_RT_p00228.tif,/data/heguozhen/Fire/activefire/masks/voting/LC08_L1TP_174025_20200808_20200808_01_RT_voting_p00228.tif
/data/heguozhen/Fire/activefire/images/patches/LC08_L1TP_107036_20200819_20200819_01_RT_p00501.tif,/data/heguozhen/Fire/activefire/masks/voting/LC08_L1TP_107036_20200819_20200819_01_RT_voting_p00501.tif
/data/heguozhen/Fire/activefire/images/patches/LC08_L1TP_158017_20200824_20200824_01_RT_p00590.tif,/data/heguozhen/Fire/activefire/masks/voting/LC08_L1TP_158017_20200824_20200824_01_RT_voting_p00590.tif
/data/heguozhen/Fire/activefire/images/patches/LC08_L1TP_169066_20200821_20200821_01_RT_p00251.tif,/data/heguozhen/Fire/activefire/masks/voting/LC08_L1TP_169066_20200821_20200821_01_RT_voting_p00251.tif
/data/heguozhen/Fire/activefire/images/patches/LC08_L1TP_126017_20200824_20200824_01_RT_p00358.tif,/data/heguozhen/Fire/activefire/masks/voting/LC08_L1TP_126017_20200824_20200824_01_RT_voting_p00358.tif
/data/heguozhen/Fire/activefire/images/patches/LC08_L1TP_121027_20200821_20200821_01_RT_p00878.tif,/data/heguozhen/Fire/activefire/masks/voting/LC08_L1TP_121027_20200821_20200821_01_RT_voting_p00878.tif
/data/heguozhen/Fire/activefire/images/patches/LC08_L1TP_169035_20200821_20200821_01_RT_p00196.tif,/data/heguozhen/Fire/activefire/masks/voting/LC08_L1TP_169035_20200821_20200821_01_RT_voting_p00196.tif
/data/heguozhen/Fire/activefire/images/patches/LC08_L1TP_119029_20200807_20200807_01_RT_p00708.tif,/data/heguozhen/Fire/activefire/masks/voting/LC08_L1TP_119029_20200807_20200807_01_RT_voting_p00708.tif
/data/heguozhen/Fire/activefire/images/patches/LC08_L1TP_101065_20200825_20200825_01_RT_p00521.tif,/data/heguozhen/Fire/activefire/masks/voting/LC08_L1TP_101065_20200825_20200825_01_RT_voting_p00521.tif
/data/heguozhen/Fire/activefire/images/patches/LC08_L1TP_008058_20200829_20200829_01_RT_p00220.tif,/data/heguozhen/Fire/activefire/masks/voting/LC08_L1TP_008058_20200829_20200829_01_RT_voting_p00220.tif
/data/heguozhen/Fire/activefire/images/patches/LC08_L1TP_008056_20200829_20200829_01_RT_p00613.tif,/data/heguozhen/Fire/activefire/masks/voting/LC08_L1TP_008056_20200829_20200829_01_RT_voting_p00613.tif
/data/heguozhen/Fire/activefire/images/patches/LC08_L1TP_170067_20200812_20200812_01_RT_p00749.tif,/data/heguozhen/Fire/activefire/masks/voting/LC08_L1TP_170067_20200812_20200812_01_RT_voting_p00749.tif
/data/heguozhen/Fire/activefire/images/patches/LC08_L1TP_110066_20200824_20200824_01_RT_p00821.tif,/data/heguozhen/Fire/activefire/masks/voting/LC08_L1TP_110066_20200824_20200824_01_RT_voting_p00821.tif
/data/heguozhen/Fire/activefire/images/patches/LC08_L1TP_175072_20200815_20200815_01_RT_p00445.tif,/data/heguozhen/Fire/activefire/masks/voting/LC08_L1TP_175072_20200815_20200815_01_RT_voting_p00445.tif
/data/heguozhen/Fire/activefire/images/patches/LC08_L1TP_166067_20200816_20200816_01_RT_p00405.tif,/data/heguozhen/Fire/activefire/masks/voting/LC08_L1TP_166067_20200816_20200816_01_RT_voting_p00405.tif
/data/heguozhen/Fire/activefire/images/patches/LC08_L1TP_220065_20200810_20200810_01_RT_p00137.tif,/data/heguozhen/Fire/activefire/masks/voting/LC08_L1TP_220065_20200810_20200810_01_RT_voting_p00137.tif
/data/heguozhen/Fire/activefire/images/patches/LC08_L1TP_106070_20200828_20200828_01_RT_p00291.tif,/data/heguozhen/Fire/activefire/masks/voting/LC08_L1TP_106070_20200828_20200828_01_RT_voting_p00291.tif
/data/heguozhen/Fire/activefire/images/patches/LC08_L1TP_170070_20200812_20200812_01_RT_p00472.tif,/data/heguozhen/Fire/activefire/masks/voting/LC08_L1TP_170070_20200812_20200812_01_RT_voting_p00472.tif
/data/heguozhen/Fire/activefire/images/patches/LC08_L1TP_008056_20200829_20200829_01_RT_p00733.tif,/data/heguozhen/Fire/activefire/masks/voting/LC08_L1TP_008056_20200829_20200829_01_RT_voting_p00733.tif
/data/heguozhen/Fire/activefire/images/patches/LC08_L1TP_119065_20200823_20200823_01_RT_p00358.tif,/data/heguozhen/Fire/activefire/masks/voting/LC08_L1TP_119065_20200823_20200823_01_RT_voting_p00358.tif
/data/heguozhen/Fire/activefire/images/patches/LC08_L1TP_175072_20200815_20200815_01_RT_p00444.tif,/data/heguozhen/Fire/activefire/masks/voting/LC08_L1TP_175072_20200815_20200815_01_RT_voting_p00444.tif
/data/heguozhen/Fire/activefire/images/patches/LC08_L1GT_117028_20200825_20200825_01_RT_p00168.tif,/data/heguozhen/Fire/activefire/masks/voting/LC08_L1GT_117028_20200825_20200825_01_RT_voting_p00168.tif
/data/heguozhen/Fire/activefire/images/patches/LC08_L1TP_120042_20200814_20200814_01_RT_p00847.tif,/data/heguozhen/Fire/activefire/masks/voting/LC08_L1TP_120042_20200814_20200814_01_RT_voting_p00847.tif
/data/heguozhen/Fire/activefire/images/patches/LC08_L1TP_131015_20200827_20200827_01_RT_p00589.tif,/data/heguozhen/Fire/activefire/masks/voting/LC08_L1TP_131015_20200827_20200827_01_RT_voting_p00589.tif
/data/heguozhen/Fire/activefire/images/patches/LC08_L1TP_172062_20200810_20200810_01_RT_p00664.tif,/data/heguozhen/Fire/activefire/masks/voting/LC08_L1TP_172062_20200810_20200810_01_RT_voting_p00664.tif
/data/heguozhen/Fire/activefire/images/patches/LC08_L1TP_113062_20200813_20200813_01_RT_p00743.tif,/data/heguozhen/Fire/activefire/masks/voting/LC08_L1TP_113062_20200813_20200813_01_RT_voting_p00743.tif
/data/heguozhen/Fire/activefire/images/patches/LC08_L1TP_134015_20200816_20200816_01_RT_p00376.tif,/data/heguozhen/Fire/activefire/masks/voting/LC08_L1TP_134015_20200816_20200816_01_RT_voting_p00376.tif
/data/heguozhen/Fire/activefire/images/patches/LC08_L1TP_119065_20200807_20200807_01_RT_p00320.tif,/data/heguozhen/Fire/activefire/masks/voting/LC08_L1TP_119065_20200807_20200807_01_RT_voting_p00320.tif
/data/heguozhen/Fire/activefire/images/patches/LC08_L1TP_126052_20200824_20200824_01_RT_p00419.tif,/data/heguozhen/Fire/activefire/masks/voting/LC08_L1TP_126052_20200824_20200824_01_RT_voting_p00419.tif
/data/heguozhen/Fire/activefire/images/patches/LC08_L1TP_230070_20200816_20200816_01_RT_p00644.tif,/data/heguozhen/Fire/activefire/masks/voting/LC08_L1TP_230070_20200816_20200816_01_RT_voting_p00644.tif
/data/heguozhen/Fire/activefire/images/patches/LC08_L1TP_185032_20200821_20200821_01_RT_p00625.tif,/data/heguozhen/Fire/activefire/masks/voting/LC08_L1TP_185032_20200821_20200821_01_RT_voting_p00625.tif
/data/heguozhen/Fire/activefire/images/patches/LC08_L1TP_222081_20200808_20200808_01_RT_p00400.tif,/data/heguozhen/Fire/activefire/masks/voting/LC08_L1TP_222081_20200808_20200808_01_RT_voting_p00400.tif
/data/heguozhen/Fire/activefire/images/patches/LC08_L1TP_122038_20200828_20200828_01_RT_p00534.tif,/data/heguozhen/Fire/activefire/masks/voting/LC08_L1TP_122038_20200828_20200828_01_RT_voting_p00534.tif
/data/heguozhen/Fire/activefire/images/patches/LC08_L1TP_173069_20200817_20200817_01_RT_p00551.tif,/data/heguozhen/Fire/activefire/masks/voting/LC08_L1TP_173069_20200817_20200817_01_RT_voting_p00551.tif
/data/heguozhen/Fire/activefire/images/patches/LC08_L1TP_173070_20200817_20200817_01_RT_p00463.tif,/data/heguozhen/Fire/activefire/masks/voting/LC08_L1TP_173070_20200817_20200817_01_RT_voting_p00463.tif
/data/heguozhen/Fire/activefire/images/patches/LC08_L1TP_165070_20200809_20200809_01_RT_p00674.tif,/data/heguozhen/Fire/activefire/masks/voting/LC08_L1TP_165070_20200809_20200809_01_RT_voting_p00674.tif
/data/heguozhen/Fire/activefire/images/patches/LC08_L1TP_179068_20200811_20200811_01_RT_p00597.tif,/data/heguozhen/Fire/activefire/masks/voting/LC08_L1TP_179068_20200811_20200811_01_RT_voting_p00597.tif
/data/heguozhen/Fire/activefire/images/patches/LC08_L1TP_119029_20200807_20200807_01_RT_p00627.tif,/data/heguozhen/Fire/activefire/masks/voting/LC08_L1TP_119029_20200807_20200807_01_RT_voting_p00627.tif
/data/heguozhen/Fire/activefire/images/patches/LC08_L1TP_129035_20200813_20200813_01_RT_p00710.tif,/data/heguozhen/Fire/activefire/masks/voting/LC08_L1TP_129035_20200813_20200813_01_RT_voting_p00710.tif
/data/heguozhen/Fire/activefire/images/patches/LC08_L1TP_170064_20200812_20200812_01_RT_p00550.tif,/data/heguozhen/Fire/activefire/masks/voting/LC08_L1TP_170064_20200812_20200812_01_RT_voting_p00550.tif
/data/heguozhen/Fire/activefire/images/patches/LC08_L1TP_172064_20200810_20200810_01_RT_p00548.tif,/data/heguozhen/Fire/activefire/masks/voting/LC08_L1TP_172064_20200810_20200810_01_RT_voting_p00548.tif
/data/heguozhen/Fire/activefire/images/patches/LC08_L1TP_175071_20200815_20200815_01_RT_p00615.tif,/data/heguozhen/Fire/activefire/masks/voting/LC08_L1TP_175071_20200815_20200815_01_RT_voting_p00615.tif
/data/heguozhen/Fire/activefire/images/patches/LC08_L1TP_172066_20200810_20200810_01_RT_p00353.tif,/data/heguozhen/Fire/activefire/masks/voting/LC08_L1TP_172066_20200810_20200810_01_RT_voting_p00353.tif
/data/heguozhen/Fire/activefire/images/patches/LC08_L1TP_169068_20200821_20200821_01_RT_p00252.tif,/data/heguozhen/Fire/activefire/masks/voting/LC08_L1TP_169068_20200821_20200821_01_RT_voting_p00252.tif
/data/heguozhen/Fire/activefire/images/patches/LC08_L1TP_173069_20200817_20200817_01_RT_p00266.tif,/data/heguozhen/Fire/activefire/masks/voting/LC08_L1TP_173069_20200817_20200817_01_RT_voting_p00266.tif
/data/heguozhen/Fire/activefire/images/patches/LC08_L1TP_169065_20200821_20200821_01_RT_p00480.tif,/data/heguozhen/Fire/activefire/masks/voting/LC08_L1TP_169065_20200821_20200821_01_RT_voting_p00480.tif
/data/heguozhen/Fire/activefire/images/patches/LC08_L1TP_026043_20200827_20200827_01_RT_p00442.tif,/data/heguozhen/Fire/activefire/masks/voting/LC08_L1TP_026043_20200827_20200827_01_RT_voting_p00442.tif
/data/heguozhen/Fire/activefire/images/patches/LC08_L1TP_160075_20200822_20200822_01_RT_p00272.tif,/data/heguozhen/Fire/activefire/masks/voting/LC08_L1TP_160075_20200822_20200822_01_RT_voting_p00272.tif
/data/heguozhen/Fire/activefire/images/patches/LC08_L1TP_173068_20200817_20200817_01_RT_p00847.tif,/data/heguozhen/Fire/activefire/masks/voting/LC08_L1TP_173068_20200817_20200817_01_RT_voting_p00847.tif
/data/heguozhen/Fire/activefire/images/patches/LC08_L1TP_175071_20200815_20200815_01_RT_p00286.tif,/data/heguozhen/Fire/activefire/masks/voting/LC08_L1TP_175071_20200815_20200815_01_RT_voting_p00286.tif
/data/heguozhen/Fire/activefire/images/patches/LC08_L1TP_119031_20200807_20200807_01_RT_p00335.tif,/data/heguozhen/Fire/activefire/masks/voting/LC08_L1TP_119031_20200807_20200807_01_RT_voting_p00335.tif
/data/heguozhen/Fire/activefire/images/patches/LC08_L1TP_174069_20200808_20200808_01_RT_p00567.tif,/data/heguozhen/Fire/activefire/masks/voting/LC08_L1TP_174069_20200808_20200808_01_RT_voting_p00567.tif
/data/heguozhen/Fire/activefire/images/patches/LC08_L1TP_119028_20200823_20200823_01_RT_p00344.tif,/data/heguozhen/Fire/activefire/masks/voting/LC08_L1TP_119028_20200823_20200823_01_RT_voting_p00344.tif
/data/heguozhen/Fire/activefire/images/patches/LC08_L1TP_173067_20200817_20200817_01_RT_p00483.tif,/data/heguozhen/Fire/activefire/masks/voting/LC08_L1TP_173067_20200817_20200817_01_RT_voting_p00483.tif
/data/heguozhen/Fire/activefire/images/patches/LC08_L1TP_173067_20200817_20200817_01_RT_p00492.tif,/data/heguozhen/Fire/activefire/masks/voting/LC08_L1TP_173067_20200817_20200817_01_RT_voting_p00492.tif
/data/heguozhen/Fire/activefire/images/patches/LC08_L1TP_160030_20200822_20200822_01_RT_p00154.tif,/data/heguozhen/Fire/activefire/masks/voting/LC08_L1TP_160030_20200822_20200822_01_RT_voting_p00154.tif
/data/heguozhen/Fire/activefire/images/patches/LC08_L1TP_138018_20200828_20200828_01_RT_p00968.tif,/data/heguozhen/Fire/activefire/masks/voting/LC08_L1TP_138018_20200828_20200828_01_RT_voting_p00968.tif
/data/heguozhen/Fire/activefire/images/patches/LC08_L1TP_168065_20200830_20200830_01_RT_p00394.tif,/data/heguozhen/Fire/activefire/masks/voting/LC08_L1TP_168065_20200830_20200830_01_RT_voting_p00394.tif
/data/heguozhen/Fire/activefire/images/patches/LC08_L1TP_179069_20200811_20200811_01_RT_p00221.tif,/data/heguozhen/Fire/activefire/masks/voting/LC08_L1TP_179069_20200811_20200811_01_RT_voting_p00221.tif
/data/heguozhen/Fire/activefire/images/patches/LC08_L1TP_135019_20200823_20200823_01_RT_p00653.tif,/data/heguozhen/Fire/activefire/masks/voting/LC08_L1TP_135019_20200823_20200823_01_RT_voting_p00653.tif
/data/heguozhen/Fire/activefire/images/patches/LC08_L1TP_166068_20200816_20200816_01_RT_p00664.tif,/data/heguozhen/Fire/activefire/masks/voting/LC08_L1TP_166068_20200816_20200816_01_RT_voting_p00664.tif
/data/heguozhen/Fire/activefire/images/patches/LC08_L1TP_175071_20200815_20200815_01_RT_p00237.tif,/data/heguozhen/Fire/activefire/masks/voting/LC08_L1TP_175071_20200815_20200815_01_RT_voting_p00237.tif
/data/heguozhen/Fire/activefire/images/patches/LC08_L1TP_166072_20200816_20200816_01_RT_p00174.tif,/data/heguozhen/Fire/activefire/masks/voting/LC08_L1TP_166072_20200816_20200816_01_RT_voting_p00174.tif
/data/heguozhen/Fire/activefire/images/patches/LC08_L1TP_174069_20200808_20200808_01_RT_p00759.tif,/data/heguozhen/Fire/activefire/masks/voting/LC08_L1TP_174069_20200808_20200808_01_RT_voting_p00759.tif
/data/heguozhen/Fire/activefire/images/patches/LC08_L1TP_173070_20200817_20200817_01_RT_p00736.tif,/data/heguozhen/Fire/activefire/masks/voting/LC08_L1TP_173070_20200817_20200817_01_RT_voting_p00736.tif
/data/heguozhen/Fire/activefire/images/patches/LC08_L1TP_118065_20200816_20200816_01_RT_p00555.tif,/data/heguozhen/Fire/activefire/masks/voting/LC08_L1TP_118065_20200816_20200816_01_RT_voting_p00555.tif
/data/heguozhen/Fire/activefire/images/patches/LC08_L1TP_121029_20200821_20200821_01_RT_p00560.tif,/data/heguozhen/Fire/activefire/masks/voting/LC08_L1TP_121029_20200821_20200821_01_RT_voting_p00560.tif
/data/heguozhen/Fire/activefire/images/patches/LC08_L1TP_110066_20200824_20200824_01_RT_p00227.tif,/data/heguozhen/Fire/activefire/masks/voting/LC08_L1TP_110066_20200824_20200824_01_RT_voting_p00227.tif
/data/heguozhen/Fire/activefire/images/patches/LC08_L1TP_022036_20200815_20200815_01_RT_p00851.tif,/data/heguozhen/Fire/activefire/masks/voting/LC08_L1TP_022036_20200815_20200815_01_RT_voting_p00851.tif
/data/heguozhen/Fire/activefire/images/patches/LC08_L1TP_136018_20200830_20200830_01_RT_p00730.tif,/data/heguozhen/Fire/activefire/masks/voting/LC08_L1TP_136018_20200830_20200830_01_RT_voting_p00730.tif
/data/heguozhen/Fire/activefire/images/patches/LC08_L1TP_169069_20200821_20200821_01_RT_p00177.tif,/data/heguozhen/Fire/activefire/masks/voting/LC08_L1TP_169069_20200821_20200821_01_RT_voting_p00177.tif
/data/heguozhen/Fire/activefire/images/patches/LC08_L1TP_227078_20200811_20200811_01_RT_p00106.tif,/data/heguozhen/Fire/activefire/masks/voting/LC08_L1TP_227078_20200811_20200811_01_RT_voting_p00106.tif
/data/heguozhen/Fire/activefire/images/patches/LC08_L1TP_174069_20200808_20200808_01_RT_p00270.tif,/data/heguozhen/Fire/activefire/masks/voting/LC08_L1TP_174069_20200808_20200808_01_RT_voting_p00270.tif
/data/heguozhen/Fire/activefire/images/patches/LC08_L1TP_181063_20200809_20200809_01_RT_p00478.tif,/data/heguozhen/Fire/activefire/masks/voting/LC08_L1TP_181063_20200809_20200809_01_RT_voting_p00478.tif
/data/heguozhen/Fire/activefire/images/patches/LC08_L1TP_165068_20200809_20200809_01_RT_p00164.tif,/data/heguozhen/Fire/activefire/masks/voting/LC08_L1TP_165068_20200809_20200809_01_RT_voting_p00164.tif
/data/heguozhen/Fire/activefire/images/patches/LC08_L1TP_034032_20200819_20200820_01_RT_p00414.tif,/data/heguozhen/Fire/activefire/masks/voting/LC08_L1TP_034032_20200819_20200820_01_RT_voting_p00414.tif
/data/heguozhen/Fire/activefire/images/patches/LC08_L1TP_174040_20200808_20200808_01_RT_p00594.tif,/data/heguozhen/Fire/activefire/masks/voting/LC08_L1TP_174040_20200808_20200808_01_RT_voting_p00594.tif
/data/heguozhen/Fire/activefire/images/patches/LC08_L1TP_170065_20200812_20200812_01_RT_p00637.tif,/data/heguozhen/Fire/activefire/masks/voting/LC08_L1TP_170065_20200812_20200812_01_RT_voting_p00637.tif
/data/heguozhen/Fire/activefire/images/patches/LC08_L1TP_118043_20200816_20200816_01_RT_p00552.tif,/data/heguozhen/Fire/activefire/masks/voting/LC08_L1TP_118043_20200816_20200816_01_RT_voting_p00552.tif
/data/heguozhen/Fire/activefire/images/patches/LC08_L1TP_118029_20200816_20200816_01_RT_p00563.tif,/data/heguozhen/Fire/activefire/masks/voting/LC08_L1TP_118029_20200816_20200816_01_RT_voting_p00563.tif
/data/heguozhen/Fire/activefire/images/patches/LC08_L1TP_124052_20200826_20200826_01_RT_p00610.tif,/data/heguozhen/Fire/activefire/masks/voting/LC08_L1TP_124052_20200826_20200826_01_RT_voting_p00610.tif
/data/heguozhen/Fire/activefire/images/patches/LC08_L1TP_149039_20200809_20200809_01_RT_p00357.tif,/data/heguozhen/Fire/activefire/masks/voting/LC08_L1TP_149039_20200809_20200809_01_RT_voting_p00357.tif
/data/heguozhen/Fire/activefire/images/patches/LC08_L1TP_174072_20200808_20200808_01_RT_p00630.tif,/data/heguozhen/Fire/activefire/masks/voting/LC08_L1TP_174072_20200808_20200808_01_RT_voting_p00630.tif
/data/heguozhen/Fire/activefire/images/patches/LC08_L1TP_182063_20200816_20200816_01_RT_p00686.tif,/data/heguozhen/Fire/activefire/masks/voting/LC08_L1TP_182063_20200816_20200816_01_RT_voting_p00686.tif
/data/heguozhen/Fire/activefire/images/patches/LC08_L1TP_166071_20200816_20200816_01_RT_p00768.tif,/data/heguozhen/Fire/activefire/masks/voting/LC08_L1TP_166071_20200816_20200816_01_RT_voting_p00768.tif
/data/heguozhen/Fire/activefire/images/patches/LC08_L1TP_169069_20200821_20200821_01_RT_p00205.tif,/data/heguozhen/Fire/activefire/masks/voting/LC08_L1TP_169069_20200821_20200821_01_RT_voting_p00205.tif
/data/heguozhen/Fire/activefire/images/patches/LC08_L1TP_166077_20200816_20200816_01_RT_p00359.tif,/data/heguozhen/Fire/activefire/masks/voting/LC08_L1TP_166077_20200816_20200816_01_RT_voting_p00359.tif
/data/heguozhen/Fire/activefire/images/patches/LC08_L1TP_170078_20200812_20200812_01_RT_p00356.tif,/data/heguozhen/Fire/activefire/masks/voting/LC08_L1TP_170078_20200812_20200812_01_RT_voting_p00356.tif
/data/heguozhen/Fire/activefire/images/patches/LC08_L1TP_163035_20200811_20200811_01_RT_p00192.tif,/data/heguozhen/Fire/activefire/masks/voting/LC08_L1TP_163035_20200811_20200811_01_RT_voting_p00192.tif
/data/heguozhen/Fire/activefire/images/patches/LC08_L1TP_136036_20200830_20200830_01_RT_p00739.tif,/data/heguozhen/Fire/activefire/masks/voting/LC08_L1TP_136036_20200830_20200830_01_RT_voting_p00739.tif
/data/heguozhen/Fire/activefire/images/patches/LC08_L1TP_008055_20200813_20200813_01_RT_p00515.tif,/data/heguozhen/Fire/activefire/masks/voting/LC08_L1TP_008055_20200813_20200813_01_RT_voting_p00515.tif
/data/heguozhen/Fire/activefire/images/patches/LC08_L1TP_135015_20200807_20200807_01_RT_p00804.tif,/data/heguozhen/Fire/activefire/masks/voting/LC08_L1TP_135015_20200807_20200807_01_RT_voting_p00804.tif
/data/heguozhen/Fire/activefire/images/patches/LC08_L1TP_076091_20200809_20200810_01_RT_p00617.tif,/data/heguozhen/Fire/activefire/masks/voting/LC08_L1TP_076091_20200809_20200810_01_RT_voting_p00617.tif
/data/heguozhen/Fire/activefire/images/patches/LC08_L1TP_129033_20200813_20200813_01_RT_p00473.tif,/data/heguozhen/Fire/activefire/masks/voting/LC08_L1TP_129033_20200813_20200813_01_RT_voting_p00473.tif
/data/heguozhen/Fire/activefire/images/patches/LC08_L1TP_170072_20200812_20200812_01_RT_p00191.tif,/data/heguozhen/Fire/activefire/masks/voting/LC08_L1TP_170072_20200812_20200812_01_RT_voting_p00191.tif
/data/heguozhen/Fire/activefire/images/patches/LC08_L1TP_170067_20200812_20200812_01_RT_p00692.tif,/data/heguozhen/Fire/activefire/masks/voting/LC08_L1TP_170067_20200812_20200812_01_RT_voting_p00692.tif
/data/heguozhen/Fire/activefire/images/patches/LC08_L1TP_166069_20200816_20200816_01_RT_p00469.tif,/data/heguozhen/Fire/activefire/masks/voting/LC08_L1TP_166069_20200816_20200816_01_RT_voting_p00469.tif
/data/heguozhen/Fire/activefire/images/patches/LC08_L1TP_166072_20200816_20200816_01_RT_p00302.tif,/data/heguozhen/Fire/activefire/masks/voting/LC08_L1TP_166072_20200816_20200816_01_RT_voting_p00302.tif
/data/heguozhen/Fire/activefire/images/patches/LC08_L1TP_227081_20200811_20200811_01_RT_p00677.tif,/data/heguozhen/Fire/activefire/masks/voting/LC08_L1TP_227081_20200811_20200811_01_RT_voting_p00677.tif
/data/heguozhen/Fire/activefire/images/patches/LC08_L1TP_126052_20200824_20200824_01_RT_p00389.tif,/data/heguozhen/Fire/activefire/masks/voting/LC08_L1TP_126052_20200824_20200824_01_RT_voting_p00389.tif
/data/heguozhen/Fire/activefire/images/patches/LC08_L1TP_169036_20200821_20200821_01_RT_p00458.tif,/data/heguozhen/Fire/activefire/masks/voting/LC08_L1TP_169036_20200821_20200821_01_RT_voting_p00458.tif
/data/heguozhen/Fire/activefire/images/patches/LC08_L1TP_169067_20200821_20200821_01_RT_p00024.tif,/data/heguozhen/Fire/activefire/masks/voting/LC08_L1TP_169067_20200821_20200821_01_RT_voting_p00024.tif
/data/heguozhen/Fire/activefire/images/patches/LC08_L1TP_131024_20200811_20200811_01_RT_p00206.tif,/data/heguozhen/Fire/activefire/masks/voting/LC08_L1TP_131024_20200811_20200811_01_RT_voting_p00206.tif
/data/heguozhen/Fire/activefire/images/patches/LC08_L1TP_124034_20200826_20200826_01_RT_p00443.tif,/data/heguozhen/Fire/activefire/masks/voting/LC08_L1TP_124034_20200826_20200826_01_RT_voting_p00443.tif
/data/heguozhen/Fire/activefire/images/patches/LC08_L1TP_172070_20200810_20200810_01_RT_p00254.tif,/data/heguozhen/Fire/activefire/masks/voting/LC08_L1TP_172070_20200810_20200810_01_RT_voting_p00254.tif
/data/heguozhen/Fire/activefire/images/patches/LC08_L1TP_119039_20200823_20200823_01_RT_p00824.tif,/data/heguozhen/Fire/activefire/masks/voting/LC08_L1TP_119039_20200823_20200823_01_RT_voting_p00824.tif
/data/heguozhen/Fire/activefire/images/patches/LC08_L1TP_124029_20200826_20200826_01_RT_p00761.tif,/data/heguozhen/Fire/activefire/masks/voting/LC08_L1TP_124029_20200826_20200826_01_RT_voting_p00761.tif
/data/heguozhen/Fire/activefire/images/patches/LC08_L1TP_179065_20200811_20200811_01_RT_p00143.tif,/data/heguozhen/Fire/activefire/masks/voting/LC08_L1TP_179065_20200811_20200811_01_RT_voting_p00143.tif
/data/heguozhen/Fire/activefire/images/patches/LC08_L1TP_227081_20200811_20200811_01_RT_p00681.tif,/data/heguozhen/Fire/activefire/masks/voting/LC08_L1TP_227081_20200811_20200811_01_RT_voting_p00681.tif
/data/heguozhen/Fire/activefire/images/patches/LC08_L1TP_170069_20200812_20200812_01_RT_p00330.tif,/data/heguozhen/Fire/activefire/masks/voting/LC08_L1TP_170069_20200812_20200812_01_RT_voting_p00330.tif
/data/heguozhen/Fire/activefire/images/patches/LC08_L1TP_168073_20200830_20200830_01_RT_p00596.tif,/data/heguozhen/Fire/activefire/masks/voting/LC08_L1TP_168073_20200830_20200830_01_RT_voting_p00596.tif
/data/heguozhen/Fire/activefire/images/patches/LC08_L1TP_125049_20200817_20200817_01_RT_p00469.tif,/data/heguozhen/Fire/activefire/masks/voting/LC08_L1TP_125049_20200817_20200817_01_RT_voting_p00469.tif
/data/heguozhen/Fire/activefire/images/patches/LC08_L1TP_172071_20200810_20200810_01_RT_p00664.tif,/data/heguozhen/Fire/activefire/masks/voting/LC08_L1TP_172071_20200810_20200810_01_RT_voting_p00664.tif
/data/heguozhen/Fire/activefire/images/patches/LC08_L1TP_124032_20200810_20200810_01_RT_p00856.tif,/data/heguozhen/Fire/activefire/masks/voting/LC08_L1TP_124032_20200810_20200810_01_RT_voting_p00856.tif
/data/heguozhen/Fire/activefire/images/patches/LC08_L1TP_166070_20200816_20200816_01_RT_p00756.tif,/data/heguozhen/Fire/activefire/masks/voting/LC08_L1TP_166070_20200816_20200816_01_RT_voting_p00756.tif
/data/heguozhen/Fire/activefire/images/patches/LC08_L1TP_179064_20200811_20200811_01_RT_p00511.tif,/data/heguozhen/Fire/activefire/masks/voting/LC08_L1TP_179064_20200811_20200811_01_RT_voting_p00511.tif
/data/heguozhen/Fire/activefire/images/patches/LC08_L1TP_182061_20200816_20200816_01_RT_p00626.tif,/data/heguozhen/Fire/activefire/masks/voting/LC08_L1TP_182061_20200816_20200816_01_RT_voting_p00626.tif
/data/heguozhen/Fire/activefire/images/patches/LC08_L1TP_168061_20200830_20200830_01_RT_p00360.tif,/data/heguozhen/Fire/activefire/masks/voting/LC08_L1TP_168061_20200830_20200830_01_RT_voting_p00360.tif
/data/heguozhen/Fire/activefire/images/patches/LC08_L1TP_229076_20200809_20200809_01_RT_p00764.tif,/data/heguozhen/Fire/activefire/masks/voting/LC08_L1TP_229076_20200809_20200809_01_RT_voting_p00764.tif
/data/heguozhen/Fire/activefire/images/patches/LC08_L1TP_230064_20200816_20200816_01_RT_p00743.tif,/data/heguozhen/Fire/activefire/masks/voting/LC08_L1TP_230064_20200816_20200816_01_RT_voting_p00743.tif
/data/heguozhen/Fire/activefire/images/patches/LC08_L1TP_175070_20200815_20200815_01_RT_p00548.tif,/data/heguozhen/Fire/activefire/masks/voting/LC08_L1TP_175070_20200815_20200815_01_RT_voting_p00548.tif
/data/heguozhen/Fire/activefire/images/patches/LC08_L1TP_227082_20200811_20200811_01_RT_p00843.tif,/data/heguozhen/Fire/activefire/masks/voting/LC08_L1TP_227082_20200811_20200811_01_RT_voting_p00843.tif
/data/heguozhen/Fire/activefire/images/patches/LC08_L1TP_118043_20200816_20200816_01_RT_p00878.tif,/data/heguozhen/Fire/activefire/masks/voting/LC08_L1TP_118043_20200816_20200816_01_RT_voting_p00878.tif
/data/heguozhen/Fire/activefire/images/patches/LC08_L1TP_122044_20200812_20200812_01_RT_p00668.tif,/data/heguozhen/Fire/activefire/masks/voting/LC08_L1TP_122044_20200812_20200812_01_RT_voting_p00668.tif
/data/heguozhen/Fire/activefire/images/patches/LC08_L1TP_227065_20200811_20200811_01_RT_p00447.tif,/data/heguozhen/Fire/activefire/masks/voting/LC08_L1TP_227065_20200811_20200811_01_RT_voting_p00447.tif
/data/heguozhen/Fire/activefire/images/patches/LC08_L1TP_227073_20200811_20200811_01_RT_p00390.tif,/data/heguozhen/Fire/activefire/masks/voting/LC08_L1TP_227073_20200811_20200811_01_RT_voting_p00390.tif
/data/heguozhen/Fire/activefire/images/patches/LC08_L1TP_124052_20200826_20200826_01_RT_p00665.tif,/data/heguozhen/Fire/activefire/masks/voting/LC08_L1TP_124052_20200826_20200826_01_RT_voting_p00665.tif
/data/heguozhen/Fire/activefire/images/patches/LC08_L1TP_172064_20200810_20200810_01_RT_p00410.tif,/data/heguozhen/Fire/activefire/masks/voting/LC08_L1TP_172064_20200810_20200810_01_RT_voting_p00410.tif
/data/heguozhen/Fire/activefire/images/patches/LC08_L1TP_173067_20200817_20200817_01_RT_p00441.tif,/data/heguozhen/Fire/activefire/masks/voting/LC08_L1TP_173067_20200817_20200817_01_RT_voting_p00441.tif
/data/heguozhen/Fire/activefire/images/patches/LC08_L1TP_172064_20200810_20200810_01_RT_p00790.tif,/data/heguozhen/Fire/activefire/masks/voting/LC08_L1TP_172064_20200810_20200810_01_RT_voting_p00790.tif
/data/heguozhen/Fire/activefire/images/patches/LC08_L1TP_169036_20200821_20200821_01_RT_p00484.tif,/data/heguozhen/Fire/activefire/masks/voting/LC08_L1TP_169036_20200821_20200821_01_RT_voting_p00484.tif
/data/heguozhen/Fire/activefire/images/patches/LC08_L1TP_168061_20200830_20200830_01_RT_p00232.tif,/data/heguozhen/Fire/activefire/masks/voting/LC08_L1TP_168061_20200830_20200830_01_RT_voting_p00232.tif
/data/heguozhen/Fire/activefire/images/patches/LC08_L1TP_169070_20200821_20200821_01_RT_p00489.tif,/data/heguozhen/Fire/activefire/masks/voting/LC08_L1TP_169070_20200821_20200821_01_RT_voting_p00489.tif
/data/heguozhen/Fire/activefire/images/patches/LC08_L1TP_173070_20200817_20200817_01_RT_p00555.tif,/data/heguozhen/Fire/activefire/masks/voting/LC08_L1TP_173070_20200817_20200817_01_RT_voting_p00555.tif
/data/heguozhen/Fire/activefire/images/patches/LC08_L1TP_119032_20200807_20200807_01_RT_p00500.tif,/data/heguozhen/Fire/activefire/masks/voting/LC08_L1TP_119032_20200807_20200807_01_RT_voting_p00500.tif
/data/heguozhen/Fire/activefire/images/patches/LC08_L1TP_140046_20200810_20200810_01_RT_p00535.tif,/data/heguozhen/Fire/activefire/masks/voting/LC08_L1TP_140046_20200810_20200810_01_RT_voting_p00535.tif
/data/heguozhen/Fire/activefire/images/patches/LC08_L1TP_100066_20200818_20200818_01_RT_p00195.tif,/data/heguozhen/Fire/activefire/masks/voting/LC08_L1TP_100066_20200818_20200818_01_RT_voting_p00195.tif
/data/heguozhen/Fire/activefire/images/patches/LC08_L1TP_119014_20200807_20200807_01_RT_p00433.tif,/data/heguozhen/Fire/activefire/masks/voting/LC08_L1TP_119014_20200807_20200807_01_RT_voting_p00433.tif
/data/heguozhen/Fire/activefire/images/patches/LC08_L1TP_169036_20200821_20200821_01_RT_p00673.tif,/data/heguozhen/Fire/activefire/masks/voting/LC08_L1TP_169036_20200821_20200821_01_RT_voting_p00673.tif
/data/heguozhen/Fire/activefire/images/patches/LC08_L1TP_172079_20200810_20200810_01_RT_p00520.tif,/data/heguozhen/Fire/activefire/masks/voting/LC08_L1TP_172079_20200810_20200810_01_RT_voting_p00520.tif
/data/heguozhen/Fire/activefire/images/patches/LC08_L1TP_175027_20200815_20200815_01_RT_p00263.tif,/data/heguozhen/Fire/activefire/masks/voting/LC08_L1TP_175027_20200815_20200815_01_RT_voting_p00263.tif
/data/heguozhen/Fire/activefire/images/patches/LC08_L1TP_120030_20200830_20200830_01_RT_p00489.tif,/data/heguozhen/Fire/activefire/masks/voting/LC08_L1TP_120030_20200830_20200830_01_RT_voting_p00489.tif
/data/heguozhen/Fire/activefire/images/patches/LC08_L1TP_190054_20200808_20200808_01_RT_p00323.tif,/data/heguozhen/Fire/activefire/masks/voting/LC08_L1TP_190054_20200808_20200808_01_RT_voting_p00323.tif
/data/heguozhen/Fire/activefire/images/patches/LC08_L1TP_133015_20200825_20200825_01_RT_p00211.tif,/data/heguozhen/Fire/activefire/masks/voting/LC08_L1TP_133015_20200825_20200825_01_RT_voting_p00211.tif
/data/heguozhen/Fire/activefire/images/patches/LC08_L1TP_197027_20200809_20200809_01_RT_p00572.tif,/data/heguozhen/Fire/activefire/masks/voting/LC08_L1TP_197027_20200809_20200809_01_RT_voting_p00572.tif
/data/heguozhen/Fire/activefire/images/patches/LC08_L1TP_121029_20200821_20200821_01_RT_p00796.tif,/data/heguozhen/Fire/activefire/masks/voting/LC08_L1TP_121029_20200821_20200821_01_RT_voting_p00796.tif
/data/heguozhen/Fire/activefire/images/patches/LC08_L1TP_131018_20200827_20200827_01_RT_p00141.tif,/data/heguozhen/Fire/activefire/masks/voting/LC08_L1TP_131018_20200827_20200827_01_RT_voting_p00141.tif
/data/heguozhen/Fire/activefire/images/patches/LC08_L1TP_118065_20200816_20200816_01_RT_p00395.tif,/data/heguozhen/Fire/activefire/masks/voting/LC08_L1TP_118065_20200816_20200816_01_RT_voting_p00395.tif
/data/heguozhen/Fire/activefire/images/patches/LC08_L1TP_166071_20200816_20200816_01_RT_p00708.tif,/data/heguozhen/Fire/activefire/masks/voting/LC08_L1TP_166071_20200816_20200816_01_RT_voting_p00708.tif
/data/heguozhen/Fire/activefire/images/patches/LC08_L1TP_222071_20200808_20200808_01_RT_p00586.tif,/data/heguozhen/Fire/activefire/masks/voting/LC08_L1TP_222071_20200808_20200808_01_RT_voting_p00586.tif
/data/heguozhen/Fire/activefire/images/patches/LC08_L1TP_126034_20200824_20200824_01_RT_p00640.tif,/data/heguozhen/Fire/activefire/masks/voting/LC08_L1TP_126034_20200824_20200824_01_RT_voting_p00640.tif
/data/heguozhen/Fire/activefire/images/patches/LC08_L1TP_119042_20200807_20200807_01_RT_p00728.tif,/data/heguozhen/Fire/activefire/masks/voting/LC08_L1TP_119042_20200807_20200807_01_RT_voting_p00728.tif
/data/heguozhen/Fire/activefire/images/patches/LC08_L1TP_125053_20200817_20200817_01_RT_p00720.tif,/data/heguozhen/Fire/activefire/masks/voting/LC08_L1TP_125053_20200817_20200817_01_RT_voting_p00720.tif
/data/heguozhen/Fire/activefire/images/patches/LC08_L1TP_091077_20200818_20200819_01_RT_p00458.tif,/data/heguozhen/Fire/activefire/masks/voting/LC08_L1TP_091077_20200818_20200819_01_RT_voting_p00458.tif
/data/heguozhen/Fire/activefire/images/patches/LC08_L1TP_120030_20200814_20200814_01_RT_p00489.tif,/data/heguozhen/Fire/activefire/masks/voting/LC08_L1TP_120030_20200814_20200814_01_RT_voting_p00489.tif
/data/heguozhen/Fire/activefire/images/patches/LC08_L1TP_138039_20200828_20200828_01_RT_p00707.tif,/data/heguozhen/Fire/activefire/masks/voting/LC08_L1TP_138039_20200828_20200828_01_RT_voting_p00707.tif
/data/heguozhen/Fire/activefire/images/patches/LC08_L1TP_120030_20200814_20200814_01_RT_p00424.tif,/data/heguozhen/Fire/activefire/masks/voting/LC08_L1TP_120030_20200814_20200814_01_RT_voting_p00424.tif
/data/heguozhen/Fire/activefire/images/patches/LC08_L1TP_126032_20200824_20200824_01_RT_p00571.tif,/data/heguozhen/Fire/activefire/masks/voting/LC08_L1TP_126032_20200824_20200824_01_RT_voting_p00571.tif
/data/heguozhen/Fire/activefire/images/patches/LC08_L1TP_124050_20200826_20200826_01_RT_p00675.tif,/data/heguozhen/Fire/activefire/masks/voting/LC08_L1TP_124050_20200826_20200826_01_RT_voting_p00675.tif
/data/heguozhen/Fire/activefire/images/patches/LC08_L1TP_173063_20200817_20200817_01_RT_p00475.tif,/data/heguozhen/Fire/activefire/masks/voting/LC08_L1TP_173063_20200817_20200817_01_RT_voting_p00475.tif
/data/heguozhen/Fire/activefire/images/patches/LC08_L1TP_173072_20200817_20200817_01_RT_p00330.tif,/data/heguozhen/Fire/activefire/masks/voting/LC08_L1TP_173072_20200817_20200817_01_RT_voting_p00330.tif
/data/heguozhen/Fire/activefire/images/patches/LC08_L1TP_165038_20200809_20200809_01_RT_p00462.tif,/data/heguozhen/Fire/activefire/masks/voting/LC08_L1TP_165038_20200809_20200809_01_RT_voting_p00462.tif
/data/heguozhen/Fire/activefire/images/patches/LC08_L1TP_227082_20200811_20200811_01_RT_p00447.tif,/data/heguozhen/Fire/activefire/masks/voting/LC08_L1TP_227082_20200811_20200811_01_RT_voting_p00447.tif
/data/heguozhen/Fire/activefire/images/patches/LC08_L1TP_179067_20200811_20200811_01_RT_p00851.tif,/data/heguozhen/Fire/activefire/masks/voting/LC08_L1TP_179067_20200811_20200811_01_RT_voting_p00851.tif
/data/heguozhen/Fire/activefire/images/patches/LC08_L1TP_179027_20200811_20200811_01_RT_p00797.tif,/data/heguozhen/Fire/activefire/masks/voting/LC08_L1TP_179027_20200811_20200811_01_RT_voting_p00797.tif
/data/heguozhen/Fire/activefire/images/patches/LC08_L1TP_169070_20200821_20200821_01_RT_p00445.tif,/data/heguozhen/Fire/activefire/masks/voting/LC08_L1TP_169070_20200821_20200821_01_RT_voting_p00445.tif
/data/heguozhen/Fire/activefire/images/patches/LC08_L1TP_218075_20200812_20200812_01_RT_p00142.tif,/data/heguozhen/Fire/activefire/masks/voting/LC08_L1TP_218075_20200812_20200812_01_RT_voting_p00142.tif
/data/heguozhen/Fire/activefire/images/patches/LC08_L1TP_118027_20200816_20200816_01_RT_p00424.tif,/data/heguozhen/Fire/activefire/masks/voting/LC08_L1TP_118027_20200816_20200816_01_RT_voting_p00424.tif
/data/heguozhen/Fire/activefire/images/patches/LC08_L1TP_197020_20200809_20200809_01_RT_p00752.tif,/data/heguozhen/Fire/activefire/masks/voting/LC08_L1TP_197020_20200809_20200809_01_RT_voting_p00752.tif
/data/heguozhen/Fire/activefire/images/patches/LC08_L1TP_168065_20200830_20200830_01_RT_p00080.tif,/data/heguozhen/Fire/activefire/masks/voting/LC08_L1TP_168065_20200830_20200830_01_RT_voting_p00080.tif
/data/heguozhen/Fire/activefire/images/patches/LC08_L1TP_170067_20200812_20200812_01_RT_p00396.tif,/data/heguozhen/Fire/activefire/masks/voting/LC08_L1TP_170067_20200812_20200812_01_RT_voting_p00396.tif
/data/heguozhen/Fire/activefire/images/patches/LC08_L1TP_124051_20200826_20200826_01_RT_p00636.tif,/data/heguozhen/Fire/activefire/masks/voting/LC08_L1TP_124051_20200826_20200826_01_RT_voting_p00636.tif
/data/heguozhen/Fire/activefire/images/patches/LC08_L1TP_165068_20200809_20200809_01_RT_p00302.tif,/data/heguozhen/Fire/activefire/masks/voting/LC08_L1TP_165068_20200809_20200809_01_RT_voting_p00302.tif
/data/heguozhen/Fire/activefire/images/patches/LC08_L1TP_166039_20200816_20200816_01_RT_p00788.tif,/data/heguozhen/Fire/activefire/masks/voting/LC08_L1TP_166039_20200816_20200816_01_RT_voting_p00788.tif
/data/heguozhen/Fire/activefire/images/patches/LC08_L1GT_106035_20200812_20200812_01_RT_p00079.tif,/data/heguozhen/Fire/activefire/masks/voting/LC08_L1GT_106035_20200812_20200812_01_RT_voting_p00079.tif
/data/heguozhen/Fire/activefire/images/patches/LC08_L1TP_181062_20200809_20200809_01_RT_p00113.tif,/data/heguozhen/Fire/activefire/masks/voting/LC08_L1TP_181062_20200809_20200809_01_RT_voting_p00113.tif
/data/heguozhen/Fire/activefire/images/patches/LC08_L1TP_161043_20200813_20200813_01_RT_p00219.tif,/data/heguozhen/Fire/activefire/masks/voting/LC08_L1TP_161043_20200813_20200813_01_RT_voting_p00219.tif
/data/heguozhen/Fire/activefire/images/patches/LC08_L1TP_173068_20200817_20200817_01_RT_p00188.tif,/data/heguozhen/Fire/activefire/masks/voting/LC08_L1TP_173068_20200817_20200817_01_RT_voting_p00188.tif
/data/heguozhen/Fire/activefire/images/patches/LC08_L1TP_019039_20200826_20200826_01_RT_p00222.tif,/data/heguozhen/Fire/activefire/masks/voting/LC08_L1TP_019039_20200826_20200826_01_RT_voting_p00222.tif
/data/heguozhen/Fire/activefire/images/patches/LC08_L1TP_166068_20200816_20200816_01_RT_p00250.tif,/data/heguozhen/Fire/activefire/masks/voting/LC08_L1TP_166068_20200816_20200816_01_RT_voting_p00250.tif
/data/heguozhen/Fire/activefire/images/patches/LC08_L1TP_136018_20200830_20200830_01_RT_p00437.tif,/data/heguozhen/Fire/activefire/masks/voting/LC08_L1TP_136018_20200830_20200830_01_RT_voting_p00437.tif
/data/heguozhen/Fire/activefire/images/patches/LC08_L1TP_131034_20200811_20200811_01_RT_p00301.tif,/data/heguozhen/Fire/activefire/masks/voting/LC08_L1TP_131034_20200811_20200811_01_RT_voting_p00301.tif
/data/heguozhen/Fire/activefire/images/patches/LC08_L1TP_124033_20200810_20200810_01_RT_p00426.tif,/data/heguozhen/Fire/activefire/masks/voting/LC08_L1TP_124033_20200810_20200810_01_RT_voting_p00426.tif
/data/heguozhen/Fire/activefire/images/patches/LC08_L1TP_170071_20200812_20200812_01_RT_p00492.tif,/data/heguozhen/Fire/activefire/masks/voting/LC08_L1TP_170071_20200812_20200812_01_RT_voting_p00492.tif
/data/heguozhen/Fire/activefire/images/patches/LC08_L1TP_175072_20200815_20200815_01_RT_p00707.tif,/data/heguozhen/Fire/activefire/masks/voting/LC08_L1TP_175072_20200815_20200815_01_RT_voting_p00707.tif
/data/heguozhen/Fire/activefire/images/patches/LC08_L1TP_189031_20200817_20200817_01_RT_p00741.tif,/data/heguozhen/Fire/activefire/masks/voting/LC08_L1TP_189031_20200817_20200817_01_RT_voting_p00741.tif
/data/heguozhen/Fire/activefire/images/patches/LC08_L1TP_181062_20200809_20200809_01_RT_p00202.tif,/data/heguozhen/Fire/activefire/masks/voting/LC08_L1TP_181062_20200809_20200809_01_RT_voting_p00202.tif
/data/heguozhen/Fire/activefire/images/patches/LC08_L1TP_169065_20200821_20200821_01_RT_p00388.tif,/data/heguozhen/Fire/activefire/masks/voting/LC08_L1TP_169065_20200821_20200821_01_RT_voting_p00388.tif
/data/heguozhen/Fire/activefire/images/patches/LC08_L1TP_008066_20200829_20200829_01_RT_p00552.tif,/data/heguozhen/Fire/activefire/masks/voting/LC08_L1TP_008066_20200829_20200829_01_RT_voting_p00552.tif
/data/heguozhen/Fire/activefire/images/patches/LC08_L1TP_169036_20200821_20200821_01_RT_p00285.tif,/data/heguozhen/Fire/activefire/masks/voting/LC08_L1TP_169036_20200821_20200821_01_RT_voting_p00285.tif
/data/heguozhen/Fire/activefire/images/patches/LC08_L1TP_166070_20200816_20200816_01_RT_p00390.tif,/data/heguozhen/Fire/activefire/masks/voting/LC08_L1TP_166070_20200816_20200816_01_RT_voting_p00390.tif
/data/heguozhen/Fire/activefire/images/patches/LC08_L1TP_124063_20200810_20200810_01_RT_p00641.tif,/data/heguozhen/Fire/activefire/masks/voting/LC08_L1TP_124063_20200810_20200810_01_RT_voting_p00641.tif
/data/heguozhen/Fire/activefire/images/patches/LC08_L1TP_160076_20200822_20200822_01_RT_p00281.tif,/data/heguozhen/Fire/activefire/masks/voting/LC08_L1TP_160076_20200822_20200822_01_RT_voting_p00281.tif
/data/heguozhen/Fire/activefire/images/patches/LC08_L1TP_227074_20200811_20200811_01_RT_p00608.tif,/data/heguozhen/Fire/activefire/masks/voting/LC08_L1TP_227074_20200811_20200811_01_RT_voting_p00608.tif
/data/heguozhen/Fire/activefire/images/patches/LC08_L1TP_172070_20200810_20200810_01_RT_p00139.tif,/data/heguozhen/Fire/activefire/masks/voting/LC08_L1TP_172070_20200810_20200810_01_RT_voting_p00139.tif
/data/heguozhen/Fire/activefire/images/patches/LC08_L1TP_157035_20200817_20200817_01_RT_p00280.tif,/data/heguozhen/Fire/activefire/masks/voting/LC08_L1TP_157035_20200817_20200817_01_RT_voting_p00280.tif
/data/heguozhen/Fire/activefire/images/patches/LC08_L1TP_175069_20200815_20200815_01_RT_p00146.tif,/data/heguozhen/Fire/activefire/masks/voting/LC08_L1TP_175069_20200815_20200815_01_RT_voting_p00146.tif
/data/heguozhen/Fire/activefire/images/patches/LC08_L1TP_096072_20200822_20200822_01_RT_p00565.tif,/data/heguozhen/Fire/activefire/masks/voting/LC08_L1TP_096072_20200822_20200822_01_RT_voting_p00565.tif
/data/heguozhen/Fire/activefire/images/patches/LC08_L1TP_172069_20200810_20200810_01_RT_p00546.tif,/data/heguozhen/Fire/activefire/masks/voting/LC08_L1TP_172069_20200810_20200810_01_RT_voting_p00546.tif
/data/heguozhen/Fire/activefire/images/patches/LC08_L1TP_122042_20200828_20200828_01_RT_p00608.tif,/data/heguozhen/Fire/activefire/masks/voting/LC08_L1TP_122042_20200828_20200828_01_RT_voting_p00608.tif
/data/heguozhen/Fire/activefire/images/patches/LC08_L1TP_129033_20200813_20200813_01_RT_p00788.tif,/data/heguozhen/Fire/activefire/masks/voting/LC08_L1TP_129033_20200813_20200813_01_RT_voting_p00788.tif
/data/heguozhen/Fire/activefire/images/patches/LC08_L1TP_166066_20200816_20200816_01_RT_p00298.tif,/data/heguozhen/Fire/activefire/masks/voting/LC08_L1TP_166066_20200816_20200816_01_RT_voting_p00298.tif
/data/heguozhen/Fire/activefire/images/patches/LC08_L1TP_028032_20200825_20200825_01_RT_p00797.tif,/data/heguozhen/Fire/activefire/masks/voting/LC08_L1TP_028032_20200825_20200825_01_RT_voting_p00797.tif
/data/heguozhen/Fire/activefire/images/patches/LC08_L1TP_175067_20200815_20200815_01_RT_p00300.tif,/data/heguozhen/Fire/activefire/masks/voting/LC08_L1TP_175067_20200815_20200815_01_RT_voting_p00300.tif
/data/heguozhen/Fire/activefire/images/patches/LC08_L1TP_119029_20200807_20200807_01_RT_p00706.tif,/data/heguozhen/Fire/activefire/masks/voting/LC08_L1TP_119029_20200807_20200807_01_RT_voting_p00706.tif
/data/heguozhen/Fire/activefire/images/patches/LC08_L1TP_170077_20200812_20200812_01_RT_p00533.tif,/data/heguozhen/Fire/activefire/masks/voting/LC08_L1TP_170077_20200812_20200812_01_RT_voting_p00533.tif
/data/heguozhen/Fire/activefire/images/patches/LC08_L1TP_124034_20200826_20200826_01_RT_p00411.tif,/data/heguozhen/Fire/activefire/masks/voting/LC08_L1TP_124034_20200826_20200826_01_RT_voting_p00411.tif
/data/heguozhen/Fire/activefire/images/patches/LC08_L1TP_152030_20200814_20200814_01_RT_p00626.tif,/data/heguozhen/Fire/activefire/masks/voting/LC08_L1TP_152030_20200814_20200814_01_RT_voting_p00626.tif
/data/heguozhen/Fire/activefire/images/patches/LC08_L1TP_218074_20200812_20200812_01_RT_p00271.tif,/data/heguozhen/Fire/activefire/masks/voting/LC08_L1TP_218074_20200812_20200812_01_RT_voting_p00271.tif
/data/heguozhen/Fire/activefire/images/patches/LC08_L1TP_096072_20200822_20200822_01_RT_p00596.tif,/data/heguozhen/Fire/activefire/masks/voting/LC08_L1TP_096072_20200822_20200822_01_RT_voting_p00596.tif
/data/heguozhen/Fire/activefire/images/patches/LC08_L1TP_220080_20200810_20200810_01_RT_p00383.tif,/data/heguozhen/Fire/activefire/masks/voting/LC08_L1TP_220080_20200810_20200810_01_RT_voting_p00383.tif
/data/heguozhen/Fire/activefire/images/patches/LC08_L1TP_156020_20200810_20200810_01_RT_p00634.tif,/data/heguozhen/Fire/activefire/masks/voting/LC08_L1TP_156020_20200810_20200810_01_RT_voting_p00634.tif
/data/heguozhen/Fire/activefire/images/patches/LC08_L1TP_179070_20200811_20200811_01_RT_p00381.tif,/data/heguozhen/Fire/activefire/masks/voting/LC08_L1TP_179070_20200811_20200811_01_RT_voting_p00381.tif
/data/heguozhen/Fire/activefire/images/patches/LC08_L1TP_227078_20200811_20200811_01_RT_p00513.tif,/data/heguozhen/Fire/activefire/masks/voting/LC08_L1TP_227078_20200811_20200811_01_RT_voting_p00513.tif
/data/heguozhen/Fire/activefire/images/patches/LC08_L1TP_156013_20200810_20200810_01_RT_p00230.tif,/data/heguozhen/Fire/activefire/masks/voting/LC08_L1TP_156013_20200810_20200810_01_RT_voting_p00230.tif
/data/heguozhen/Fire/activefire/images/patches/LC08_L1TP_172069_20200810_20200810_01_RT_p00517.tif,/data/heguozhen/Fire/activefire/masks/voting/LC08_L1TP_172069_20200810_20200810_01_RT_voting_p00517.tif
/data/heguozhen/Fire/activefire/images/patches/LC08_L1TP_169069_20200821_20200821_01_RT_p00351.tif,/data/heguozhen/Fire/activefire/masks/voting/LC08_L1TP_169069_20200821_20200821_01_RT_voting_p00351.tif
/data/heguozhen/Fire/activefire/images/patches/LC08_L1TP_175027_20200815_20200815_01_RT_p00746.tif,/data/heguozhen/Fire/activefire/masks/voting/LC08_L1TP_175027_20200815_20200815_01_RT_voting_p00746.tif
/data/heguozhen/Fire/activefire/images/patches/LC08_L1TP_003071_20200826_20200826_01_RT_p00138.tif,/data/heguozhen/Fire/activefire/masks/voting/LC08_L1TP_003071_20200826_20200826_01_RT_voting_p00138.tif
/data/heguozhen/Fire/activefire/images/patches/LC08_L1TP_124031_20200826_20200826_01_RT_p00617.tif,/data/heguozhen/Fire/activefire/masks/voting/LC08_L1TP_124031_20200826_20200826_01_RT_voting_p00617.tif
/data/heguozhen/Fire/activefire/images/patches/LC08_L1TP_008047_20200829_20200829_01_RT_p00374.tif,/data/heguozhen/Fire/activefire/masks/voting/LC08_L1TP_008047_20200829_20200829_01_RT_voting_p00374.tif
/data/heguozhen/Fire/activefire/images/patches/LC08_L1TP_124051_20200826_20200826_01_RT_p00845.tif,/data/heguozhen/Fire/activefire/masks/voting/LC08_L1TP_124051_20200826_20200826_01_RT_voting_p00845.tif
/data/heguozhen/Fire/activefire/images/patches/LC08_L1TP_170068_20200812_20200812_01_RT_p00462.tif,/data/heguozhen/Fire/activefire/masks/voting/LC08_L1TP_170068_20200812_20200812_01_RT_voting_p00462.tif
/data/heguozhen/Fire/activefire/images/patches/LC08_L1TP_224072_20200806_20200807_01_RT_p00115.tif,/data/heguozhen/Fire/activefire/masks/voting/LC08_L1TP_224072_20200806_20200807_01_RT_voting_p00115.tif
/data/heguozhen/Fire/activefire/images/patches/LC08_L1TP_165069_20200809_20200809_01_RT_p00908.tif,/data/heguozhen/Fire/activefire/masks/voting/LC08_L1TP_165069_20200809_20200809_01_RT_voting_p00908.tif
/data/heguozhen/Fire/activefire/images/patches/LC08_L1TP_143029_20200815_20200815_01_RT_p00522.tif,/data/heguozhen/Fire/activefire/masks/voting/LC08_L1TP_143029_20200815_20200815_01_RT_voting_p00522.tif
/data/heguozhen/Fire/activefire/images/patches/LC08_L1TP_173066_20200817_20200817_01_RT_p00551.tif,/data/heguozhen/Fire/activefire/masks/voting/LC08_L1TP_173066_20200817_20200817_01_RT_voting_p00551.tif
/data/heguozhen/Fire/activefire/images/patches/LC08_L1TP_172022_20200810_20200810_01_RT_p00208.tif,/data/heguozhen/Fire/activefire/masks/voting/LC08_L1TP_172022_20200810_20200810_01_RT_voting_p00208.tif
/data/heguozhen/Fire/activefire/images/patches/LC08_L1TP_119031_20200823_20200823_01_RT_p00511.tif,/data/heguozhen/Fire/activefire/masks/voting/LC08_L1TP_119031_20200823_20200823_01_RT_voting_p00511.tif
/data/heguozhen/Fire/activefire/images/patches/LC08_L1TP_170066_20200812_20200812_01_RT_p00087.tif,/data/heguozhen/Fire/activefire/masks/voting/LC08_L1TP_170066_20200812_20200812_01_RT_voting_p00087.tif
/data/heguozhen/Fire/activefire/images/patches/LC08_L1TP_173068_20200817_20200817_01_RT_p00085.tif,/data/heguozhen/Fire/activefire/masks/voting/LC08_L1TP_173068_20200817_20200817_01_RT_voting_p00085.tif
/data/heguozhen/Fire/activefire/images/patches/LC08_L1TP_156028_20200826_20200826_01_RT_p00337.tif,/data/heguozhen/Fire/activefire/masks/voting/LC08_L1TP_156028_20200826_20200826_01_RT_voting_p00337.tif
/data/heguozhen/Fire/activefire/images/patches/LC08_L1TP_173070_20200817_20200817_01_RT_p00581.tif,/data/heguozhen/Fire/activefire/masks/voting/LC08_L1TP_173070_20200817_20200817_01_RT_voting_p00581.tif
/data/heguozhen/Fire/activefire/images/patches/LC08_L1TP_160075_20200822_20200822_01_RT_p00814.tif,/data/heguozhen/Fire/activefire/masks/voting/LC08_L1TP_160075_20200822_20200822_01_RT_voting_p00814.tif
/data/heguozhen/Fire/activefire/images/patches/LC08_L1TP_201034_20200821_20200821_01_RT_p00080.tif,/data/heguozhen/Fire/activefire/masks/voting/LC08_L1TP_201034_20200821_20200821_01_RT_voting_p00080.tif
/data/heguozhen/Fire/activefire/images/patches/LC08_L1TP_119026_20200823_20200823_01_RT_p00741.tif,/data/heguozhen/Fire/activefire/masks/voting/LC08_L1TP_119026_20200823_20200823_01_RT_voting_p00741.tif
/data/heguozhen/Fire/activefire/images/patches/LC08_L1TP_170070_20200812_20200812_01_RT_p00386.tif,/data/heguozhen/Fire/activefire/masks/voting/LC08_L1TP_170070_20200812_20200812_01_RT_voting_p00386.tif
/data/heguozhen/Fire/activefire/images/patches/LC08_L1TP_170070_20200812_20200812_01_RT_p00263.tif,/data/heguozhen/Fire/activefire/masks/voting/LC08_L1TP_170070_20200812_20200812_01_RT_voting_p00263.tif
/data/heguozhen/Fire/activefire/images/patches/LC08_L1TP_173067_20200817_20200817_01_RT_p00368.tif,/data/heguozhen/Fire/activefire/masks/voting/LC08_L1TP_173067_20200817_20200817_01_RT_voting_p00368.tif
/data/heguozhen/Fire/activefire/images/patches/LC08_L1TP_172061_20200810_20200810_01_RT_p00295.tif,/data/heguozhen/Fire/activefire/masks/voting/LC08_L1TP_172061_20200810_20200810_01_RT_voting_p00295.tif
/data/heguozhen/Fire/activefire/images/patches/LC08_L1TP_173071_20200817_20200817_01_RT_p00690.tif,/data/heguozhen/Fire/activefire/masks/voting/LC08_L1TP_173071_20200817_20200817_01_RT_voting_p00690.tif
/data/heguozhen/Fire/activefire/images/patches/LC08_L1TP_170067_20200812_20200812_01_RT_p00312.tif,/data/heguozhen/Fire/activefire/masks/voting/LC08_L1TP_170067_20200812_20200812_01_RT_voting_p00312.tif
/data/heguozhen/Fire/activefire/images/patches/LC08_L1TP_119027_20200823_20200823_01_RT_p00645.tif,/data/heguozhen/Fire/activefire/masks/voting/LC08_L1TP_119027_20200823_20200823_01_RT_voting_p00645.tif
/data/heguozhen/Fire/activefire/images/patches/LC08_L1TP_175067_20200815_20200815_01_RT_p00849.tif,/data/heguozhen/Fire/activefire/masks/voting/LC08_L1TP_175067_20200815_20200815_01_RT_voting_p00849.tif
/data/heguozhen/Fire/activefire/images/patches/LC08_L1TP_165067_20200809_20200809_01_RT_p00237.tif,/data/heguozhen/Fire/activefire/masks/voting/LC08_L1TP_165067_20200809_20200809_01_RT_voting_p00237.tif
/data/heguozhen/Fire/activefire/images/patches/LC08_L1TP_181064_20200809_20200809_01_RT_p00422.tif,/data/heguozhen/Fire/activefire/masks/voting/LC08_L1TP_181064_20200809_20200809_01_RT_voting_p00422.tif
/data/heguozhen/Fire/activefire/images/patches/LC08_L1TP_117066_20200825_20200825_01_RT_p00252.tif,/data/heguozhen/Fire/activefire/masks/voting/LC08_L1TP_117066_20200825_20200825_01_RT_voting_p00252.tif
/data/heguozhen/Fire/activefire/images/patches/LC08_L1TP_017037_20200812_20200812_01_RT_p00410.tif,/data/heguozhen/Fire/activefire/masks/voting/LC08_L1TP_017037_20200812_20200812_01_RT_voting_p00410.tif
/data/heguozhen/Fire/activefire/images/patches/LC08_L1TP_010064_20200827_20200827_01_RT_p00724.tif,/data/heguozhen/Fire/activefire/masks/voting/LC08_L1TP_010064_20200827_20200827_01_RT_voting_p00724.tif
/data/heguozhen/Fire/activefire/images/patches/LC08_L1TP_154033_20200828_20200828_01_RT_p00703.tif,/data/heguozhen/Fire/activefire/masks/voting/LC08_L1TP_154033_20200828_20200828_01_RT_voting_p00703.tif
/data/heguozhen/Fire/activefire/images/patches/LC08_L1TP_181063_20200809_20200809_01_RT_p00388.tif,/data/heguozhen/Fire/activefire/masks/voting/LC08_L1TP_181063_20200809_20200809_01_RT_voting_p00388.tif
/data/heguozhen/Fire/activefire/images/patches/LC08_L1TP_172069_20200810_20200810_01_RT_p00260.tif,/data/heguozhen/Fire/activefire/masks/voting/LC08_L1TP_172069_20200810_20200810_01_RT_voting_p00260.tif
/data/heguozhen/Fire/activefire/images/patches/LC08_L1TP_172070_20200810_20200810_01_RT_p00850.tif,/data/heguozhen/Fire/activefire/masks/voting/LC08_L1TP_172070_20200810_20200810_01_RT_voting_p00850.tif
/data/heguozhen/Fire/activefire/images/patches/LC08_L1TP_172061_20200810_20200810_01_RT_p00723.tif,/data/heguozhen/Fire/activefire/masks/voting/LC08_L1TP_172061_20200810_20200810_01_RT_voting_p00723.tif
/data/heguozhen/Fire/activefire/images/patches/LC08_L1TP_173027_20200817_20200817_01_RT_p00259.tif,/data/heguozhen/Fire/activefire/masks/voting/LC08_L1TP_173027_20200817_20200817_01_RT_voting_p00259.tif
/data/heguozhen/Fire/activefire/images/patches/LC08_L1TP_126031_20200824_20200824_01_RT_p00707.tif,/data/heguozhen/Fire/activefire/masks/voting/LC08_L1TP_126031_20200824_20200824_01_RT_voting_p00707.tif
/data/heguozhen/Fire/activefire/images/patches/LC08_L1TP_019039_20200810_20200810_01_RT_p00602.tif,/data/heguozhen/Fire/activefire/masks/voting/LC08_L1TP_019039_20200810_20200810_01_RT_voting_p00602.tif
/data/heguozhen/Fire/activefire/images/patches/LC08_L1TP_174027_20200808_20200808_01_RT_p00227.tif,/data/heguozhen/Fire/activefire/masks/voting/LC08_L1TP_174027_20200808_20200808_01_RT_voting_p00227.tif
/data/heguozhen/Fire/activefire/images/patches/LC08_L1TP_189034_20200817_20200817_01_RT_p00763.tif,/data/heguozhen/Fire/activefire/masks/voting/LC08_L1TP_189034_20200817_20200817_01_RT_voting_p00763.tif
/data/heguozhen/Fire/activefire/images/patches/LC08_L1TP_126047_20200824_20200824_01_RT_p00493.tif,/data/heguozhen/Fire/activefire/masks/voting/LC08_L1TP_126047_20200824_20200824_01_RT_voting_p00493.tif
/data/heguozhen/Fire/activefire/images/patches/LC08_L1TP_103068_20200823_20200823_01_RT_p00177.tif,/data/heguozhen/Fire/activefire/masks/voting/LC08_L1TP_103068_20200823_20200823_01_RT_voting_p00177.tif
/data/heguozhen/Fire/activefire/images/patches/LC08_L1TP_172065_20200810_20200810_01_RT_p00581.tif,/data/heguozhen/Fire/activefire/masks/voting/LC08_L1TP_172065_20200810_20200810_01_RT_voting_p00581.tif
/data/heguozhen/Fire/activefire/images/patches/LC08_L1TP_163027_20200827_20200827_01_RT_p00468.tif,/data/heguozhen/Fire/activefire/masks/voting/LC08_L1TP_163027_20200827_20200827_01_RT_voting_p00468.tif
/data/heguozhen/Fire/activefire/images/patches/LC08_L1TP_170069_20200812_20200812_01_RT_p00707.tif,/data/heguozhen/Fire/activefire/masks/voting/LC08_L1TP_170069_20200812_20200812_01_RT_voting_p00707.tif
/data/heguozhen/Fire/activefire/images/patches/LC08_L1TP_122044_20200828_20200828_01_RT_p00668.tif,/data/heguozhen/Fire/activefire/masks/voting/LC08_L1TP_122044_20200828_20200828_01_RT_voting_p00668.tif
/data/heguozhen/Fire/activefire/images/patches/LC08_L1TP_173072_20200817_20200817_01_RT_p00196.tif,/data/heguozhen/Fire/activefire/masks/voting/LC08_L1TP_173072_20200817_20200817_01_RT_voting_p00196.tif
/data/heguozhen/Fire/activefire/images/patches/LC08_L1TP_126035_20200824_20200824_01_RT_p00672.tif,/data/heguozhen/Fire/activefire/masks/voting/LC08_L1TP_126035_20200824_20200824_01_RT_voting_p00672.tif
/data/heguozhen/Fire/activefire/images/patches/LC08_L1TP_172061_20200810_20200810_01_RT_p00649.tif,/data/heguozhen/Fire/activefire/masks/voting/LC08_L1TP_172061_20200810_20200810_01_RT_voting_p00649.tif
/data/heguozhen/Fire/activefire/images/patches/LC08_L1TP_169069_20200821_20200821_01_RT_p00087.tif,/data/heguozhen/Fire/activefire/masks/voting/LC08_L1TP_169069_20200821_20200821_01_RT_voting_p00087.tif
/data/heguozhen/Fire/activefire/images/patches/LC08_L1TP_170071_20200812_20200812_01_RT_p00565.tif,/data/heguozhen/Fire/activefire/masks/voting/LC08_L1TP_170071_20200812_20200812_01_RT_voting_p00565.tif
/data/heguozhen/Fire/activefire/images/patches/LC08_L1TP_172068_20200810_20200810_01_RT_p00453.tif,/data/heguozhen/Fire/activefire/masks/voting/LC08_L1TP_172068_20200810_20200810_01_RT_voting_p00453.tif
/data/heguozhen/Fire/activefire/images/patches/LC08_L1TP_119025_20200823_20200823_01_RT_p00754.tif,/data/heguozhen/Fire/activefire/masks/voting/LC08_L1TP_119025_20200823_20200823_01_RT_voting_p00754.tif
/data/heguozhen/Fire/activefire/images/patches/LC08_L1TP_166070_20200816_20200816_01_RT_p00569.tif,/data/heguozhen/Fire/activefire/masks/voting/LC08_L1TP_166070_20200816_20200816_01_RT_voting_p00569.tif
/data/heguozhen/Fire/activefire/images/patches/LC08_L1TP_147018_20200811_20200811_01_RT_p00343.tif,/data/heguozhen/Fire/activefire/masks/voting/LC08_L1TP_147018_20200811_20200811_01_RT_voting_p00343.tif
