2025-10-10 11:19:10,176 - INFO - Rank 2: Process group initialized by torchrun, world_size=5
2025-10-10 11:19:10,202 - INFO - Rank 2/5 using device: cuda:2 (local_rank=2)
2025-10-10 11:19:32,100 - INFO - Rank 2: Data loaders created | Train batches: 65, Val batches: 13
2025-10-10 11:20:09,331 - DEBUG - Rank 2: Epoch 1/200 | Batch 0/65 | Loss: 1.119712 (seg: 0.717568, rec: 0.402144)
2025-10-10 11:21:10,822 - DEBUG - Rank 2: Epoch 1/200 | Batch 10/65 | Loss: 0.903930 (seg: 0.712873, rec: 0.191057)
2025-10-10 11:22:33,760 - DEBUG - Rank 2: Epoch 1/200 | Batch 20/65 | Loss: 0.790563 (seg: 0.709864, rec: 0.080699)
2025-10-10 11:23:31,760 - DEBUG - Rank 2: Epoch 1/200 | Batch 30/65 | Loss: 0.761853 (seg: 0.708058, rec: 0.053795)
2025-10-10 11:24:56,565 - DEBUG - Rank 2: Epoch 1/200 | Batch 40/65 | Loss: 0.751089 (seg: 0.707984, rec: 0.043105)
2025-10-10 11:25:52,807 - DEBUG - Rank 2: Epoch 1/200 | Batch 50/65 | Loss: 0.749758 (seg: 0.707426, rec: 0.042332)
2025-10-10 11:27:07,113 - DEBUG - Rank 2: Epoch 1/200 | Batch 60/65 | Loss: 0.742683 (seg: 0.707220, rec: 0.035463)
2025-10-10 11:27:14,083 - INFO - Rank 2: Epoch 1/200 | Avg Train Loss: 0.810438 (seg: 0.709695, rec: 0.100743)
2025-10-10 11:28:52,620 - INFO - Rank 2: Epoch 1/200 | Avg Val Loss: 0.749615 (seg: 0.706792, rec: 0.042823)
2025-10-10 11:28:57,856 - DEBUG - Rank 2: Epoch 2/200 | Batch 0/65 | Loss: 0.740994 (seg: 0.707067, rec: 0.033927)
2025-10-10 11:29:15,279 - DEBUG - Rank 2: Epoch 2/200 | Batch 10/65 | Loss: 0.744354 (seg: 0.706779, rec: 0.037575)
2025-10-10 11:29:33,098 - DEBUG - Rank 2: Epoch 2/200 | Batch 20/65 | Loss: 0.743075 (seg: 0.706299, rec: 0.036776)
2025-10-10 11:29:51,220 - DEBUG - Rank 2: Epoch 2/200 | Batch 30/65 | Loss: 0.740815 (seg: 0.706163, rec: 0.034652)
2025-10-10 11:30:09,257 - DEBUG - Rank 2: Epoch 2/200 | Batch 40/65 | Loss: 0.740422 (seg: 0.705908, rec: 0.034514)
2025-10-10 11:30:27,270 - DEBUG - Rank 2: Epoch 2/200 | Batch 50/65 | Loss: 0.736953 (seg: 0.705771, rec: 0.031182)
2025-10-10 11:30:45,225 - DEBUG - Rank 2: Epoch 2/200 | Batch 60/65 | Loss: 0.733514 (seg: 0.704544, rec: 0.028970)
2025-10-10 11:30:52,560 - INFO - Rank 2: Epoch 2/200 | Avg Train Loss: 0.739623 (seg: 0.705971, rec: 0.033653)
2025-10-10 11:31:03,333 - INFO - Rank 2: Epoch 2/200 | Avg Val Loss: 0.721189 (seg: 0.704910, rec: 0.016279)
2025-10-10 11:31:08,107 - DEBUG - Rank 2: Epoch 3/200 | Batch 0/65 | Loss: 0.732528 (seg: 0.705326, rec: 0.027201)
2025-10-10 11:31:25,895 - DEBUG - Rank 2: Epoch 3/200 | Batch 10/65 | Loss: 0.737271 (seg: 0.704501, rec: 0.032769)
2025-10-10 11:31:43,859 - DEBUG - Rank 2: Epoch 3/200 | Batch 20/65 | Loss: 0.733265 (seg: 0.704870, rec: 0.028395)
2025-10-10 11:32:01,931 - DEBUG - Rank 2: Epoch 3/200 | Batch 30/65 | Loss: 0.731201 (seg: 0.704451, rec: 0.026750)
2025-10-10 11:32:19,912 - DEBUG - Rank 2: Epoch 3/200 | Batch 40/65 | Loss: 0.735937 (seg: 0.703057, rec: 0.032880)
2025-10-10 11:32:37,953 - DEBUG - Rank 2: Epoch 3/200 | Batch 50/65 | Loss: 0.731986 (seg: 0.703753, rec: 0.028233)
2025-10-10 11:32:55,908 - DEBUG - Rank 2: Epoch 3/200 | Batch 60/65 | Loss: 0.729311 (seg: 0.703711, rec: 0.025600)
2025-10-10 11:33:03,237 - INFO - Rank 2: Epoch 3/200 | Avg Train Loss: 0.732695 (seg: 0.704231, rec: 0.028464)
2025-10-10 11:33:14,005 - INFO - Rank 2: Epoch 3/200 | Avg Val Loss: 0.717769 (seg: 0.703461, rec: 0.014308)
2025-10-10 11:33:18,738 - DEBUG - Rank 2: Epoch 4/200 | Batch 0/65 | Loss: 0.729905 (seg: 0.703785, rec: 0.026120)
2025-10-10 11:33:36,541 - DEBUG - Rank 2: Epoch 4/200 | Batch 10/65 | Loss: 0.726843 (seg: 0.703391, rec: 0.023451)
2025-10-10 11:33:54,397 - DEBUG - Rank 2: Epoch 4/200 | Batch 20/65 | Loss: 0.730532 (seg: 0.703519, rec: 0.027013)
2025-10-10 11:34:12,195 - DEBUG - Rank 2: Epoch 4/200 | Batch 30/65 | Loss: 0.725616 (seg: 0.702398, rec: 0.023218)
2025-10-10 11:34:29,966 - DEBUG - Rank 2: Epoch 4/200 | Batch 40/65 | Loss: 0.727926 (seg: 0.702855, rec: 0.025071)
2025-10-10 11:34:47,880 - DEBUG - Rank 2: Epoch 4/200 | Batch 50/65 | Loss: 0.727222 (seg: 0.702841, rec: 0.024380)
2025-10-10 11:35:05,764 - DEBUG - Rank 2: Epoch 4/200 | Batch 60/65 | Loss: 0.729987 (seg: 0.702898, rec: 0.027089)
2025-10-10 11:35:13,101 - INFO - Rank 2: Epoch 4/200 | Avg Train Loss: 0.728635 (seg: 0.702974, rec: 0.025661)
2025-10-10 11:35:24,207 - INFO - Rank 2: Epoch 4/200 | Avg Val Loss: 0.715046 (seg: 0.702392, rec: 0.012654)
2025-10-10 11:35:29,281 - DEBUG - Rank 2: Epoch 5/200 | Batch 0/65 | Loss: 0.727343 (seg: 0.702825, rec: 0.024517)
2025-10-10 11:35:46,989 - DEBUG - Rank 2: Epoch 5/200 | Batch 10/65 | Loss: 0.727855 (seg: 0.702687, rec: 0.025168)
2025-10-10 11:36:04,877 - DEBUG - Rank 2: Epoch 5/200 | Batch 20/65 | Loss: 0.725724 (seg: 0.702537, rec: 0.023187)
2025-10-10 11:36:22,805 - DEBUG - Rank 2: Epoch 5/200 | Batch 30/65 | Loss: 0.723817 (seg: 0.701933, rec: 0.021884)
2025-10-10 11:36:40,784 - DEBUG - Rank 2: Epoch 5/200 | Batch 40/65 | Loss: 0.726736 (seg: 0.701824, rec: 0.024911)
2025-10-10 11:36:58,717 - DEBUG - Rank 2: Epoch 5/200 | Batch 50/65 | Loss: 0.725755 (seg: 0.701808, rec: 0.023947)
2025-10-10 11:37:16,703 - DEBUG - Rank 2: Epoch 5/200 | Batch 60/65 | Loss: 0.724003 (seg: 0.701232, rec: 0.022771)
2025-10-10 11:37:24,047 - INFO - Rank 2: Epoch 5/200 | Avg Train Loss: 0.726232 (seg: 0.701920, rec: 0.024312)
2025-10-10 11:37:34,617 - INFO - Rank 2: Epoch 5/200 | Avg Val Loss: 0.714837 (seg: 0.701511, rec: 0.013326)
2025-10-10 11:37:39,729 - DEBUG - Rank 2: Epoch 6/200 | Batch 0/65 | Loss: 0.723351 (seg: 0.701568, rec: 0.021783)
2025-10-10 11:37:57,376 - DEBUG - Rank 2: Epoch 6/200 | Batch 10/65 | Loss: 0.721777 (seg: 0.701098, rec: 0.020679)
2025-10-10 11:38:15,189 - DEBUG - Rank 2: Epoch 6/200 | Batch 20/65 | Loss: 0.722582 (seg: 0.701802, rec: 0.020780)
2025-10-10 11:38:33,172 - DEBUG - Rank 2: Epoch 6/200 | Batch 30/65 | Loss: 0.723215 (seg: 0.701092, rec: 0.022123)
2025-10-10 11:38:51,176 - DEBUG - Rank 2: Epoch 6/200 | Batch 40/65 | Loss: 0.720838 (seg: 0.700939, rec: 0.019900)
2025-10-10 11:39:08,937 - DEBUG - Rank 2: Epoch 6/200 | Batch 50/65 | Loss: 0.727581 (seg: 0.700740, rec: 0.026841)
2025-10-10 11:39:26,792 - DEBUG - Rank 2: Epoch 6/200 | Batch 60/65 | Loss: 0.720713 (seg: 0.700129, rec: 0.020584)
2025-10-10 11:39:34,062 - INFO - Rank 2: Epoch 6/200 | Avg Train Loss: 0.723858 (seg: 0.701003, rec: 0.022855)
2025-10-10 11:39:44,952 - INFO - Rank 2: Epoch 6/200 | Avg Val Loss: 0.710701 (seg: 0.700421, rec: 0.010280)
2025-10-10 11:39:50,383 - DEBUG - Rank 2: Epoch 7/200 | Batch 0/65 | Loss: 0.723934 (seg: 0.700644, rec: 0.023289)
2025-10-10 11:40:08,197 - DEBUG - Rank 2: Epoch 7/200 | Batch 10/65 | Loss: 0.719440 (seg: 0.701146, rec: 0.018294)
2025-10-10 11:40:26,211 - DEBUG - Rank 2: Epoch 7/200 | Batch 20/65 | Loss: 0.719789 (seg: 0.700496, rec: 0.019293)
2025-10-10 11:40:44,353 - DEBUG - Rank 2: Epoch 7/200 | Batch 30/65 | Loss: 0.721395 (seg: 0.700611, rec: 0.020784)
2025-10-10 11:41:02,505 - DEBUG - Rank 2: Epoch 7/200 | Batch 40/65 | Loss: 0.721091 (seg: 0.699669, rec: 0.021422)
2025-10-10 11:41:20,608 - DEBUG - Rank 2: Epoch 7/200 | Batch 50/65 | Loss: 0.721103 (seg: 0.700367, rec: 0.020736)
2025-10-10 11:41:38,733 - DEBUG - Rank 2: Epoch 7/200 | Batch 60/65 | Loss: 0.722455 (seg: 0.700181, rec: 0.022274)
2025-10-10 11:41:46,046 - INFO - Rank 2: Epoch 7/200 | Avg Train Loss: 0.721900 (seg: 0.700196, rec: 0.021704)
2025-10-10 11:41:59,371 - INFO - Rank 2: Epoch 7/200 | Avg Val Loss: 0.708951 (seg: 0.699690, rec: 0.009260)
2025-10-10 11:42:04,180 - DEBUG - Rank 2: Epoch 8/200 | Batch 0/65 | Loss: 0.720797 (seg: 0.699636, rec: 0.021160)
2025-10-10 11:42:21,730 - DEBUG - Rank 2: Epoch 8/200 | Batch 10/65 | Loss: 0.717150 (seg: 0.699536, rec: 0.017614)
2025-10-10 11:42:39,677 - DEBUG - Rank 2: Epoch 8/200 | Batch 20/65 | Loss: 0.720424 (seg: 0.700063, rec: 0.020361)
2025-10-10 11:42:57,652 - DEBUG - Rank 2: Epoch 8/200 | Batch 30/65 | Loss: 0.718776 (seg: 0.699241, rec: 0.019535)
2025-10-10 11:43:15,682 - DEBUG - Rank 2: Epoch 8/200 | Batch 40/65 | Loss: 0.721963 (seg: 0.699824, rec: 0.022139)
2025-10-10 11:43:33,667 - DEBUG - Rank 2: Epoch 8/200 | Batch 50/65 | Loss: 0.717734 (seg: 0.698485, rec: 0.019249)
2025-10-10 11:43:51,643 - DEBUG - Rank 2: Epoch 8/200 | Batch 60/65 | Loss: 0.717363 (seg: 0.699709, rec: 0.017653)
2025-10-10 11:43:58,925 - INFO - Rank 2: Epoch 8/200 | Avg Train Loss: 0.718995 (seg: 0.699457, rec: 0.019538)
2025-10-10 11:44:09,136 - INFO - Rank 2: Epoch 8/200 | Avg Val Loss: 0.708139 (seg: 0.698848, rec: 0.009291)
2025-10-10 11:44:13,578 - DEBUG - Rank 2: Epoch 9/200 | Batch 0/65 | Loss: 0.716632 (seg: 0.698919, rec: 0.017713)
2025-10-10 11:44:31,248 - DEBUG - Rank 2: Epoch 9/200 | Batch 10/65 | Loss: 0.720779 (seg: 0.699442, rec: 0.021337)
2025-10-10 11:44:49,207 - DEBUG - Rank 2: Epoch 9/200 | Batch 20/65 | Loss: 0.717371 (seg: 0.699153, rec: 0.018218)
2025-10-10 11:45:07,261 - DEBUG - Rank 2: Epoch 9/200 | Batch 30/65 | Loss: 0.716078 (seg: 0.699299, rec: 0.016779)
2025-10-10 11:45:25,291 - DEBUG - Rank 2: Epoch 9/200 | Batch 40/65 | Loss: 0.717208 (seg: 0.698349, rec: 0.018860)
2025-10-10 11:45:43,355 - DEBUG - Rank 2: Epoch 9/200 | Batch 50/65 | Loss: 0.716523 (seg: 0.698411, rec: 0.018112)
2025-10-10 11:46:01,409 - DEBUG - Rank 2: Epoch 9/200 | Batch 60/65 | Loss: 0.717294 (seg: 0.698830, rec: 0.018464)
2025-10-10 11:46:08,756 - INFO - Rank 2: Epoch 9/200 | Avg Train Loss: 0.716849 (seg: 0.698666, rec: 0.018184)
2025-10-10 11:46:18,261 - INFO - Rank 2: Epoch 9/200 | Avg Val Loss: 0.707316 (seg: 0.698040, rec: 0.009277)
2025-10-10 11:46:23,138 - DEBUG - Rank 2: Epoch 10/200 | Batch 0/65 | Loss: 0.718244 (seg: 0.698752, rec: 0.019492)
2025-10-10 11:46:40,838 - DEBUG - Rank 2: Epoch 10/200 | Batch 10/65 | Loss: 0.718020 (seg: 0.699114, rec: 0.018906)
2025-10-10 11:46:59,242 - DEBUG - Rank 2: Epoch 10/200 | Batch 20/65 | Loss: 0.715917 (seg: 0.698958, rec: 0.016959)
2025-10-10 11:47:17,466 - DEBUG - Rank 2: Epoch 10/200 | Batch 30/65 | Loss: 0.715198 (seg: 0.698670, rec: 0.016528)
2025-10-10 11:47:35,614 - DEBUG - Rank 2: Epoch 10/200 | Batch 40/65 | Loss: 0.714335 (seg: 0.696528, rec: 0.017807)
2025-10-10 11:47:53,760 - DEBUG - Rank 2: Epoch 10/200 | Batch 50/65 | Loss: 0.715168 (seg: 0.698667, rec: 0.016500)
2025-10-10 11:48:11,821 - DEBUG - Rank 2: Epoch 10/200 | Batch 60/65 | Loss: 0.713192 (seg: 0.695519, rec: 0.017673)
2025-10-10 11:48:19,172 - INFO - Rank 2: Epoch 10/200 | Avg Train Loss: 0.715209 (seg: 0.697848, rec: 0.017360)
2025-10-10 11:48:29,869 - INFO - Rank 2: Epoch 10/200 | Avg Val Loss: 0.703991 (seg: 0.697020, rec: 0.006971)
2025-10-10 11:48:34,689 - DEBUG - Rank 2: Epoch 11/200 | Batch 0/65 | Loss: 0.714535 (seg: 0.698331, rec: 0.016204)
2025-10-10 11:48:52,142 - DEBUG - Rank 2: Epoch 11/200 | Batch 10/65 | Loss: 0.714881 (seg: 0.698974, rec: 0.015908)
2025-10-10 11:49:10,092 - DEBUG - Rank 2: Epoch 11/200 | Batch 20/65 | Loss: 0.708233 (seg: 0.693267, rec: 0.014966)
2025-10-10 11:49:28,114 - DEBUG - Rank 2: Epoch 11/200 | Batch 30/65 | Loss: 0.712308 (seg: 0.698001, rec: 0.014307)
2025-10-10 11:49:46,154 - DEBUG - Rank 2: Epoch 11/200 | Batch 40/65 | Loss: 0.711698 (seg: 0.697145, rec: 0.014554)
2025-10-10 11:50:04,218 - DEBUG - Rank 2: Epoch 11/200 | Batch 50/65 | Loss: 0.707698 (seg: 0.693825, rec: 0.013873)
2025-10-10 11:50:22,294 - DEBUG - Rank 2: Epoch 11/200 | Batch 60/65 | Loss: 0.712223 (seg: 0.696857, rec: 0.015366)
2025-10-10 11:50:29,625 - INFO - Rank 2: Epoch 11/200 | Avg Train Loss: 0.712729 (seg: 0.696726, rec: 0.016003)
2025-10-10 11:50:40,239 - INFO - Rank 2: Epoch 11/200 | Avg Val Loss: 0.702102 (seg: 0.695693, rec: 0.006410)
2025-10-10 11:50:44,993 - DEBUG - Rank 2: Epoch 12/200 | Batch 0/65 | Loss: 0.708371 (seg: 0.694764, rec: 0.013607)
2025-10-10 11:51:02,640 - DEBUG - Rank 2: Epoch 12/200 | Batch 10/65 | Loss: 0.710734 (seg: 0.696465, rec: 0.014269)
2025-10-10 11:51:20,612 - DEBUG - Rank 2: Epoch 12/200 | Batch 20/65 | Loss: 0.710381 (seg: 0.696718, rec: 0.013662)
2025-10-10 11:51:38,673 - DEBUG - Rank 2: Epoch 12/200 | Batch 30/65 | Loss: 0.711558 (seg: 0.695786, rec: 0.015772)
2025-10-10 11:51:56,762 - DEBUG - Rank 2: Epoch 12/200 | Batch 40/65 | Loss: 0.708969 (seg: 0.694013, rec: 0.014957)
2025-10-10 11:52:14,843 - DEBUG - Rank 2: Epoch 12/200 | Batch 50/65 | Loss: 0.708098 (seg: 0.694217, rec: 0.013881)
2025-10-10 11:52:32,907 - DEBUG - Rank 2: Epoch 12/200 | Batch 60/65 | Loss: 0.707964 (seg: 0.692137, rec: 0.015826)
2025-10-10 11:52:40,270 - INFO - Rank 2: Epoch 12/200 | Avg Train Loss: 0.709915 (seg: 0.694801, rec: 0.015114)
2025-10-10 11:52:50,124 - INFO - Rank 2: Epoch 12/200 | Avg Val Loss: 0.699964 (seg: 0.693018, rec: 0.006946)
2025-10-10 11:52:54,639 - DEBUG - Rank 2: Epoch 13/200 | Batch 0/65 | Loss: 0.705999 (seg: 0.692563, rec: 0.013436)
2025-10-10 11:53:12,202 - DEBUG - Rank 2: Epoch 13/200 | Batch 10/65 | Loss: 0.705532 (seg: 0.691578, rec: 0.013953)
2025-10-10 11:53:30,805 - DEBUG - Rank 2: Epoch 13/200 | Batch 20/65 | Loss: 0.710571 (seg: 0.695327, rec: 0.015244)
2025-10-10 11:53:48,865 - DEBUG - Rank 2: Epoch 13/200 | Batch 30/65 | Loss: 0.703423 (seg: 0.690076, rec: 0.013348)
2025-10-10 11:54:06,981 - DEBUG - Rank 2: Epoch 13/200 | Batch 40/65 | Loss: 0.709061 (seg: 0.694828, rec: 0.014233)
2025-10-10 11:54:25,067 - DEBUG - Rank 2: Epoch 13/200 | Batch 50/65 | Loss: 0.708308 (seg: 0.694964, rec: 0.013344)
2025-10-10 11:54:43,252 - DEBUG - Rank 2: Epoch 13/200 | Batch 60/65 | Loss: 0.707315 (seg: 0.692428, rec: 0.014887)
2025-10-10 11:54:50,632 - INFO - Rank 2: Epoch 13/200 | Avg Train Loss: 0.706712 (seg: 0.692408, rec: 0.014304)
2025-10-10 11:55:00,594 - INFO - Rank 2: Epoch 13/200 | Avg Val Loss: 0.694826 (seg: 0.687621, rec: 0.007205)
2025-10-10 11:55:05,882 - DEBUG - Rank 2: Epoch 14/200 | Batch 0/65 | Loss: 0.705436 (seg: 0.690376, rec: 0.015060)
2025-10-10 11:55:23,521 - DEBUG - Rank 2: Epoch 14/200 | Batch 10/65 | Loss: 0.702246 (seg: 0.687748, rec: 0.014498)
2025-10-10 11:55:41,845 - DEBUG - Rank 2: Epoch 14/200 | Batch 20/65 | Loss: 0.710018 (seg: 0.693382, rec: 0.016636)
2025-10-10 11:55:59,964 - DEBUG - Rank 2: Epoch 14/200 | Batch 30/65 | Loss: 0.704111 (seg: 0.690173, rec: 0.013938)
2025-10-10 11:56:18,102 - DEBUG - Rank 2: Epoch 14/200 | Batch 40/65 | Loss: 0.701303 (seg: 0.687730, rec: 0.013573)
2025-10-10 11:56:36,369 - DEBUG - Rank 2: Epoch 14/200 | Batch 50/65 | Loss: 0.699231 (seg: 0.683101, rec: 0.016130)
2025-10-10 11:56:54,774 - DEBUG - Rank 2: Epoch 14/200 | Batch 60/65 | Loss: 0.686427 (seg: 0.674026, rec: 0.012401)
2025-10-10 11:57:02,229 - INFO - Rank 2: Epoch 14/200 | Avg Train Loss: 0.697725 (seg: 0.683601, rec: 0.014125)
2025-10-10 11:57:13,513 - INFO - Rank 2: Epoch 14/200 | Avg Val Loss: 0.670793 (seg: 0.663344, rec: 0.007449)
2025-10-10 11:57:18,385 - DEBUG - Rank 2: Epoch 15/200 | Batch 0/65 | Loss: 0.688137 (seg: 0.674150, rec: 0.013988)
2025-10-10 11:57:36,258 - DEBUG - Rank 2: Epoch 15/200 | Batch 10/65 | Loss: 0.694379 (seg: 0.679944, rec: 0.014435)
2025-10-10 11:57:54,546 - DEBUG - Rank 2: Epoch 15/200 | Batch 20/65 | Loss: 0.676131 (seg: 0.662532, rec: 0.013599)
2025-10-10 11:58:13,016 - DEBUG - Rank 2: Epoch 15/200 | Batch 30/65 | Loss: 0.683897 (seg: 0.671720, rec: 0.012177)
2025-10-10 11:58:31,547 - DEBUG - Rank 2: Epoch 15/200 | Batch 40/65 | Loss: 0.685377 (seg: 0.672527, rec: 0.012850)
2025-10-10 11:58:50,072 - DEBUG - Rank 2: Epoch 15/200 | Batch 50/65 | Loss: 0.652703 (seg: 0.638125, rec: 0.014577)
2025-10-10 11:59:08,406 - DEBUG - Rank 2: Epoch 15/200 | Batch 60/65 | Loss: 0.638489 (seg: 0.626057, rec: 0.012433)
2025-10-10 11:59:15,940 - INFO - Rank 2: Epoch 15/200 | Avg Train Loss: 0.666904 (seg: 0.653930, rec: 0.012974)
2025-10-10 11:59:26,499 - INFO - Rank 2: Epoch 15/200 | Avg Val Loss: 0.599073 (seg: 0.590969, rec: 0.008104)
2025-10-10 11:59:31,579 - DEBUG - Rank 2: Epoch 16/200 | Batch 0/65 | Loss: 0.591774 (seg: 0.579908, rec: 0.011866)
2025-10-10 11:59:49,616 - DEBUG - Rank 2: Epoch 16/200 | Batch 10/65 | Loss: 0.625146 (seg: 0.613198, rec: 0.011949)
2025-10-10 12:00:07,946 - DEBUG - Rank 2: Epoch 16/200 | Batch 20/65 | Loss: 0.612443 (seg: 0.600444, rec: 0.011999)
2025-10-10 12:00:26,323 - DEBUG - Rank 2: Epoch 16/200 | Batch 30/65 | Loss: 0.562026 (seg: 0.549937, rec: 0.012089)
2025-10-10 12:00:44,744 - DEBUG - Rank 2: Epoch 16/200 | Batch 40/65 | Loss: 0.596527 (seg: 0.583947, rec: 0.012579)
2025-10-10 12:01:02,992 - DEBUG - Rank 2: Epoch 16/200 | Batch 50/65 | Loss: 0.470948 (seg: 0.459233, rec: 0.011715)
2025-10-10 12:01:21,255 - DEBUG - Rank 2: Epoch 16/200 | Batch 60/65 | Loss: 0.455833 (seg: 0.441692, rec: 0.014141)
2025-10-10 12:01:28,693 - INFO - Rank 2: Epoch 16/200 | Avg Train Loss: 0.567000 (seg: 0.554029, rec: 0.012971)
2025-10-10 12:01:38,693 - INFO - Rank 2: Epoch 16/200 | Avg Val Loss: 0.388434 (seg: 0.381689, rec: 0.006745)
2025-10-10 12:01:43,536 - DEBUG - Rank 2: Epoch 17/200 | Batch 0/65 | Loss: 0.410830 (seg: 0.398086, rec: 0.012744)
2025-10-10 12:02:01,307 - DEBUG - Rank 2: Epoch 17/200 | Batch 10/65 | Loss: 0.478028 (seg: 0.464776, rec: 0.013253)
2025-10-10 12:02:19,472 - DEBUG - Rank 2: Epoch 17/200 | Batch 20/65 | Loss: 0.361560 (seg: 0.349241, rec: 0.012319)
2025-10-10 12:02:37,659 - DEBUG - Rank 2: Epoch 17/200 | Batch 30/65 | Loss: 0.413493 (seg: 0.402309, rec: 0.011184)
2025-10-10 12:02:55,840 - DEBUG - Rank 2: Epoch 17/200 | Batch 40/65 | Loss: 0.195921 (seg: 0.184155, rec: 0.011766)
2025-10-10 12:03:14,151 - DEBUG - Rank 2: Epoch 17/200 | Batch 50/65 | Loss: 0.297487 (seg: 0.285463, rec: 0.012024)
2025-10-10 12:03:33,392 - DEBUG - Rank 2: Epoch 17/200 | Batch 60/65 | Loss: 0.388782 (seg: 0.376439, rec: 0.012343)
2025-10-10 12:03:41,343 - INFO - Rank 2: Epoch 17/200 | Avg Train Loss: 0.370642 (seg: 0.357933, rec: 0.012709)
2025-10-10 12:03:51,945 - INFO - Rank 2: Epoch 17/200 | Avg Val Loss: 0.220723 (seg: 0.212836, rec: 0.007887)
2025-10-10 12:03:56,782 - DEBUG - Rank 2: Epoch 18/200 | Batch 0/65 | Loss: 0.380515 (seg: 0.369893, rec: 0.010623)
2025-10-10 12:04:14,551 - DEBUG - Rank 2: Epoch 18/200 | Batch 10/65 | Loss: 0.302531 (seg: 0.290935, rec: 0.011596)
2025-10-10 12:04:32,823 - DEBUG - Rank 2: Epoch 18/200 | Batch 20/65 | Loss: 0.217869 (seg: 0.205395, rec: 0.012474)
2025-10-10 12:04:51,186 - DEBUG - Rank 2: Epoch 18/200 | Batch 30/65 | Loss: 0.234730 (seg: 0.221689, rec: 0.013041)
2025-10-10 12:05:09,372 - DEBUG - Rank 2: Epoch 18/200 | Batch 40/65 | Loss: 0.233754 (seg: 0.221258, rec: 0.012495)
2025-10-10 12:05:27,509 - DEBUG - Rank 2: Epoch 18/200 | Batch 50/65 | Loss: 0.293460 (seg: 0.280846, rec: 0.012614)
2025-10-10 12:05:45,612 - DEBUG - Rank 2: Epoch 18/200 | Batch 60/65 | Loss: 0.344172 (seg: 0.331982, rec: 0.012189)
2025-10-10 12:05:52,952 - INFO - Rank 2: Epoch 18/200 | Avg Train Loss: 0.254539 (seg: 0.242233, rec: 0.012306)
2025-10-10 12:06:03,377 - INFO - Rank 2: Epoch 18/200 | Avg Val Loss: 0.143759 (seg: 0.137350, rec: 0.006409)
2025-10-10 12:06:08,224 - DEBUG - Rank 2: Epoch 19/200 | Batch 0/65 | Loss: 0.237052 (seg: 0.225477, rec: 0.011576)
2025-10-10 12:06:26,141 - DEBUG - Rank 2: Epoch 19/200 | Batch 10/65 | Loss: 0.162609 (seg: 0.150361, rec: 0.012248)
2025-10-10 12:06:44,575 - DEBUG - Rank 2: Epoch 19/200 | Batch 20/65 | Loss: 0.299925 (seg: 0.288237, rec: 0.011688)
2025-10-10 12:07:02,763 - DEBUG - Rank 2: Epoch 19/200 | Batch 30/65 | Loss: 0.138709 (seg: 0.125732, rec: 0.012977)
2025-10-10 12:07:21,079 - DEBUG - Rank 2: Epoch 19/200 | Batch 40/65 | Loss: 0.174265 (seg: 0.163416, rec: 0.010849)
2025-10-10 12:07:39,493 - DEBUG - Rank 2: Epoch 19/200 | Batch 50/65 | Loss: 0.178519 (seg: 0.166435, rec: 0.012084)
2025-10-10 12:07:57,783 - DEBUG - Rank 2: Epoch 19/200 | Batch 60/65 | Loss: 0.149428 (seg: 0.136688, rec: 0.012740)
2025-10-10 12:08:05,266 - INFO - Rank 2: Epoch 19/200 | Avg Train Loss: 0.181550 (seg: 0.169478, rec: 0.012072)
2025-10-10 12:08:16,172 - INFO - Rank 2: Epoch 19/200 | Avg Val Loss: 0.110116 (seg: 0.103622, rec: 0.006494)
2025-10-10 12:08:21,152 - DEBUG - Rank 2: Epoch 20/200 | Batch 0/65 | Loss: 0.119050 (seg: 0.105378, rec: 0.013672)
2025-10-10 12:08:38,860 - DEBUG - Rank 2: Epoch 20/200 | Batch 10/65 | Loss: 0.148653 (seg: 0.136006, rec: 0.012647)
2025-10-10 12:08:57,021 - DEBUG - Rank 2: Epoch 20/200 | Batch 20/65 | Loss: 0.126950 (seg: 0.114954, rec: 0.011996)
2025-10-10 12:09:15,351 - DEBUG - Rank 2: Epoch 20/200 | Batch 30/65 | Loss: 0.114233 (seg: 0.103374, rec: 0.010860)
2025-10-10 12:09:33,688 - DEBUG - Rank 2: Epoch 20/200 | Batch 40/65 | Loss: 0.139220 (seg: 0.127753, rec: 0.011467)
2025-10-10 12:09:51,945 - DEBUG - Rank 2: Epoch 20/200 | Batch 50/65 | Loss: 0.159845 (seg: 0.148107, rec: 0.011738)
2025-10-10 12:10:10,249 - DEBUG - Rank 2: Epoch 20/200 | Batch 60/65 | Loss: 0.110139 (seg: 0.099828, rec: 0.010311)
2025-10-10 12:10:17,705 - INFO - Rank 2: Epoch 20/200 | Avg Train Loss: 0.155673 (seg: 0.143706, rec: 0.011966)
2025-10-10 12:10:28,527 - INFO - Rank 2: Epoch 20/200 | Avg Val Loss: 0.093316 (seg: 0.087439, rec: 0.005877)
2025-10-10 12:10:33,396 - DEBUG - Rank 2: Epoch 21/200 | Batch 0/65 | Loss: 0.101567 (seg: 0.090615, rec: 0.010952)
2025-10-10 12:10:51,917 - DEBUG - Rank 2: Epoch 21/200 | Batch 10/65 | Loss: 0.208190 (seg: 0.196349, rec: 0.011841)
2025-10-10 12:11:10,581 - DEBUG - Rank 2: Epoch 21/200 | Batch 20/65 | Loss: 0.142997 (seg: 0.130726, rec: 0.012271)
2025-10-10 12:11:28,870 - DEBUG - Rank 2: Epoch 21/200 | Batch 30/65 | Loss: 0.089750 (seg: 0.078729, rec: 0.011022)
2025-10-10 12:11:47,827 - DEBUG - Rank 2: Epoch 21/200 | Batch 40/65 | Loss: 0.089297 (seg: 0.079337, rec: 0.009960)
2025-10-10 12:12:06,166 - DEBUG - Rank 2: Epoch 21/200 | Batch 50/65 | Loss: 0.102703 (seg: 0.091493, rec: 0.011210)
2025-10-10 12:12:24,454 - DEBUG - Rank 2: Epoch 21/200 | Batch 60/65 | Loss: 0.112145 (seg: 0.102344, rec: 0.009800)
2025-10-10 12:12:31,868 - INFO - Rank 2: Epoch 21/200 | Avg Train Loss: 0.128813 (seg: 0.117450, rec: 0.011363)
2025-10-10 12:12:41,529 - INFO - Rank 2: Epoch 21/200 | Avg Val Loss: 0.086282 (seg: 0.079898, rec: 0.006384)
2025-10-10 12:12:46,008 - DEBUG - Rank 2: Epoch 22/200 | Batch 0/65 | Loss: 0.139730 (seg: 0.128232, rec: 0.011498)
2025-10-10 12:13:03,780 - DEBUG - Rank 2: Epoch 22/200 | Batch 10/65 | Loss: 0.157778 (seg: 0.146307, rec: 0.011471)
2025-10-10 12:13:22,104 - DEBUG - Rank 2: Epoch 22/200 | Batch 20/65 | Loss: 0.136183 (seg: 0.125619, rec: 0.010564)
2025-10-10 12:13:40,538 - DEBUG - Rank 2: Epoch 22/200 | Batch 30/65 | Loss: 0.155900 (seg: 0.143283, rec: 0.012617)
2025-10-10 12:13:59,038 - DEBUG - Rank 2: Epoch 22/200 | Batch 40/65 | Loss: 0.107765 (seg: 0.096656, rec: 0.011109)
2025-10-10 12:14:17,481 - DEBUG - Rank 2: Epoch 22/200 | Batch 50/65 | Loss: 0.117845 (seg: 0.103473, rec: 0.014372)
2025-10-10 12:14:35,926 - DEBUG - Rank 2: Epoch 22/200 | Batch 60/65 | Loss: 0.099786 (seg: 0.088535, rec: 0.011252)
2025-10-10 12:14:43,411 - INFO - Rank 2: Epoch 22/200 | Avg Train Loss: 0.116743 (seg: 0.105333, rec: 0.011409)
2025-10-10 12:15:01,937 - INFO - Rank 2: Epoch 22/200 | Avg Val Loss: 0.077110 (seg: 0.071995, rec: 0.005115)
2025-10-10 12:15:08,189 - DEBUG - Rank 2: Epoch 23/200 | Batch 0/65 | Loss: 0.077314 (seg: 0.066075, rec: 0.011239)
2025-10-10 12:15:25,927 - DEBUG - Rank 2: Epoch 23/200 | Batch 10/65 | Loss: 0.120692 (seg: 0.109610, rec: 0.011082)
2025-10-10 12:15:44,344 - DEBUG - Rank 2: Epoch 23/200 | Batch 20/65 | Loss: 0.083912 (seg: 0.074000, rec: 0.009912)
2025-10-10 12:16:02,715 - DEBUG - Rank 2: Epoch 23/200 | Batch 30/65 | Loss: 0.072046 (seg: 0.060101, rec: 0.011945)
2025-10-10 12:16:21,223 - DEBUG - Rank 2: Epoch 23/200 | Batch 40/65 | Loss: 0.084140 (seg: 0.073593, rec: 0.010546)
2025-10-10 12:16:39,560 - DEBUG - Rank 2: Epoch 23/200 | Batch 50/65 | Loss: 0.084608 (seg: 0.073443, rec: 0.011165)
2025-10-10 12:16:57,695 - DEBUG - Rank 2: Epoch 23/200 | Batch 60/65 | Loss: 0.087689 (seg: 0.077047, rec: 0.010642)
2025-10-10 12:17:05,105 - INFO - Rank 2: Epoch 23/200 | Avg Train Loss: 0.104396 (seg: 0.093130, rec: 0.011266)
2025-10-10 12:17:16,062 - INFO - Rank 2: Epoch 23/200 | Avg Val Loss: 0.072058 (seg: 0.067013, rec: 0.005045)
2025-10-10 12:17:20,605 - DEBUG - Rank 2: Epoch 24/200 | Batch 0/65 | Loss: 0.079222 (seg: 0.068908, rec: 0.010314)
2025-10-10 12:17:38,211 - DEBUG - Rank 2: Epoch 24/200 | Batch 10/65 | Loss: 0.092259 (seg: 0.080318, rec: 0.011940)
2025-10-10 12:17:56,326 - DEBUG - Rank 2: Epoch 24/200 | Batch 20/65 | Loss: 0.117524 (seg: 0.104041, rec: 0.013483)
2025-10-10 12:18:14,502 - DEBUG - Rank 2: Epoch 24/200 | Batch 30/65 | Loss: 0.092424 (seg: 0.080820, rec: 0.011605)
2025-10-10 12:18:32,777 - DEBUG - Rank 2: Epoch 24/200 | Batch 40/65 | Loss: 0.082309 (seg: 0.072327, rec: 0.009982)
2025-10-10 12:18:50,973 - DEBUG - Rank 2: Epoch 24/200 | Batch 50/65 | Loss: 0.108301 (seg: 0.098526, rec: 0.009775)
2025-10-10 12:19:09,322 - DEBUG - Rank 2: Epoch 24/200 | Batch 60/65 | Loss: 0.090123 (seg: 0.081039, rec: 0.009085)
2025-10-10 12:19:16,659 - INFO - Rank 2: Epoch 24/200 | Avg Train Loss: 0.102597 (seg: 0.091207, rec: 0.011390)
2025-10-10 12:19:26,967 - INFO - Rank 2: Epoch 24/200 | Avg Val Loss: 0.074079 (seg: 0.068459, rec: 0.005620)
2025-10-10 12:19:31,607 - DEBUG - Rank 2: Epoch 25/200 | Batch 0/65 | Loss: 0.072959 (seg: 0.062395, rec: 0.010564)
2025-10-10 12:19:49,362 - DEBUG - Rank 2: Epoch 25/200 | Batch 10/65 | Loss: 0.099614 (seg: 0.089158, rec: 0.010457)
2025-10-10 12:20:07,437 - DEBUG - Rank 2: Epoch 25/200 | Batch 20/65 | Loss: 0.073740 (seg: 0.062645, rec: 0.011094)
2025-10-10 12:20:25,757 - DEBUG - Rank 2: Epoch 25/200 | Batch 30/65 | Loss: 0.097432 (seg: 0.087707, rec: 0.009725)
2025-10-10 12:20:44,070 - DEBUG - Rank 2: Epoch 25/200 | Batch 40/65 | Loss: 0.194658 (seg: 0.181377, rec: 0.013281)
2025-10-10 12:21:02,247 - DEBUG - Rank 2: Epoch 25/200 | Batch 50/65 | Loss: 0.092521 (seg: 0.080720, rec: 0.011801)
2025-10-10 12:21:20,452 - DEBUG - Rank 2: Epoch 25/200 | Batch 60/65 | Loss: 0.129058 (seg: 0.118107, rec: 0.010951)
2025-10-10 12:21:27,902 - INFO - Rank 2: Epoch 25/200 | Avg Train Loss: 0.096282 (seg: 0.085582, rec: 0.010700)
2025-10-10 12:21:38,014 - INFO - Rank 2: Epoch 25/200 | Avg Val Loss: 0.070756 (seg: 0.065039, rec: 0.005717)
2025-10-10 12:21:43,010 - DEBUG - Rank 2: Epoch 26/200 | Batch 0/65 | Loss: 0.088505 (seg: 0.079446, rec: 0.009059)
2025-10-10 12:22:00,558 - DEBUG - Rank 2: Epoch 26/200 | Batch 10/65 | Loss: 0.071962 (seg: 0.060258, rec: 0.011704)
2025-10-10 12:22:18,614 - DEBUG - Rank 2: Epoch 26/200 | Batch 20/65 | Loss: 0.068180 (seg: 0.057204, rec: 0.010976)
2025-10-10 12:22:36,819 - DEBUG - Rank 2: Epoch 26/200 | Batch 30/65 | Loss: 0.078775 (seg: 0.068805, rec: 0.009970)
2025-10-10 12:22:55,111 - DEBUG - Rank 2: Epoch 26/200 | Batch 40/65 | Loss: 0.138430 (seg: 0.126445, rec: 0.011985)
2025-10-10 12:23:13,463 - DEBUG - Rank 2: Epoch 26/200 | Batch 50/65 | Loss: 0.085285 (seg: 0.073661, rec: 0.011624)
2025-10-10 12:23:32,287 - DEBUG - Rank 2: Epoch 26/200 | Batch 60/65 | Loss: 0.084854 (seg: 0.074628, rec: 0.010226)
2025-10-10 12:23:39,636 - INFO - Rank 2: Epoch 26/200 | Avg Train Loss: 0.088531 (seg: 0.077763, rec: 0.010768)
2025-10-10 12:23:49,741 - INFO - Rank 2: Epoch 26/200 | Avg Val Loss: 0.066664 (seg: 0.061006, rec: 0.005658)
2025-10-10 12:23:54,484 - DEBUG - Rank 2: Epoch 27/200 | Batch 0/65 | Loss: 0.091371 (seg: 0.080669, rec: 0.010702)
2025-10-10 12:24:12,218 - DEBUG - Rank 2: Epoch 27/200 | Batch 10/65 | Loss: 0.090432 (seg: 0.079885, rec: 0.010547)
2025-10-10 12:24:30,502 - DEBUG - Rank 2: Epoch 27/200 | Batch 20/65 | Loss: 0.156321 (seg: 0.145508, rec: 0.010813)
2025-10-10 12:24:48,962 - DEBUG - Rank 2: Epoch 27/200 | Batch 30/65 | Loss: 0.084739 (seg: 0.073958, rec: 0.010781)
2025-10-10 12:25:07,457 - DEBUG - Rank 2: Epoch 27/200 | Batch 40/65 | Loss: 0.086980 (seg: 0.076266, rec: 0.010713)
2025-10-10 12:25:25,953 - DEBUG - Rank 2: Epoch 27/200 | Batch 50/65 | Loss: 0.087154 (seg: 0.075155, rec: 0.011999)
2025-10-10 12:25:44,485 - DEBUG - Rank 2: Epoch 27/200 | Batch 60/65 | Loss: 0.093639 (seg: 0.081733, rec: 0.011906)
2025-10-10 12:25:52,014 - INFO - Rank 2: Epoch 27/200 | Avg Train Loss: 0.088852 (seg: 0.078177, rec: 0.010675)
2025-10-10 12:26:02,866 - INFO - Rank 2: Epoch 27/200 | Avg Val Loss: 0.064401 (seg: 0.059676, rec: 0.004726)
2025-10-10 12:26:07,628 - DEBUG - Rank 2: Epoch 28/200 | Batch 0/65 | Loss: 0.082384 (seg: 0.070977, rec: 0.011408)
2025-10-10 12:26:25,611 - DEBUG - Rank 2: Epoch 28/200 | Batch 10/65 | Loss: 0.072836 (seg: 0.064131, rec: 0.008705)
2025-10-10 12:26:44,060 - DEBUG - Rank 2: Epoch 28/200 | Batch 20/65 | Loss: 0.090141 (seg: 0.080618, rec: 0.009522)
2025-10-10 12:27:02,737 - DEBUG - Rank 2: Epoch 28/200 | Batch 30/65 | Loss: 0.072174 (seg: 0.062470, rec: 0.009705)
2025-10-10 12:27:21,241 - DEBUG - Rank 2: Epoch 28/200 | Batch 40/65 | Loss: 0.075555 (seg: 0.064805, rec: 0.010750)
2025-10-10 12:27:39,791 - DEBUG - Rank 2: Epoch 28/200 | Batch 50/65 | Loss: 0.066988 (seg: 0.058314, rec: 0.008675)
2025-10-10 12:27:58,279 - DEBUG - Rank 2: Epoch 28/200 | Batch 60/65 | Loss: 0.081107 (seg: 0.070767, rec: 0.010340)
2025-10-10 12:28:05,733 - INFO - Rank 2: Epoch 28/200 | Avg Train Loss: 0.081173 (seg: 0.070889, rec: 0.010284)
2025-10-10 12:28:16,546 - INFO - Rank 2: Epoch 28/200 | Avg Val Loss: 0.062786 (seg: 0.058184, rec: 0.004602)
2025-10-10 12:28:21,768 - DEBUG - Rank 2: Epoch 29/200 | Batch 0/65 | Loss: 0.065854 (seg: 0.056835, rec: 0.009019)
2025-10-10 12:28:39,788 - DEBUG - Rank 2: Epoch 29/200 | Batch 10/65 | Loss: 0.072514 (seg: 0.062726, rec: 0.009788)
2025-10-10 12:28:58,075 - DEBUG - Rank 2: Epoch 29/200 | Batch 20/65 | Loss: 0.080390 (seg: 0.069638, rec: 0.010751)
2025-10-10 12:29:16,550 - DEBUG - Rank 2: Epoch 29/200 | Batch 30/65 | Loss: 0.079169 (seg: 0.069594, rec: 0.009575)
2025-10-10 12:29:34,852 - DEBUG - Rank 2: Epoch 29/200 | Batch 40/65 | Loss: 0.083340 (seg: 0.073435, rec: 0.009905)
2025-10-10 12:29:53,118 - DEBUG - Rank 2: Epoch 29/200 | Batch 50/65 | Loss: 0.062030 (seg: 0.052062, rec: 0.009968)
2025-10-10 12:30:11,374 - DEBUG - Rank 2: Epoch 29/200 | Batch 60/65 | Loss: 0.071244 (seg: 0.061188, rec: 0.010056)
2025-10-10 12:30:18,779 - INFO - Rank 2: Epoch 29/200 | Avg Train Loss: 0.080412 (seg: 0.070508, rec: 0.009905)
2025-10-10 12:30:28,653 - INFO - Rank 2: Epoch 29/200 | Avg Val Loss: 0.060984 (seg: 0.056095, rec: 0.004889)
2025-10-10 12:30:33,334 - DEBUG - Rank 2: Epoch 30/200 | Batch 0/65 | Loss: 0.074272 (seg: 0.064642, rec: 0.009630)
2025-10-10 12:30:50,985 - DEBUG - Rank 2: Epoch 30/200 | Batch 10/65 | Loss: 0.065226 (seg: 0.055501, rec: 0.009724)
2025-10-10 12:31:09,076 - DEBUG - Rank 2: Epoch 30/200 | Batch 20/65 | Loss: 0.086901 (seg: 0.078231, rec: 0.008670)
2025-10-10 12:31:27,243 - DEBUG - Rank 2: Epoch 30/200 | Batch 30/65 | Loss: 0.084178 (seg: 0.074293, rec: 0.009886)
2025-10-10 12:31:45,379 - DEBUG - Rank 2: Epoch 30/200 | Batch 40/65 | Loss: 0.069898 (seg: 0.061432, rec: 0.008466)
2025-10-10 12:32:03,677 - DEBUG - Rank 2: Epoch 30/200 | Batch 50/65 | Loss: 0.059221 (seg: 0.048572, rec: 0.010649)
2025-10-10 12:32:21,797 - DEBUG - Rank 2: Epoch 30/200 | Batch 60/65 | Loss: 0.063073 (seg: 0.050947, rec: 0.012126)
2025-10-10 12:32:29,161 - INFO - Rank 2: Epoch 30/200 | Avg Train Loss: 0.076460 (seg: 0.066727, rec: 0.009733)
2025-10-10 12:32:39,769 - INFO - Rank 2: Epoch 30/200 | Avg Val Loss: 0.060000 (seg: 0.054674, rec: 0.005326)
2025-10-10 12:32:44,364 - DEBUG - Rank 2: Epoch 31/200 | Batch 0/65 | Loss: 0.056433 (seg: 0.047583, rec: 0.008850)
2025-10-10 12:33:02,142 - DEBUG - Rank 2: Epoch 31/200 | Batch 10/65 | Loss: 0.071508 (seg: 0.062924, rec: 0.008585)
2025-10-10 12:33:20,347 - DEBUG - Rank 2: Epoch 31/200 | Batch 20/65 | Loss: 0.074287 (seg: 0.062983, rec: 0.011304)
2025-10-10 12:33:38,645 - DEBUG - Rank 2: Epoch 31/200 | Batch 30/65 | Loss: 0.069702 (seg: 0.060664, rec: 0.009038)
2025-10-10 12:33:57,002 - DEBUG - Rank 2: Epoch 31/200 | Batch 40/65 | Loss: 0.078422 (seg: 0.070087, rec: 0.008335)
2025-10-10 12:34:15,388 - DEBUG - Rank 2: Epoch 31/200 | Batch 50/65 | Loss: 0.071725 (seg: 0.061720, rec: 0.010004)
2025-10-10 12:34:33,713 - DEBUG - Rank 2: Epoch 31/200 | Batch 60/65 | Loss: 0.093086 (seg: 0.083591, rec: 0.009495)
2025-10-10 12:34:41,188 - INFO - Rank 2: Epoch 31/200 | Avg Train Loss: 0.073441 (seg: 0.063726, rec: 0.009715)
2025-10-10 12:34:51,286 - INFO - Rank 2: Epoch 31/200 | Avg Val Loss: 0.059768 (seg: 0.054022, rec: 0.005747)
2025-10-10 12:34:55,925 - DEBUG - Rank 2: Epoch 32/200 | Batch 0/65 | Loss: 0.063151 (seg: 0.053134, rec: 0.010016)
2025-10-10 12:35:13,706 - DEBUG - Rank 2: Epoch 32/200 | Batch 10/65 | Loss: 0.066167 (seg: 0.055755, rec: 0.010412)
2025-10-10 12:35:31,811 - DEBUG - Rank 2: Epoch 32/200 | Batch 20/65 | Loss: 0.068577 (seg: 0.059517, rec: 0.009061)
2025-10-10 12:35:50,130 - DEBUG - Rank 2: Epoch 32/200 | Batch 30/65 | Loss: 0.073982 (seg: 0.064073, rec: 0.009909)
2025-10-10 12:36:08,704 - DEBUG - Rank 2: Epoch 32/200 | Batch 40/65 | Loss: 0.086783 (seg: 0.076680, rec: 0.010102)
2025-10-10 12:36:27,075 - DEBUG - Rank 2: Epoch 32/200 | Batch 50/65 | Loss: 0.073486 (seg: 0.062056, rec: 0.011429)
2025-10-10 12:36:45,469 - DEBUG - Rank 2: Epoch 32/200 | Batch 60/65 | Loss: 0.061153 (seg: 0.053225, rec: 0.007928)
2025-10-10 12:36:52,914 - INFO - Rank 2: Epoch 32/200 | Avg Train Loss: 0.072585 (seg: 0.062948, rec: 0.009637)
2025-10-10 12:37:04,482 - INFO - Rank 2: Epoch 32/200 | Avg Val Loss: 0.059066 (seg: 0.053377, rec: 0.005689)
2025-10-10 12:37:09,073 - DEBUG - Rank 2: Epoch 33/200 | Batch 0/65 | Loss: 0.080330 (seg: 0.071353, rec: 0.008976)
2025-10-10 12:37:26,872 - DEBUG - Rank 2: Epoch 33/200 | Batch 10/65 | Loss: 0.069642 (seg: 0.060768, rec: 0.008874)
2025-10-10 12:37:45,139 - DEBUG - Rank 2: Epoch 33/200 | Batch 20/65 | Loss: 0.065505 (seg: 0.056962, rec: 0.008544)
2025-10-10 12:38:03,679 - DEBUG - Rank 2: Epoch 33/200 | Batch 30/65 | Loss: 0.064144 (seg: 0.054232, rec: 0.009912)
2025-10-10 12:38:22,263 - DEBUG - Rank 2: Epoch 33/200 | Batch 40/65 | Loss: 0.072096 (seg: 0.062370, rec: 0.009725)
2025-10-10 12:38:40,827 - DEBUG - Rank 2: Epoch 33/200 | Batch 50/65 | Loss: 0.066497 (seg: 0.057094, rec: 0.009402)
2025-10-10 12:38:59,283 - DEBUG - Rank 2: Epoch 33/200 | Batch 60/65 | Loss: 0.064717 (seg: 0.054964, rec: 0.009753)
2025-10-10 12:39:06,827 - INFO - Rank 2: Epoch 33/200 | Avg Train Loss: 0.069192 (seg: 0.059967, rec: 0.009224)
2025-10-10 12:39:16,840 - INFO - Rank 2: Epoch 33/200 | Avg Val Loss: 0.057736 (seg: 0.053469, rec: 0.004267)
2025-10-10 12:39:21,669 - DEBUG - Rank 2: Epoch 34/200 | Batch 0/65 | Loss: 0.060670 (seg: 0.051119, rec: 0.009552)
2025-10-10 12:39:39,693 - DEBUG - Rank 2: Epoch 34/200 | Batch 10/65 | Loss: 0.073935 (seg: 0.063478, rec: 0.010457)
2025-10-10 12:39:58,129 - DEBUG - Rank 2: Epoch 34/200 | Batch 20/65 | Loss: 0.056475 (seg: 0.048243, rec: 0.008232)
2025-10-10 12:40:16,646 - DEBUG - Rank 2: Epoch 34/200 | Batch 30/65 | Loss: 0.073381 (seg: 0.063782, rec: 0.009599)
2025-10-10 12:40:35,307 - DEBUG - Rank 2: Epoch 34/200 | Batch 40/65 | Loss: 0.074290 (seg: 0.064385, rec: 0.009905)
2025-10-10 12:40:53,773 - DEBUG - Rank 2: Epoch 34/200 | Batch 50/65 | Loss: 0.106594 (seg: 0.097878, rec: 0.008716)
2025-10-10 12:41:12,282 - DEBUG - Rank 2: Epoch 34/200 | Batch 60/65 | Loss: 0.067356 (seg: 0.057610, rec: 0.009746)
2025-10-10 12:41:19,832 - INFO - Rank 2: Epoch 34/200 | Avg Train Loss: 0.070662 (seg: 0.061586, rec: 0.009076)
2025-10-10 12:41:30,441 - INFO - Rank 2: Epoch 34/200 | Avg Val Loss: 0.058624 (seg: 0.052583, rec: 0.006041)
2025-10-10 12:41:34,791 - DEBUG - Rank 2: Epoch 35/200 | Batch 0/65 | Loss: 0.069378 (seg: 0.060358, rec: 0.009021)
2025-10-10 12:41:52,642 - DEBUG - Rank 2: Epoch 35/200 | Batch 10/65 | Loss: 0.081925 (seg: 0.073141, rec: 0.008785)
2025-10-10 12:42:11,011 - DEBUG - Rank 2: Epoch 35/200 | Batch 20/65 | Loss: 0.074288 (seg: 0.065706, rec: 0.008581)
2025-10-10 12:42:29,374 - DEBUG - Rank 2: Epoch 35/200 | Batch 30/65 | Loss: 0.374451 (seg: 0.365959, rec: 0.008492)
2025-10-10 12:42:47,791 - DEBUG - Rank 2: Epoch 35/200 | Batch 40/65 | Loss: 0.070025 (seg: 0.061608, rec: 0.008417)
2025-10-10 12:43:06,236 - DEBUG - Rank 2: Epoch 35/200 | Batch 50/65 | Loss: 0.075766 (seg: 0.065179, rec: 0.010587)
2025-10-10 12:43:24,632 - DEBUG - Rank 2: Epoch 35/200 | Batch 60/65 | Loss: 0.068766 (seg: 0.059244, rec: 0.009521)
2025-10-10 12:43:32,058 - INFO - Rank 2: Epoch 35/200 | Avg Train Loss: 0.072733 (seg: 0.063365, rec: 0.009369)
2025-10-10 12:43:42,802 - INFO - Rank 2: Epoch 35/200 | Avg Val Loss: 0.055921 (seg: 0.051169, rec: 0.004752)
2025-10-10 12:43:48,018 - DEBUG - Rank 2: Epoch 36/200 | Batch 0/65 | Loss: 0.084358 (seg: 0.074498, rec: 0.009860)
2025-10-10 12:44:06,018 - DEBUG - Rank 2: Epoch 36/200 | Batch 10/65 | Loss: 0.063330 (seg: 0.052339, rec: 0.010991)
2025-10-10 12:44:24,360 - DEBUG - Rank 2: Epoch 36/200 | Batch 20/65 | Loss: 0.080186 (seg: 0.067005, rec: 0.013181)
2025-10-10 12:44:42,821 - DEBUG - Rank 2: Epoch 36/200 | Batch 30/65 | Loss: 0.067573 (seg: 0.058429, rec: 0.009144)
2025-10-10 12:45:01,349 - DEBUG - Rank 2: Epoch 36/200 | Batch 40/65 | Loss: 0.076469 (seg: 0.066894, rec: 0.009575)
2025-10-10 12:45:19,651 - DEBUG - Rank 2: Epoch 36/200 | Batch 50/65 | Loss: 0.065691 (seg: 0.056388, rec: 0.009303)
2025-10-10 12:45:37,938 - DEBUG - Rank 2: Epoch 36/200 | Batch 60/65 | Loss: 0.084063 (seg: 0.074933, rec: 0.009130)
2025-10-10 12:45:45,345 - INFO - Rank 2: Epoch 36/200 | Avg Train Loss: 0.069911 (seg: 0.059423, rec: 0.010488)
2025-10-10 12:45:55,851 - INFO - Rank 2: Epoch 36/200 | Avg Val Loss: 0.055397 (seg: 0.050705, rec: 0.004692)
2025-10-10 12:46:00,360 - DEBUG - Rank 2: Epoch 37/200 | Batch 0/65 | Loss: 0.077298 (seg: 0.067258, rec: 0.010041)
2025-10-10 12:46:18,111 - DEBUG - Rank 2: Epoch 37/200 | Batch 10/65 | Loss: 0.049688 (seg: 0.039720, rec: 0.009968)
2025-10-10 12:46:36,157 - DEBUG - Rank 2: Epoch 37/200 | Batch 20/65 | Loss: 0.071572 (seg: 0.061627, rec: 0.009945)
2025-10-10 12:46:54,352 - DEBUG - Rank 2: Epoch 37/200 | Batch 30/65 | Loss: 0.086069 (seg: 0.074525, rec: 0.011544)
2025-10-10 12:47:13,449 - DEBUG - Rank 2: Epoch 37/200 | Batch 40/65 | Loss: 0.050929 (seg: 0.042023, rec: 0.008906)
2025-10-10 12:47:31,783 - DEBUG - Rank 2: Epoch 37/200 | Batch 50/65 | Loss: 0.088215 (seg: 0.080334, rec: 0.007881)
2025-10-10 12:47:51,097 - DEBUG - Rank 2: Epoch 37/200 | Batch 60/65 | Loss: 0.052326 (seg: 0.043708, rec: 0.008619)
2025-10-10 12:47:58,551 - INFO - Rank 2: Epoch 37/200 | Avg Train Loss: 0.068594 (seg: 0.058879, rec: 0.009716)
2025-10-10 12:48:09,049 - INFO - Rank 2: Epoch 37/200 | Avg Val Loss: 0.058245 (seg: 0.053315, rec: 0.004930)
2025-10-10 12:48:13,916 - DEBUG - Rank 2: Epoch 38/200 | Batch 0/65 | Loss: 0.066643 (seg: 0.056781, rec: 0.009862)
2025-10-10 12:48:32,781 - DEBUG - Rank 2: Epoch 38/200 | Batch 10/65 | Loss: 0.055736 (seg: 0.047607, rec: 0.008129)
2025-10-10 12:48:50,988 - DEBUG - Rank 2: Epoch 38/200 | Batch 20/65 | Loss: 0.063465 (seg: 0.053956, rec: 0.009509)
2025-10-10 12:49:09,343 - DEBUG - Rank 2: Epoch 38/200 | Batch 30/65 | Loss: 0.086191 (seg: 0.076408, rec: 0.009783)
2025-10-10 12:49:27,789 - DEBUG - Rank 2: Epoch 38/200 | Batch 40/65 | Loss: 0.056496 (seg: 0.046197, rec: 0.010299)
2025-10-10 12:49:46,528 - DEBUG - Rank 2: Epoch 38/200 | Batch 50/65 | Loss: 0.065152 (seg: 0.054014, rec: 0.011138)
2025-10-10 12:50:04,968 - DEBUG - Rank 2: Epoch 38/200 | Batch 60/65 | Loss: 0.058693 (seg: 0.050224, rec: 0.008470)
2025-10-10 12:50:12,475 - INFO - Rank 2: Epoch 38/200 | Avg Train Loss: 0.065680 (seg: 0.056599, rec: 0.009081)
2025-10-10 12:50:22,859 - INFO - Rank 2: Epoch 38/200 | Avg Val Loss: 0.054709 (seg: 0.049981, rec: 0.004728)
2025-10-10 12:50:27,967 - DEBUG - Rank 2: Epoch 39/200 | Batch 0/65 | Loss: 0.058278 (seg: 0.049187, rec: 0.009092)
2025-10-10 12:50:45,875 - DEBUG - Rank 2: Epoch 39/200 | Batch 10/65 | Loss: 0.055600 (seg: 0.046305, rec: 0.009295)
2025-10-10 12:51:04,308 - DEBUG - Rank 2: Epoch 39/200 | Batch 20/65 | Loss: 0.068610 (seg: 0.059679, rec: 0.008931)
2025-10-10 12:51:23,322 - DEBUG - Rank 2: Epoch 39/200 | Batch 30/65 | Loss: 0.065596 (seg: 0.057568, rec: 0.008028)
2025-10-10 12:51:41,910 - DEBUG - Rank 2: Epoch 39/200 | Batch 40/65 | Loss: 0.071909 (seg: 0.062622, rec: 0.009287)
2025-10-10 12:52:00,485 - DEBUG - Rank 2: Epoch 39/200 | Batch 50/65 | Loss: 0.051874 (seg: 0.043555, rec: 0.008319)
2025-10-10 12:52:18,974 - DEBUG - Rank 2: Epoch 39/200 | Batch 60/65 | Loss: 0.069179 (seg: 0.060097, rec: 0.009082)
2025-10-10 12:52:26,510 - INFO - Rank 2: Epoch 39/200 | Avg Train Loss: 0.060955 (seg: 0.052062, rec: 0.008893)
2025-10-10 12:52:37,451 - INFO - Rank 2: Epoch 39/200 | Avg Val Loss: 0.060960 (seg: 0.056515, rec: 0.004446)
2025-10-10 12:52:42,206 - DEBUG - Rank 2: Epoch 40/200 | Batch 0/65 | Loss: 0.068588 (seg: 0.059848, rec: 0.008739)
2025-10-10 12:53:00,261 - DEBUG - Rank 2: Epoch 40/200 | Batch 10/65 | Loss: 0.067116 (seg: 0.058256, rec: 0.008860)
2025-10-10 12:53:18,721 - DEBUG - Rank 2: Epoch 40/200 | Batch 20/65 | Loss: 0.062475 (seg: 0.054563, rec: 0.007912)
2025-10-10 12:53:37,273 - DEBUG - Rank 2: Epoch 40/200 | Batch 30/65 | Loss: 0.044456 (seg: 0.035289, rec: 0.009166)
2025-10-10 12:53:55,894 - DEBUG - Rank 2: Epoch 40/200 | Batch 40/65 | Loss: 0.075946 (seg: 0.067965, rec: 0.007981)
2025-10-10 12:54:14,464 - DEBUG - Rank 2: Epoch 40/200 | Batch 50/65 | Loss: 0.081930 (seg: 0.071201, rec: 0.010729)
2025-10-10 12:54:32,998 - DEBUG - Rank 2: Epoch 40/200 | Batch 60/65 | Loss: 0.059025 (seg: 0.050165, rec: 0.008860)
2025-10-10 12:54:40,483 - INFO - Rank 2: Epoch 40/200 | Avg Train Loss: 0.061928 (seg: 0.053348, rec: 0.008581)
2025-10-10 12:54:50,594 - INFO - Rank 2: Epoch 40/200 | Avg Val Loss: 0.055779 (seg: 0.049972, rec: 0.005808)
2025-10-10 12:54:54,983 - DEBUG - Rank 2: Epoch 41/200 | Batch 0/65 | Loss: 0.055380 (seg: 0.047627, rec: 0.007753)
2025-10-10 12:55:12,833 - DEBUG - Rank 2: Epoch 41/200 | Batch 10/65 | Loss: 0.061824 (seg: 0.051808, rec: 0.010016)
2025-10-10 12:55:31,079 - DEBUG - Rank 2: Epoch 41/200 | Batch 20/65 | Loss: 0.061166 (seg: 0.053135, rec: 0.008031)
2025-10-10 12:55:49,442 - DEBUG - Rank 2: Epoch 41/200 | Batch 30/65 | Loss: 0.051241 (seg: 0.043116, rec: 0.008126)
2025-10-10 12:56:07,801 - DEBUG - Rank 2: Epoch 41/200 | Batch 40/65 | Loss: 0.061384 (seg: 0.052828, rec: 0.008557)
2025-10-10 12:56:26,079 - DEBUG - Rank 2: Epoch 41/200 | Batch 50/65 | Loss: 0.067316 (seg: 0.058890, rec: 0.008426)
2025-10-10 12:56:44,378 - DEBUG - Rank 2: Epoch 41/200 | Batch 60/65 | Loss: 0.072086 (seg: 0.063787, rec: 0.008299)
2025-10-10 12:56:51,737 - INFO - Rank 2: Epoch 41/200 | Avg Train Loss: 0.062902 (seg: 0.054340, rec: 0.008561)
2025-10-10 12:57:01,417 - INFO - Rank 2: Epoch 41/200 | Avg Val Loss: 0.056007 (seg: 0.049845, rec: 0.006162)
2025-10-10 12:57:05,829 - DEBUG - Rank 2: Epoch 42/200 | Batch 0/65 | Loss: 0.064412 (seg: 0.055279, rec: 0.009133)
2025-10-10 12:57:23,746 - DEBUG - Rank 2: Epoch 42/200 | Batch 10/65 | Loss: 0.058663 (seg: 0.048650, rec: 0.010013)
2025-10-10 12:57:42,031 - DEBUG - Rank 2: Epoch 42/200 | Batch 20/65 | Loss: 0.049290 (seg: 0.040290, rec: 0.009001)
2025-10-10 12:58:00,836 - DEBUG - Rank 2: Epoch 42/200 | Batch 30/65 | Loss: 0.062838 (seg: 0.054796, rec: 0.008042)
2025-10-10 12:58:19,207 - DEBUG - Rank 2: Epoch 42/200 | Batch 40/65 | Loss: 0.085204 (seg: 0.076500, rec: 0.008704)
2025-10-10 12:58:37,550 - DEBUG - Rank 2: Epoch 42/200 | Batch 50/65 | Loss: 0.068146 (seg: 0.059363, rec: 0.008783)
2025-10-10 12:58:55,850 - DEBUG - Rank 2: Epoch 42/200 | Batch 60/65 | Loss: 0.053718 (seg: 0.044565, rec: 0.009152)
2025-10-10 12:59:03,325 - INFO - Rank 2: Epoch 42/200 | Avg Train Loss: 0.064146 (seg: 0.055292, rec: 0.008854)
2025-10-10 12:59:13,891 - INFO - Rank 2: Epoch 42/200 | Avg Val Loss: 0.053092 (seg: 0.048758, rec: 0.004335)
2025-10-10 12:59:19,096 - DEBUG - Rank 2: Epoch 43/200 | Batch 0/65 | Loss: 0.060369 (seg: 0.051120, rec: 0.009249)
2025-10-10 12:59:36,989 - DEBUG - Rank 2: Epoch 43/200 | Batch 10/65 | Loss: 0.054860 (seg: 0.045621, rec: 0.009239)
2025-10-10 12:59:55,175 - DEBUG - Rank 2: Epoch 43/200 | Batch 20/65 | Loss: 0.061245 (seg: 0.053079, rec: 0.008166)
2025-10-10 13:00:13,493 - DEBUG - Rank 2: Epoch 43/200 | Batch 30/65 | Loss: 0.043705 (seg: 0.035758, rec: 0.007947)
2025-10-10 13:00:31,956 - DEBUG - Rank 2: Epoch 43/200 | Batch 40/65 | Loss: 0.067415 (seg: 0.058458, rec: 0.008958)
2025-10-10 13:00:50,369 - DEBUG - Rank 2: Epoch 43/200 | Batch 50/65 | Loss: 0.059332 (seg: 0.050442, rec: 0.008890)
2025-10-10 13:01:08,811 - DEBUG - Rank 2: Epoch 43/200 | Batch 60/65 | Loss: 0.049122 (seg: 0.041076, rec: 0.008046)
2025-10-10 13:01:16,235 - INFO - Rank 2: Epoch 43/200 | Avg Train Loss: 0.058980 (seg: 0.050275, rec: 0.008704)
2025-10-10 13:01:27,424 - INFO - Rank 2: Epoch 43/200 | Avg Val Loss: 0.053598 (seg: 0.048946, rec: 0.004652)
2025-10-10 13:01:32,350 - DEBUG - Rank 2: Epoch 44/200 | Batch 0/65 | Loss: 0.071223 (seg: 0.063270, rec: 0.007953)
2025-10-10 13:01:50,185 - DEBUG - Rank 2: Epoch 44/200 | Batch 10/65 | Loss: 0.101154 (seg: 0.092416, rec: 0.008738)
2025-10-10 13:02:08,421 - DEBUG - Rank 2: Epoch 44/200 | Batch 20/65 | Loss: 0.046441 (seg: 0.037584, rec: 0.008858)
2025-10-10 13:02:26,763 - DEBUG - Rank 2: Epoch 44/200 | Batch 30/65 | Loss: 0.043262 (seg: 0.034656, rec: 0.008606)
2025-10-10 13:02:45,273 - DEBUG - Rank 2: Epoch 44/200 | Batch 40/65 | Loss: 0.062259 (seg: 0.054131, rec: 0.008128)
2025-10-10 13:03:03,671 - DEBUG - Rank 2: Epoch 44/200 | Batch 50/65 | Loss: 0.079488 (seg: 0.070541, rec: 0.008946)
2025-10-10 13:03:22,015 - DEBUG - Rank 2: Epoch 44/200 | Batch 60/65 | Loss: 0.060655 (seg: 0.051621, rec: 0.009034)
2025-10-10 13:03:29,468 - INFO - Rank 2: Epoch 44/200 | Avg Train Loss: 0.061423 (seg: 0.052639, rec: 0.008784)
2025-10-10 13:03:40,049 - INFO - Rank 2: Epoch 44/200 | Avg Val Loss: 0.053533 (seg: 0.048957, rec: 0.004576)
2025-10-10 13:03:45,144 - DEBUG - Rank 2: Epoch 45/200 | Batch 0/65 | Loss: 0.049975 (seg: 0.042552, rec: 0.007422)
2025-10-10 13:04:03,042 - DEBUG - Rank 2: Epoch 45/200 | Batch 10/65 | Loss: 0.055963 (seg: 0.047249, rec: 0.008714)
2025-10-10 13:04:21,394 - DEBUG - Rank 2: Epoch 45/200 | Batch 20/65 | Loss: 0.069862 (seg: 0.060168, rec: 0.009694)
2025-10-10 13:04:41,223 - DEBUG - Rank 2: Epoch 45/200 | Batch 30/65 | Loss: 0.070590 (seg: 0.062558, rec: 0.008031)
2025-10-10 13:04:59,645 - DEBUG - Rank 2: Epoch 45/200 | Batch 40/65 | Loss: 0.047373 (seg: 0.040159, rec: 0.007214)
2025-10-10 13:05:18,106 - DEBUG - Rank 2: Epoch 45/200 | Batch 50/65 | Loss: 0.054465 (seg: 0.047037, rec: 0.007427)
2025-10-10 13:05:36,717 - DEBUG - Rank 2: Epoch 45/200 | Batch 60/65 | Loss: 0.056010 (seg: 0.047328, rec: 0.008682)
2025-10-10 13:05:44,220 - INFO - Rank 2: Epoch 45/200 | Avg Train Loss: 0.056653 (seg: 0.048038, rec: 0.008615)
2025-10-10 13:05:53,952 - INFO - Rank 2: Epoch 45/200 | Avg Val Loss: 0.051064 (seg: 0.046744, rec: 0.004321)
2025-10-10 13:05:58,659 - DEBUG - Rank 2: Epoch 46/200 | Batch 0/65 | Loss: 0.067924 (seg: 0.060203, rec: 0.007721)
2025-10-10 13:06:16,780 - DEBUG - Rank 2: Epoch 46/200 | Batch 10/65 | Loss: 0.051201 (seg: 0.043097, rec: 0.008104)
2025-10-10 13:06:35,411 - DEBUG - Rank 2: Epoch 46/200 | Batch 20/65 | Loss: 0.088116 (seg: 0.079825, rec: 0.008291)
2025-10-10 13:06:54,067 - DEBUG - Rank 2: Epoch 46/200 | Batch 30/65 | Loss: 0.046792 (seg: 0.036778, rec: 0.010014)
2025-10-10 13:07:12,868 - DEBUG - Rank 2: Epoch 46/200 | Batch 40/65 | Loss: 0.057184 (seg: 0.049821, rec: 0.007363)
2025-10-10 13:07:31,449 - DEBUG - Rank 2: Epoch 46/200 | Batch 50/65 | Loss: 0.053396 (seg: 0.045018, rec: 0.008378)
2025-10-10 13:07:50,111 - DEBUG - Rank 2: Epoch 46/200 | Batch 60/65 | Loss: 0.049920 (seg: 0.041862, rec: 0.008058)
2025-10-10 13:07:57,682 - INFO - Rank 2: Epoch 46/200 | Avg Train Loss: 0.058278 (seg: 0.049668, rec: 0.008609)
2025-10-10 13:08:07,193 - INFO - Rank 2: Epoch 46/200 | Avg Val Loss: 0.056113 (seg: 0.049597, rec: 0.006516)
2025-10-10 13:08:11,517 - DEBUG - Rank 2: Epoch 47/200 | Batch 0/65 | Loss: 0.052413 (seg: 0.044396, rec: 0.008018)
2025-10-10 13:08:29,484 - DEBUG - Rank 2: Epoch 47/200 | Batch 10/65 | Loss: 0.047018 (seg: 0.037811, rec: 0.009207)
2025-10-10 13:08:47,913 - DEBUG - Rank 2: Epoch 47/200 | Batch 20/65 | Loss: 0.053454 (seg: 0.045795, rec: 0.007659)
2025-10-10 13:09:06,300 - DEBUG - Rank 2: Epoch 47/200 | Batch 30/65 | Loss: 0.053633 (seg: 0.044542, rec: 0.009091)
2025-10-10 13:09:24,739 - DEBUG - Rank 2: Epoch 47/200 | Batch 40/65 | Loss: 0.059002 (seg: 0.051299, rec: 0.007704)
2025-10-10 13:09:43,156 - DEBUG - Rank 2: Epoch 47/200 | Batch 50/65 | Loss: 0.070052 (seg: 0.061854, rec: 0.008198)
2025-10-10 13:10:01,628 - DEBUG - Rank 2: Epoch 47/200 | Batch 60/65 | Loss: 0.041554 (seg: 0.032852, rec: 0.008702)
2025-10-10 13:10:09,098 - INFO - Rank 2: Epoch 47/200 | Avg Train Loss: 0.061091 (seg: 0.052484, rec: 0.008607)
2025-10-10 13:10:19,997 - INFO - Rank 2: Epoch 47/200 | Avg Val Loss: 0.052542 (seg: 0.048779, rec: 0.003763)
2025-10-10 13:10:24,711 - DEBUG - Rank 2: Epoch 48/200 | Batch 0/65 | Loss: 0.052212 (seg: 0.044462, rec: 0.007750)
2025-10-10 13:10:42,543 - DEBUG - Rank 2: Epoch 48/200 | Batch 10/65 | Loss: 0.063774 (seg: 0.056378, rec: 0.007396)
2025-10-10 13:11:01,092 - DEBUG - Rank 2: Epoch 48/200 | Batch 20/65 | Loss: 0.072252 (seg: 0.060756, rec: 0.011497)
2025-10-10 13:11:19,516 - DEBUG - Rank 2: Epoch 48/200 | Batch 30/65 | Loss: 0.058376 (seg: 0.050513, rec: 0.007863)
2025-10-10 13:11:37,849 - DEBUG - Rank 2: Epoch 48/200 | Batch 40/65 | Loss: 0.058502 (seg: 0.050503, rec: 0.007999)
2025-10-10 13:11:56,226 - DEBUG - Rank 2: Epoch 48/200 | Batch 50/65 | Loss: 0.051868 (seg: 0.042611, rec: 0.009258)
2025-10-10 13:12:14,458 - DEBUG - Rank 2: Epoch 48/200 | Batch 60/65 | Loss: 0.062348 (seg: 0.053214, rec: 0.009135)
2025-10-10 13:12:21,857 - INFO - Rank 2: Epoch 48/200 | Avg Train Loss: 0.057809 (seg: 0.049524, rec: 0.008286)
2025-10-10 13:12:32,309 - INFO - Rank 2: Epoch 48/200 | Avg Val Loss: 0.053592 (seg: 0.047633, rec: 0.005959)
2025-10-10 13:12:36,979 - DEBUG - Rank 2: Epoch 49/200 | Batch 0/65 | Loss: 0.050440 (seg: 0.042089, rec: 0.008351)
2025-10-10 13:12:54,775 - DEBUG - Rank 2: Epoch 49/200 | Batch 10/65 | Loss: 0.046620 (seg: 0.038725, rec: 0.007896)
2025-10-10 13:13:12,954 - DEBUG - Rank 2: Epoch 49/200 | Batch 20/65 | Loss: 0.070472 (seg: 0.061298, rec: 0.009175)
2025-10-10 13:13:31,290 - DEBUG - Rank 2: Epoch 49/200 | Batch 30/65 | Loss: 0.056014 (seg: 0.047734, rec: 0.008280)
2025-10-10 13:13:49,861 - DEBUG - Rank 2: Epoch 49/200 | Batch 40/65 | Loss: 0.059532 (seg: 0.051835, rec: 0.007697)
2025-10-10 13:14:08,250 - DEBUG - Rank 2: Epoch 49/200 | Batch 50/65 | Loss: 0.062307 (seg: 0.050165, rec: 0.012142)
2025-10-10 13:14:26,631 - DEBUG - Rank 2: Epoch 49/200 | Batch 60/65 | Loss: 0.050499 (seg: 0.041144, rec: 0.009355)
2025-10-10 13:14:34,106 - INFO - Rank 2: Epoch 49/200 | Avg Train Loss: 0.056321 (seg: 0.047687, rec: 0.008634)
2025-10-10 13:14:44,178 - INFO - Rank 2: Epoch 49/200 | Avg Val Loss: 0.052323 (seg: 0.048209, rec: 0.004114)
2025-10-10 13:14:49,352 - DEBUG - Rank 2: Epoch 50/200 | Batch 0/65 | Loss: 0.071501 (seg: 0.061946, rec: 0.009555)
2025-10-10 13:15:06,979 - DEBUG - Rank 2: Epoch 50/200 | Batch 10/65 | Loss: 0.059484 (seg: 0.051213, rec: 0.008271)
2025-10-10 13:15:25,093 - DEBUG - Rank 2: Epoch 50/200 | Batch 20/65 | Loss: 0.069749 (seg: 0.061146, rec: 0.008603)
2025-10-10 13:15:43,447 - DEBUG - Rank 2: Epoch 50/200 | Batch 30/65 | Loss: 0.053729 (seg: 0.044518, rec: 0.009212)
2025-10-10 13:16:01,704 - DEBUG - Rank 2: Epoch 50/200 | Batch 40/65 | Loss: 0.051255 (seg: 0.043128, rec: 0.008127)
2025-10-10 13:16:19,984 - DEBUG - Rank 2: Epoch 50/200 | Batch 50/65 | Loss: 0.058596 (seg: 0.050917, rec: 0.007679)
2025-10-10 13:16:38,251 - DEBUG - Rank 2: Epoch 50/200 | Batch 60/65 | Loss: 0.039713 (seg: 0.032049, rec: 0.007664)
2025-10-10 13:16:45,713 - INFO - Rank 2: Epoch 50/200 | Avg Train Loss: 0.054661 (seg: 0.046411, rec: 0.008250)
2025-10-10 13:16:55,907 - INFO - Rank 2: Epoch 50/200 | Avg Val Loss: 0.051405 (seg: 0.046990, rec: 0.004415)
2025-10-10 13:17:00,523 - DEBUG - Rank 2: Epoch 51/200 | Batch 0/65 | Loss: 0.064358 (seg: 0.056090, rec: 0.008268)
2025-10-10 13:17:18,465 - DEBUG - Rank 2: Epoch 51/200 | Batch 10/65 | Loss: 0.073044 (seg: 0.063935, rec: 0.009108)
2025-10-10 13:17:37,039 - DEBUG - Rank 2: Epoch 51/200 | Batch 20/65 | Loss: 0.044738 (seg: 0.036350, rec: 0.008387)
2025-10-10 13:17:55,453 - DEBUG - Rank 2: Epoch 51/200 | Batch 30/65 | Loss: 0.058262 (seg: 0.049936, rec: 0.008327)
2025-10-10 13:18:13,861 - DEBUG - Rank 2: Epoch 51/200 | Batch 40/65 | Loss: 0.048355 (seg: 0.038504, rec: 0.009851)
2025-10-10 13:18:32,311 - DEBUG - Rank 2: Epoch 51/200 | Batch 50/65 | Loss: 0.056493 (seg: 0.048423, rec: 0.008070)
2025-10-10 13:18:50,829 - DEBUG - Rank 2: Epoch 51/200 | Batch 60/65 | Loss: 0.052595 (seg: 0.044166, rec: 0.008429)
2025-10-10 13:18:58,334 - INFO - Rank 2: Epoch 51/200 | Avg Train Loss: 0.058559 (seg: 0.050369, rec: 0.008189)
2025-10-10 13:19:08,950 - INFO - Rank 2: Epoch 51/200 | Avg Val Loss: 0.050031 (seg: 0.045430, rec: 0.004601)
2025-10-10 13:19:14,411 - DEBUG - Rank 2: Epoch 52/200 | Batch 0/65 | Loss: 0.058256 (seg: 0.049044, rec: 0.009212)
2025-10-10 13:19:32,379 - DEBUG - Rank 2: Epoch 52/200 | Batch 10/65 | Loss: 0.043437 (seg: 0.034669, rec: 0.008767)
2025-10-10 13:19:50,820 - DEBUG - Rank 2: Epoch 52/200 | Batch 20/65 | Loss: 0.056071 (seg: 0.045660, rec: 0.010411)
2025-10-10 13:20:09,349 - DEBUG - Rank 2: Epoch 52/200 | Batch 30/65 | Loss: 0.059519 (seg: 0.051664, rec: 0.007855)
2025-10-10 13:20:27,947 - DEBUG - Rank 2: Epoch 52/200 | Batch 40/65 | Loss: 0.059698 (seg: 0.051630, rec: 0.008068)
2025-10-10 13:20:46,556 - DEBUG - Rank 2: Epoch 52/200 | Batch 50/65 | Loss: 0.049219 (seg: 0.041637, rec: 0.007581)
2025-10-10 13:21:05,186 - DEBUG - Rank 2: Epoch 52/200 | Batch 60/65 | Loss: 0.053916 (seg: 0.045508, rec: 0.008408)
2025-10-10 13:21:12,780 - INFO - Rank 2: Epoch 52/200 | Avg Train Loss: 0.054528 (seg: 0.046110, rec: 0.008418)
2025-10-10 13:21:23,633 - INFO - Rank 2: Epoch 52/200 | Avg Val Loss: 0.049260 (seg: 0.045340, rec: 0.003919)
2025-10-10 13:21:28,509 - DEBUG - Rank 2: Epoch 53/200 | Batch 0/65 | Loss: 0.058094 (seg: 0.049800, rec: 0.008294)
2025-10-10 13:21:46,677 - DEBUG - Rank 2: Epoch 53/200 | Batch 10/65 | Loss: 0.063855 (seg: 0.056428, rec: 0.007427)
2025-10-10 13:22:05,130 - DEBUG - Rank 2: Epoch 53/200 | Batch 20/65 | Loss: 0.046603 (seg: 0.037666, rec: 0.008937)
2025-10-10 13:22:23,654 - DEBUG - Rank 2: Epoch 53/200 | Batch 30/65 | Loss: 0.065577 (seg: 0.058335, rec: 0.007242)
2025-10-10 13:22:42,174 - DEBUG - Rank 2: Epoch 53/200 | Batch 40/65 | Loss: 0.064969 (seg: 0.056700, rec: 0.008268)
2025-10-10 13:23:00,662 - DEBUG - Rank 2: Epoch 53/200 | Batch 50/65 | Loss: 0.042585 (seg: 0.033557, rec: 0.009028)
2025-10-10 13:23:19,135 - DEBUG - Rank 2: Epoch 53/200 | Batch 60/65 | Loss: 0.052353 (seg: 0.044746, rec: 0.007607)
2025-10-10 13:23:26,693 - INFO - Rank 2: Epoch 53/200 | Avg Train Loss: 0.058317 (seg: 0.050124, rec: 0.008193)
2025-10-10 13:23:37,495 - INFO - Rank 2: Epoch 53/200 | Avg Val Loss: 0.055022 (seg: 0.050902, rec: 0.004120)
2025-10-10 13:23:42,124 - DEBUG - Rank 2: Epoch 54/200 | Batch 0/65 | Loss: 0.063431 (seg: 0.054273, rec: 0.009158)
2025-10-10 13:24:00,258 - DEBUG - Rank 2: Epoch 54/200 | Batch 10/65 | Loss: 0.057398 (seg: 0.048590, rec: 0.008807)
2025-10-10 13:24:18,596 - DEBUG - Rank 2: Epoch 54/200 | Batch 20/65 | Loss: 0.064484 (seg: 0.056886, rec: 0.007598)
2025-10-10 13:24:37,061 - DEBUG - Rank 2: Epoch 54/200 | Batch 30/65 | Loss: 0.063655 (seg: 0.056123, rec: 0.007532)
2025-10-10 13:24:55,370 - DEBUG - Rank 2: Epoch 54/200 | Batch 40/65 | Loss: 0.039981 (seg: 0.032249, rec: 0.007733)
2025-10-10 13:25:13,749 - DEBUG - Rank 2: Epoch 54/200 | Batch 50/65 | Loss: 0.037868 (seg: 0.030138, rec: 0.007731)
2025-10-10 13:25:32,112 - DEBUG - Rank 2: Epoch 54/200 | Batch 60/65 | Loss: 0.046563 (seg: 0.038556, rec: 0.008007)
2025-10-10 13:25:39,556 - INFO - Rank 2: Epoch 54/200 | Avg Train Loss: 0.054604 (seg: 0.046531, rec: 0.008073)
2025-10-10 13:25:49,504 - INFO - Rank 2: Epoch 54/200 | Avg Val Loss: 0.049349 (seg: 0.044647, rec: 0.004702)
2025-10-10 13:25:54,185 - DEBUG - Rank 2: Epoch 55/200 | Batch 0/65 | Loss: 0.050915 (seg: 0.043162, rec: 0.007753)
2025-10-10 13:26:12,046 - DEBUG - Rank 2: Epoch 55/200 | Batch 10/65 | Loss: 0.051760 (seg: 0.043850, rec: 0.007910)
2025-10-10 13:26:30,380 - DEBUG - Rank 2: Epoch 55/200 | Batch 20/65 | Loss: 0.040701 (seg: 0.032951, rec: 0.007750)
2025-10-10 13:26:48,705 - DEBUG - Rank 2: Epoch 55/200 | Batch 30/65 | Loss: 0.045818 (seg: 0.038385, rec: 0.007433)
2025-10-10 13:27:07,170 - DEBUG - Rank 2: Epoch 55/200 | Batch 40/65 | Loss: 0.062218 (seg: 0.054642, rec: 0.007576)
2025-10-10 13:27:25,553 - DEBUG - Rank 2: Epoch 55/200 | Batch 50/65 | Loss: 0.057785 (seg: 0.049932, rec: 0.007853)
2025-10-10 13:27:43,862 - DEBUG - Rank 2: Epoch 55/200 | Batch 60/65 | Loss: 0.048830 (seg: 0.041051, rec: 0.007779)
2025-10-10 13:27:51,280 - INFO - Rank 2: Epoch 55/200 | Avg Train Loss: 0.053821 (seg: 0.045835, rec: 0.007986)
2025-10-10 13:28:01,583 - INFO - Rank 2: Epoch 55/200 | Avg Val Loss: 0.050499 (seg: 0.045523, rec: 0.004976)
2025-10-10 13:28:06,210 - DEBUG - Rank 2: Epoch 56/200 | Batch 0/65 | Loss: 0.050614 (seg: 0.042325, rec: 0.008290)
2025-10-10 13:28:24,194 - DEBUG - Rank 2: Epoch 56/200 | Batch 10/65 | Loss: 0.043794 (seg: 0.035920, rec: 0.007875)
2025-10-10 13:28:42,665 - DEBUG - Rank 2: Epoch 56/200 | Batch 20/65 | Loss: 0.044969 (seg: 0.034608, rec: 0.010361)
2025-10-10 13:29:01,122 - DEBUG - Rank 2: Epoch 56/200 | Batch 30/65 | Loss: 0.054680 (seg: 0.045726, rec: 0.008954)
2025-10-10 13:29:19,569 - DEBUG - Rank 2: Epoch 56/200 | Batch 40/65 | Loss: 0.059925 (seg: 0.052982, rec: 0.006943)
2025-10-10 13:29:37,989 - DEBUG - Rank 2: Epoch 56/200 | Batch 50/65 | Loss: 0.152707 (seg: 0.143136, rec: 0.009570)
2025-10-10 13:29:56,456 - DEBUG - Rank 2: Epoch 56/200 | Batch 60/65 | Loss: 0.048012 (seg: 0.039882, rec: 0.008130)
2025-10-10 13:30:03,879 - INFO - Rank 2: Epoch 56/200 | Avg Train Loss: 0.058887 (seg: 0.050706, rec: 0.008181)
2025-10-10 13:30:15,093 - INFO - Rank 2: Epoch 56/200 | Avg Val Loss: 0.048763 (seg: 0.044464, rec: 0.004299)
2025-10-10 13:30:19,603 - DEBUG - Rank 2: Epoch 57/200 | Batch 0/65 | Loss: 0.052204 (seg: 0.044757, rec: 0.007447)
2025-10-10 13:30:37,465 - DEBUG - Rank 2: Epoch 57/200 | Batch 10/65 | Loss: 0.052389 (seg: 0.044965, rec: 0.007424)
2025-10-10 13:30:55,804 - DEBUG - Rank 2: Epoch 57/200 | Batch 20/65 | Loss: 0.045700 (seg: 0.037419, rec: 0.008280)
2025-10-10 13:31:14,270 - DEBUG - Rank 2: Epoch 57/200 | Batch 30/65 | Loss: 0.049450 (seg: 0.041473, rec: 0.007977)
2025-10-10 13:31:32,806 - DEBUG - Rank 2: Epoch 57/200 | Batch 40/65 | Loss: 0.042916 (seg: 0.034759, rec: 0.008157)
2025-10-10 13:31:51,599 - DEBUG - Rank 2: Epoch 57/200 | Batch 50/65 | Loss: 0.043795 (seg: 0.036437, rec: 0.007358)
2025-10-10 13:32:10,273 - DEBUG - Rank 2: Epoch 57/200 | Batch 60/65 | Loss: 0.057555 (seg: 0.049597, rec: 0.007958)
2025-10-10 13:32:17,793 - INFO - Rank 2: Epoch 57/200 | Avg Train Loss: 0.052686 (seg: 0.044588, rec: 0.008098)
2025-10-10 13:32:29,109 - INFO - Rank 2: Epoch 57/200 | Avg Val Loss: 0.048225 (seg: 0.044229, rec: 0.003996)
2025-10-10 13:32:33,734 - DEBUG - Rank 2: Epoch 58/200 | Batch 0/65 | Loss: 0.050897 (seg: 0.042990, rec: 0.007907)
2025-10-10 13:32:51,959 - DEBUG - Rank 2: Epoch 58/200 | Batch 10/65 | Loss: 0.043520 (seg: 0.034685, rec: 0.008835)
2025-10-10 13:33:10,646 - DEBUG - Rank 2: Epoch 58/200 | Batch 20/65 | Loss: 0.050252 (seg: 0.042218, rec: 0.008035)
2025-10-10 13:33:29,782 - DEBUG - Rank 2: Epoch 58/200 | Batch 30/65 | Loss: 0.045227 (seg: 0.037994, rec: 0.007233)
2025-10-10 13:33:48,538 - DEBUG - Rank 2: Epoch 58/200 | Batch 40/65 | Loss: 0.052999 (seg: 0.044112, rec: 0.008887)
2025-10-10 13:34:07,304 - DEBUG - Rank 2: Epoch 58/200 | Batch 50/65 | Loss: 0.045133 (seg: 0.038080, rec: 0.007053)
2025-10-10 13:34:26,155 - DEBUG - Rank 2: Epoch 58/200 | Batch 60/65 | Loss: 0.054768 (seg: 0.047174, rec: 0.007594)
2025-10-10 13:34:33,801 - INFO - Rank 2: Epoch 58/200 | Avg Train Loss: 0.052924 (seg: 0.044973, rec: 0.007951)
2025-10-10 13:34:44,391 - INFO - Rank 2: Epoch 58/200 | Avg Val Loss: 0.048845 (seg: 0.044884, rec: 0.003961)
2025-10-10 13:34:48,817 - DEBUG - Rank 2: Epoch 59/200 | Batch 0/65 | Loss: 0.031336 (seg: 0.023566, rec: 0.007770)
2025-10-10 13:35:06,940 - DEBUG - Rank 2: Epoch 59/200 | Batch 10/65 | Loss: 0.048065 (seg: 0.040845, rec: 0.007220)
2025-10-10 13:35:25,458 - DEBUG - Rank 2: Epoch 59/200 | Batch 20/65 | Loss: 0.041026 (seg: 0.034270, rec: 0.006756)
2025-10-10 13:35:44,087 - DEBUG - Rank 2: Epoch 59/200 | Batch 30/65 | Loss: 0.041441 (seg: 0.033409, rec: 0.008032)
2025-10-10 13:36:02,611 - DEBUG - Rank 2: Epoch 59/200 | Batch 40/65 | Loss: 0.056530 (seg: 0.048771, rec: 0.007760)
2025-10-10 13:36:21,174 - DEBUG - Rank 2: Epoch 59/200 | Batch 50/65 | Loss: 0.058421 (seg: 0.050792, rec: 0.007629)
2025-10-10 13:36:39,664 - DEBUG - Rank 2: Epoch 59/200 | Batch 60/65 | Loss: 0.052442 (seg: 0.044781, rec: 0.007661)
2025-10-10 13:36:47,180 - INFO - Rank 2: Epoch 59/200 | Avg Train Loss: 0.052615 (seg: 0.044701, rec: 0.007914)
2025-10-10 13:36:57,034 - INFO - Rank 2: Epoch 59/200 | Avg Val Loss: 0.048795 (seg: 0.044665, rec: 0.004130)
2025-10-10 13:37:01,772 - DEBUG - Rank 2: Epoch 60/200 | Batch 0/65 | Loss: 0.041659 (seg: 0.034411, rec: 0.007249)
2025-10-10 13:37:19,693 - DEBUG - Rank 2: Epoch 60/200 | Batch 10/65 | Loss: 0.054724 (seg: 0.046744, rec: 0.007981)
2025-10-10 13:37:38,097 - DEBUG - Rank 2: Epoch 60/200 | Batch 20/65 | Loss: 0.047258 (seg: 0.040472, rec: 0.006786)
2025-10-10 13:37:56,410 - DEBUG - Rank 2: Epoch 60/200 | Batch 30/65 | Loss: 0.050089 (seg: 0.041125, rec: 0.008964)
2025-10-10 13:38:14,831 - DEBUG - Rank 2: Epoch 60/200 | Batch 40/65 | Loss: 0.043715 (seg: 0.035431, rec: 0.008284)
2025-10-10 13:38:33,168 - DEBUG - Rank 2: Epoch 60/200 | Batch 50/65 | Loss: 0.048852 (seg: 0.040561, rec: 0.008291)
2025-10-10 13:38:51,459 - DEBUG - Rank 2: Epoch 60/200 | Batch 60/65 | Loss: 0.047171 (seg: 0.039414, rec: 0.007757)
2025-10-10 13:38:58,861 - INFO - Rank 2: Epoch 60/200 | Avg Train Loss: 0.053830 (seg: 0.045917, rec: 0.007913)
2025-10-10 13:39:08,692 - INFO - Rank 2: Epoch 60/200 | Avg Val Loss: 0.049579 (seg: 0.045424, rec: 0.004155)
2025-10-10 13:39:12,988 - DEBUG - Rank 2: Epoch 61/200 | Batch 0/65 | Loss: 0.078863 (seg: 0.071196, rec: 0.007668)
2025-10-10 13:39:30,860 - DEBUG - Rank 2: Epoch 61/200 | Batch 10/65 | Loss: 0.052825 (seg: 0.045025, rec: 0.007800)
2025-10-10 13:39:49,044 - DEBUG - Rank 2: Epoch 61/200 | Batch 20/65 | Loss: 0.042900 (seg: 0.035723, rec: 0.007177)
2025-10-10 13:40:07,405 - DEBUG - Rank 2: Epoch 61/200 | Batch 30/65 | Loss: 0.053187 (seg: 0.045646, rec: 0.007541)
2025-10-10 13:40:25,671 - DEBUG - Rank 2: Epoch 61/200 | Batch 40/65 | Loss: 0.046044 (seg: 0.036635, rec: 0.009408)
2025-10-10 13:40:43,955 - DEBUG - Rank 2: Epoch 61/200 | Batch 50/65 | Loss: 0.041777 (seg: 0.034766, rec: 0.007011)
2025-10-10 13:41:02,202 - DEBUG - Rank 2: Epoch 61/200 | Batch 60/65 | Loss: 0.052574 (seg: 0.045224, rec: 0.007349)
2025-10-10 13:41:09,912 - INFO - Rank 2: Epoch 61/200 | Avg Train Loss: 0.052819 (seg: 0.045058, rec: 0.007761)
2025-10-10 13:41:19,894 - INFO - Rank 2: Epoch 61/200 | Avg Val Loss: 0.048630 (seg: 0.044555, rec: 0.004075)
2025-10-10 13:41:24,212 - DEBUG - Rank 2: Epoch 62/200 | Batch 0/65 | Loss: 0.042428 (seg: 0.035264, rec: 0.007165)
2025-10-10 13:41:41,816 - DEBUG - Rank 2: Epoch 62/200 | Batch 10/65 | Loss: 0.045762 (seg: 0.037332, rec: 0.008430)
2025-10-10 13:41:59,868 - DEBUG - Rank 2: Epoch 62/200 | Batch 20/65 | Loss: 0.047330 (seg: 0.039700, rec: 0.007630)
2025-10-10 13:42:18,032 - DEBUG - Rank 2: Epoch 62/200 | Batch 30/65 | Loss: 0.037146 (seg: 0.029389, rec: 0.007757)
2025-10-10 13:42:36,547 - DEBUG - Rank 2: Epoch 62/200 | Batch 40/65 | Loss: 0.035753 (seg: 0.026756, rec: 0.008998)
2025-10-10 13:42:55,243 - DEBUG - Rank 2: Epoch 62/200 | Batch 50/65 | Loss: 0.047673 (seg: 0.040750, rec: 0.006924)
2025-10-10 13:43:13,534 - DEBUG - Rank 2: Epoch 62/200 | Batch 60/65 | Loss: 0.043775 (seg: 0.034711, rec: 0.009065)
2025-10-10 13:43:21,011 - INFO - Rank 2: Epoch 62/200 | Avg Train Loss: 0.051410 (seg: 0.043267, rec: 0.008143)
2025-10-10 13:43:32,370 - INFO - Rank 2: Epoch 62/200 | Avg Val Loss: 0.050582 (seg: 0.044820, rec: 0.005762)
2025-10-10 13:43:36,964 - DEBUG - Rank 2: Epoch 63/200 | Batch 0/65 | Loss: 0.060243 (seg: 0.051295, rec: 0.008948)
2025-10-10 13:43:54,641 - DEBUG - Rank 2: Epoch 63/200 | Batch 10/65 | Loss: 0.058728 (seg: 0.047535, rec: 0.011193)
2025-10-10 13:44:12,744 - DEBUG - Rank 2: Epoch 63/200 | Batch 20/65 | Loss: 0.046584 (seg: 0.037777, rec: 0.008807)
2025-10-10 13:44:30,961 - DEBUG - Rank 2: Epoch 63/200 | Batch 30/65 | Loss: 0.059940 (seg: 0.052733, rec: 0.007206)
2025-10-10 13:44:49,343 - DEBUG - Rank 2: Epoch 63/200 | Batch 40/65 | Loss: 0.038524 (seg: 0.029324, rec: 0.009200)
2025-10-10 13:45:07,561 - DEBUG - Rank 2: Epoch 63/200 | Batch 50/65 | Loss: 0.055631 (seg: 0.048084, rec: 0.007547)
2025-10-10 13:45:25,768 - DEBUG - Rank 2: Epoch 63/200 | Batch 60/65 | Loss: 0.061065 (seg: 0.052136, rec: 0.008929)
2025-10-10 13:45:33,632 - INFO - Rank 2: Epoch 63/200 | Avg Train Loss: 0.051825 (seg: 0.043647, rec: 0.008178)
2025-10-10 13:45:44,050 - INFO - Rank 2: Epoch 63/200 | Avg Val Loss: 0.048075 (seg: 0.043747, rec: 0.004328)
2025-10-10 13:45:48,548 - DEBUG - Rank 2: Epoch 64/200 | Batch 0/65 | Loss: 0.046829 (seg: 0.038928, rec: 0.007901)
2025-10-10 13:46:06,244 - DEBUG - Rank 2: Epoch 64/200 | Batch 10/65 | Loss: 0.049977 (seg: 0.041376, rec: 0.008601)
2025-10-10 13:46:24,302 - DEBUG - Rank 2: Epoch 64/200 | Batch 20/65 | Loss: 0.046695 (seg: 0.039010, rec: 0.007685)
2025-10-10 13:46:42,863 - DEBUG - Rank 2: Epoch 64/200 | Batch 30/65 | Loss: 0.044697 (seg: 0.037331, rec: 0.007366)
2025-10-10 13:47:01,148 - DEBUG - Rank 2: Epoch 64/200 | Batch 40/65 | Loss: 0.067593 (seg: 0.059770, rec: 0.007823)
2025-10-10 13:47:19,594 - DEBUG - Rank 2: Epoch 64/200 | Batch 50/65 | Loss: 0.054525 (seg: 0.046943, rec: 0.007582)
2025-10-10 13:47:37,982 - DEBUG - Rank 2: Epoch 64/200 | Batch 60/65 | Loss: 0.080050 (seg: 0.072862, rec: 0.007188)
2025-10-10 13:47:45,426 - INFO - Rank 2: Epoch 64/200 | Avg Train Loss: 0.052790 (seg: 0.044871, rec: 0.007919)
2025-10-10 13:47:56,222 - INFO - Rank 2: Epoch 64/200 | Avg Val Loss: 0.045885 (seg: 0.042161, rec: 0.003725)
2025-10-10 13:48:01,031 - DEBUG - Rank 2: Epoch 65/200 | Batch 0/65 | Loss: 0.043584 (seg: 0.035810, rec: 0.007773)
2025-10-10 13:48:18,904 - DEBUG - Rank 2: Epoch 65/200 | Batch 10/65 | Loss: 0.056602 (seg: 0.049709, rec: 0.006893)
2025-10-10 13:48:37,213 - DEBUG - Rank 2: Epoch 65/200 | Batch 20/65 | Loss: 0.044071 (seg: 0.036574, rec: 0.007498)
2025-10-10 13:48:55,733 - DEBUG - Rank 2: Epoch 65/200 | Batch 30/65 | Loss: 0.047527 (seg: 0.039712, rec: 0.007814)
2025-10-10 13:49:14,222 - DEBUG - Rank 2: Epoch 65/200 | Batch 40/65 | Loss: 0.047740 (seg: 0.039922, rec: 0.007818)
2025-10-10 13:49:32,633 - DEBUG - Rank 2: Epoch 65/200 | Batch 50/65 | Loss: 0.041242 (seg: 0.034134, rec: 0.007109)
2025-10-10 13:49:51,011 - DEBUG - Rank 2: Epoch 65/200 | Batch 60/65 | Loss: 0.064244 (seg: 0.057263, rec: 0.006981)
2025-10-10 13:49:58,514 - INFO - Rank 2: Epoch 65/200 | Avg Train Loss: 0.051661 (seg: 0.043850, rec: 0.007811)
2025-10-10 13:50:10,085 - INFO - Rank 2: Epoch 65/200 | Avg Val Loss: 0.047046 (seg: 0.042774, rec: 0.004272)
2025-10-10 13:50:14,681 - DEBUG - Rank 2: Epoch 66/200 | Batch 0/65 | Loss: 0.053096 (seg: 0.044700, rec: 0.008396)
2025-10-10 13:50:32,773 - DEBUG - Rank 2: Epoch 66/200 | Batch 10/65 | Loss: 0.078817 (seg: 0.070479, rec: 0.008337)
2025-10-10 13:50:51,299 - DEBUG - Rank 2: Epoch 66/200 | Batch 20/65 | Loss: 0.054324 (seg: 0.047343, rec: 0.006981)
2025-10-10 13:51:10,070 - DEBUG - Rank 2: Epoch 66/200 | Batch 30/65 | Loss: 0.042768 (seg: 0.033294, rec: 0.009474)
2025-10-10 13:51:29,136 - DEBUG - Rank 2: Epoch 66/200 | Batch 40/65 | Loss: 0.042512 (seg: 0.036073, rec: 0.006439)
2025-10-10 13:51:47,658 - DEBUG - Rank 2: Epoch 66/200 | Batch 50/65 | Loss: 0.037751 (seg: 0.030363, rec: 0.007388)
2025-10-10 13:52:06,185 - DEBUG - Rank 2: Epoch 66/200 | Batch 60/65 | Loss: 0.046015 (seg: 0.038192, rec: 0.007823)
2025-10-10 13:52:13,738 - INFO - Rank 2: Epoch 66/200 | Avg Train Loss: 0.051396 (seg: 0.043669, rec: 0.007727)
2025-10-10 13:52:24,325 - INFO - Rank 2: Epoch 66/200 | Avg Val Loss: 0.047359 (seg: 0.042842, rec: 0.004516)
2025-10-10 13:52:28,970 - DEBUG - Rank 2: Epoch 67/200 | Batch 0/65 | Loss: 0.034151 (seg: 0.027025, rec: 0.007126)
2025-10-10 13:52:47,212 - DEBUG - Rank 2: Epoch 67/200 | Batch 10/65 | Loss: 0.067716 (seg: 0.060430, rec: 0.007286)
2025-10-10 13:53:05,630 - DEBUG - Rank 2: Epoch 67/200 | Batch 20/65 | Loss: 0.042700 (seg: 0.035843, rec: 0.006856)
2025-10-10 13:53:24,295 - DEBUG - Rank 2: Epoch 67/200 | Batch 30/65 | Loss: 0.049105 (seg: 0.041214, rec: 0.007891)
2025-10-10 13:53:43,544 - DEBUG - Rank 2: Epoch 67/200 | Batch 40/65 | Loss: 0.047962 (seg: 0.040380, rec: 0.007583)
2025-10-10 13:54:02,029 - DEBUG - Rank 2: Epoch 67/200 | Batch 50/65 | Loss: 0.047326 (seg: 0.039090, rec: 0.008236)
2025-10-10 13:54:20,548 - DEBUG - Rank 2: Epoch 67/200 | Batch 60/65 | Loss: 0.036224 (seg: 0.029371, rec: 0.006853)
2025-10-10 13:54:28,019 - INFO - Rank 2: Epoch 67/200 | Avg Train Loss: 0.049084 (seg: 0.041532, rec: 0.007552)
2025-10-10 13:54:38,984 - INFO - Rank 2: Epoch 67/200 | Avg Val Loss: 0.049880 (seg: 0.045985, rec: 0.003895)
2025-10-10 13:54:43,743 - DEBUG - Rank 2: Epoch 68/200 | Batch 0/65 | Loss: 0.058486 (seg: 0.050751, rec: 0.007735)
2025-10-10 13:55:01,675 - DEBUG - Rank 2: Epoch 68/200 | Batch 10/65 | Loss: 0.049965 (seg: 0.042380, rec: 0.007585)
2025-10-10 13:55:20,104 - DEBUG - Rank 2: Epoch 68/200 | Batch 20/65 | Loss: 0.063225 (seg: 0.054331, rec: 0.008894)
2025-10-10 13:55:38,622 - DEBUG - Rank 2: Epoch 68/200 | Batch 30/65 | Loss: 0.040716 (seg: 0.032567, rec: 0.008149)
2025-10-10 13:55:57,032 - DEBUG - Rank 2: Epoch 68/200 | Batch 40/65 | Loss: 0.055089 (seg: 0.048065, rec: 0.007025)
2025-10-10 13:56:15,475 - DEBUG - Rank 2: Epoch 68/200 | Batch 50/65 | Loss: 0.062189 (seg: 0.055062, rec: 0.007127)
2025-10-10 13:56:33,902 - DEBUG - Rank 2: Epoch 68/200 | Batch 60/65 | Loss: 0.054990 (seg: 0.048264, rec: 0.006725)
2025-10-10 13:56:41,457 - INFO - Rank 2: Epoch 68/200 | Avg Train Loss: 0.052612 (seg: 0.044879, rec: 0.007733)
2025-10-10 13:56:51,948 - INFO - Rank 2: Epoch 68/200 | Avg Val Loss: 0.047256 (seg: 0.043521, rec: 0.003735)
2025-10-10 13:56:56,372 - DEBUG - Rank 2: Epoch 69/200 | Batch 0/65 | Loss: 0.053399 (seg: 0.046336, rec: 0.007064)
2025-10-10 13:57:14,447 - DEBUG - Rank 2: Epoch 69/200 | Batch 10/65 | Loss: 0.040165 (seg: 0.032964, rec: 0.007201)
2025-10-10 13:57:32,824 - DEBUG - Rank 2: Epoch 69/200 | Batch 20/65 | Loss: 0.037357 (seg: 0.029539, rec: 0.007818)
2025-10-10 13:57:51,273 - DEBUG - Rank 2: Epoch 69/200 | Batch 30/65 | Loss: 0.042728 (seg: 0.035880, rec: 0.006848)
2025-10-10 13:58:09,639 - DEBUG - Rank 2: Epoch 69/200 | Batch 40/65 | Loss: 0.047157 (seg: 0.040312, rec: 0.006846)
2025-10-10 13:58:28,011 - DEBUG - Rank 2: Epoch 69/200 | Batch 50/65 | Loss: 0.052052 (seg: 0.044268, rec: 0.007784)
2025-10-10 13:58:46,496 - DEBUG - Rank 2: Epoch 69/200 | Batch 60/65 | Loss: 0.044234 (seg: 0.036044, rec: 0.008190)
2025-10-10 13:58:53,939 - INFO - Rank 2: Epoch 69/200 | Avg Train Loss: 0.053732 (seg: 0.045970, rec: 0.007762)
2025-10-10 13:59:04,281 - INFO - Rank 2: Epoch 69/200 | Avg Val Loss: 0.046310 (seg: 0.042675, rec: 0.003635)
2025-10-10 13:59:09,027 - DEBUG - Rank 2: Epoch 70/200 | Batch 0/65 | Loss: 0.038412 (seg: 0.031088, rec: 0.007323)
2025-10-10 13:59:27,015 - DEBUG - Rank 2: Epoch 70/200 | Batch 10/65 | Loss: 0.038718 (seg: 0.031329, rec: 0.007389)
2025-10-10 13:59:45,206 - DEBUG - Rank 2: Epoch 70/200 | Batch 20/65 | Loss: 0.037728 (seg: 0.030198, rec: 0.007531)
2025-10-10 14:00:03,467 - DEBUG - Rank 2: Epoch 70/200 | Batch 30/65 | Loss: 0.049196 (seg: 0.041829, rec: 0.007366)
2025-10-10 14:00:21,750 - DEBUG - Rank 2: Epoch 70/200 | Batch 40/65 | Loss: 0.042082 (seg: 0.034616, rec: 0.007467)
2025-10-10 14:00:40,061 - DEBUG - Rank 2: Epoch 70/200 | Batch 50/65 | Loss: 0.058163 (seg: 0.049618, rec: 0.008545)
2025-10-10 14:00:58,384 - DEBUG - Rank 2: Epoch 70/200 | Batch 60/65 | Loss: 0.038970 (seg: 0.031960, rec: 0.007010)
2025-10-10 14:01:05,830 - INFO - Rank 2: Epoch 70/200 | Avg Train Loss: 0.048632 (seg: 0.040838, rec: 0.007794)
2025-10-10 14:01:16,673 - INFO - Rank 2: Epoch 70/200 | Avg Val Loss: 0.049651 (seg: 0.045196, rec: 0.004455)
2025-10-10 14:01:21,481 - DEBUG - Rank 2: Epoch 71/200 | Batch 0/65 | Loss: 0.056590 (seg: 0.049739, rec: 0.006851)
2025-10-10 14:01:39,104 - DEBUG - Rank 2: Epoch 71/200 | Batch 10/65 | Loss: 0.045625 (seg: 0.038566, rec: 0.007059)
2025-10-10 14:01:57,138 - DEBUG - Rank 2: Epoch 71/200 | Batch 20/65 | Loss: 0.037200 (seg: 0.029956, rec: 0.007244)
2025-10-10 14:02:15,616 - DEBUG - Rank 2: Epoch 71/200 | Batch 30/65 | Loss: 0.045248 (seg: 0.036625, rec: 0.008623)
2025-10-10 14:02:33,833 - DEBUG - Rank 2: Epoch 71/200 | Batch 40/65 | Loss: 0.055105 (seg: 0.048019, rec: 0.007086)
2025-10-10 14:02:52,102 - DEBUG - Rank 2: Epoch 71/200 | Batch 50/65 | Loss: 0.049900 (seg: 0.043014, rec: 0.006887)
2025-10-10 14:03:10,465 - DEBUG - Rank 2: Epoch 71/200 | Batch 60/65 | Loss: 0.041121 (seg: 0.033929, rec: 0.007192)
2025-10-10 14:03:17,916 - INFO - Rank 2: Epoch 71/200 | Avg Train Loss: 0.050343 (seg: 0.043073, rec: 0.007270)
2025-10-10 14:03:29,043 - INFO - Rank 2: Epoch 71/200 | Avg Val Loss: 0.047376 (seg: 0.043058, rec: 0.004318)
2025-10-10 14:03:34,061 - DEBUG - Rank 2: Epoch 72/200 | Batch 0/65 | Loss: 0.051211 (seg: 0.044346, rec: 0.006866)
2025-10-10 14:03:52,005 - DEBUG - Rank 2: Epoch 72/200 | Batch 10/65 | Loss: 0.039429 (seg: 0.031702, rec: 0.007727)
2025-10-10 14:04:10,464 - DEBUG - Rank 2: Epoch 72/200 | Batch 20/65 | Loss: 0.047211 (seg: 0.040223, rec: 0.006988)
2025-10-10 14:04:28,888 - DEBUG - Rank 2: Epoch 72/200 | Batch 30/65 | Loss: 0.040684 (seg: 0.033523, rec: 0.007160)
2025-10-10 14:04:47,388 - DEBUG - Rank 2: Epoch 72/200 | Batch 40/65 | Loss: 0.042166 (seg: 0.035048, rec: 0.007118)
2025-10-10 14:05:05,946 - DEBUG - Rank 2: Epoch 72/200 | Batch 50/65 | Loss: 0.035668 (seg: 0.028207, rec: 0.007462)
2025-10-10 14:05:25,141 - DEBUG - Rank 2: Epoch 72/200 | Batch 60/65 | Loss: 0.066336 (seg: 0.058977, rec: 0.007358)
2025-10-10 14:05:32,667 - INFO - Rank 2: Epoch 72/200 | Avg Train Loss: 0.049928 (seg: 0.042423, rec: 0.007505)
2025-10-10 14:05:42,270 - INFO - Rank 2: Epoch 72/200 | Avg Val Loss: 0.049027 (seg: 0.044997, rec: 0.004030)
2025-10-10 14:05:46,878 - DEBUG - Rank 2: Epoch 73/200 | Batch 0/65 | Loss: 0.053060 (seg: 0.045065, rec: 0.007995)
2025-10-10 14:06:04,884 - DEBUG - Rank 2: Epoch 73/200 | Batch 10/65 | Loss: 0.041497 (seg: 0.034544, rec: 0.006953)
2025-10-10 14:06:23,306 - DEBUG - Rank 2: Epoch 73/200 | Batch 20/65 | Loss: 0.047184 (seg: 0.039903, rec: 0.007280)
2025-10-10 14:06:41,795 - DEBUG - Rank 2: Epoch 73/200 | Batch 30/65 | Loss: 0.049626 (seg: 0.042794, rec: 0.006832)
2025-10-10 14:07:00,304 - DEBUG - Rank 2: Epoch 73/200 | Batch 40/65 | Loss: 0.047664 (seg: 0.040386, rec: 0.007278)
2025-10-10 14:07:18,885 - DEBUG - Rank 2: Epoch 73/200 | Batch 50/65 | Loss: 0.044853 (seg: 0.037712, rec: 0.007142)
2025-10-10 14:07:37,528 - DEBUG - Rank 2: Epoch 73/200 | Batch 60/65 | Loss: 0.048534 (seg: 0.040637, rec: 0.007897)
2025-10-10 14:07:45,137 - INFO - Rank 2: Epoch 73/200 | Avg Train Loss: 0.048794 (seg: 0.041234, rec: 0.007560)
2025-10-10 14:07:55,674 - INFO - Rank 2: Epoch 73/200 | Avg Val Loss: 0.047676 (seg: 0.043695, rec: 0.003981)
2025-10-10 14:08:00,427 - DEBUG - Rank 2: Epoch 74/200 | Batch 0/65 | Loss: 0.044590 (seg: 0.037336, rec: 0.007254)
2025-10-10 14:08:18,531 - DEBUG - Rank 2: Epoch 74/200 | Batch 10/65 | Loss: 0.066673 (seg: 0.059168, rec: 0.007505)
2025-10-10 14:08:36,970 - DEBUG - Rank 2: Epoch 74/200 | Batch 20/65 | Loss: 0.056131 (seg: 0.049319, rec: 0.006812)
2025-10-10 14:08:55,499 - DEBUG - Rank 2: Epoch 74/200 | Batch 30/65 | Loss: 0.035437 (seg: 0.027747, rec: 0.007691)
2025-10-10 14:09:13,963 - DEBUG - Rank 2: Epoch 74/200 | Batch 40/65 | Loss: 0.045757 (seg: 0.039149, rec: 0.006608)
2025-10-10 14:09:32,414 - DEBUG - Rank 2: Epoch 74/200 | Batch 50/65 | Loss: 0.048180 (seg: 0.040074, rec: 0.008106)
2025-10-10 14:09:50,856 - DEBUG - Rank 2: Epoch 74/200 | Batch 60/65 | Loss: 0.032945 (seg: 0.026143, rec: 0.006802)
2025-10-10 14:09:58,360 - INFO - Rank 2: Epoch 74/200 | Avg Train Loss: 0.049683 (seg: 0.042212, rec: 0.007471)
2025-10-10 14:10:09,930 - INFO - Rank 2: Epoch 74/200 | Avg Val Loss: 0.045352 (seg: 0.041431, rec: 0.003921)
2025-10-10 14:10:14,749 - DEBUG - Rank 2: Epoch 75/200 | Batch 0/65 | Loss: 0.035009 (seg: 0.027598, rec: 0.007410)
2025-10-10 14:10:32,776 - DEBUG - Rank 2: Epoch 75/200 | Batch 10/65 | Loss: 0.050911 (seg: 0.044159, rec: 0.006752)
2025-10-10 14:10:51,084 - DEBUG - Rank 2: Epoch 75/200 | Batch 20/65 | Loss: 0.073491 (seg: 0.065882, rec: 0.007609)
2025-10-10 14:11:09,464 - DEBUG - Rank 2: Epoch 75/200 | Batch 30/65 | Loss: 0.046459 (seg: 0.039637, rec: 0.006822)
2025-10-10 14:11:27,731 - DEBUG - Rank 2: Epoch 75/200 | Batch 40/65 | Loss: 0.044606 (seg: 0.036233, rec: 0.008373)
2025-10-10 14:11:46,111 - DEBUG - Rank 2: Epoch 75/200 | Batch 50/65 | Loss: 0.050277 (seg: 0.043364, rec: 0.006913)
2025-10-10 14:12:04,370 - DEBUG - Rank 2: Epoch 75/200 | Batch 60/65 | Loss: 0.038912 (seg: 0.031515, rec: 0.007397)
2025-10-10 14:12:11,945 - INFO - Rank 2: Epoch 75/200 | Avg Train Loss: 0.051072 (seg: 0.043908, rec: 0.007164)
2025-10-10 14:12:22,401 - INFO - Rank 2: Epoch 75/200 | Avg Val Loss: 0.044994 (seg: 0.041534, rec: 0.003460)
2025-10-10 14:12:26,974 - DEBUG - Rank 2: Epoch 76/200 | Batch 0/65 | Loss: 0.045356 (seg: 0.038084, rec: 0.007273)
2025-10-10 14:12:46,431 - DEBUG - Rank 2: Epoch 76/200 | Batch 10/65 | Loss: 0.064234 (seg: 0.056371, rec: 0.007863)
2025-10-10 14:13:04,415 - DEBUG - Rank 2: Epoch 76/200 | Batch 20/65 | Loss: 0.040883 (seg: 0.032965, rec: 0.007919)
2025-10-10 14:13:23,336 - DEBUG - Rank 2: Epoch 76/200 | Batch 30/65 | Loss: 0.055621 (seg: 0.048021, rec: 0.007600)
2025-10-10 14:13:41,669 - DEBUG - Rank 2: Epoch 76/200 | Batch 40/65 | Loss: 0.054887 (seg: 0.047854, rec: 0.007033)
2025-10-10 14:14:00,062 - DEBUG - Rank 2: Epoch 76/200 | Batch 50/65 | Loss: 0.059556 (seg: 0.051509, rec: 0.008047)
2025-10-10 14:14:18,307 - DEBUG - Rank 2: Epoch 76/200 | Batch 60/65 | Loss: 0.046590 (seg: 0.040106, rec: 0.006483)
2025-10-10 14:14:25,782 - INFO - Rank 2: Epoch 76/200 | Avg Train Loss: 0.049619 (seg: 0.042279, rec: 0.007340)
2025-10-10 14:14:36,593 - INFO - Rank 2: Epoch 76/200 | Avg Val Loss: 0.045222 (seg: 0.041202, rec: 0.004020)
2025-10-10 14:14:41,164 - DEBUG - Rank 2: Epoch 77/200 | Batch 0/65 | Loss: 0.048782 (seg: 0.041482, rec: 0.007300)
2025-10-10 14:14:59,107 - DEBUG - Rank 2: Epoch 77/200 | Batch 10/65 | Loss: 0.043089 (seg: 0.034959, rec: 0.008130)
2025-10-10 14:15:17,382 - DEBUG - Rank 2: Epoch 77/200 | Batch 20/65 | Loss: 0.041110 (seg: 0.032756, rec: 0.008354)
2025-10-10 14:15:35,734 - DEBUG - Rank 2: Epoch 77/200 | Batch 30/65 | Loss: 0.047234 (seg: 0.040000, rec: 0.007234)
2025-10-10 14:15:54,054 - DEBUG - Rank 2: Epoch 77/200 | Batch 40/65 | Loss: 0.047342 (seg: 0.038218, rec: 0.009125)
2025-10-10 14:16:12,378 - DEBUG - Rank 2: Epoch 77/200 | Batch 50/65 | Loss: 0.044924 (seg: 0.037724, rec: 0.007200)
2025-10-10 14:16:30,581 - DEBUG - Rank 2: Epoch 77/200 | Batch 60/65 | Loss: 0.031120 (seg: 0.024194, rec: 0.006926)
2025-10-10 14:16:38,028 - INFO - Rank 2: Epoch 77/200 | Avg Train Loss: 0.045778 (seg: 0.038409, rec: 0.007369)
2025-10-10 14:16:48,437 - INFO - Rank 2: Epoch 77/200 | Avg Val Loss: 0.044859 (seg: 0.040890, rec: 0.003969)
2025-10-10 14:16:53,133 - DEBUG - Rank 2: Epoch 78/200 | Batch 0/65 | Loss: 0.069439 (seg: 0.060699, rec: 0.008740)
2025-10-10 14:17:10,869 - DEBUG - Rank 2: Epoch 78/200 | Batch 10/65 | Loss: 0.035195 (seg: 0.027496, rec: 0.007699)
2025-10-10 14:17:28,993 - DEBUG - Rank 2: Epoch 78/200 | Batch 20/65 | Loss: 0.039202 (seg: 0.032191, rec: 0.007011)
2025-10-10 14:17:47,529 - DEBUG - Rank 2: Epoch 78/200 | Batch 30/65 | Loss: 0.061433 (seg: 0.052009, rec: 0.009424)
2025-10-10 14:18:05,801 - DEBUG - Rank 2: Epoch 78/200 | Batch 40/65 | Loss: 0.044967 (seg: 0.038061, rec: 0.006906)
2025-10-10 14:18:24,074 - DEBUG - Rank 2: Epoch 78/200 | Batch 50/65 | Loss: 0.041787 (seg: 0.033637, rec: 0.008151)
2025-10-10 14:18:42,307 - DEBUG - Rank 2: Epoch 78/200 | Batch 60/65 | Loss: 0.043426 (seg: 0.034350, rec: 0.009076)
2025-10-10 14:18:49,747 - INFO - Rank 2: Epoch 78/200 | Avg Train Loss: 0.048518 (seg: 0.040987, rec: 0.007532)
2025-10-10 14:19:00,483 - INFO - Rank 2: Epoch 78/200 | Avg Val Loss: 0.044573 (seg: 0.040709, rec: 0.003864)
2025-10-10 14:19:05,567 - DEBUG - Rank 2: Epoch 79/200 | Batch 0/65 | Loss: 0.044029 (seg: 0.037393, rec: 0.006636)
2025-10-10 14:19:23,460 - DEBUG - Rank 2: Epoch 79/200 | Batch 10/65 | Loss: 0.050921 (seg: 0.042964, rec: 0.007957)
2025-10-10 14:19:41,766 - DEBUG - Rank 2: Epoch 79/200 | Batch 20/65 | Loss: 0.046231 (seg: 0.039340, rec: 0.006891)
2025-10-10 14:20:00,053 - DEBUG - Rank 2: Epoch 79/200 | Batch 30/65 | Loss: 0.057227 (seg: 0.050268, rec: 0.006960)
2025-10-10 14:20:18,269 - DEBUG - Rank 2: Epoch 79/200 | Batch 40/65 | Loss: 0.057143 (seg: 0.049412, rec: 0.007731)
2025-10-10 14:20:36,576 - DEBUG - Rank 2: Epoch 79/200 | Batch 50/65 | Loss: 0.055947 (seg: 0.047950, rec: 0.007997)
2025-10-10 14:20:54,824 - DEBUG - Rank 2: Epoch 79/200 | Batch 60/65 | Loss: 0.044489 (seg: 0.037891, rec: 0.006597)
2025-10-10 14:21:02,278 - INFO - Rank 2: Epoch 79/200 | Avg Train Loss: 0.046536 (seg: 0.039282, rec: 0.007255)
2025-10-10 14:21:13,276 - INFO - Rank 2: Epoch 79/200 | Avg Val Loss: 0.045924 (seg: 0.041553, rec: 0.004372)
2025-10-10 14:21:18,180 - DEBUG - Rank 2: Epoch 80/200 | Batch 0/65 | Loss: 0.048708 (seg: 0.041497, rec: 0.007211)
2025-10-10 14:21:36,052 - DEBUG - Rank 2: Epoch 80/200 | Batch 10/65 | Loss: 0.084352 (seg: 0.077147, rec: 0.007204)
2025-10-10 14:21:54,287 - DEBUG - Rank 2: Epoch 80/200 | Batch 20/65 | Loss: 0.046267 (seg: 0.039482, rec: 0.006785)
2025-10-10 14:22:12,580 - DEBUG - Rank 2: Epoch 80/200 | Batch 30/65 | Loss: 0.047906 (seg: 0.041117, rec: 0.006788)
2025-10-10 14:22:31,104 - DEBUG - Rank 2: Epoch 80/200 | Batch 40/65 | Loss: 0.052334 (seg: 0.044796, rec: 0.007539)
2025-10-10 14:22:49,469 - DEBUG - Rank 2: Epoch 80/200 | Batch 50/65 | Loss: 0.054939 (seg: 0.045071, rec: 0.009868)
2025-10-10 14:23:07,863 - DEBUG - Rank 2: Epoch 80/200 | Batch 60/65 | Loss: 0.048015 (seg: 0.040652, rec: 0.007363)
2025-10-10 14:23:15,309 - INFO - Rank 2: Epoch 80/200 | Avg Train Loss: 0.048892 (seg: 0.041457, rec: 0.007435)
2025-10-10 14:23:25,800 - INFO - Rank 2: Epoch 80/200 | Avg Val Loss: 0.043797 (seg: 0.040468, rec: 0.003329)
2025-10-10 14:23:30,844 - DEBUG - Rank 2: Epoch 81/200 | Batch 0/65 | Loss: 0.045272 (seg: 0.037912, rec: 0.007360)
2025-10-10 14:23:48,649 - DEBUG - Rank 2: Epoch 81/200 | Batch 10/65 | Loss: 0.039200 (seg: 0.032366, rec: 0.006834)
2025-10-10 14:24:06,824 - DEBUG - Rank 2: Epoch 81/200 | Batch 20/65 | Loss: 0.043407 (seg: 0.036332, rec: 0.007075)
2025-10-10 14:24:25,296 - DEBUG - Rank 2: Epoch 81/200 | Batch 30/65 | Loss: 0.043327 (seg: 0.035528, rec: 0.007799)
2025-10-10 14:24:43,750 - DEBUG - Rank 2: Epoch 81/200 | Batch 40/65 | Loss: 0.035362 (seg: 0.026950, rec: 0.008411)
2025-10-10 14:25:02,219 - DEBUG - Rank 2: Epoch 81/200 | Batch 50/65 | Loss: 0.035436 (seg: 0.028981, rec: 0.006455)
2025-10-10 14:25:20,580 - DEBUG - Rank 2: Epoch 81/200 | Batch 60/65 | Loss: 0.047925 (seg: 0.040361, rec: 0.007563)
2025-10-10 14:25:28,087 - INFO - Rank 2: Epoch 81/200 | Avg Train Loss: 0.044951 (seg: 0.037744, rec: 0.007206)
2025-10-10 14:25:38,264 - INFO - Rank 2: Epoch 81/200 | Avg Val Loss: 0.045033 (seg: 0.040891, rec: 0.004143)
2025-10-10 14:25:42,727 - DEBUG - Rank 2: Epoch 82/200 | Batch 0/65 | Loss: 0.037091 (seg: 0.030341, rec: 0.006750)
2025-10-10 14:26:00,687 - DEBUG - Rank 2: Epoch 82/200 | Batch 10/65 | Loss: 0.038957 (seg: 0.032294, rec: 0.006664)
2025-10-10 14:26:19,089 - DEBUG - Rank 2: Epoch 82/200 | Batch 20/65 | Loss: 0.077709 (seg: 0.071044, rec: 0.006666)
2025-10-10 14:26:37,499 - DEBUG - Rank 2: Epoch 82/200 | Batch 30/65 | Loss: 0.038456 (seg: 0.031451, rec: 0.007005)
2025-10-10 14:26:55,962 - DEBUG - Rank 2: Epoch 82/200 | Batch 40/65 | Loss: 0.047851 (seg: 0.039783, rec: 0.008068)
2025-10-10 14:27:14,390 - DEBUG - Rank 2: Epoch 82/200 | Batch 50/65 | Loss: 0.058606 (seg: 0.050342, rec: 0.008264)
2025-10-10 14:27:35,838 - DEBUG - Rank 2: Epoch 82/200 | Batch 60/65 | Loss: 0.034391 (seg: 0.028181, rec: 0.006211)
2025-10-10 14:27:43,191 - INFO - Rank 2: Epoch 82/200 | Avg Train Loss: 0.046940 (seg: 0.039703, rec: 0.007237)
2025-10-10 14:27:53,220 - INFO - Rank 2: Epoch 82/200 | Avg Val Loss: 0.043824 (seg: 0.040076, rec: 0.003748)
2025-10-10 14:27:57,731 - DEBUG - Rank 2: Epoch 83/200 | Batch 0/65 | Loss: 0.037051 (seg: 0.029893, rec: 0.007159)
2025-10-10 14:28:15,553 - DEBUG - Rank 2: Epoch 83/200 | Batch 10/65 | Loss: 0.037489 (seg: 0.030779, rec: 0.006709)
2025-10-10 14:28:33,916 - DEBUG - Rank 2: Epoch 83/200 | Batch 20/65 | Loss: 0.037429 (seg: 0.030564, rec: 0.006865)
2025-10-10 14:28:52,290 - DEBUG - Rank 2: Epoch 83/200 | Batch 30/65 | Loss: 0.051050 (seg: 0.044365, rec: 0.006685)
2025-10-10 14:29:10,709 - DEBUG - Rank 2: Epoch 83/200 | Batch 40/65 | Loss: 0.038493 (seg: 0.031358, rec: 0.007136)
2025-10-10 14:29:29,161 - DEBUG - Rank 2: Epoch 83/200 | Batch 50/65 | Loss: 0.040791 (seg: 0.033052, rec: 0.007739)
2025-10-10 14:29:47,586 - DEBUG - Rank 2: Epoch 83/200 | Batch 60/65 | Loss: 0.050383 (seg: 0.044246, rec: 0.006137)
2025-10-10 14:29:55,064 - INFO - Rank 2: Epoch 83/200 | Avg Train Loss: 0.046691 (seg: 0.039527, rec: 0.007164)
2025-10-10 14:30:05,146 - INFO - Rank 2: Epoch 83/200 | Avg Val Loss: 0.044756 (seg: 0.040702, rec: 0.004054)
2025-10-10 14:30:09,610 - DEBUG - Rank 2: Epoch 84/200 | Batch 0/65 | Loss: 0.043464 (seg: 0.036073, rec: 0.007390)
2025-10-10 14:30:27,544 - DEBUG - Rank 2: Epoch 84/200 | Batch 10/65 | Loss: 0.043056 (seg: 0.035925, rec: 0.007131)
2025-10-10 14:30:45,988 - DEBUG - Rank 2: Epoch 84/200 | Batch 20/65 | Loss: 0.051357 (seg: 0.044551, rec: 0.006807)
2025-10-10 14:31:04,605 - DEBUG - Rank 2: Epoch 84/200 | Batch 30/65 | Loss: 0.038347 (seg: 0.031791, rec: 0.006557)
2025-10-10 14:31:23,287 - DEBUG - Rank 2: Epoch 84/200 | Batch 40/65 | Loss: 0.047622 (seg: 0.040932, rec: 0.006690)
2025-10-10 14:31:41,790 - DEBUG - Rank 2: Epoch 84/200 | Batch 50/65 | Loss: 0.045452 (seg: 0.038454, rec: 0.006998)
2025-10-10 14:32:00,192 - DEBUG - Rank 2: Epoch 84/200 | Batch 60/65 | Loss: 0.047449 (seg: 0.038374, rec: 0.009075)
2025-10-10 14:32:07,708 - INFO - Rank 2: Epoch 84/200 | Avg Train Loss: 0.046769 (seg: 0.039472, rec: 0.007297)
2025-10-10 14:32:18,686 - INFO - Rank 2: Epoch 84/200 | Avg Val Loss: 0.044909 (seg: 0.041054, rec: 0.003855)
2025-10-10 14:32:23,593 - DEBUG - Rank 2: Epoch 85/200 | Batch 0/65 | Loss: 0.039959 (seg: 0.033126, rec: 0.006833)
2025-10-10 14:32:41,633 - DEBUG - Rank 2: Epoch 85/200 | Batch 10/65 | Loss: 0.037860 (seg: 0.031567, rec: 0.006293)
2025-10-10 14:33:00,000 - DEBUG - Rank 2: Epoch 85/200 | Batch 20/65 | Loss: 0.046380 (seg: 0.039590, rec: 0.006790)
2025-10-10 14:33:18,349 - DEBUG - Rank 2: Epoch 85/200 | Batch 30/65 | Loss: 0.034640 (seg: 0.027968, rec: 0.006673)
2025-10-10 14:33:36,756 - DEBUG - Rank 2: Epoch 85/200 | Batch 40/65 | Loss: 0.041840 (seg: 0.035090, rec: 0.006749)
2025-10-10 14:33:55,209 - DEBUG - Rank 2: Epoch 85/200 | Batch 50/65 | Loss: 0.038343 (seg: 0.030768, rec: 0.007576)
2025-10-10 14:34:13,545 - DEBUG - Rank 2: Epoch 85/200 | Batch 60/65 | Loss: 0.046923 (seg: 0.039568, rec: 0.007355)
2025-10-10 14:34:21,043 - INFO - Rank 2: Epoch 85/200 | Avg Train Loss: 0.045410 (seg: 0.038138, rec: 0.007272)
2025-10-10 14:34:32,568 - INFO - Rank 2: Epoch 85/200 | Avg Val Loss: 0.044458 (seg: 0.040393, rec: 0.004065)
2025-10-10 14:34:37,528 - DEBUG - Rank 2: Epoch 86/200 | Batch 0/65 | Loss: 0.049662 (seg: 0.042230, rec: 0.007433)
2025-10-10 14:34:55,450 - DEBUG - Rank 2: Epoch 86/200 | Batch 10/65 | Loss: 0.052339 (seg: 0.044567, rec: 0.007772)
2025-10-10 14:35:13,566 - DEBUG - Rank 2: Epoch 86/200 | Batch 20/65 | Loss: 0.043112 (seg: 0.035827, rec: 0.007285)
2025-10-10 14:35:31,772 - DEBUG - Rank 2: Epoch 86/200 | Batch 30/65 | Loss: 0.033251 (seg: 0.026823, rec: 0.006428)
2025-10-10 14:35:50,130 - DEBUG - Rank 2: Epoch 86/200 | Batch 40/65 | Loss: 0.047055 (seg: 0.039222, rec: 0.007833)
2025-10-10 14:36:08,493 - DEBUG - Rank 2: Epoch 86/200 | Batch 50/65 | Loss: 0.033681 (seg: 0.026957, rec: 0.006724)
2025-10-10 14:36:26,784 - DEBUG - Rank 2: Epoch 86/200 | Batch 60/65 | Loss: 0.050254 (seg: 0.043475, rec: 0.006779)
2025-10-10 14:36:34,202 - INFO - Rank 2: Epoch 86/200 | Avg Train Loss: 0.045262 (seg: 0.038002, rec: 0.007260)
2025-10-10 14:36:45,454 - INFO - Rank 2: Epoch 86/200 | Avg Val Loss: 0.045257 (seg: 0.041953, rec: 0.003304)
2025-10-10 14:36:51,282 - DEBUG - Rank 2: Epoch 87/200 | Batch 0/65 | Loss: 0.054409 (seg: 0.047775, rec: 0.006635)
2025-10-10 14:37:08,989 - DEBUG - Rank 2: Epoch 87/200 | Batch 10/65 | Loss: 0.039906 (seg: 0.033007, rec: 0.006899)
2025-10-10 14:37:27,081 - DEBUG - Rank 2: Epoch 87/200 | Batch 20/65 | Loss: 0.061582 (seg: 0.054603, rec: 0.006980)
2025-10-10 14:37:45,221 - DEBUG - Rank 2: Epoch 87/200 | Batch 30/65 | Loss: 0.052115 (seg: 0.045288, rec: 0.006827)
2025-10-10 14:38:03,426 - DEBUG - Rank 2: Epoch 87/200 | Batch 40/65 | Loss: 0.039182 (seg: 0.032398, rec: 0.006784)
2025-10-10 14:38:21,562 - DEBUG - Rank 2: Epoch 87/200 | Batch 50/65 | Loss: 0.042942 (seg: 0.035681, rec: 0.007261)
2025-10-10 14:38:39,705 - DEBUG - Rank 2: Epoch 87/200 | Batch 60/65 | Loss: 0.063844 (seg: 0.056290, rec: 0.007554)
2025-10-10 14:38:47,095 - INFO - Rank 2: Epoch 87/200 | Avg Train Loss: 0.045052 (seg: 0.037889, rec: 0.007164)
2025-10-10 14:38:57,249 - INFO - Rank 2: Epoch 87/200 | Avg Val Loss: 0.044175 (seg: 0.040978, rec: 0.003197)
2025-10-10 14:39:01,992 - DEBUG - Rank 2: Epoch 88/200 | Batch 0/65 | Loss: 0.042793 (seg: 0.033842, rec: 0.008951)
2025-10-10 14:39:19,706 - DEBUG - Rank 2: Epoch 88/200 | Batch 10/65 | Loss: 0.039413 (seg: 0.032345, rec: 0.007067)
2025-10-10 14:39:37,824 - DEBUG - Rank 2: Epoch 88/200 | Batch 20/65 | Loss: 0.052029 (seg: 0.045087, rec: 0.006942)
2025-10-10 14:39:56,736 - DEBUG - Rank 2: Epoch 88/200 | Batch 30/65 | Loss: 0.062009 (seg: 0.056072, rec: 0.005937)
2025-10-10 14:40:14,933 - DEBUG - Rank 2: Epoch 88/200 | Batch 40/65 | Loss: 0.042400 (seg: 0.035080, rec: 0.007320)
2025-10-10 14:40:33,264 - DEBUG - Rank 2: Epoch 88/200 | Batch 50/65 | Loss: 0.033534 (seg: 0.026792, rec: 0.006742)
2025-10-10 14:40:51,577 - DEBUG - Rank 2: Epoch 88/200 | Batch 60/65 | Loss: 0.045571 (seg: 0.038840, rec: 0.006731)
2025-10-10 14:40:59,014 - INFO - Rank 2: Epoch 88/200 | Avg Train Loss: 0.045453 (seg: 0.038406, rec: 0.007047)
2025-10-10 14:41:09,917 - INFO - Rank 2: Epoch 88/200 | Avg Val Loss: 0.044407 (seg: 0.040453, rec: 0.003955)
2025-10-10 14:41:15,015 - DEBUG - Rank 2: Epoch 89/200 | Batch 0/65 | Loss: 0.043556 (seg: 0.036123, rec: 0.007434)
2025-10-10 14:41:32,772 - DEBUG - Rank 2: Epoch 89/200 | Batch 10/65 | Loss: 0.062823 (seg: 0.055701, rec: 0.007121)
2025-10-10 14:41:50,969 - DEBUG - Rank 2: Epoch 89/200 | Batch 20/65 | Loss: 0.036892 (seg: 0.029381, rec: 0.007511)
2025-10-10 14:42:09,311 - DEBUG - Rank 2: Epoch 89/200 | Batch 30/65 | Loss: 0.037909 (seg: 0.031829, rec: 0.006080)
2025-10-10 14:42:27,778 - DEBUG - Rank 2: Epoch 89/200 | Batch 40/65 | Loss: 0.034260 (seg: 0.026938, rec: 0.007322)
2025-10-10 14:42:46,384 - DEBUG - Rank 2: Epoch 89/200 | Batch 50/65 | Loss: 0.062270 (seg: 0.055179, rec: 0.007092)
2025-10-10 14:43:04,981 - DEBUG - Rank 2: Epoch 89/200 | Batch 60/65 | Loss: 0.040002 (seg: 0.033825, rec: 0.006177)
2025-10-10 14:43:12,482 - INFO - Rank 2: Epoch 89/200 | Avg Train Loss: 0.042749 (seg: 0.035629, rec: 0.007120)
2025-10-10 14:43:23,692 - INFO - Rank 2: Epoch 89/200 | Avg Val Loss: 0.044578 (seg: 0.040644, rec: 0.003934)
2025-10-10 14:43:28,544 - DEBUG - Rank 2: Epoch 90/200 | Batch 0/65 | Loss: 0.061169 (seg: 0.054042, rec: 0.007127)
2025-10-10 14:43:46,573 - DEBUG - Rank 2: Epoch 90/200 | Batch 10/65 | Loss: 0.047849 (seg: 0.040288, rec: 0.007561)
2025-10-10 14:44:05,004 - DEBUG - Rank 2: Epoch 90/200 | Batch 20/65 | Loss: 0.033343 (seg: 0.025651, rec: 0.007692)
2025-10-10 14:44:23,648 - DEBUG - Rank 2: Epoch 90/200 | Batch 30/65 | Loss: 0.037502 (seg: 0.029934, rec: 0.007567)
2025-10-10 14:44:42,554 - DEBUG - Rank 2: Epoch 90/200 | Batch 40/65 | Loss: 0.033460 (seg: 0.026876, rec: 0.006584)
2025-10-10 14:45:01,124 - DEBUG - Rank 2: Epoch 90/200 | Batch 50/65 | Loss: 0.049827 (seg: 0.043788, rec: 0.006038)
2025-10-10 14:45:19,669 - DEBUG - Rank 2: Epoch 90/200 | Batch 60/65 | Loss: 0.044741 (seg: 0.037935, rec: 0.006806)
2025-10-10 14:45:27,217 - INFO - Rank 2: Epoch 90/200 | Avg Train Loss: 0.043737 (seg: 0.036676, rec: 0.007061)
2025-10-10 14:45:37,826 - INFO - Rank 2: Epoch 90/200 | Avg Val Loss: 0.043608 (seg: 0.040536, rec: 0.003073)
2025-10-10 14:45:42,540 - DEBUG - Rank 2: Epoch 91/200 | Batch 0/65 | Loss: 0.046347 (seg: 0.039067, rec: 0.007280)
2025-10-10 14:46:00,721 - DEBUG - Rank 2: Epoch 91/200 | Batch 10/65 | Loss: 0.047852 (seg: 0.041080, rec: 0.006772)
2025-10-10 14:46:19,232 - DEBUG - Rank 2: Epoch 91/200 | Batch 20/65 | Loss: 0.041215 (seg: 0.033765, rec: 0.007450)
2025-10-10 14:46:38,081 - DEBUG - Rank 2: Epoch 91/200 | Batch 30/65 | Loss: 0.052763 (seg: 0.045598, rec: 0.007165)
2025-10-10 14:46:56,765 - DEBUG - Rank 2: Epoch 91/200 | Batch 40/65 | Loss: 0.048263 (seg: 0.041087, rec: 0.007177)
2025-10-10 14:47:15,407 - DEBUG - Rank 2: Epoch 91/200 | Batch 50/65 | Loss: 0.051466 (seg: 0.043910, rec: 0.007557)
2025-10-10 14:47:34,248 - DEBUG - Rank 2: Epoch 91/200 | Batch 60/65 | Loss: 0.056310 (seg: 0.049957, rec: 0.006353)
2025-10-10 14:47:41,916 - INFO - Rank 2: Epoch 91/200 | Avg Train Loss: 0.044366 (seg: 0.037087, rec: 0.007280)
2025-10-10 14:47:52,622 - INFO - Rank 2: Epoch 91/200 | Avg Val Loss: 0.043618 (seg: 0.039887, rec: 0.003731)
2025-10-10 14:47:57,466 - DEBUG - Rank 2: Epoch 92/200 | Batch 0/65 | Loss: 0.042996 (seg: 0.036517, rec: 0.006479)
2025-10-10 14:48:15,524 - DEBUG - Rank 2: Epoch 92/200 | Batch 10/65 | Loss: 0.045428 (seg: 0.037742, rec: 0.007686)
2025-10-10 14:48:34,089 - DEBUG - Rank 2: Epoch 92/200 | Batch 20/65 | Loss: 0.041641 (seg: 0.034450, rec: 0.007191)
2025-10-10 14:48:52,611 - DEBUG - Rank 2: Epoch 92/200 | Batch 30/65 | Loss: 0.050059 (seg: 0.042873, rec: 0.007186)
2025-10-10 14:49:11,242 - DEBUG - Rank 2: Epoch 92/200 | Batch 40/65 | Loss: 0.036302 (seg: 0.029222, rec: 0.007080)
2025-10-10 14:49:29,746 - DEBUG - Rank 2: Epoch 92/200 | Batch 50/65 | Loss: 0.046203 (seg: 0.039517, rec: 0.006686)
2025-10-10 14:49:48,280 - DEBUG - Rank 2: Epoch 92/200 | Batch 60/65 | Loss: 0.038013 (seg: 0.031380, rec: 0.006632)
2025-10-10 14:49:55,756 - INFO - Rank 2: Epoch 92/200 | Avg Train Loss: 0.044104 (seg: 0.036883, rec: 0.007221)
2025-10-10 14:50:06,589 - INFO - Rank 2: Epoch 92/200 | Avg Val Loss: 0.043911 (seg: 0.039785, rec: 0.004127)
2025-10-10 14:50:11,455 - DEBUG - Rank 2: Epoch 93/200 | Batch 0/65 | Loss: 0.044358 (seg: 0.037587, rec: 0.006771)
2025-10-10 14:50:29,213 - DEBUG - Rank 2: Epoch 93/200 | Batch 10/65 | Loss: 0.051866 (seg: 0.045638, rec: 0.006228)
2025-10-10 14:50:48,776 - DEBUG - Rank 2: Epoch 93/200 | Batch 20/65 | Loss: 0.033570 (seg: 0.027220, rec: 0.006350)
2025-10-10 14:51:06,937 - DEBUG - Rank 2: Epoch 93/200 | Batch 30/65 | Loss: 0.047474 (seg: 0.040501, rec: 0.006973)
2025-10-10 14:51:25,275 - DEBUG - Rank 2: Epoch 93/200 | Batch 40/65 | Loss: 0.044192 (seg: 0.036397, rec: 0.007795)
2025-10-10 14:51:43,574 - DEBUG - Rank 2: Epoch 93/200 | Batch 50/65 | Loss: 0.053211 (seg: 0.046557, rec: 0.006654)
2025-10-10 14:52:01,842 - DEBUG - Rank 2: Epoch 93/200 | Batch 60/65 | Loss: 0.037146 (seg: 0.029093, rec: 0.008053)
2025-10-10 14:52:09,224 - INFO - Rank 2: Epoch 93/200 | Avg Train Loss: 0.043770 (seg: 0.036811, rec: 0.006959)
2025-10-10 14:52:18,695 - INFO - Rank 2: Epoch 93/200 | Avg Val Loss: 0.043625 (seg: 0.040067, rec: 0.003558)
2025-10-10 14:52:23,106 - DEBUG - Rank 2: Epoch 94/200 | Batch 0/65 | Loss: 0.042614 (seg: 0.036230, rec: 0.006384)
2025-10-10 14:52:41,041 - DEBUG - Rank 2: Epoch 94/200 | Batch 10/65 | Loss: 0.035558 (seg: 0.029342, rec: 0.006216)
2025-10-10 14:52:59,195 - DEBUG - Rank 2: Epoch 94/200 | Batch 20/65 | Loss: 0.046781 (seg: 0.040104, rec: 0.006677)
2025-10-10 14:53:17,358 - DEBUG - Rank 2: Epoch 94/200 | Batch 30/65 | Loss: 0.041556 (seg: 0.034530, rec: 0.007027)
2025-10-10 14:53:35,630 - DEBUG - Rank 2: Epoch 94/200 | Batch 40/65 | Loss: 0.042001 (seg: 0.033733, rec: 0.008267)
2025-10-10 14:53:53,824 - DEBUG - Rank 2: Epoch 94/200 | Batch 50/65 | Loss: 0.053896 (seg: 0.048084, rec: 0.005812)
2025-10-10 14:54:11,945 - DEBUG - Rank 2: Epoch 94/200 | Batch 60/65 | Loss: 0.043307 (seg: 0.036081, rec: 0.007226)
2025-10-10 14:54:19,307 - INFO - Rank 2: Epoch 94/200 | Avg Train Loss: 0.042773 (seg: 0.035709, rec: 0.007064)
2025-10-10 14:55:06,228 - INFO - Rank 2: Epoch 94/200 | Avg Val Loss: 0.042644 (seg: 0.039493, rec: 0.003151)
2025-10-10 14:55:21,805 - DEBUG - Rank 2: Epoch 95/200 | Batch 0/65 | Loss: 0.045118 (seg: 0.038279, rec: 0.006838)
2025-10-10 14:55:52,133 - DEBUG - Rank 2: Epoch 95/200 | Batch 10/65 | Loss: 0.041598 (seg: 0.035047, rec: 0.006551)
2025-10-10 14:56:32,368 - DEBUG - Rank 2: Epoch 95/200 | Batch 20/65 | Loss: 0.031588 (seg: 0.024750, rec: 0.006837)
2025-10-10 14:57:01,187 - DEBUG - Rank 2: Epoch 95/200 | Batch 30/65 | Loss: 0.033916 (seg: 0.026848, rec: 0.007068)
2025-10-10 14:57:38,538 - DEBUG - Rank 2: Epoch 95/200 | Batch 40/65 | Loss: 0.047152 (seg: 0.040633, rec: 0.006519)
2025-10-10 14:58:09,701 - DEBUG - Rank 2: Epoch 95/200 | Batch 50/65 | Loss: 0.047777 (seg: 0.041151, rec: 0.006626)
2025-10-10 14:58:42,193 - DEBUG - Rank 2: Epoch 95/200 | Batch 60/65 | Loss: 0.040061 (seg: 0.033849, rec: 0.006212)
2025-10-10 14:58:49,541 - INFO - Rank 2: Epoch 95/200 | Avg Train Loss: 0.042759 (seg: 0.035777, rec: 0.006981)
2025-10-10 14:59:03,531 - INFO - Rank 2: Epoch 95/200 | Avg Val Loss: 0.042757 (seg: 0.039338, rec: 0.003419)
2025-10-10 14:59:08,293 - DEBUG - Rank 2: Epoch 96/200 | Batch 0/65 | Loss: 0.038847 (seg: 0.032304, rec: 0.006543)
2025-10-10 14:59:26,457 - DEBUG - Rank 2: Epoch 96/200 | Batch 10/65 | Loss: 0.036028 (seg: 0.027832, rec: 0.008196)
2025-10-10 14:59:44,695 - DEBUG - Rank 2: Epoch 96/200 | Batch 20/65 | Loss: 0.052970 (seg: 0.045589, rec: 0.007381)
2025-10-10 15:00:02,986 - DEBUG - Rank 2: Epoch 96/200 | Batch 30/65 | Loss: 0.034261 (seg: 0.027280, rec: 0.006981)
2025-10-10 15:00:21,466 - DEBUG - Rank 2: Epoch 96/200 | Batch 40/65 | Loss: 0.041340 (seg: 0.034395, rec: 0.006945)
2025-10-10 15:00:39,617 - DEBUG - Rank 2: Epoch 96/200 | Batch 50/65 | Loss: 0.047233 (seg: 0.040713, rec: 0.006520)
2025-10-10 15:00:57,766 - DEBUG - Rank 2: Epoch 96/200 | Batch 60/65 | Loss: 0.039263 (seg: 0.032244, rec: 0.007019)
2025-10-10 15:01:05,150 - INFO - Rank 2: Epoch 96/200 | Avg Train Loss: 0.043807 (seg: 0.036737, rec: 0.007070)
2025-10-10 15:01:15,443 - INFO - Rank 2: Epoch 96/200 | Avg Val Loss: 0.044268 (seg: 0.040436, rec: 0.003832)
2025-10-10 15:01:20,066 - DEBUG - Rank 2: Epoch 97/200 | Batch 0/65 | Loss: 0.031796 (seg: 0.025184, rec: 0.006612)
2025-10-10 15:01:37,695 - DEBUG - Rank 2: Epoch 97/200 | Batch 10/65 | Loss: 0.047852 (seg: 0.040473, rec: 0.007379)
2025-10-10 15:01:55,681 - DEBUG - Rank 2: Epoch 97/200 | Batch 20/65 | Loss: 0.045028 (seg: 0.038267, rec: 0.006761)
2025-10-10 15:02:13,849 - DEBUG - Rank 2: Epoch 97/200 | Batch 30/65 | Loss: 0.039865 (seg: 0.032918, rec: 0.006946)
2025-10-10 15:02:32,081 - DEBUG - Rank 2: Epoch 97/200 | Batch 40/65 | Loss: 0.046939 (seg: 0.039966, rec: 0.006972)
2025-10-10 15:02:50,375 - DEBUG - Rank 2: Epoch 97/200 | Batch 50/65 | Loss: 0.035616 (seg: 0.029050, rec: 0.006566)
2025-10-10 15:03:08,710 - DEBUG - Rank 2: Epoch 97/200 | Batch 60/65 | Loss: 0.047436 (seg: 0.040771, rec: 0.006665)
2025-10-10 15:03:16,104 - INFO - Rank 2: Epoch 97/200 | Avg Train Loss: 0.042886 (seg: 0.035893, rec: 0.006993)
2025-10-10 15:03:26,170 - INFO - Rank 2: Epoch 97/200 | Avg Val Loss: 0.043025 (seg: 0.040004, rec: 0.003021)
2025-10-10 15:03:30,534 - DEBUG - Rank 2: Epoch 98/200 | Batch 0/65 | Loss: 0.046003 (seg: 0.037989, rec: 0.008014)
2025-10-10 15:03:48,322 - DEBUG - Rank 2: Epoch 98/200 | Batch 10/65 | Loss: 0.041771 (seg: 0.034266, rec: 0.007505)
2025-10-10 15:04:06,409 - DEBUG - Rank 2: Epoch 98/200 | Batch 20/65 | Loss: 0.039348 (seg: 0.031800, rec: 0.007547)
2025-10-10 15:04:24,732 - DEBUG - Rank 2: Epoch 98/200 | Batch 30/65 | Loss: 0.037094 (seg: 0.030802, rec: 0.006292)
2025-10-10 15:04:43,038 - DEBUG - Rank 2: Epoch 98/200 | Batch 40/65 | Loss: 0.034540 (seg: 0.026823, rec: 0.007717)
2025-10-10 15:05:01,316 - DEBUG - Rank 2: Epoch 98/200 | Batch 50/65 | Loss: 0.045877 (seg: 0.039674, rec: 0.006203)
2025-10-10 15:05:19,566 - DEBUG - Rank 2: Epoch 98/200 | Batch 60/65 | Loss: 0.039118 (seg: 0.031651, rec: 0.007468)
2025-10-10 15:05:26,976 - INFO - Rank 2: Epoch 98/200 | Avg Train Loss: 0.041658 (seg: 0.034545, rec: 0.007113)
2025-10-10 15:05:37,565 - INFO - Rank 2: Epoch 98/200 | Avg Val Loss: 0.043784 (seg: 0.039909, rec: 0.003875)
2025-10-10 15:05:42,561 - DEBUG - Rank 2: Epoch 99/200 | Batch 0/65 | Loss: 0.043623 (seg: 0.035912, rec: 0.007711)
2025-10-10 15:06:00,722 - DEBUG - Rank 2: Epoch 99/200 | Batch 10/65 | Loss: 0.042757 (seg: 0.035753, rec: 0.007004)
2025-10-10 15:06:19,136 - DEBUG - Rank 2: Epoch 99/200 | Batch 20/65 | Loss: 0.037616 (seg: 0.029475, rec: 0.008141)
2025-10-10 15:06:37,592 - DEBUG - Rank 2: Epoch 99/200 | Batch 30/65 | Loss: 0.060807 (seg: 0.053878, rec: 0.006929)
2025-10-10 15:06:56,080 - DEBUG - Rank 2: Epoch 99/200 | Batch 40/65 | Loss: 0.036814 (seg: 0.030227, rec: 0.006587)
2025-10-10 15:07:14,620 - DEBUG - Rank 2: Epoch 99/200 | Batch 50/65 | Loss: 0.049586 (seg: 0.042964, rec: 0.006622)
2025-10-10 15:07:33,075 - DEBUG - Rank 2: Epoch 99/200 | Batch 60/65 | Loss: 0.030429 (seg: 0.023458, rec: 0.006971)
2025-10-10 15:07:40,584 - INFO - Rank 2: Epoch 99/200 | Avg Train Loss: 0.041143 (seg: 0.034133, rec: 0.007010)
2025-10-10 15:07:51,921 - INFO - Rank 2: Epoch 99/200 | Avg Val Loss: 0.043140 (seg: 0.039763, rec: 0.003377)
2025-10-10 15:07:56,893 - DEBUG - Rank 2: Epoch 100/200 | Batch 0/65 | Loss: 0.065610 (seg: 0.057846, rec: 0.007764)
2025-10-10 15:08:14,686 - DEBUG - Rank 2: Epoch 100/200 | Batch 10/65 | Loss: 0.044604 (seg: 0.038386, rec: 0.006218)
2025-10-10 15:08:32,990 - DEBUG - Rank 2: Epoch 100/200 | Batch 20/65 | Loss: 0.034014 (seg: 0.027530, rec: 0.006484)
2025-10-10 15:08:51,460 - DEBUG - Rank 2: Epoch 100/200 | Batch 30/65 | Loss: 0.043269 (seg: 0.036908, rec: 0.006361)
2025-10-10 15:09:09,943 - DEBUG - Rank 2: Epoch 100/200 | Batch 40/65 | Loss: 0.037577 (seg: 0.030619, rec: 0.006959)
2025-10-10 15:09:28,214 - DEBUG - Rank 2: Epoch 100/200 | Batch 50/65 | Loss: 0.041438 (seg: 0.033934, rec: 0.007505)
2025-10-10 15:09:46,581 - DEBUG - Rank 2: Epoch 100/200 | Batch 60/65 | Loss: 0.045893 (seg: 0.039452, rec: 0.006441)
2025-10-10 15:09:53,948 - INFO - Rank 2: Epoch 100/200 | Avg Train Loss: 0.044844 (seg: 0.037759, rec: 0.007085)
2025-10-10 15:10:04,219 - INFO - Rank 2: Epoch 100/200 | Avg Val Loss: 0.044014 (seg: 0.040351, rec: 0.003663)
2025-10-10 15:10:08,615 - DEBUG - Rank 2: Epoch 101/200 | Batch 0/65 | Loss: 0.042884 (seg: 0.035489, rec: 0.007395)
2025-10-10 15:10:26,515 - DEBUG - Rank 2: Epoch 101/200 | Batch 10/65 | Loss: 0.037590 (seg: 0.031441, rec: 0.006149)
2025-10-10 15:10:44,783 - DEBUG - Rank 2: Epoch 101/200 | Batch 20/65 | Loss: 0.049052 (seg: 0.041573, rec: 0.007479)
2025-10-10 15:11:03,150 - DEBUG - Rank 2: Epoch 101/200 | Batch 30/65 | Loss: 0.042510 (seg: 0.035839, rec: 0.006671)
2025-10-10 15:11:21,430 - DEBUG - Rank 2: Epoch 101/200 | Batch 40/65 | Loss: 0.041047 (seg: 0.034743, rec: 0.006304)
2025-10-10 15:11:39,819 - DEBUG - Rank 2: Epoch 101/200 | Batch 50/65 | Loss: 0.032694 (seg: 0.024578, rec: 0.008116)
2025-10-10 15:11:58,059 - DEBUG - Rank 2: Epoch 101/200 | Batch 60/65 | Loss: 0.037063 (seg: 0.030180, rec: 0.006883)
2025-10-10 15:12:05,459 - INFO - Rank 2: Epoch 101/200 | Avg Train Loss: 0.041963 (seg: 0.034919, rec: 0.007044)
2025-10-10 15:12:15,883 - INFO - Rank 2: Epoch 101/200 | Avg Val Loss: 0.043667 (seg: 0.039985, rec: 0.003682)
2025-10-10 15:12:20,296 - DEBUG - Rank 2: Epoch 102/200 | Batch 0/65 | Loss: 0.038519 (seg: 0.031861, rec: 0.006658)
2025-10-10 15:12:38,969 - DEBUG - Rank 2: Epoch 102/200 | Batch 10/65 | Loss: 0.045818 (seg: 0.039111, rec: 0.006707)
2025-10-10 15:12:58,254 - DEBUG - Rank 2: Epoch 102/200 | Batch 20/65 | Loss: 0.047399 (seg: 0.040508, rec: 0.006891)
2025-10-10 15:13:16,436 - DEBUG - Rank 2: Epoch 102/200 | Batch 30/65 | Loss: 0.045892 (seg: 0.038727, rec: 0.007164)
2025-10-10 15:13:35,942 - DEBUG - Rank 2: Epoch 102/200 | Batch 40/65 | Loss: 0.036706 (seg: 0.029685, rec: 0.007022)
2025-10-10 15:13:54,284 - DEBUG - Rank 2: Epoch 102/200 | Batch 50/65 | Loss: 0.038100 (seg: 0.031160, rec: 0.006940)
2025-10-10 15:14:12,733 - DEBUG - Rank 2: Epoch 102/200 | Batch 60/65 | Loss: 0.051631 (seg: 0.043254, rec: 0.008377)
2025-10-10 15:14:20,220 - INFO - Rank 2: Epoch 102/200 | Avg Train Loss: 0.043844 (seg: 0.036650, rec: 0.007194)
2025-10-10 15:14:30,861 - INFO - Rank 2: Epoch 102/200 | Avg Val Loss: 0.043916 (seg: 0.040292, rec: 0.003625)
2025-10-10 15:14:35,640 - DEBUG - Rank 2: Epoch 103/200 | Batch 0/65 | Loss: 0.042130 (seg: 0.034362, rec: 0.007768)
2025-10-10 15:14:53,453 - DEBUG - Rank 2: Epoch 103/200 | Batch 10/65 | Loss: 0.036788 (seg: 0.029500, rec: 0.007288)
2025-10-10 15:15:11,656 - DEBUG - Rank 2: Epoch 103/200 | Batch 20/65 | Loss: 0.037718 (seg: 0.030432, rec: 0.007286)
2025-10-10 15:15:29,926 - DEBUG - Rank 2: Epoch 103/200 | Batch 30/65 | Loss: 0.042210 (seg: 0.035713, rec: 0.006497)
2025-10-10 15:15:48,451 - DEBUG - Rank 2: Epoch 103/200 | Batch 40/65 | Loss: 0.044660 (seg: 0.036845, rec: 0.007815)
2025-10-10 15:16:06,772 - DEBUG - Rank 2: Epoch 103/200 | Batch 50/65 | Loss: 0.038166 (seg: 0.031655, rec: 0.006511)
2025-10-10 15:16:25,163 - DEBUG - Rank 2: Epoch 103/200 | Batch 60/65 | Loss: 0.042354 (seg: 0.033611, rec: 0.008743)
2025-10-10 15:16:32,629 - INFO - Rank 2: Epoch 103/200 | Avg Train Loss: 0.042104 (seg: 0.035031, rec: 0.007073)
2025-10-10 15:16:44,175 - INFO - Rank 2: Epoch 103/200 | Avg Val Loss: 0.044446 (seg: 0.040405, rec: 0.004040)
2025-10-10 15:16:50,778 - DEBUG - Rank 2: Epoch 104/200 | Batch 0/65 | Loss: 0.042763 (seg: 0.036195, rec: 0.006567)
2025-10-10 15:17:08,445 - DEBUG - Rank 2: Epoch 104/200 | Batch 10/65 | Loss: 0.044584 (seg: 0.036537, rec: 0.008047)
2025-10-10 15:17:26,982 - DEBUG - Rank 2: Epoch 104/200 | Batch 20/65 | Loss: 0.035184 (seg: 0.028059, rec: 0.007124)
2025-10-10 15:17:45,512 - DEBUG - Rank 2: Epoch 104/200 | Batch 30/65 | Loss: 0.068642 (seg: 0.058366, rec: 0.010276)
2025-10-10 15:18:04,047 - DEBUG - Rank 2: Epoch 104/200 | Batch 40/65 | Loss: 0.055855 (seg: 0.048499, rec: 0.007356)
2025-10-10 15:18:22,745 - DEBUG - Rank 2: Epoch 104/200 | Batch 50/65 | Loss: 0.053398 (seg: 0.044526, rec: 0.008873)
2025-10-10 15:18:41,384 - DEBUG - Rank 2: Epoch 104/200 | Batch 60/65 | Loss: 0.032441 (seg: 0.026470, rec: 0.005971)
2025-10-10 15:18:48,938 - INFO - Rank 2: Epoch 104/200 | Avg Train Loss: 0.042334 (seg: 0.035365, rec: 0.006968)
2025-10-10 15:18:59,920 - INFO - Rank 2: Epoch 104/200 | Avg Val Loss: 0.042790 (seg: 0.039259, rec: 0.003531)
2025-10-10 15:19:04,820 - DEBUG - Rank 2: Epoch 105/200 | Batch 0/65 | Loss: 0.040683 (seg: 0.034193, rec: 0.006491)
2025-10-10 15:19:23,251 - DEBUG - Rank 2: Epoch 105/200 | Batch 10/65 | Loss: 0.050284 (seg: 0.041798, rec: 0.008486)
2025-10-10 15:19:41,806 - DEBUG - Rank 2: Epoch 105/200 | Batch 20/65 | Loss: 0.041121 (seg: 0.034238, rec: 0.006883)
2025-10-10 15:20:00,438 - DEBUG - Rank 2: Epoch 105/200 | Batch 30/65 | Loss: 0.039635 (seg: 0.031716, rec: 0.007919)
2025-10-10 15:20:19,168 - DEBUG - Rank 2: Epoch 105/200 | Batch 40/65 | Loss: 0.057572 (seg: 0.048145, rec: 0.009427)
2025-10-10 15:20:37,744 - DEBUG - Rank 2: Epoch 105/200 | Batch 50/65 | Loss: 0.028537 (seg: 0.021872, rec: 0.006664)
2025-10-10 15:20:56,447 - DEBUG - Rank 2: Epoch 105/200 | Batch 60/65 | Loss: 0.041963 (seg: 0.034840, rec: 0.007123)
2025-10-10 15:21:04,034 - INFO - Rank 2: Epoch 105/200 | Avg Train Loss: 0.041552 (seg: 0.034579, rec: 0.006973)
2025-10-10 15:21:14,220 - INFO - Rank 2: Epoch 105/200 | Avg Val Loss: 0.042533 (seg: 0.039353, rec: 0.003180)
2025-10-10 15:21:18,502 - DEBUG - Rank 2: Epoch 106/200 | Batch 0/65 | Loss: 0.039791 (seg: 0.033263, rec: 0.006529)
2025-10-10 15:21:36,630 - DEBUG - Rank 2: Epoch 106/200 | Batch 10/65 | Loss: 0.036626 (seg: 0.030324, rec: 0.006303)
2025-10-10 15:21:55,030 - DEBUG - Rank 2: Epoch 106/200 | Batch 20/65 | Loss: 0.046669 (seg: 0.039278, rec: 0.007391)
2025-10-10 15:22:13,528 - DEBUG - Rank 2: Epoch 106/200 | Batch 30/65 | Loss: 0.042419 (seg: 0.035538, rec: 0.006881)
2025-10-10 15:22:31,927 - DEBUG - Rank 2: Epoch 106/200 | Batch 40/65 | Loss: 0.039309 (seg: 0.032552, rec: 0.006757)
2025-10-10 15:22:50,375 - DEBUG - Rank 2: Epoch 106/200 | Batch 50/65 | Loss: 0.043857 (seg: 0.036959, rec: 0.006898)
2025-10-10 15:23:08,729 - DEBUG - Rank 2: Epoch 106/200 | Batch 60/65 | Loss: 0.031882 (seg: 0.025747, rec: 0.006135)
2025-10-10 15:23:16,191 - INFO - Rank 2: Epoch 106/200 | Avg Train Loss: 0.041809 (seg: 0.035011, rec: 0.006798)
2025-10-10 15:23:26,153 - INFO - Rank 2: Epoch 106/200 | Avg Val Loss: 0.042007 (seg: 0.038722, rec: 0.003285)
2025-10-10 15:23:30,777 - DEBUG - Rank 2: Epoch 107/200 | Batch 0/65 | Loss: 0.044964 (seg: 0.037707, rec: 0.007257)
2025-10-10 15:23:48,531 - DEBUG - Rank 2: Epoch 107/200 | Batch 10/65 | Loss: 0.037539 (seg: 0.030558, rec: 0.006980)
2025-10-10 15:24:06,766 - DEBUG - Rank 2: Epoch 107/200 | Batch 20/65 | Loss: 0.055187 (seg: 0.048570, rec: 0.006617)
2025-10-10 15:24:25,118 - DEBUG - Rank 2: Epoch 107/200 | Batch 30/65 | Loss: 0.033375 (seg: 0.026508, rec: 0.006868)
2025-10-10 15:24:43,500 - DEBUG - Rank 2: Epoch 107/200 | Batch 40/65 | Loss: 0.055750 (seg: 0.048267, rec: 0.007482)
2025-10-10 15:25:01,884 - DEBUG - Rank 2: Epoch 107/200 | Batch 50/65 | Loss: 0.027871 (seg: 0.021526, rec: 0.006345)
2025-10-10 15:25:20,678 - DEBUG - Rank 2: Epoch 107/200 | Batch 60/65 | Loss: 0.047465 (seg: 0.040343, rec: 0.007123)
2025-10-10 15:25:28,124 - INFO - Rank 2: Epoch 107/200 | Avg Train Loss: 0.041649 (seg: 0.034720, rec: 0.006929)
2025-10-10 15:25:38,730 - INFO - Rank 2: Epoch 107/200 | Avg Val Loss: 0.043617 (seg: 0.039579, rec: 0.004038)
2025-10-10 15:25:44,231 - DEBUG - Rank 2: Epoch 108/200 | Batch 0/65 | Loss: 0.058178 (seg: 0.050483, rec: 0.007694)
2025-10-10 15:26:02,260 - DEBUG - Rank 2: Epoch 108/200 | Batch 10/65 | Loss: 0.077681 (seg: 0.070389, rec: 0.007292)
2025-10-10 15:26:20,428 - DEBUG - Rank 2: Epoch 108/200 | Batch 20/65 | Loss: 0.044445 (seg: 0.037302, rec: 0.007143)
2025-10-10 15:26:38,762 - DEBUG - Rank 2: Epoch 108/200 | Batch 30/65 | Loss: 0.030953 (seg: 0.024775, rec: 0.006178)
2025-10-10 15:26:57,066 - DEBUG - Rank 2: Epoch 108/200 | Batch 40/65 | Loss: 0.038034 (seg: 0.031603, rec: 0.006431)
2025-10-10 15:27:15,445 - DEBUG - Rank 2: Epoch 108/200 | Batch 50/65 | Loss: 0.055652 (seg: 0.049864, rec: 0.005788)
2025-10-10 15:27:33,858 - DEBUG - Rank 2: Epoch 108/200 | Batch 60/65 | Loss: 0.042695 (seg: 0.035288, rec: 0.007406)
2025-10-10 15:27:41,386 - INFO - Rank 2: Epoch 108/200 | Avg Train Loss: 0.041257 (seg: 0.034220, rec: 0.007037)
2025-10-10 15:27:52,358 - INFO - Rank 2: Epoch 108/200 | Avg Val Loss: 0.042795 (seg: 0.039377, rec: 0.003418)
2025-10-10 15:27:57,098 - DEBUG - Rank 2: Epoch 109/200 | Batch 0/65 | Loss: 0.039412 (seg: 0.032910, rec: 0.006502)
2025-10-10 15:28:15,005 - DEBUG - Rank 2: Epoch 109/200 | Batch 10/65 | Loss: 0.033115 (seg: 0.026888, rec: 0.006228)
2025-10-10 15:28:33,249 - DEBUG - Rank 2: Epoch 109/200 | Batch 20/65 | Loss: 0.041239 (seg: 0.033755, rec: 0.007484)
2025-10-10 15:28:51,550 - DEBUG - Rank 2: Epoch 109/200 | Batch 30/65 | Loss: 0.041935 (seg: 0.034365, rec: 0.007570)
2025-10-10 15:29:09,921 - DEBUG - Rank 2: Epoch 109/200 | Batch 40/65 | Loss: 0.042293 (seg: 0.035875, rec: 0.006418)
2025-10-10 15:29:28,356 - DEBUG - Rank 2: Epoch 109/200 | Batch 50/65 | Loss: 0.036634 (seg: 0.030099, rec: 0.006535)
2025-10-10 15:29:46,770 - DEBUG - Rank 2: Epoch 109/200 | Batch 60/65 | Loss: 0.044675 (seg: 0.034672, rec: 0.010003)
2025-10-10 15:29:54,236 - INFO - Rank 2: Epoch 109/200 | Avg Train Loss: 0.042260 (seg: 0.035410, rec: 0.006850)
2025-10-10 15:30:05,450 - INFO - Rank 2: Epoch 109/200 | Avg Val Loss: 0.041895 (seg: 0.038571, rec: 0.003324)
2025-10-10 15:30:05,451 - INFO - Rank 2: Received early stop signal
2025-10-10 15:30:05,451 - INFO - Rank 2: Early stopping triggered. Exiting training at epoch 109.
2025-10-10 15:30:05,451 - INFO - Rank 2: Training process completed
2025-10-10 15:30:05,666 - INFO - Rank 2: Process group destroyed
