2025-10-10 11:19:10,175 - INFO - Rank 1: Process group initialized by torchrun, world_size=5
2025-10-10 11:19:10,193 - INFO - Rank 1/5 using device: cuda:1 (local_rank=1)
2025-10-10 11:19:32,100 - INFO - Rank 1: Data loaders created | Train batches: 65, Val batches: 13
2025-10-10 11:20:09,331 - DEBUG - Rank 1: Epoch 1/200 | Batch 0/65 | Loss: 1.142866 (seg: 0.717701, rec: 0.425165)
2025-10-10 11:21:10,822 - DEBUG - Rank 1: Epoch 1/200 | Batch 10/65 | Loss: 0.897752 (seg: 0.712922, rec: 0.184830)
2025-10-10 11:22:33,759 - DEBUG - Rank 1: Epoch 1/200 | Batch 20/65 | Loss: 0.796693 (seg: 0.709865, rec: 0.086828)
2025-10-10 11:23:31,760 - DEBUG - Rank 1: Epoch 1/200 | Batch 30/65 | Loss: 0.763745 (seg: 0.708492, rec: 0.055253)
2025-10-10 11:24:56,565 - DEBUG - Rank 1: Epoch 1/200 | Batch 40/65 | Loss: 0.759287 (seg: 0.707809, rec: 0.051478)
2025-10-10 11:25:52,807 - DEBUG - Rank 1: Epoch 1/200 | Batch 50/65 | Loss: 0.747330 (seg: 0.707572, rec: 0.039758)
2025-10-10 11:27:07,113 - DEBUG - Rank 1: Epoch 1/200 | Batch 60/65 | Loss: 0.745430 (seg: 0.707226, rec: 0.038204)
2025-10-10 11:27:14,078 - INFO - Rank 1: Epoch 1/200 | Avg Train Loss: 0.810734 (seg: 0.709720, rec: 0.101013)
2025-10-10 11:28:52,620 - INFO - Rank 1: Epoch 1/200 | Avg Val Loss: 0.749615 (seg: 0.706792, rec: 0.042823)
2025-10-10 11:28:57,857 - DEBUG - Rank 1: Epoch 2/200 | Batch 0/65 | Loss: 0.744728 (seg: 0.707158, rec: 0.037569)
2025-10-10 11:29:15,279 - DEBUG - Rank 1: Epoch 2/200 | Batch 10/65 | Loss: 0.745939 (seg: 0.706708, rec: 0.039230)
2025-10-10 11:29:33,098 - DEBUG - Rank 1: Epoch 2/200 | Batch 20/65 | Loss: 0.743430 (seg: 0.706372, rec: 0.037057)
2025-10-10 11:29:51,220 - DEBUG - Rank 1: Epoch 2/200 | Batch 30/65 | Loss: 0.735797 (seg: 0.706031, rec: 0.029767)
2025-10-10 11:30:09,257 - DEBUG - Rank 1: Epoch 2/200 | Batch 40/65 | Loss: 0.739907 (seg: 0.705333, rec: 0.034574)
2025-10-10 11:30:27,270 - DEBUG - Rank 1: Epoch 2/200 | Batch 50/65 | Loss: 0.738206 (seg: 0.705348, rec: 0.032858)
2025-10-10 11:30:45,225 - DEBUG - Rank 1: Epoch 2/200 | Batch 60/65 | Loss: 0.738160 (seg: 0.705072, rec: 0.033088)
2025-10-10 11:30:52,557 - INFO - Rank 1: Epoch 2/200 | Avg Train Loss: 0.740004 (seg: 0.705978, rec: 0.034027)
2025-10-10 11:31:03,334 - INFO - Rank 1: Epoch 2/200 | Avg Val Loss: 0.721189 (seg: 0.704910, rec: 0.016279)
2025-10-10 11:31:08,107 - DEBUG - Rank 1: Epoch 3/200 | Batch 0/65 | Loss: 0.734995 (seg: 0.705127, rec: 0.029868)
2025-10-10 11:31:25,895 - DEBUG - Rank 1: Epoch 3/200 | Batch 10/65 | Loss: 0.732486 (seg: 0.704672, rec: 0.027815)
2025-10-10 11:31:43,860 - DEBUG - Rank 1: Epoch 3/200 | Batch 20/65 | Loss: 0.733380 (seg: 0.704739, rec: 0.028642)
2025-10-10 11:32:01,931 - DEBUG - Rank 1: Epoch 3/200 | Batch 30/65 | Loss: 0.735224 (seg: 0.704405, rec: 0.030820)
2025-10-10 11:32:19,912 - DEBUG - Rank 1: Epoch 3/200 | Batch 40/65 | Loss: 0.732428 (seg: 0.704272, rec: 0.028155)
2025-10-10 11:32:37,953 - DEBUG - Rank 1: Epoch 3/200 | Batch 50/65 | Loss: 0.731643 (seg: 0.703947, rec: 0.027696)
2025-10-10 11:32:55,908 - DEBUG - Rank 1: Epoch 3/200 | Batch 60/65 | Loss: 0.730494 (seg: 0.703933, rec: 0.026561)
2025-10-10 11:33:03,234 - INFO - Rank 1: Epoch 3/200 | Avg Train Loss: 0.732577 (seg: 0.704261, rec: 0.028316)
2025-10-10 11:33:14,005 - INFO - Rank 1: Epoch 3/200 | Avg Val Loss: 0.717769 (seg: 0.703461, rec: 0.014308)
2025-10-10 11:33:18,737 - DEBUG - Rank 1: Epoch 4/200 | Batch 0/65 | Loss: 0.731327 (seg: 0.703830, rec: 0.027496)
2025-10-10 11:33:36,541 - DEBUG - Rank 1: Epoch 4/200 | Batch 10/65 | Loss: 0.730884 (seg: 0.703265, rec: 0.027618)
2025-10-10 11:33:54,397 - DEBUG - Rank 1: Epoch 4/200 | Batch 20/65 | Loss: 0.728993 (seg: 0.703113, rec: 0.025881)
2025-10-10 11:34:12,194 - DEBUG - Rank 1: Epoch 4/200 | Batch 30/65 | Loss: 0.731741 (seg: 0.703440, rec: 0.028301)
2025-10-10 11:34:29,966 - DEBUG - Rank 1: Epoch 4/200 | Batch 40/65 | Loss: 0.729368 (seg: 0.703315, rec: 0.026053)
2025-10-10 11:34:47,880 - DEBUG - Rank 1: Epoch 4/200 | Batch 50/65 | Loss: 0.726325 (seg: 0.702888, rec: 0.023437)
2025-10-10 11:35:05,764 - DEBUG - Rank 1: Epoch 4/200 | Batch 60/65 | Loss: 0.728457 (seg: 0.702282, rec: 0.026175)
2025-10-10 11:35:13,096 - INFO - Rank 1: Epoch 4/200 | Avg Train Loss: 0.728508 (seg: 0.702944, rec: 0.025564)
2025-10-10 11:35:24,207 - INFO - Rank 1: Epoch 4/200 | Avg Val Loss: 0.715046 (seg: 0.702392, rec: 0.012654)
2025-10-10 11:35:29,281 - DEBUG - Rank 1: Epoch 5/200 | Batch 0/65 | Loss: 0.724587 (seg: 0.702655, rec: 0.021932)
2025-10-10 11:35:46,989 - DEBUG - Rank 1: Epoch 5/200 | Batch 10/65 | Loss: 0.725792 (seg: 0.702409, rec: 0.023382)
2025-10-10 11:36:04,877 - DEBUG - Rank 1: Epoch 5/200 | Batch 20/65 | Loss: 0.727020 (seg: 0.702153, rec: 0.024867)
2025-10-10 11:36:22,804 - DEBUG - Rank 1: Epoch 5/200 | Batch 30/65 | Loss: 0.725001 (seg: 0.701682, rec: 0.023319)
2025-10-10 11:36:40,784 - DEBUG - Rank 1: Epoch 5/200 | Batch 40/65 | Loss: 0.727410 (seg: 0.702023, rec: 0.025387)
2025-10-10 11:36:58,717 - DEBUG - Rank 1: Epoch 5/200 | Batch 50/65 | Loss: 0.725482 (seg: 0.701737, rec: 0.023745)
2025-10-10 11:37:16,703 - DEBUG - Rank 1: Epoch 5/200 | Batch 60/65 | Loss: 0.726292 (seg: 0.701388, rec: 0.024903)
2025-10-10 11:37:24,044 - INFO - Rank 1: Epoch 5/200 | Avg Train Loss: 0.726592 (seg: 0.701987, rec: 0.024605)
2025-10-10 11:37:34,617 - INFO - Rank 1: Epoch 5/200 | Avg Val Loss: 0.714837 (seg: 0.701511, rec: 0.013326)
2025-10-10 11:37:39,729 - DEBUG - Rank 1: Epoch 6/200 | Batch 0/65 | Loss: 0.722791 (seg: 0.699321, rec: 0.023470)
2025-10-10 11:37:57,375 - DEBUG - Rank 1: Epoch 6/200 | Batch 10/65 | Loss: 0.723406 (seg: 0.701702, rec: 0.021704)
2025-10-10 11:38:15,189 - DEBUG - Rank 1: Epoch 6/200 | Batch 20/65 | Loss: 0.725692 (seg: 0.701280, rec: 0.024412)
2025-10-10 11:38:33,172 - DEBUG - Rank 1: Epoch 6/200 | Batch 30/65 | Loss: 0.725689 (seg: 0.700715, rec: 0.024974)
2025-10-10 11:38:51,175 - DEBUG - Rank 1: Epoch 6/200 | Batch 40/65 | Loss: 0.725477 (seg: 0.700171, rec: 0.025306)
2025-10-10 11:39:08,937 - DEBUG - Rank 1: Epoch 6/200 | Batch 50/65 | Loss: 0.720156 (seg: 0.701133, rec: 0.019023)
2025-10-10 11:39:26,792 - DEBUG - Rank 1: Epoch 6/200 | Batch 60/65 | Loss: 0.723218 (seg: 0.700337, rec: 0.022881)
2025-10-10 11:39:34,055 - INFO - Rank 1: Epoch 6/200 | Avg Train Loss: 0.723872 (seg: 0.701038, rec: 0.022834)
2025-10-10 11:39:44,952 - INFO - Rank 1: Epoch 6/200 | Avg Val Loss: 0.710701 (seg: 0.700421, rec: 0.010280)
2025-10-10 11:39:50,383 - DEBUG - Rank 1: Epoch 7/200 | Batch 0/65 | Loss: 0.721648 (seg: 0.700295, rec: 0.021353)
2025-10-10 11:40:08,197 - DEBUG - Rank 1: Epoch 7/200 | Batch 10/65 | Loss: 0.718572 (seg: 0.699826, rec: 0.018746)
2025-10-10 11:40:26,211 - DEBUG - Rank 1: Epoch 7/200 | Batch 20/65 | Loss: 0.720702 (seg: 0.700246, rec: 0.020456)
2025-10-10 11:40:44,353 - DEBUG - Rank 1: Epoch 7/200 | Batch 30/65 | Loss: 0.719612 (seg: 0.700830, rec: 0.018782)
2025-10-10 11:41:02,505 - DEBUG - Rank 1: Epoch 7/200 | Batch 40/65 | Loss: 0.721454 (seg: 0.700614, rec: 0.020839)
2025-10-10 11:41:20,608 - DEBUG - Rank 1: Epoch 7/200 | Batch 50/65 | Loss: 0.723089 (seg: 0.700847, rec: 0.022241)
2025-10-10 11:41:38,733 - DEBUG - Rank 1: Epoch 7/200 | Batch 60/65 | Loss: 0.721099 (seg: 0.700461, rec: 0.020638)
2025-10-10 11:41:46,062 - INFO - Rank 1: Epoch 7/200 | Avg Train Loss: 0.721529 (seg: 0.700187, rec: 0.021342)
2025-10-10 11:41:59,371 - INFO - Rank 1: Epoch 7/200 | Avg Val Loss: 0.708951 (seg: 0.699690, rec: 0.009260)
2025-10-10 11:42:04,179 - DEBUG - Rank 1: Epoch 8/200 | Batch 0/65 | Loss: 0.719785 (seg: 0.699535, rec: 0.020250)
2025-10-10 11:42:21,730 - DEBUG - Rank 1: Epoch 8/200 | Batch 10/65 | Loss: 0.719239 (seg: 0.699381, rec: 0.019858)
2025-10-10 11:42:39,676 - DEBUG - Rank 1: Epoch 8/200 | Batch 20/65 | Loss: 0.720254 (seg: 0.700017, rec: 0.020237)
2025-10-10 11:42:57,652 - DEBUG - Rank 1: Epoch 8/200 | Batch 30/65 | Loss: 0.718394 (seg: 0.699116, rec: 0.019278)
2025-10-10 11:43:15,682 - DEBUG - Rank 1: Epoch 8/200 | Batch 40/65 | Loss: 0.717790 (seg: 0.700350, rec: 0.017440)
2025-10-10 11:43:33,667 - DEBUG - Rank 1: Epoch 8/200 | Batch 50/65 | Loss: 0.719646 (seg: 0.699965, rec: 0.019681)
2025-10-10 11:43:51,643 - DEBUG - Rank 1: Epoch 8/200 | Batch 60/65 | Loss: 0.716315 (seg: 0.699258, rec: 0.017057)
2025-10-10 11:43:58,948 - INFO - Rank 1: Epoch 8/200 | Avg Train Loss: 0.718969 (seg: 0.699431, rec: 0.019538)
2025-10-10 11:44:09,136 - INFO - Rank 1: Epoch 8/200 | Avg Val Loss: 0.708139 (seg: 0.698848, rec: 0.009291)
2025-10-10 11:44:13,579 - DEBUG - Rank 1: Epoch 9/200 | Batch 0/65 | Loss: 0.717954 (seg: 0.698472, rec: 0.019482)
2025-10-10 11:44:31,248 - DEBUG - Rank 1: Epoch 9/200 | Batch 10/65 | Loss: 0.718242 (seg: 0.699703, rec: 0.018539)
2025-10-10 11:44:49,206 - DEBUG - Rank 1: Epoch 9/200 | Batch 20/65 | Loss: 0.717717 (seg: 0.699213, rec: 0.018504)
2025-10-10 11:45:07,261 - DEBUG - Rank 1: Epoch 9/200 | Batch 30/65 | Loss: 0.717842 (seg: 0.697650, rec: 0.020192)
2025-10-10 11:45:25,291 - DEBUG - Rank 1: Epoch 9/200 | Batch 40/65 | Loss: 0.717360 (seg: 0.699211, rec: 0.018149)
2025-10-10 11:45:43,355 - DEBUG - Rank 1: Epoch 9/200 | Batch 50/65 | Loss: 0.714985 (seg: 0.698023, rec: 0.016962)
2025-10-10 11:46:01,409 - DEBUG - Rank 1: Epoch 9/200 | Batch 60/65 | Loss: 0.718172 (seg: 0.698476, rec: 0.019697)
2025-10-10 11:46:08,760 - INFO - Rank 1: Epoch 9/200 | Avg Train Loss: 0.716974 (seg: 0.698601, rec: 0.018373)
2025-10-10 11:46:18,261 - INFO - Rank 1: Epoch 9/200 | Avg Val Loss: 0.707316 (seg: 0.698040, rec: 0.009277)
2025-10-10 11:46:23,138 - DEBUG - Rank 1: Epoch 10/200 | Batch 0/65 | Loss: 0.715168 (seg: 0.698269, rec: 0.016899)
2025-10-10 11:46:40,838 - DEBUG - Rank 1: Epoch 10/200 | Batch 10/65 | Loss: 0.718180 (seg: 0.698484, rec: 0.019697)
2025-10-10 11:46:59,242 - DEBUG - Rank 1: Epoch 10/200 | Batch 20/65 | Loss: 0.712175 (seg: 0.694558, rec: 0.017618)
2025-10-10 11:47:17,466 - DEBUG - Rank 1: Epoch 10/200 | Batch 30/65 | Loss: 0.711114 (seg: 0.696833, rec: 0.014282)
2025-10-10 11:47:35,614 - DEBUG - Rank 1: Epoch 10/200 | Batch 40/65 | Loss: 0.714219 (seg: 0.697493, rec: 0.016726)
2025-10-10 11:47:53,760 - DEBUG - Rank 1: Epoch 10/200 | Batch 50/65 | Loss: 0.708321 (seg: 0.691590, rec: 0.016731)
2025-10-10 11:48:11,821 - DEBUG - Rank 1: Epoch 10/200 | Batch 60/65 | Loss: 0.714572 (seg: 0.697400, rec: 0.017172)
2025-10-10 11:48:19,169 - INFO - Rank 1: Epoch 10/200 | Avg Train Loss: 0.715176 (seg: 0.697842, rec: 0.017333)
2025-10-10 11:48:29,869 - INFO - Rank 1: Epoch 10/200 | Avg Val Loss: 0.703991 (seg: 0.697020, rec: 0.006971)
2025-10-10 11:48:34,690 - DEBUG - Rank 1: Epoch 11/200 | Batch 0/65 | Loss: 0.715135 (seg: 0.698083, rec: 0.017052)
2025-10-10 11:48:52,142 - DEBUG - Rank 1: Epoch 11/200 | Batch 10/65 | Loss: 0.715599 (seg: 0.698338, rec: 0.017261)
2025-10-10 11:49:10,092 - DEBUG - Rank 1: Epoch 11/200 | Batch 20/65 | Loss: 0.714043 (seg: 0.697360, rec: 0.016683)
2025-10-10 11:49:28,114 - DEBUG - Rank 1: Epoch 11/200 | Batch 30/65 | Loss: 0.713775 (seg: 0.697517, rec: 0.016257)
2025-10-10 11:49:46,154 - DEBUG - Rank 1: Epoch 11/200 | Batch 40/65 | Loss: 0.714453 (seg: 0.697931, rec: 0.016522)
2025-10-10 11:50:04,218 - DEBUG - Rank 1: Epoch 11/200 | Batch 50/65 | Loss: 0.712236 (seg: 0.696600, rec: 0.015636)
2025-10-10 11:50:22,294 - DEBUG - Rank 1: Epoch 11/200 | Batch 60/65 | Loss: 0.711079 (seg: 0.696580, rec: 0.014499)
2025-10-10 11:50:29,647 - INFO - Rank 1: Epoch 11/200 | Avg Train Loss: 0.713050 (seg: 0.696776, rec: 0.016274)
2025-10-10 11:50:40,239 - INFO - Rank 1: Epoch 11/200 | Avg Val Loss: 0.702102 (seg: 0.695693, rec: 0.006410)
2025-10-10 11:50:44,993 - DEBUG - Rank 1: Epoch 12/200 | Batch 0/65 | Loss: 0.711959 (seg: 0.695306, rec: 0.016654)
2025-10-10 11:51:02,640 - DEBUG - Rank 1: Epoch 12/200 | Batch 10/65 | Loss: 0.710242 (seg: 0.693097, rec: 0.017145)
2025-10-10 11:51:20,612 - DEBUG - Rank 1: Epoch 12/200 | Batch 20/65 | Loss: 0.712608 (seg: 0.697032, rec: 0.015576)
2025-10-10 11:51:38,672 - DEBUG - Rank 1: Epoch 12/200 | Batch 30/65 | Loss: 0.709319 (seg: 0.693800, rec: 0.015519)
2025-10-10 11:51:56,761 - DEBUG - Rank 1: Epoch 12/200 | Batch 40/65 | Loss: 0.712897 (seg: 0.696106, rec: 0.016791)
2025-10-10 11:52:14,843 - DEBUG - Rank 1: Epoch 12/200 | Batch 50/65 | Loss: 0.706507 (seg: 0.692035, rec: 0.014471)
2025-10-10 11:52:32,907 - DEBUG - Rank 1: Epoch 12/200 | Batch 60/65 | Loss: 0.711498 (seg: 0.694209, rec: 0.017290)
2025-10-10 11:52:40,277 - INFO - Rank 1: Epoch 12/200 | Avg Train Loss: 0.710938 (seg: 0.695089, rec: 0.015848)
2025-10-10 11:52:50,124 - INFO - Rank 1: Epoch 12/200 | Avg Val Loss: 0.699964 (seg: 0.693018, rec: 0.006946)
2025-10-10 11:52:54,638 - DEBUG - Rank 1: Epoch 13/200 | Batch 0/65 | Loss: 0.707656 (seg: 0.693768, rec: 0.013887)
2025-10-10 11:53:12,202 - DEBUG - Rank 1: Epoch 13/200 | Batch 10/65 | Loss: 0.708113 (seg: 0.692635, rec: 0.015478)
2025-10-10 11:53:30,805 - DEBUG - Rank 1: Epoch 13/200 | Batch 20/65 | Loss: 0.703526 (seg: 0.689311, rec: 0.014216)
2025-10-10 11:53:48,864 - DEBUG - Rank 1: Epoch 13/200 | Batch 30/65 | Loss: 0.709177 (seg: 0.693564, rec: 0.015614)
2025-10-10 11:54:06,981 - DEBUG - Rank 1: Epoch 13/200 | Batch 40/65 | Loss: 0.704653 (seg: 0.691909, rec: 0.012745)
2025-10-10 11:54:25,067 - DEBUG - Rank 1: Epoch 13/200 | Batch 50/65 | Loss: 0.705802 (seg: 0.691961, rec: 0.013841)
2025-10-10 11:54:43,251 - DEBUG - Rank 1: Epoch 13/200 | Batch 60/65 | Loss: 0.707779 (seg: 0.694468, rec: 0.013311)
2025-10-10 11:54:50,634 - INFO - Rank 1: Epoch 13/200 | Avg Train Loss: 0.706128 (seg: 0.691758, rec: 0.014370)
2025-10-10 11:55:00,593 - INFO - Rank 1: Epoch 13/200 | Avg Val Loss: 0.694826 (seg: 0.687621, rec: 0.007205)
2025-10-10 11:55:05,882 - DEBUG - Rank 1: Epoch 14/200 | Batch 0/65 | Loss: 0.704227 (seg: 0.691142, rec: 0.013085)
2025-10-10 11:55:23,521 - DEBUG - Rank 1: Epoch 14/200 | Batch 10/65 | Loss: 0.705035 (seg: 0.690835, rec: 0.014200)
2025-10-10 11:55:41,845 - DEBUG - Rank 1: Epoch 14/200 | Batch 20/65 | Loss: 0.700377 (seg: 0.687270, rec: 0.013106)
2025-10-10 11:55:59,964 - DEBUG - Rank 1: Epoch 14/200 | Batch 30/65 | Loss: 0.698408 (seg: 0.685791, rec: 0.012617)
2025-10-10 11:56:18,102 - DEBUG - Rank 1: Epoch 14/200 | Batch 40/65 | Loss: 0.700170 (seg: 0.686640, rec: 0.013530)
2025-10-10 11:56:36,369 - DEBUG - Rank 1: Epoch 14/200 | Batch 50/65 | Loss: 0.685290 (seg: 0.673081, rec: 0.012209)
2025-10-10 11:56:54,774 - DEBUG - Rank 1: Epoch 14/200 | Batch 60/65 | Loss: 0.693695 (seg: 0.680096, rec: 0.013599)
2025-10-10 11:57:02,240 - INFO - Rank 1: Epoch 14/200 | Avg Train Loss: 0.698077 (seg: 0.684162, rec: 0.013915)
2025-10-10 11:57:13,513 - INFO - Rank 1: Epoch 14/200 | Avg Val Loss: 0.670793 (seg: 0.663344, rec: 0.007449)
2025-10-10 11:57:18,384 - DEBUG - Rank 1: Epoch 15/200 | Batch 0/65 | Loss: 0.663568 (seg: 0.651065, rec: 0.012502)
2025-10-10 11:57:36,258 - DEBUG - Rank 1: Epoch 15/200 | Batch 10/65 | Loss: 0.673729 (seg: 0.660584, rec: 0.013145)
2025-10-10 11:57:54,546 - DEBUG - Rank 1: Epoch 15/200 | Batch 20/65 | Loss: 0.683732 (seg: 0.670716, rec: 0.013016)
2025-10-10 11:58:13,016 - DEBUG - Rank 1: Epoch 15/200 | Batch 30/65 | Loss: 0.649491 (seg: 0.637158, rec: 0.012334)
2025-10-10 11:58:31,547 - DEBUG - Rank 1: Epoch 15/200 | Batch 40/65 | Loss: 0.679381 (seg: 0.666551, rec: 0.012830)
2025-10-10 11:58:50,072 - DEBUG - Rank 1: Epoch 15/200 | Batch 50/65 | Loss: 0.677189 (seg: 0.662150, rec: 0.015039)
2025-10-10 11:59:08,406 - DEBUG - Rank 1: Epoch 15/200 | Batch 60/65 | Loss: 0.660555 (seg: 0.647775, rec: 0.012780)
2025-10-10 11:59:15,999 - INFO - Rank 1: Epoch 15/200 | Avg Train Loss: 0.670799 (seg: 0.657576, rec: 0.013223)
2025-10-10 11:59:26,499 - INFO - Rank 1: Epoch 15/200 | Avg Val Loss: 0.599073 (seg: 0.590969, rec: 0.008104)
2025-10-10 11:59:31,579 - DEBUG - Rank 1: Epoch 16/200 | Batch 0/65 | Loss: 0.643504 (seg: 0.630383, rec: 0.013121)
2025-10-10 11:59:49,616 - DEBUG - Rank 1: Epoch 16/200 | Batch 10/65 | Loss: 0.621169 (seg: 0.605688, rec: 0.015481)
2025-10-10 12:00:07,946 - DEBUG - Rank 1: Epoch 16/200 | Batch 20/65 | Loss: 0.648849 (seg: 0.634762, rec: 0.014087)
2025-10-10 12:00:26,323 - DEBUG - Rank 1: Epoch 16/200 | Batch 30/65 | Loss: 0.534652 (seg: 0.521470, rec: 0.013182)
2025-10-10 12:00:44,744 - DEBUG - Rank 1: Epoch 16/200 | Batch 40/65 | Loss: 0.596998 (seg: 0.584722, rec: 0.012276)
2025-10-10 12:01:02,992 - DEBUG - Rank 1: Epoch 16/200 | Batch 50/65 | Loss: 0.494197 (seg: 0.482547, rec: 0.011650)
2025-10-10 12:01:21,255 - DEBUG - Rank 1: Epoch 16/200 | Batch 60/65 | Loss: 0.534164 (seg: 0.522670, rec: 0.011494)
2025-10-10 12:01:28,785 - INFO - Rank 1: Epoch 16/200 | Avg Train Loss: 0.557296 (seg: 0.544301, rec: 0.012995)
2025-10-10 12:01:38,693 - INFO - Rank 1: Epoch 16/200 | Avg Val Loss: 0.388434 (seg: 0.381689, rec: 0.006745)
2025-10-10 12:01:43,537 - DEBUG - Rank 1: Epoch 17/200 | Batch 0/65 | Loss: 0.445062 (seg: 0.433109, rec: 0.011953)
2025-10-10 12:02:01,307 - DEBUG - Rank 1: Epoch 17/200 | Batch 10/65 | Loss: 0.380608 (seg: 0.367150, rec: 0.013458)
2025-10-10 12:02:19,472 - DEBUG - Rank 1: Epoch 17/200 | Batch 20/65 | Loss: 0.443613 (seg: 0.430562, rec: 0.013051)
2025-10-10 12:02:37,659 - DEBUG - Rank 1: Epoch 17/200 | Batch 30/65 | Loss: 0.395102 (seg: 0.383894, rec: 0.011209)
2025-10-10 12:02:55,840 - DEBUG - Rank 1: Epoch 17/200 | Batch 40/65 | Loss: 0.373510 (seg: 0.362496, rec: 0.011014)
2025-10-10 12:03:14,151 - DEBUG - Rank 1: Epoch 17/200 | Batch 50/65 | Loss: 0.390412 (seg: 0.376590, rec: 0.013821)
2025-10-10 12:03:33,392 - DEBUG - Rank 1: Epoch 17/200 | Batch 60/65 | Loss: 0.421340 (seg: 0.409984, rec: 0.011356)
2025-10-10 12:03:41,330 - INFO - Rank 1: Epoch 17/200 | Avg Train Loss: 0.379550 (seg: 0.366886, rec: 0.012663)
2025-10-10 12:03:51,945 - INFO - Rank 1: Epoch 17/200 | Avg Val Loss: 0.220723 (seg: 0.212836, rec: 0.007887)
2025-10-10 12:03:56,781 - DEBUG - Rank 1: Epoch 18/200 | Batch 0/65 | Loss: 0.340115 (seg: 0.327922, rec: 0.012193)
2025-10-10 12:04:14,551 - DEBUG - Rank 1: Epoch 18/200 | Batch 10/65 | Loss: 0.220091 (seg: 0.208595, rec: 0.011496)
2025-10-10 12:04:32,822 - DEBUG - Rank 1: Epoch 18/200 | Batch 20/65 | Loss: 0.284816 (seg: 0.273099, rec: 0.011717)
2025-10-10 12:04:51,185 - DEBUG - Rank 1: Epoch 18/200 | Batch 30/65 | Loss: 0.220053 (seg: 0.206950, rec: 0.013102)
2025-10-10 12:05:09,371 - DEBUG - Rank 1: Epoch 18/200 | Batch 40/65 | Loss: 0.268147 (seg: 0.255507, rec: 0.012641)
2025-10-10 12:05:27,509 - DEBUG - Rank 1: Epoch 18/200 | Batch 50/65 | Loss: 0.191325 (seg: 0.180180, rec: 0.011145)
2025-10-10 12:05:45,612 - DEBUG - Rank 1: Epoch 18/200 | Batch 60/65 | Loss: 0.184700 (seg: 0.173049, rec: 0.011650)
2025-10-10 12:05:52,960 - INFO - Rank 1: Epoch 18/200 | Avg Train Loss: 0.251074 (seg: 0.238716, rec: 0.012358)
2025-10-10 12:06:03,377 - INFO - Rank 1: Epoch 18/200 | Avg Val Loss: 0.143759 (seg: 0.137350, rec: 0.006409)
2025-10-10 12:06:08,224 - DEBUG - Rank 1: Epoch 19/200 | Batch 0/65 | Loss: 0.260385 (seg: 0.249549, rec: 0.010837)
2025-10-10 12:06:26,141 - DEBUG - Rank 1: Epoch 19/200 | Batch 10/65 | Loss: 0.225187 (seg: 0.214244, rec: 0.010943)
2025-10-10 12:06:44,575 - DEBUG - Rank 1: Epoch 19/200 | Batch 20/65 | Loss: 0.150999 (seg: 0.138522, rec: 0.012477)
2025-10-10 12:07:02,763 - DEBUG - Rank 1: Epoch 19/200 | Batch 30/65 | Loss: 0.168972 (seg: 0.156756, rec: 0.012215)
2025-10-10 12:07:21,079 - DEBUG - Rank 1: Epoch 19/200 | Batch 40/65 | Loss: 0.174735 (seg: 0.161515, rec: 0.013221)
2025-10-10 12:07:39,492 - DEBUG - Rank 1: Epoch 19/200 | Batch 50/65 | Loss: 0.107430 (seg: 0.094429, rec: 0.013001)
2025-10-10 12:07:57,782 - DEBUG - Rank 1: Epoch 19/200 | Batch 60/65 | Loss: 0.176738 (seg: 0.163251, rec: 0.013487)
2025-10-10 12:08:05,260 - INFO - Rank 1: Epoch 19/200 | Avg Train Loss: 0.185033 (seg: 0.172958, rec: 0.012075)
2025-10-10 12:08:16,172 - INFO - Rank 1: Epoch 19/200 | Avg Val Loss: 0.110116 (seg: 0.103622, rec: 0.006494)
2025-10-10 12:08:21,152 - DEBUG - Rank 1: Epoch 20/200 | Batch 0/65 | Loss: 0.155116 (seg: 0.139217, rec: 0.015899)
2025-10-10 12:08:38,860 - DEBUG - Rank 1: Epoch 20/200 | Batch 10/65 | Loss: 0.151184 (seg: 0.138312, rec: 0.012871)
2025-10-10 12:08:57,021 - DEBUG - Rank 1: Epoch 20/200 | Batch 20/65 | Loss: 0.109828 (seg: 0.098203, rec: 0.011625)
2025-10-10 12:09:15,350 - DEBUG - Rank 1: Epoch 20/200 | Batch 30/65 | Loss: 0.143299 (seg: 0.131769, rec: 0.011530)
2025-10-10 12:09:33,687 - DEBUG - Rank 1: Epoch 20/200 | Batch 40/65 | Loss: 0.111768 (seg: 0.099351, rec: 0.012417)
2025-10-10 12:09:51,945 - DEBUG - Rank 1: Epoch 20/200 | Batch 50/65 | Loss: 0.182205 (seg: 0.171397, rec: 0.010808)
2025-10-10 12:10:10,249 - DEBUG - Rank 1: Epoch 20/200 | Batch 60/65 | Loss: 0.147329 (seg: 0.137734, rec: 0.009594)
2025-10-10 12:10:17,719 - INFO - Rank 1: Epoch 20/200 | Avg Train Loss: 0.148990 (seg: 0.137169, rec: 0.011821)
2025-10-10 12:10:28,527 - INFO - Rank 1: Epoch 20/200 | Avg Val Loss: 0.093316 (seg: 0.087439, rec: 0.005877)
2025-10-10 12:10:33,394 - DEBUG - Rank 1: Epoch 21/200 | Batch 0/65 | Loss: 0.203108 (seg: 0.191552, rec: 0.011555)
2025-10-10 12:10:51,917 - DEBUG - Rank 1: Epoch 21/200 | Batch 10/65 | Loss: 0.142569 (seg: 0.131139, rec: 0.011430)
2025-10-10 12:11:10,580 - DEBUG - Rank 1: Epoch 21/200 | Batch 20/65 | Loss: 0.145898 (seg: 0.134576, rec: 0.011322)
2025-10-10 12:11:28,869 - DEBUG - Rank 1: Epoch 21/200 | Batch 30/65 | Loss: 0.147927 (seg: 0.135797, rec: 0.012131)
2025-10-10 12:11:47,827 - DEBUG - Rank 1: Epoch 21/200 | Batch 40/65 | Loss: 0.127845 (seg: 0.117576, rec: 0.010269)
2025-10-10 12:12:06,166 - DEBUG - Rank 1: Epoch 21/200 | Batch 50/65 | Loss: 0.072694 (seg: 0.060916, rec: 0.011778)
2025-10-10 12:12:24,454 - DEBUG - Rank 1: Epoch 21/200 | Batch 60/65 | Loss: 0.117472 (seg: 0.106120, rec: 0.011352)
2025-10-10 12:12:31,871 - INFO - Rank 1: Epoch 21/200 | Avg Train Loss: 0.133320 (seg: 0.121370, rec: 0.011949)
2025-10-10 12:12:41,529 - INFO - Rank 1: Epoch 21/200 | Avg Val Loss: 0.086282 (seg: 0.079898, rec: 0.006384)
2025-10-10 12:12:46,008 - DEBUG - Rank 1: Epoch 22/200 | Batch 0/65 | Loss: 0.120209 (seg: 0.108888, rec: 0.011321)
2025-10-10 12:13:03,780 - DEBUG - Rank 1: Epoch 22/200 | Batch 10/65 | Loss: 0.121923 (seg: 0.109917, rec: 0.012006)
2025-10-10 12:13:22,104 - DEBUG - Rank 1: Epoch 22/200 | Batch 20/65 | Loss: 0.115931 (seg: 0.104280, rec: 0.011651)
2025-10-10 12:13:40,538 - DEBUG - Rank 1: Epoch 22/200 | Batch 30/65 | Loss: 0.118555 (seg: 0.107517, rec: 0.011038)
2025-10-10 12:13:59,038 - DEBUG - Rank 1: Epoch 22/200 | Batch 40/65 | Loss: 0.106718 (seg: 0.094925, rec: 0.011793)
2025-10-10 12:14:17,481 - DEBUG - Rank 1: Epoch 22/200 | Batch 50/65 | Loss: 0.098001 (seg: 0.087668, rec: 0.010333)
2025-10-10 12:14:35,926 - DEBUG - Rank 1: Epoch 22/200 | Batch 60/65 | Loss: 0.134650 (seg: 0.120935, rec: 0.013715)
2025-10-10 12:14:43,421 - INFO - Rank 1: Epoch 22/200 | Avg Train Loss: 0.119065 (seg: 0.107477, rec: 0.011588)
2025-10-10 12:15:01,937 - INFO - Rank 1: Epoch 22/200 | Avg Val Loss: 0.077110 (seg: 0.071995, rec: 0.005115)
2025-10-10 12:15:08,184 - DEBUG - Rank 1: Epoch 23/200 | Batch 0/65 | Loss: 0.125022 (seg: 0.113968, rec: 0.011054)
2025-10-10 12:15:25,926 - DEBUG - Rank 1: Epoch 23/200 | Batch 10/65 | Loss: 0.094640 (seg: 0.082825, rec: 0.011815)
2025-10-10 12:15:44,344 - DEBUG - Rank 1: Epoch 23/200 | Batch 20/65 | Loss: 0.077388 (seg: 0.068265, rec: 0.009123)
2025-10-10 12:16:02,714 - DEBUG - Rank 1: Epoch 23/200 | Batch 30/65 | Loss: 0.079509 (seg: 0.068644, rec: 0.010865)
2025-10-10 12:16:21,223 - DEBUG - Rank 1: Epoch 23/200 | Batch 40/65 | Loss: 0.113429 (seg: 0.098840, rec: 0.014588)
2025-10-10 12:16:39,560 - DEBUG - Rank 1: Epoch 23/200 | Batch 50/65 | Loss: 0.124431 (seg: 0.110556, rec: 0.013875)
2025-10-10 12:16:57,695 - DEBUG - Rank 1: Epoch 23/200 | Batch 60/65 | Loss: 0.093139 (seg: 0.082430, rec: 0.010709)
2025-10-10 12:17:05,114 - INFO - Rank 1: Epoch 23/200 | Avg Train Loss: 0.110654 (seg: 0.099277, rec: 0.011376)
2025-10-10 12:17:16,062 - INFO - Rank 1: Epoch 23/200 | Avg Val Loss: 0.072058 (seg: 0.067013, rec: 0.005045)
2025-10-10 12:17:20,604 - DEBUG - Rank 1: Epoch 24/200 | Batch 0/65 | Loss: 0.108861 (seg: 0.098391, rec: 0.010471)
2025-10-10 12:17:38,211 - DEBUG - Rank 1: Epoch 24/200 | Batch 10/65 | Loss: 0.326645 (seg: 0.315165, rec: 0.011480)
2025-10-10 12:17:56,326 - DEBUG - Rank 1: Epoch 24/200 | Batch 20/65 | Loss: 0.106883 (seg: 0.095718, rec: 0.011165)
2025-10-10 12:18:14,501 - DEBUG - Rank 1: Epoch 24/200 | Batch 30/65 | Loss: 0.097423 (seg: 0.088300, rec: 0.009123)
2025-10-10 12:18:32,777 - DEBUG - Rank 1: Epoch 24/200 | Batch 40/65 | Loss: 0.103307 (seg: 0.094068, rec: 0.009239)
2025-10-10 12:18:50,973 - DEBUG - Rank 1: Epoch 24/200 | Batch 50/65 | Loss: 0.085754 (seg: 0.073899, rec: 0.011855)
2025-10-10 12:19:09,322 - DEBUG - Rank 1: Epoch 24/200 | Batch 60/65 | Loss: 0.177934 (seg: 0.167427, rec: 0.010507)
2025-10-10 12:19:16,685 - INFO - Rank 1: Epoch 24/200 | Avg Train Loss: 0.100611 (seg: 0.089409, rec: 0.011202)
2025-10-10 12:19:26,967 - INFO - Rank 1: Epoch 24/200 | Avg Val Loss: 0.074079 (seg: 0.068459, rec: 0.005620)
2025-10-10 12:19:31,608 - DEBUG - Rank 1: Epoch 25/200 | Batch 0/65 | Loss: 0.112896 (seg: 0.103759, rec: 0.009138)
2025-10-10 12:19:49,363 - DEBUG - Rank 1: Epoch 25/200 | Batch 10/65 | Loss: 0.091420 (seg: 0.080641, rec: 0.010779)
2025-10-10 12:20:07,437 - DEBUG - Rank 1: Epoch 25/200 | Batch 20/65 | Loss: 0.094918 (seg: 0.085598, rec: 0.009320)
2025-10-10 12:20:25,757 - DEBUG - Rank 1: Epoch 25/200 | Batch 30/65 | Loss: 0.091676 (seg: 0.081552, rec: 0.010124)
2025-10-10 12:20:44,070 - DEBUG - Rank 1: Epoch 25/200 | Batch 40/65 | Loss: 0.062364 (seg: 0.052059, rec: 0.010305)
2025-10-10 12:21:02,247 - DEBUG - Rank 1: Epoch 25/200 | Batch 50/65 | Loss: 0.087951 (seg: 0.076951, rec: 0.011001)
2025-10-10 12:21:20,453 - DEBUG - Rank 1: Epoch 25/200 | Batch 60/65 | Loss: 0.091945 (seg: 0.079935, rec: 0.012010)
2025-10-10 12:21:28,163 - INFO - Rank 1: Epoch 25/200 | Avg Train Loss: 0.097630 (seg: 0.087016, rec: 0.010614)
2025-10-10 12:21:38,014 - INFO - Rank 1: Epoch 25/200 | Avg Val Loss: 0.070756 (seg: 0.065039, rec: 0.005717)
2025-10-10 12:21:43,010 - DEBUG - Rank 1: Epoch 26/200 | Batch 0/65 | Loss: 0.067013 (seg: 0.058439, rec: 0.008574)
2025-10-10 12:22:00,557 - DEBUG - Rank 1: Epoch 26/200 | Batch 10/65 | Loss: 0.101141 (seg: 0.091303, rec: 0.009839)
2025-10-10 12:22:18,614 - DEBUG - Rank 1: Epoch 26/200 | Batch 20/65 | Loss: 0.069731 (seg: 0.060917, rec: 0.008814)
2025-10-10 12:22:36,818 - DEBUG - Rank 1: Epoch 26/200 | Batch 30/65 | Loss: 0.067794 (seg: 0.057296, rec: 0.010499)
2025-10-10 12:22:55,111 - DEBUG - Rank 1: Epoch 26/200 | Batch 40/65 | Loss: 0.080869 (seg: 0.068522, rec: 0.012347)
2025-10-10 12:23:13,463 - DEBUG - Rank 1: Epoch 26/200 | Batch 50/65 | Loss: 0.071124 (seg: 0.060997, rec: 0.010127)
2025-10-10 12:23:32,295 - DEBUG - Rank 1: Epoch 26/200 | Batch 60/65 | Loss: 0.081274 (seg: 0.070122, rec: 0.011152)
2025-10-10 12:23:39,632 - INFO - Rank 1: Epoch 26/200 | Avg Train Loss: 0.088442 (seg: 0.077976, rec: 0.010466)
2025-10-10 12:23:49,741 - INFO - Rank 1: Epoch 26/200 | Avg Val Loss: 0.066664 (seg: 0.061006, rec: 0.005658)
2025-10-10 12:23:54,484 - DEBUG - Rank 1: Epoch 27/200 | Batch 0/65 | Loss: 0.085987 (seg: 0.075048, rec: 0.010939)
2025-10-10 12:24:12,218 - DEBUG - Rank 1: Epoch 27/200 | Batch 10/65 | Loss: 0.070563 (seg: 0.060586, rec: 0.009977)
2025-10-10 12:24:30,502 - DEBUG - Rank 1: Epoch 27/200 | Batch 20/65 | Loss: 0.078538 (seg: 0.069926, rec: 0.008612)
2025-10-10 12:24:48,962 - DEBUG - Rank 1: Epoch 27/200 | Batch 30/65 | Loss: 0.094488 (seg: 0.082884, rec: 0.011604)
2025-10-10 12:25:07,457 - DEBUG - Rank 1: Epoch 27/200 | Batch 40/65 | Loss: 0.072637 (seg: 0.062020, rec: 0.010616)
2025-10-10 12:25:25,953 - DEBUG - Rank 1: Epoch 27/200 | Batch 50/65 | Loss: 0.066656 (seg: 0.057469, rec: 0.009188)
2025-10-10 12:25:44,485 - DEBUG - Rank 1: Epoch 27/200 | Batch 60/65 | Loss: 0.198964 (seg: 0.188393, rec: 0.010571)
2025-10-10 12:25:52,011 - INFO - Rank 1: Epoch 27/200 | Avg Train Loss: 0.086559 (seg: 0.076021, rec: 0.010538)
2025-10-10 12:26:02,866 - INFO - Rank 1: Epoch 27/200 | Avg Val Loss: 0.064401 (seg: 0.059676, rec: 0.004726)
2025-10-10 12:26:07,629 - DEBUG - Rank 1: Epoch 28/200 | Batch 0/65 | Loss: 0.079682 (seg: 0.068123, rec: 0.011558)
2025-10-10 12:26:25,612 - DEBUG - Rank 1: Epoch 28/200 | Batch 10/65 | Loss: 0.094295 (seg: 0.084960, rec: 0.009335)
2025-10-10 12:26:44,304 - DEBUG - Rank 1: Epoch 28/200 | Batch 20/65 | Loss: 0.085337 (seg: 0.076186, rec: 0.009150)
2025-10-10 12:27:02,737 - DEBUG - Rank 1: Epoch 28/200 | Batch 30/65 | Loss: 0.066839 (seg: 0.057827, rec: 0.009013)
2025-10-10 12:27:21,235 - DEBUG - Rank 1: Epoch 28/200 | Batch 40/65 | Loss: 0.058332 (seg: 0.047308, rec: 0.011024)
2025-10-10 12:27:39,791 - DEBUG - Rank 1: Epoch 28/200 | Batch 50/65 | Loss: 0.078165 (seg: 0.067923, rec: 0.010242)
2025-10-10 12:27:58,279 - DEBUG - Rank 1: Epoch 28/200 | Batch 60/65 | Loss: 0.068220 (seg: 0.059542, rec: 0.008677)
2025-10-10 12:28:05,713 - INFO - Rank 1: Epoch 28/200 | Avg Train Loss: 0.080597 (seg: 0.070419, rec: 0.010178)
2025-10-10 12:28:16,546 - INFO - Rank 1: Epoch 28/200 | Avg Val Loss: 0.062786 (seg: 0.058184, rec: 0.004602)
2025-10-10 12:28:21,768 - DEBUG - Rank 1: Epoch 29/200 | Batch 0/65 | Loss: 0.062808 (seg: 0.052385, rec: 0.010422)
2025-10-10 12:28:39,788 - DEBUG - Rank 1: Epoch 29/200 | Batch 10/65 | Loss: 0.061999 (seg: 0.052011, rec: 0.009987)
2025-10-10 12:28:58,228 - DEBUG - Rank 1: Epoch 29/200 | Batch 20/65 | Loss: 0.066067 (seg: 0.057495, rec: 0.008572)
2025-10-10 12:29:16,550 - DEBUG - Rank 1: Epoch 29/200 | Batch 30/65 | Loss: 0.079658 (seg: 0.069880, rec: 0.009779)
2025-10-10 12:29:34,852 - DEBUG - Rank 1: Epoch 29/200 | Batch 40/65 | Loss: 0.071939 (seg: 0.061719, rec: 0.010220)
2025-10-10 12:29:53,118 - DEBUG - Rank 1: Epoch 29/200 | Batch 50/65 | Loss: 0.071991 (seg: 0.060320, rec: 0.011670)
2025-10-10 12:30:11,374 - DEBUG - Rank 1: Epoch 29/200 | Batch 60/65 | Loss: 0.076931 (seg: 0.064474, rec: 0.012457)
2025-10-10 12:30:18,783 - INFO - Rank 1: Epoch 29/200 | Avg Train Loss: 0.079039 (seg: 0.068921, rec: 0.010117)
2025-10-10 12:30:28,653 - INFO - Rank 1: Epoch 29/200 | Avg Val Loss: 0.060984 (seg: 0.056095, rec: 0.004889)
2025-10-10 12:30:33,334 - DEBUG - Rank 1: Epoch 30/200 | Batch 0/65 | Loss: 0.069725 (seg: 0.060895, rec: 0.008830)
2025-10-10 12:30:50,985 - DEBUG - Rank 1: Epoch 30/200 | Batch 10/65 | Loss: 0.065038 (seg: 0.055601, rec: 0.009437)
2025-10-10 12:31:09,076 - DEBUG - Rank 1: Epoch 30/200 | Batch 20/65 | Loss: 0.065408 (seg: 0.055484, rec: 0.009924)
2025-10-10 12:31:27,243 - DEBUG - Rank 1: Epoch 30/200 | Batch 30/65 | Loss: 0.060001 (seg: 0.050237, rec: 0.009765)
2025-10-10 12:31:45,379 - DEBUG - Rank 1: Epoch 30/200 | Batch 40/65 | Loss: 0.082946 (seg: 0.072641, rec: 0.010304)
2025-10-10 12:32:03,677 - DEBUG - Rank 1: Epoch 30/200 | Batch 50/65 | Loss: 0.082494 (seg: 0.073395, rec: 0.009098)
2025-10-10 12:32:21,797 - DEBUG - Rank 1: Epoch 30/200 | Batch 60/65 | Loss: 0.073631 (seg: 0.063783, rec: 0.009848)
2025-10-10 12:32:29,440 - INFO - Rank 1: Epoch 30/200 | Avg Train Loss: 0.076370 (seg: 0.066434, rec: 0.009936)
2025-10-10 12:32:39,769 - INFO - Rank 1: Epoch 30/200 | Avg Val Loss: 0.060000 (seg: 0.054674, rec: 0.005326)
2025-10-10 12:32:44,364 - DEBUG - Rank 1: Epoch 31/200 | Batch 0/65 | Loss: 0.077871 (seg: 0.067010, rec: 0.010861)
2025-10-10 12:33:02,142 - DEBUG - Rank 1: Epoch 31/200 | Batch 10/65 | Loss: 0.082707 (seg: 0.072655, rec: 0.010051)
2025-10-10 12:33:20,348 - DEBUG - Rank 1: Epoch 31/200 | Batch 20/65 | Loss: 0.077268 (seg: 0.067204, rec: 0.010064)
2025-10-10 12:33:38,645 - DEBUG - Rank 1: Epoch 31/200 | Batch 30/65 | Loss: 0.087782 (seg: 0.079009, rec: 0.008774)
2025-10-10 12:33:57,003 - DEBUG - Rank 1: Epoch 31/200 | Batch 40/65 | Loss: 0.067152 (seg: 0.056720, rec: 0.010432)
2025-10-10 12:34:15,388 - DEBUG - Rank 1: Epoch 31/200 | Batch 50/65 | Loss: 0.093804 (seg: 0.084579, rec: 0.009225)
2025-10-10 12:34:33,713 - DEBUG - Rank 1: Epoch 31/200 | Batch 60/65 | Loss: 0.069433 (seg: 0.059714, rec: 0.009719)
2025-10-10 12:34:41,249 - INFO - Rank 1: Epoch 31/200 | Avg Train Loss: 0.072570 (seg: 0.062895, rec: 0.009675)
2025-10-10 12:34:51,286 - INFO - Rank 1: Epoch 31/200 | Avg Val Loss: 0.059768 (seg: 0.054022, rec: 0.005747)
2025-10-10 12:34:55,925 - DEBUG - Rank 1: Epoch 32/200 | Batch 0/65 | Loss: 0.104898 (seg: 0.095656, rec: 0.009243)
2025-10-10 12:35:13,706 - DEBUG - Rank 1: Epoch 32/200 | Batch 10/65 | Loss: 0.076338 (seg: 0.067478, rec: 0.008860)
2025-10-10 12:35:31,811 - DEBUG - Rank 1: Epoch 32/200 | Batch 20/65 | Loss: 0.069935 (seg: 0.061405, rec: 0.008530)
2025-10-10 12:35:50,130 - DEBUG - Rank 1: Epoch 32/200 | Batch 30/65 | Loss: 0.065134 (seg: 0.056168, rec: 0.008966)
2025-10-10 12:36:08,703 - DEBUG - Rank 1: Epoch 32/200 | Batch 40/65 | Loss: 0.079219 (seg: 0.068639, rec: 0.010580)
2025-10-10 12:36:27,075 - DEBUG - Rank 1: Epoch 32/200 | Batch 50/65 | Loss: 0.065673 (seg: 0.054945, rec: 0.010728)
2025-10-10 12:36:45,469 - DEBUG - Rank 1: Epoch 32/200 | Batch 60/65 | Loss: 0.051505 (seg: 0.042287, rec: 0.009218)
2025-10-10 12:36:52,929 - INFO - Rank 1: Epoch 32/200 | Avg Train Loss: 0.069787 (seg: 0.060414, rec: 0.009373)
2025-10-10 12:37:04,482 - INFO - Rank 1: Epoch 32/200 | Avg Val Loss: 0.059066 (seg: 0.053377, rec: 0.005689)
2025-10-10 12:37:09,074 - DEBUG - Rank 1: Epoch 33/200 | Batch 0/65 | Loss: 0.053612 (seg: 0.045377, rec: 0.008234)
2025-10-10 12:37:26,874 - DEBUG - Rank 1: Epoch 33/200 | Batch 10/65 | Loss: 0.046772 (seg: 0.037240, rec: 0.009532)
2025-10-10 12:37:45,140 - DEBUG - Rank 1: Epoch 33/200 | Batch 20/65 | Loss: 0.076432 (seg: 0.067132, rec: 0.009300)
2025-10-10 12:38:03,679 - DEBUG - Rank 1: Epoch 33/200 | Batch 30/65 | Loss: 0.061632 (seg: 0.052517, rec: 0.009115)
2025-10-10 12:38:22,263 - DEBUG - Rank 1: Epoch 33/200 | Batch 40/65 | Loss: 0.059368 (seg: 0.048923, rec: 0.010444)
2025-10-10 12:38:40,827 - DEBUG - Rank 1: Epoch 33/200 | Batch 50/65 | Loss: 0.076915 (seg: 0.068214, rec: 0.008700)
2025-10-10 12:38:59,283 - DEBUG - Rank 1: Epoch 33/200 | Batch 60/65 | Loss: 0.061602 (seg: 0.052161, rec: 0.009441)
2025-10-10 12:39:07,190 - INFO - Rank 1: Epoch 33/200 | Avg Train Loss: 0.070569 (seg: 0.061257, rec: 0.009312)
2025-10-10 12:39:16,841 - INFO - Rank 1: Epoch 33/200 | Avg Val Loss: 0.057736 (seg: 0.053469, rec: 0.004267)
2025-10-10 12:39:21,671 - DEBUG - Rank 1: Epoch 34/200 | Batch 0/65 | Loss: 0.075241 (seg: 0.066858, rec: 0.008383)
2025-10-10 12:39:39,692 - DEBUG - Rank 1: Epoch 34/200 | Batch 10/65 | Loss: 0.079339 (seg: 0.070784, rec: 0.008554)
2025-10-10 12:39:58,129 - DEBUG - Rank 1: Epoch 34/200 | Batch 20/65 | Loss: 0.058736 (seg: 0.049648, rec: 0.009089)
2025-10-10 12:40:16,645 - DEBUG - Rank 1: Epoch 34/200 | Batch 30/65 | Loss: 0.058914 (seg: 0.050157, rec: 0.008757)
2025-10-10 12:40:35,307 - DEBUG - Rank 1: Epoch 34/200 | Batch 40/65 | Loss: 0.057143 (seg: 0.048646, rec: 0.008497)
2025-10-10 12:40:53,770 - DEBUG - Rank 1: Epoch 34/200 | Batch 50/65 | Loss: 0.063938 (seg: 0.052559, rec: 0.011378)
2025-10-10 12:41:12,282 - DEBUG - Rank 1: Epoch 34/200 | Batch 60/65 | Loss: 0.054527 (seg: 0.045519, rec: 0.009009)
2025-10-10 12:41:19,825 - INFO - Rank 1: Epoch 34/200 | Avg Train Loss: 0.070198 (seg: 0.061036, rec: 0.009162)
2025-10-10 12:41:30,441 - INFO - Rank 1: Epoch 34/200 | Avg Val Loss: 0.058624 (seg: 0.052583, rec: 0.006041)
2025-10-10 12:41:34,791 - DEBUG - Rank 1: Epoch 35/200 | Batch 0/65 | Loss: 0.052519 (seg: 0.043229, rec: 0.009291)
2025-10-10 12:41:52,642 - DEBUG - Rank 1: Epoch 35/200 | Batch 10/65 | Loss: 0.066219 (seg: 0.057173, rec: 0.009046)
2025-10-10 12:42:11,011 - DEBUG - Rank 1: Epoch 35/200 | Batch 20/65 | Loss: 0.072375 (seg: 0.062504, rec: 0.009872)
2025-10-10 12:42:29,380 - DEBUG - Rank 1: Epoch 35/200 | Batch 30/65 | Loss: 0.096655 (seg: 0.088115, rec: 0.008540)
2025-10-10 12:42:47,791 - DEBUG - Rank 1: Epoch 35/200 | Batch 40/65 | Loss: 0.084381 (seg: 0.075547, rec: 0.008834)
2025-10-10 12:43:06,236 - DEBUG - Rank 1: Epoch 35/200 | Batch 50/65 | Loss: 0.072391 (seg: 0.063377, rec: 0.009014)
2025-10-10 12:43:24,631 - DEBUG - Rank 1: Epoch 35/200 | Batch 60/65 | Loss: 0.070058 (seg: 0.060910, rec: 0.009148)
2025-10-10 12:43:32,090 - INFO - Rank 1: Epoch 35/200 | Avg Train Loss: 0.069328 (seg: 0.059968, rec: 0.009360)
2025-10-10 12:43:42,802 - INFO - Rank 1: Epoch 35/200 | Avg Val Loss: 0.055921 (seg: 0.051169, rec: 0.004752)
2025-10-10 12:43:48,018 - DEBUG - Rank 1: Epoch 36/200 | Batch 0/65 | Loss: 0.066458 (seg: 0.058031, rec: 0.008426)
2025-10-10 12:44:06,017 - DEBUG - Rank 1: Epoch 36/200 | Batch 10/65 | Loss: 0.053173 (seg: 0.043807, rec: 0.009366)
2025-10-10 12:44:24,364 - DEBUG - Rank 1: Epoch 36/200 | Batch 20/65 | Loss: 0.065538 (seg: 0.051016, rec: 0.014522)
2025-10-10 12:44:42,821 - DEBUG - Rank 1: Epoch 36/200 | Batch 30/65 | Loss: 0.057878 (seg: 0.045932, rec: 0.011947)
2025-10-10 12:45:01,349 - DEBUG - Rank 1: Epoch 36/200 | Batch 40/65 | Loss: 0.079625 (seg: 0.069678, rec: 0.009947)
2025-10-10 12:45:19,651 - DEBUG - Rank 1: Epoch 36/200 | Batch 50/65 | Loss: 0.067083 (seg: 0.058832, rec: 0.008251)
2025-10-10 12:45:37,938 - DEBUG - Rank 1: Epoch 36/200 | Batch 60/65 | Loss: 0.064875 (seg: 0.055763, rec: 0.009111)
2025-10-10 12:45:45,348 - INFO - Rank 1: Epoch 36/200 | Avg Train Loss: 0.065185 (seg: 0.054753, rec: 0.010432)
2025-10-10 12:45:55,851 - INFO - Rank 1: Epoch 36/200 | Avg Val Loss: 0.055397 (seg: 0.050705, rec: 0.004692)
2025-10-10 12:46:00,360 - DEBUG - Rank 1: Epoch 37/200 | Batch 0/65 | Loss: 0.076152 (seg: 0.067410, rec: 0.008742)
2025-10-10 12:46:18,110 - DEBUG - Rank 1: Epoch 37/200 | Batch 10/65 | Loss: 0.072897 (seg: 0.060548, rec: 0.012349)
2025-10-10 12:46:36,157 - DEBUG - Rank 1: Epoch 37/200 | Batch 20/65 | Loss: 0.061627 (seg: 0.050601, rec: 0.011025)
2025-10-10 12:46:54,351 - DEBUG - Rank 1: Epoch 37/200 | Batch 30/65 | Loss: 0.059424 (seg: 0.049251, rec: 0.010173)
2025-10-10 12:47:13,449 - DEBUG - Rank 1: Epoch 37/200 | Batch 40/65 | Loss: 0.044552 (seg: 0.036057, rec: 0.008495)
2025-10-10 12:47:31,783 - DEBUG - Rank 1: Epoch 37/200 | Batch 50/65 | Loss: 0.090609 (seg: 0.081789, rec: 0.008819)
2025-10-10 12:47:51,097 - DEBUG - Rank 1: Epoch 37/200 | Batch 60/65 | Loss: 0.060281 (seg: 0.051773, rec: 0.008508)
2025-10-10 12:47:58,546 - INFO - Rank 1: Epoch 37/200 | Avg Train Loss: 0.068043 (seg: 0.058384, rec: 0.009659)
2025-10-10 12:48:09,049 - INFO - Rank 1: Epoch 37/200 | Avg Val Loss: 0.058245 (seg: 0.053315, rec: 0.004930)
2025-10-10 12:48:13,929 - DEBUG - Rank 1: Epoch 38/200 | Batch 0/65 | Loss: 0.052867 (seg: 0.044381, rec: 0.008487)
2025-10-10 12:48:32,781 - DEBUG - Rank 1: Epoch 38/200 | Batch 10/65 | Loss: 0.072055 (seg: 0.062165, rec: 0.009890)
2025-10-10 12:48:50,988 - DEBUG - Rank 1: Epoch 38/200 | Batch 20/65 | Loss: 0.069735 (seg: 0.061428, rec: 0.008306)
2025-10-10 12:49:09,343 - DEBUG - Rank 1: Epoch 38/200 | Batch 30/65 | Loss: 0.052765 (seg: 0.044472, rec: 0.008293)
2025-10-10 12:49:27,789 - DEBUG - Rank 1: Epoch 38/200 | Batch 40/65 | Loss: 0.057795 (seg: 0.049480, rec: 0.008315)
2025-10-10 12:49:46,528 - DEBUG - Rank 1: Epoch 38/200 | Batch 50/65 | Loss: 0.061730 (seg: 0.052801, rec: 0.008929)
2025-10-10 12:50:04,968 - DEBUG - Rank 1: Epoch 38/200 | Batch 60/65 | Loss: 0.052689 (seg: 0.042724, rec: 0.009965)
2025-10-10 12:50:12,478 - INFO - Rank 1: Epoch 38/200 | Avg Train Loss: 0.065380 (seg: 0.056058, rec: 0.009322)
2025-10-10 12:50:22,859 - INFO - Rank 1: Epoch 38/200 | Avg Val Loss: 0.054709 (seg: 0.049981, rec: 0.004728)
2025-10-10 12:50:27,967 - DEBUG - Rank 1: Epoch 39/200 | Batch 0/65 | Loss: 0.059668 (seg: 0.050675, rec: 0.008993)
2025-10-10 12:50:45,875 - DEBUG - Rank 1: Epoch 39/200 | Batch 10/65 | Loss: 0.051752 (seg: 0.043516, rec: 0.008236)
2025-10-10 12:51:04,308 - DEBUG - Rank 1: Epoch 39/200 | Batch 20/65 | Loss: 0.060164 (seg: 0.052243, rec: 0.007921)
2025-10-10 12:51:23,322 - DEBUG - Rank 1: Epoch 39/200 | Batch 30/65 | Loss: 0.041734 (seg: 0.033480, rec: 0.008255)
2025-10-10 12:51:41,910 - DEBUG - Rank 1: Epoch 39/200 | Batch 40/65 | Loss: 0.056115 (seg: 0.047269, rec: 0.008846)
2025-10-10 12:52:00,484 - DEBUG - Rank 1: Epoch 39/200 | Batch 50/65 | Loss: 0.057073 (seg: 0.048638, rec: 0.008435)
2025-10-10 12:52:18,974 - DEBUG - Rank 1: Epoch 39/200 | Batch 60/65 | Loss: 0.097797 (seg: 0.089932, rec: 0.007865)
2025-10-10 12:52:26,503 - INFO - Rank 1: Epoch 39/200 | Avg Train Loss: 0.063326 (seg: 0.054487, rec: 0.008838)
2025-10-10 12:52:37,451 - INFO - Rank 1: Epoch 39/200 | Avg Val Loss: 0.060960 (seg: 0.056515, rec: 0.004446)
2025-10-10 12:52:42,205 - DEBUG - Rank 1: Epoch 40/200 | Batch 0/65 | Loss: 0.060038 (seg: 0.052346, rec: 0.007692)
2025-10-10 12:53:00,262 - DEBUG - Rank 1: Epoch 40/200 | Batch 10/65 | Loss: 0.064742 (seg: 0.055586, rec: 0.009156)
2025-10-10 12:53:18,723 - DEBUG - Rank 1: Epoch 40/200 | Batch 20/65 | Loss: 0.063812 (seg: 0.056023, rec: 0.007789)
2025-10-10 12:53:37,273 - DEBUG - Rank 1: Epoch 40/200 | Batch 30/65 | Loss: 0.050109 (seg: 0.041591, rec: 0.008518)
2025-10-10 12:53:55,895 - DEBUG - Rank 1: Epoch 40/200 | Batch 40/65 | Loss: 0.054627 (seg: 0.045358, rec: 0.009269)
2025-10-10 12:54:14,464 - DEBUG - Rank 1: Epoch 40/200 | Batch 50/65 | Loss: 0.058849 (seg: 0.049459, rec: 0.009390)
2025-10-10 12:54:32,998 - DEBUG - Rank 1: Epoch 40/200 | Batch 60/65 | Loss: 0.056851 (seg: 0.047914, rec: 0.008937)
2025-10-10 12:54:40,527 - INFO - Rank 1: Epoch 40/200 | Avg Train Loss: 0.066110 (seg: 0.057441, rec: 0.008669)
2025-10-10 12:54:50,594 - INFO - Rank 1: Epoch 40/200 | Avg Val Loss: 0.055779 (seg: 0.049972, rec: 0.005808)
2025-10-10 12:54:54,983 - DEBUG - Rank 1: Epoch 41/200 | Batch 0/65 | Loss: 0.064209 (seg: 0.053627, rec: 0.010582)
2025-10-10 12:55:12,833 - DEBUG - Rank 1: Epoch 41/200 | Batch 10/65 | Loss: 0.050637 (seg: 0.040481, rec: 0.010156)
2025-10-10 12:55:31,078 - DEBUG - Rank 1: Epoch 41/200 | Batch 20/65 | Loss: 0.072272 (seg: 0.062769, rec: 0.009503)
2025-10-10 12:55:49,441 - DEBUG - Rank 1: Epoch 41/200 | Batch 30/65 | Loss: 0.067643 (seg: 0.059271, rec: 0.008372)
2025-10-10 12:56:07,801 - DEBUG - Rank 1: Epoch 41/200 | Batch 40/65 | Loss: 0.063150 (seg: 0.055135, rec: 0.008015)
2025-10-10 12:56:26,079 - DEBUG - Rank 1: Epoch 41/200 | Batch 50/65 | Loss: 0.059319 (seg: 0.052222, rec: 0.007097)
2025-10-10 12:56:44,378 - DEBUG - Rank 1: Epoch 41/200 | Batch 60/65 | Loss: 0.050884 (seg: 0.041802, rec: 0.009082)
2025-10-10 12:56:52,167 - INFO - Rank 1: Epoch 41/200 | Avg Train Loss: 0.062329 (seg: 0.053344, rec: 0.008986)
2025-10-10 12:57:01,417 - INFO - Rank 1: Epoch 41/200 | Avg Val Loss: 0.056007 (seg: 0.049845, rec: 0.006162)
2025-10-10 12:57:05,820 - DEBUG - Rank 1: Epoch 42/200 | Batch 0/65 | Loss: 0.057916 (seg: 0.049583, rec: 0.008334)
2025-10-10 12:57:23,746 - DEBUG - Rank 1: Epoch 42/200 | Batch 10/65 | Loss: 0.063708 (seg: 0.054685, rec: 0.009023)
2025-10-10 12:57:42,031 - DEBUG - Rank 1: Epoch 42/200 | Batch 20/65 | Loss: 0.053701 (seg: 0.040806, rec: 0.012895)
2025-10-10 12:58:00,836 - DEBUG - Rank 1: Epoch 42/200 | Batch 30/65 | Loss: 0.053196 (seg: 0.044308, rec: 0.008889)
2025-10-10 12:58:19,207 - DEBUG - Rank 1: Epoch 42/200 | Batch 40/65 | Loss: 0.037731 (seg: 0.028729, rec: 0.009001)
2025-10-10 12:58:37,550 - DEBUG - Rank 1: Epoch 42/200 | Batch 50/65 | Loss: 0.054483 (seg: 0.046825, rec: 0.007658)
2025-10-10 12:58:55,853 - DEBUG - Rank 1: Epoch 42/200 | Batch 60/65 | Loss: 0.063359 (seg: 0.054614, rec: 0.008745)
2025-10-10 12:59:03,324 - INFO - Rank 1: Epoch 42/200 | Avg Train Loss: 0.062764 (seg: 0.053877, rec: 0.008887)
2025-10-10 12:59:13,894 - INFO - Rank 1: Epoch 42/200 | Avg Val Loss: 0.053092 (seg: 0.048758, rec: 0.004335)
2025-10-10 12:59:19,097 - DEBUG - Rank 1: Epoch 43/200 | Batch 0/65 | Loss: 0.063709 (seg: 0.055134, rec: 0.008575)
2025-10-10 12:59:36,989 - DEBUG - Rank 1: Epoch 43/200 | Batch 10/65 | Loss: 0.059593 (seg: 0.051775, rec: 0.007817)
2025-10-10 12:59:55,175 - DEBUG - Rank 1: Epoch 43/200 | Batch 20/65 | Loss: 0.049265 (seg: 0.040929, rec: 0.008336)
2025-10-10 13:00:13,493 - DEBUG - Rank 1: Epoch 43/200 | Batch 30/65 | Loss: 0.056557 (seg: 0.047117, rec: 0.009440)
2025-10-10 13:00:31,956 - DEBUG - Rank 1: Epoch 43/200 | Batch 40/65 | Loss: 0.074869 (seg: 0.067298, rec: 0.007572)
2025-10-10 13:00:50,368 - DEBUG - Rank 1: Epoch 43/200 | Batch 50/65 | Loss: 0.060903 (seg: 0.052625, rec: 0.008278)
2025-10-10 13:01:08,811 - DEBUG - Rank 1: Epoch 43/200 | Batch 60/65 | Loss: 0.065220 (seg: 0.057012, rec: 0.008207)
2025-10-10 13:01:16,242 - INFO - Rank 1: Epoch 43/200 | Avg Train Loss: 0.059115 (seg: 0.050677, rec: 0.008438)
2025-10-10 13:01:27,424 - INFO - Rank 1: Epoch 43/200 | Avg Val Loss: 0.053598 (seg: 0.048946, rec: 0.004652)
2025-10-10 13:01:32,350 - DEBUG - Rank 1: Epoch 44/200 | Batch 0/65 | Loss: 0.060204 (seg: 0.052074, rec: 0.008130)
2025-10-10 13:01:50,185 - DEBUG - Rank 1: Epoch 44/200 | Batch 10/65 | Loss: 0.052068 (seg: 0.043026, rec: 0.009041)
2025-10-10 13:02:08,420 - DEBUG - Rank 1: Epoch 44/200 | Batch 20/65 | Loss: 0.077924 (seg: 0.069908, rec: 0.008016)
2025-10-10 13:02:26,763 - DEBUG - Rank 1: Epoch 44/200 | Batch 30/65 | Loss: 0.062503 (seg: 0.054610, rec: 0.007893)
2025-10-10 13:02:45,273 - DEBUG - Rank 1: Epoch 44/200 | Batch 40/65 | Loss: 0.069902 (seg: 0.061111, rec: 0.008791)
2025-10-10 13:03:03,664 - DEBUG - Rank 1: Epoch 44/200 | Batch 50/65 | Loss: 0.065814 (seg: 0.055911, rec: 0.009902)
2025-10-10 13:03:22,014 - DEBUG - Rank 1: Epoch 44/200 | Batch 60/65 | Loss: 0.062148 (seg: 0.051513, rec: 0.010636)
2025-10-10 13:03:29,472 - INFO - Rank 1: Epoch 44/200 | Avg Train Loss: 0.059443 (seg: 0.050842, rec: 0.008601)
2025-10-10 13:03:40,049 - INFO - Rank 1: Epoch 44/200 | Avg Val Loss: 0.053533 (seg: 0.048957, rec: 0.004576)
2025-10-10 13:03:45,144 - DEBUG - Rank 1: Epoch 45/200 | Batch 0/65 | Loss: 0.049983 (seg: 0.042762, rec: 0.007221)
2025-10-10 13:04:03,042 - DEBUG - Rank 1: Epoch 45/200 | Batch 10/65 | Loss: 0.049302 (seg: 0.041961, rec: 0.007341)
2025-10-10 13:04:21,394 - DEBUG - Rank 1: Epoch 45/200 | Batch 20/65 | Loss: 0.052154 (seg: 0.043723, rec: 0.008430)
2025-10-10 13:04:41,223 - DEBUG - Rank 1: Epoch 45/200 | Batch 30/65 | Loss: 0.060998 (seg: 0.050769, rec: 0.010230)
2025-10-10 13:04:59,645 - DEBUG - Rank 1: Epoch 45/200 | Batch 40/65 | Loss: 0.047361 (seg: 0.038717, rec: 0.008644)
2025-10-10 13:05:18,106 - DEBUG - Rank 1: Epoch 45/200 | Batch 50/65 | Loss: 0.067984 (seg: 0.059756, rec: 0.008228)
2025-10-10 13:05:36,717 - DEBUG - Rank 1: Epoch 45/200 | Batch 60/65 | Loss: 0.068716 (seg: 0.061033, rec: 0.007682)
2025-10-10 13:05:44,206 - INFO - Rank 1: Epoch 45/200 | Avg Train Loss: 0.057985 (seg: 0.049591, rec: 0.008395)
2025-10-10 13:05:53,952 - INFO - Rank 1: Epoch 45/200 | Avg Val Loss: 0.051064 (seg: 0.046744, rec: 0.004321)
2025-10-10 13:05:58,659 - DEBUG - Rank 1: Epoch 46/200 | Batch 0/65 | Loss: 0.066877 (seg: 0.058758, rec: 0.008120)
2025-10-10 13:06:16,779 - DEBUG - Rank 1: Epoch 46/200 | Batch 10/65 | Loss: 0.057041 (seg: 0.048560, rec: 0.008481)
2025-10-10 13:06:35,410 - DEBUG - Rank 1: Epoch 46/200 | Batch 20/65 | Loss: 0.085177 (seg: 0.075776, rec: 0.009401)
2025-10-10 13:06:54,066 - DEBUG - Rank 1: Epoch 46/200 | Batch 30/65 | Loss: 0.050850 (seg: 0.042830, rec: 0.008020)
2025-10-10 13:07:12,868 - DEBUG - Rank 1: Epoch 46/200 | Batch 40/65 | Loss: 0.047572 (seg: 0.039063, rec: 0.008508)
2025-10-10 13:07:31,448 - DEBUG - Rank 1: Epoch 46/200 | Batch 50/65 | Loss: 0.062992 (seg: 0.054037, rec: 0.008956)
2025-10-10 13:07:50,111 - DEBUG - Rank 1: Epoch 46/200 | Batch 60/65 | Loss: 0.047941 (seg: 0.039473, rec: 0.008468)
2025-10-10 13:07:57,656 - INFO - Rank 1: Epoch 46/200 | Avg Train Loss: 0.059485 (seg: 0.050921, rec: 0.008564)
2025-10-10 13:08:07,194 - INFO - Rank 1: Epoch 46/200 | Avg Val Loss: 0.056113 (seg: 0.049597, rec: 0.006516)
2025-10-10 13:08:11,517 - DEBUG - Rank 1: Epoch 47/200 | Batch 0/65 | Loss: 0.062488 (seg: 0.054414, rec: 0.008074)
2025-10-10 13:08:29,484 - DEBUG - Rank 1: Epoch 47/200 | Batch 10/65 | Loss: 0.053083 (seg: 0.044050, rec: 0.009033)
2025-10-10 13:08:47,913 - DEBUG - Rank 1: Epoch 47/200 | Batch 20/65 | Loss: 0.074807 (seg: 0.065607, rec: 0.009201)
2025-10-10 13:09:06,301 - DEBUG - Rank 1: Epoch 47/200 | Batch 30/65 | Loss: 0.055036 (seg: 0.046964, rec: 0.008071)
2025-10-10 13:09:24,739 - DEBUG - Rank 1: Epoch 47/200 | Batch 40/65 | Loss: 0.055700 (seg: 0.047604, rec: 0.008096)
2025-10-10 13:09:43,155 - DEBUG - Rank 1: Epoch 47/200 | Batch 50/65 | Loss: 0.058163 (seg: 0.050093, rec: 0.008071)
2025-10-10 13:10:01,628 - DEBUG - Rank 1: Epoch 47/200 | Batch 60/65 | Loss: 0.060837 (seg: 0.053118, rec: 0.007718)
2025-10-10 13:10:09,081 - INFO - Rank 1: Epoch 47/200 | Avg Train Loss: 0.061566 (seg: 0.052973, rec: 0.008594)
2025-10-10 13:10:19,997 - INFO - Rank 1: Epoch 47/200 | Avg Val Loss: 0.052542 (seg: 0.048779, rec: 0.003763)
2025-10-10 13:10:24,711 - DEBUG - Rank 1: Epoch 48/200 | Batch 0/65 | Loss: 0.058239 (seg: 0.049623, rec: 0.008616)
2025-10-10 13:10:42,543 - DEBUG - Rank 1: Epoch 48/200 | Batch 10/65 | Loss: 0.046147 (seg: 0.038355, rec: 0.007793)
2025-10-10 13:11:01,092 - DEBUG - Rank 1: Epoch 48/200 | Batch 20/65 | Loss: 0.059113 (seg: 0.048447, rec: 0.010666)
2025-10-10 13:11:19,517 - DEBUG - Rank 1: Epoch 48/200 | Batch 30/65 | Loss: 0.045937 (seg: 0.038380, rec: 0.007557)
2025-10-10 13:11:37,842 - DEBUG - Rank 1: Epoch 48/200 | Batch 40/65 | Loss: 0.050083 (seg: 0.040662, rec: 0.009421)
2025-10-10 13:11:56,226 - DEBUG - Rank 1: Epoch 48/200 | Batch 50/65 | Loss: 0.058447 (seg: 0.049264, rec: 0.009183)
2025-10-10 13:12:14,458 - DEBUG - Rank 1: Epoch 48/200 | Batch 60/65 | Loss: 0.055949 (seg: 0.048179, rec: 0.007770)
2025-10-10 13:12:21,859 - INFO - Rank 1: Epoch 48/200 | Avg Train Loss: 0.059288 (seg: 0.050861, rec: 0.008427)
2025-10-10 13:12:32,309 - INFO - Rank 1: Epoch 48/200 | Avg Val Loss: 0.053592 (seg: 0.047633, rec: 0.005959)
2025-10-10 13:12:36,979 - DEBUG - Rank 1: Epoch 49/200 | Batch 0/65 | Loss: 0.066213 (seg: 0.056718, rec: 0.009495)
2025-10-10 13:12:54,775 - DEBUG - Rank 1: Epoch 49/200 | Batch 10/65 | Loss: 0.074247 (seg: 0.065434, rec: 0.008812)
2025-10-10 13:13:12,954 - DEBUG - Rank 1: Epoch 49/200 | Batch 20/65 | Loss: 0.051382 (seg: 0.042654, rec: 0.008728)
2025-10-10 13:13:31,290 - DEBUG - Rank 1: Epoch 49/200 | Batch 30/65 | Loss: 0.054253 (seg: 0.046580, rec: 0.007673)
2025-10-10 13:13:49,861 - DEBUG - Rank 1: Epoch 49/200 | Batch 40/65 | Loss: 0.050834 (seg: 0.042682, rec: 0.008151)
2025-10-10 13:14:08,250 - DEBUG - Rank 1: Epoch 49/200 | Batch 50/65 | Loss: 0.062132 (seg: 0.051691, rec: 0.010441)
2025-10-10 13:14:26,630 - DEBUG - Rank 1: Epoch 49/200 | Batch 60/65 | Loss: 0.051680 (seg: 0.043188, rec: 0.008492)
2025-10-10 13:14:34,068 - INFO - Rank 1: Epoch 49/200 | Avg Train Loss: 0.059553 (seg: 0.051120, rec: 0.008433)
2025-10-10 13:14:44,178 - INFO - Rank 1: Epoch 49/200 | Avg Val Loss: 0.052323 (seg: 0.048209, rec: 0.004114)
2025-10-10 13:14:49,352 - DEBUG - Rank 1: Epoch 50/200 | Batch 0/65 | Loss: 0.062050 (seg: 0.054702, rec: 0.007348)
2025-10-10 13:15:06,979 - DEBUG - Rank 1: Epoch 50/200 | Batch 10/65 | Loss: 0.047830 (seg: 0.040115, rec: 0.007715)
2025-10-10 13:15:25,093 - DEBUG - Rank 1: Epoch 50/200 | Batch 20/65 | Loss: 0.060039 (seg: 0.052410, rec: 0.007629)
2025-10-10 13:15:43,447 - DEBUG - Rank 1: Epoch 50/200 | Batch 30/65 | Loss: 0.068577 (seg: 0.060370, rec: 0.008208)
2025-10-10 13:16:01,704 - DEBUG - Rank 1: Epoch 50/200 | Batch 40/65 | Loss: 0.065534 (seg: 0.056953, rec: 0.008582)
2025-10-10 13:16:19,984 - DEBUG - Rank 1: Epoch 50/200 | Batch 50/65 | Loss: 0.080400 (seg: 0.072251, rec: 0.008149)
2025-10-10 13:16:38,250 - DEBUG - Rank 1: Epoch 50/200 | Batch 60/65 | Loss: 0.059941 (seg: 0.052313, rec: 0.007628)
2025-10-10 13:16:45,765 - INFO - Rank 1: Epoch 50/200 | Avg Train Loss: 0.058014 (seg: 0.049863, rec: 0.008151)
2025-10-10 13:16:55,907 - INFO - Rank 1: Epoch 50/200 | Avg Val Loss: 0.051405 (seg: 0.046990, rec: 0.004415)
2025-10-10 13:17:00,523 - DEBUG - Rank 1: Epoch 51/200 | Batch 0/65 | Loss: 0.070586 (seg: 0.060793, rec: 0.009793)
2025-10-10 13:17:18,465 - DEBUG - Rank 1: Epoch 51/200 | Batch 10/65 | Loss: 0.066948 (seg: 0.058344, rec: 0.008604)
2025-10-10 13:17:37,039 - DEBUG - Rank 1: Epoch 51/200 | Batch 20/65 | Loss: 0.073269 (seg: 0.064012, rec: 0.009258)
2025-10-10 13:17:55,453 - DEBUG - Rank 1: Epoch 51/200 | Batch 30/65 | Loss: 0.053407 (seg: 0.045485, rec: 0.007922)
2025-10-10 13:18:13,861 - DEBUG - Rank 1: Epoch 51/200 | Batch 40/65 | Loss: 0.079645 (seg: 0.071751, rec: 0.007894)
2025-10-10 13:18:32,311 - DEBUG - Rank 1: Epoch 51/200 | Batch 50/65 | Loss: 0.075461 (seg: 0.067677, rec: 0.007785)
2025-10-10 13:18:50,829 - DEBUG - Rank 1: Epoch 51/200 | Batch 60/65 | Loss: 0.058982 (seg: 0.048859, rec: 0.010123)
2025-10-10 13:18:58,348 - INFO - Rank 1: Epoch 51/200 | Avg Train Loss: 0.060264 (seg: 0.051909, rec: 0.008354)
2025-10-10 13:19:08,950 - INFO - Rank 1: Epoch 51/200 | Avg Val Loss: 0.050031 (seg: 0.045430, rec: 0.004601)
2025-10-10 13:19:14,422 - DEBUG - Rank 1: Epoch 52/200 | Batch 0/65 | Loss: 0.069120 (seg: 0.059101, rec: 0.010019)
2025-10-10 13:19:32,379 - DEBUG - Rank 1: Epoch 52/200 | Batch 10/65 | Loss: 0.062171 (seg: 0.053836, rec: 0.008335)
2025-10-10 13:19:50,819 - DEBUG - Rank 1: Epoch 52/200 | Batch 20/65 | Loss: 0.118064 (seg: 0.108828, rec: 0.009236)
2025-10-10 13:20:09,350 - DEBUG - Rank 1: Epoch 52/200 | Batch 30/65 | Loss: 0.045833 (seg: 0.037807, rec: 0.008026)
2025-10-10 13:20:27,947 - DEBUG - Rank 1: Epoch 52/200 | Batch 40/65 | Loss: 0.047009 (seg: 0.039660, rec: 0.007349)
2025-10-10 13:20:46,557 - DEBUG - Rank 1: Epoch 52/200 | Batch 50/65 | Loss: 0.059837 (seg: 0.051560, rec: 0.008277)
2025-10-10 13:21:05,186 - DEBUG - Rank 1: Epoch 52/200 | Batch 60/65 | Loss: 0.059974 (seg: 0.052892, rec: 0.007082)
2025-10-10 13:21:12,750 - INFO - Rank 1: Epoch 52/200 | Avg Train Loss: 0.056199 (seg: 0.047997, rec: 0.008202)
2025-10-10 13:21:23,633 - INFO - Rank 1: Epoch 52/200 | Avg Val Loss: 0.049260 (seg: 0.045340, rec: 0.003919)
2025-10-10 13:21:28,515 - DEBUG - Rank 1: Epoch 53/200 | Batch 0/65 | Loss: 0.051331 (seg: 0.043932, rec: 0.007399)
2025-10-10 13:21:46,677 - DEBUG - Rank 1: Epoch 53/200 | Batch 10/65 | Loss: 0.060604 (seg: 0.052238, rec: 0.008366)
2025-10-10 13:22:05,130 - DEBUG - Rank 1: Epoch 53/200 | Batch 20/65 | Loss: 0.055801 (seg: 0.047900, rec: 0.007901)
2025-10-10 13:22:23,654 - DEBUG - Rank 1: Epoch 53/200 | Batch 30/65 | Loss: 0.049773 (seg: 0.042225, rec: 0.007547)
2025-10-10 13:22:42,174 - DEBUG - Rank 1: Epoch 53/200 | Batch 40/65 | Loss: 0.062402 (seg: 0.053997, rec: 0.008405)
2025-10-10 13:23:00,662 - DEBUG - Rank 1: Epoch 53/200 | Batch 50/65 | Loss: 0.053501 (seg: 0.045628, rec: 0.007873)
2025-10-10 13:23:19,134 - DEBUG - Rank 1: Epoch 53/200 | Batch 60/65 | Loss: 0.053358 (seg: 0.045260, rec: 0.008098)
2025-10-10 13:23:26,658 - INFO - Rank 1: Epoch 53/200 | Avg Train Loss: 0.055657 (seg: 0.047341, rec: 0.008316)
2025-10-10 13:23:37,495 - INFO - Rank 1: Epoch 53/200 | Avg Val Loss: 0.055022 (seg: 0.050902, rec: 0.004120)
2025-10-10 13:23:42,118 - DEBUG - Rank 1: Epoch 54/200 | Batch 0/65 | Loss: 0.058739 (seg: 0.051221, rec: 0.007518)
2025-10-10 13:24:00,258 - DEBUG - Rank 1: Epoch 54/200 | Batch 10/65 | Loss: 0.062562 (seg: 0.055105, rec: 0.007457)
2025-10-10 13:24:18,596 - DEBUG - Rank 1: Epoch 54/200 | Batch 20/65 | Loss: 0.044729 (seg: 0.037155, rec: 0.007574)
2025-10-10 13:24:37,062 - DEBUG - Rank 1: Epoch 54/200 | Batch 30/65 | Loss: 0.102135 (seg: 0.094753, rec: 0.007383)
2025-10-10 13:24:55,370 - DEBUG - Rank 1: Epoch 54/200 | Batch 40/65 | Loss: 0.046575 (seg: 0.036185, rec: 0.010389)
2025-10-10 13:25:13,749 - DEBUG - Rank 1: Epoch 54/200 | Batch 50/65 | Loss: 0.049586 (seg: 0.041312, rec: 0.008274)
2025-10-10 13:25:32,111 - DEBUG - Rank 1: Epoch 54/200 | Batch 60/65 | Loss: 0.063601 (seg: 0.054732, rec: 0.008869)
2025-10-10 13:25:39,563 - INFO - Rank 1: Epoch 54/200 | Avg Train Loss: 0.056655 (seg: 0.048344, rec: 0.008311)
2025-10-10 13:25:49,504 - INFO - Rank 1: Epoch 54/200 | Avg Val Loss: 0.049349 (seg: 0.044647, rec: 0.004702)
2025-10-10 13:25:54,186 - DEBUG - Rank 1: Epoch 55/200 | Batch 0/65 | Loss: 0.046681 (seg: 0.038360, rec: 0.008321)
2025-10-10 13:26:12,046 - DEBUG - Rank 1: Epoch 55/200 | Batch 10/65 | Loss: 0.034770 (seg: 0.027241, rec: 0.007529)
2025-10-10 13:26:30,380 - DEBUG - Rank 1: Epoch 55/200 | Batch 20/65 | Loss: 0.049092 (seg: 0.041628, rec: 0.007464)
2025-10-10 13:26:48,704 - DEBUG - Rank 1: Epoch 55/200 | Batch 30/65 | Loss: 0.056369 (seg: 0.048733, rec: 0.007636)
2025-10-10 13:27:07,170 - DEBUG - Rank 1: Epoch 55/200 | Batch 40/65 | Loss: 0.046639 (seg: 0.039499, rec: 0.007140)
2025-10-10 13:27:25,554 - DEBUG - Rank 1: Epoch 55/200 | Batch 50/65 | Loss: 0.046255 (seg: 0.037500, rec: 0.008755)
2025-10-10 13:27:43,862 - DEBUG - Rank 1: Epoch 55/200 | Batch 60/65 | Loss: 0.054602 (seg: 0.046738, rec: 0.007864)
2025-10-10 13:27:51,280 - INFO - Rank 1: Epoch 55/200 | Avg Train Loss: 0.053611 (seg: 0.045706, rec: 0.007904)
2025-10-10 13:28:01,583 - INFO - Rank 1: Epoch 55/200 | Avg Val Loss: 0.050499 (seg: 0.045523, rec: 0.004976)
2025-10-10 13:28:06,210 - DEBUG - Rank 1: Epoch 56/200 | Batch 0/65 | Loss: 0.058144 (seg: 0.049627, rec: 0.008517)
2025-10-10 13:28:24,194 - DEBUG - Rank 1: Epoch 56/200 | Batch 10/65 | Loss: 0.049659 (seg: 0.042735, rec: 0.006924)
2025-10-10 13:28:42,665 - DEBUG - Rank 1: Epoch 56/200 | Batch 20/65 | Loss: 0.059086 (seg: 0.051465, rec: 0.007621)
2025-10-10 13:29:01,122 - DEBUG - Rank 1: Epoch 56/200 | Batch 30/65 | Loss: 0.049947 (seg: 0.040321, rec: 0.009626)
2025-10-10 13:29:19,569 - DEBUG - Rank 1: Epoch 56/200 | Batch 40/65 | Loss: 0.041764 (seg: 0.034486, rec: 0.007278)
2025-10-10 13:29:37,989 - DEBUG - Rank 1: Epoch 56/200 | Batch 50/65 | Loss: 0.061159 (seg: 0.051326, rec: 0.009833)
2025-10-10 13:29:56,456 - DEBUG - Rank 1: Epoch 56/200 | Batch 60/65 | Loss: 0.046646 (seg: 0.039804, rec: 0.006843)
2025-10-10 13:30:03,945 - INFO - Rank 1: Epoch 56/200 | Avg Train Loss: 0.054586 (seg: 0.046472, rec: 0.008114)
2025-10-10 13:30:15,093 - INFO - Rank 1: Epoch 56/200 | Avg Val Loss: 0.048763 (seg: 0.044464, rec: 0.004299)
2025-10-10 13:30:19,603 - DEBUG - Rank 1: Epoch 57/200 | Batch 0/65 | Loss: 0.052843 (seg: 0.045241, rec: 0.007601)
2025-10-10 13:30:37,459 - DEBUG - Rank 1: Epoch 57/200 | Batch 10/65 | Loss: 0.058704 (seg: 0.051670, rec: 0.007034)
2025-10-10 13:30:55,804 - DEBUG - Rank 1: Epoch 57/200 | Batch 20/65 | Loss: 0.049661 (seg: 0.041722, rec: 0.007939)
2025-10-10 13:31:14,269 - DEBUG - Rank 1: Epoch 57/200 | Batch 30/65 | Loss: 0.059488 (seg: 0.050828, rec: 0.008660)
2025-10-10 13:31:32,807 - DEBUG - Rank 1: Epoch 57/200 | Batch 40/65 | Loss: 0.055985 (seg: 0.047699, rec: 0.008287)
2025-10-10 13:31:51,599 - DEBUG - Rank 1: Epoch 57/200 | Batch 50/65 | Loss: 0.060485 (seg: 0.051739, rec: 0.008746)
2025-10-10 13:32:10,273 - DEBUG - Rank 1: Epoch 57/200 | Batch 60/65 | Loss: 0.046348 (seg: 0.039505, rec: 0.006844)
2025-10-10 13:32:17,793 - INFO - Rank 1: Epoch 57/200 | Avg Train Loss: 0.053508 (seg: 0.045478, rec: 0.008030)
2025-10-10 13:32:29,108 - INFO - Rank 1: Epoch 57/200 | Avg Val Loss: 0.048225 (seg: 0.044229, rec: 0.003996)
2025-10-10 13:32:33,737 - DEBUG - Rank 1: Epoch 58/200 | Batch 0/65 | Loss: 0.050891 (seg: 0.042877, rec: 0.008014)
2025-10-10 13:32:51,959 - DEBUG - Rank 1: Epoch 58/200 | Batch 10/65 | Loss: 0.055031 (seg: 0.046451, rec: 0.008580)
2025-10-10 13:33:10,646 - DEBUG - Rank 1: Epoch 58/200 | Batch 20/65 | Loss: 0.064326 (seg: 0.056615, rec: 0.007711)
2025-10-10 13:33:29,782 - DEBUG - Rank 1: Epoch 58/200 | Batch 30/65 | Loss: 0.069271 (seg: 0.061723, rec: 0.007548)
2025-10-10 13:33:48,538 - DEBUG - Rank 1: Epoch 58/200 | Batch 40/65 | Loss: 0.057275 (seg: 0.049953, rec: 0.007323)
2025-10-10 13:34:07,304 - DEBUG - Rank 1: Epoch 58/200 | Batch 50/65 | Loss: 0.057003 (seg: 0.048359, rec: 0.008644)
2025-10-10 13:34:26,155 - DEBUG - Rank 1: Epoch 58/200 | Batch 60/65 | Loss: 0.054459 (seg: 0.046639, rec: 0.007821)
2025-10-10 13:34:33,805 - INFO - Rank 1: Epoch 58/200 | Avg Train Loss: 0.054264 (seg: 0.046217, rec: 0.008047)
2025-10-10 13:34:44,391 - INFO - Rank 1: Epoch 58/200 | Avg Val Loss: 0.048845 (seg: 0.044884, rec: 0.003961)
2025-10-10 13:34:48,816 - DEBUG - Rank 1: Epoch 59/200 | Batch 0/65 | Loss: 0.056822 (seg: 0.047767, rec: 0.009055)
2025-10-10 13:35:06,940 - DEBUG - Rank 1: Epoch 59/200 | Batch 10/65 | Loss: 0.051151 (seg: 0.042628, rec: 0.008523)
2025-10-10 13:35:25,458 - DEBUG - Rank 1: Epoch 59/200 | Batch 20/65 | Loss: 0.061262 (seg: 0.054207, rec: 0.007055)
2025-10-10 13:35:44,087 - DEBUG - Rank 1: Epoch 59/200 | Batch 30/65 | Loss: 0.040974 (seg: 0.032129, rec: 0.008845)
2025-10-10 13:36:02,610 - DEBUG - Rank 1: Epoch 59/200 | Batch 40/65 | Loss: 0.058784 (seg: 0.049142, rec: 0.009642)
2025-10-10 13:36:21,173 - DEBUG - Rank 1: Epoch 59/200 | Batch 50/65 | Loss: 0.060888 (seg: 0.053038, rec: 0.007850)
2025-10-10 13:36:39,664 - DEBUG - Rank 1: Epoch 59/200 | Batch 60/65 | Loss: 0.057517 (seg: 0.048162, rec: 0.009355)
2025-10-10 13:36:47,190 - INFO - Rank 1: Epoch 59/200 | Avg Train Loss: 0.057222 (seg: 0.049278, rec: 0.007944)
2025-10-10 13:36:57,034 - INFO - Rank 1: Epoch 59/200 | Avg Val Loss: 0.048795 (seg: 0.044665, rec: 0.004130)
2025-10-10 13:37:01,772 - DEBUG - Rank 1: Epoch 60/200 | Batch 0/65 | Loss: 0.046669 (seg: 0.039731, rec: 0.006938)
2025-10-10 13:37:19,693 - DEBUG - Rank 1: Epoch 60/200 | Batch 10/65 | Loss: 0.043984 (seg: 0.036427, rec: 0.007557)
2025-10-10 13:37:38,097 - DEBUG - Rank 1: Epoch 60/200 | Batch 20/65 | Loss: 0.056120 (seg: 0.046732, rec: 0.009388)
2025-10-10 13:37:56,410 - DEBUG - Rank 1: Epoch 60/200 | Batch 30/65 | Loss: 0.049932 (seg: 0.041888, rec: 0.008044)
2025-10-10 13:38:14,831 - DEBUG - Rank 1: Epoch 60/200 | Batch 40/65 | Loss: 0.044190 (seg: 0.036742, rec: 0.007448)
2025-10-10 13:38:33,167 - DEBUG - Rank 1: Epoch 60/200 | Batch 50/65 | Loss: 0.057751 (seg: 0.050079, rec: 0.007672)
2025-10-10 13:38:51,459 - DEBUG - Rank 1: Epoch 60/200 | Batch 60/65 | Loss: 0.044895 (seg: 0.037503, rec: 0.007393)
2025-10-10 13:38:58,864 - INFO - Rank 1: Epoch 60/200 | Avg Train Loss: 0.052304 (seg: 0.044524, rec: 0.007780)
2025-10-10 13:39:08,692 - INFO - Rank 1: Epoch 60/200 | Avg Val Loss: 0.049579 (seg: 0.045424, rec: 0.004155)
2025-10-10 13:39:12,988 - DEBUG - Rank 1: Epoch 61/200 | Batch 0/65 | Loss: 0.044670 (seg: 0.037945, rec: 0.006725)
2025-10-10 13:39:30,860 - DEBUG - Rank 1: Epoch 61/200 | Batch 10/65 | Loss: 0.051881 (seg: 0.044349, rec: 0.007532)
2025-10-10 13:39:49,045 - DEBUG - Rank 1: Epoch 61/200 | Batch 20/65 | Loss: 0.041184 (seg: 0.033182, rec: 0.008002)
2025-10-10 13:40:07,405 - DEBUG - Rank 1: Epoch 61/200 | Batch 30/65 | Loss: 0.058149 (seg: 0.050666, rec: 0.007482)
2025-10-10 13:40:25,671 - DEBUG - Rank 1: Epoch 61/200 | Batch 40/65 | Loss: 0.044430 (seg: 0.036512, rec: 0.007918)
2025-10-10 13:40:43,955 - DEBUG - Rank 1: Epoch 61/200 | Batch 50/65 | Loss: 0.047155 (seg: 0.039672, rec: 0.007482)
2025-10-10 13:41:02,202 - DEBUG - Rank 1: Epoch 61/200 | Batch 60/65 | Loss: 0.097735 (seg: 0.089721, rec: 0.008013)
2025-10-10 13:41:09,618 - INFO - Rank 1: Epoch 61/200 | Avg Train Loss: 0.051188 (seg: 0.043402, rec: 0.007787)
2025-10-10 13:41:19,894 - INFO - Rank 1: Epoch 61/200 | Avg Val Loss: 0.048630 (seg: 0.044555, rec: 0.004075)
2025-10-10 13:41:24,212 - DEBUG - Rank 1: Epoch 62/200 | Batch 0/65 | Loss: 0.044447 (seg: 0.036314, rec: 0.008133)
2025-10-10 13:41:41,816 - DEBUG - Rank 1: Epoch 62/200 | Batch 10/65 | Loss: 0.038580 (seg: 0.029726, rec: 0.008854)
2025-10-10 13:41:59,869 - DEBUG - Rank 1: Epoch 62/200 | Batch 20/65 | Loss: 0.094523 (seg: 0.085110, rec: 0.009413)
2025-10-10 13:42:18,032 - DEBUG - Rank 1: Epoch 62/200 | Batch 30/65 | Loss: 0.051914 (seg: 0.043335, rec: 0.008579)
2025-10-10 13:42:36,547 - DEBUG - Rank 1: Epoch 62/200 | Batch 40/65 | Loss: 0.052176 (seg: 0.044655, rec: 0.007521)
2025-10-10 13:42:55,243 - DEBUG - Rank 1: Epoch 62/200 | Batch 50/65 | Loss: 0.045271 (seg: 0.036732, rec: 0.008539)
2025-10-10 13:43:13,534 - DEBUG - Rank 1: Epoch 62/200 | Batch 60/65 | Loss: 0.046797 (seg: 0.037929, rec: 0.008867)
2025-10-10 13:43:21,013 - INFO - Rank 1: Epoch 62/200 | Avg Train Loss: 0.052957 (seg: 0.044930, rec: 0.008027)
2025-10-10 13:43:32,370 - INFO - Rank 1: Epoch 62/200 | Avg Val Loss: 0.050582 (seg: 0.044820, rec: 0.005762)
2025-10-10 13:43:36,965 - DEBUG - Rank 1: Epoch 63/200 | Batch 0/65 | Loss: 0.045107 (seg: 0.036536, rec: 0.008571)
2025-10-10 13:43:54,641 - DEBUG - Rank 1: Epoch 63/200 | Batch 10/65 | Loss: 0.049454 (seg: 0.041439, rec: 0.008016)
2025-10-10 13:44:12,744 - DEBUG - Rank 1: Epoch 63/200 | Batch 20/65 | Loss: 0.061127 (seg: 0.053049, rec: 0.008078)
2025-10-10 13:44:30,960 - DEBUG - Rank 1: Epoch 63/200 | Batch 30/65 | Loss: 0.058713 (seg: 0.050310, rec: 0.008403)
2025-10-10 13:44:49,343 - DEBUG - Rank 1: Epoch 63/200 | Batch 40/65 | Loss: 0.050297 (seg: 0.041372, rec: 0.008925)
2025-10-10 13:45:07,561 - DEBUG - Rank 1: Epoch 63/200 | Batch 50/65 | Loss: 0.041243 (seg: 0.033795, rec: 0.007448)
2025-10-10 13:45:25,769 - DEBUG - Rank 1: Epoch 63/200 | Batch 60/65 | Loss: 0.050452 (seg: 0.042996, rec: 0.007457)
2025-10-10 13:45:33,175 - INFO - Rank 1: Epoch 63/200 | Avg Train Loss: 0.052815 (seg: 0.044640, rec: 0.008174)
2025-10-10 13:45:44,050 - INFO - Rank 1: Epoch 63/200 | Avg Val Loss: 0.048075 (seg: 0.043747, rec: 0.004328)
2025-10-10 13:45:48,548 - DEBUG - Rank 1: Epoch 64/200 | Batch 0/65 | Loss: 0.049873 (seg: 0.041987, rec: 0.007886)
2025-10-10 13:46:06,244 - DEBUG - Rank 1: Epoch 64/200 | Batch 10/65 | Loss: 0.039951 (seg: 0.031038, rec: 0.008912)
2025-10-10 13:46:24,302 - DEBUG - Rank 1: Epoch 64/200 | Batch 20/65 | Loss: 0.038842 (seg: 0.031900, rec: 0.006942)
2025-10-10 13:46:42,862 - DEBUG - Rank 1: Epoch 64/200 | Batch 30/65 | Loss: 0.049013 (seg: 0.042406, rec: 0.006607)
2025-10-10 13:47:01,147 - DEBUG - Rank 1: Epoch 64/200 | Batch 40/65 | Loss: 0.044025 (seg: 0.036478, rec: 0.007546)
2025-10-10 13:47:19,593 - DEBUG - Rank 1: Epoch 64/200 | Batch 50/65 | Loss: 0.057386 (seg: 0.049740, rec: 0.007646)
2025-10-10 13:47:37,981 - DEBUG - Rank 1: Epoch 64/200 | Batch 60/65 | Loss: 0.039675 (seg: 0.031236, rec: 0.008439)
2025-10-10 13:47:45,431 - INFO - Rank 1: Epoch 64/200 | Avg Train Loss: 0.050142 (seg: 0.042491, rec: 0.007651)
2025-10-10 13:47:56,222 - INFO - Rank 1: Epoch 64/200 | Avg Val Loss: 0.045885 (seg: 0.042161, rec: 0.003725)
2025-10-10 13:48:01,031 - DEBUG - Rank 1: Epoch 65/200 | Batch 0/65 | Loss: 0.038882 (seg: 0.031525, rec: 0.007358)
2025-10-10 13:48:18,903 - DEBUG - Rank 1: Epoch 65/200 | Batch 10/65 | Loss: 0.050461 (seg: 0.043052, rec: 0.007409)
2025-10-10 13:48:37,213 - DEBUG - Rank 1: Epoch 65/200 | Batch 20/65 | Loss: 0.048360 (seg: 0.039032, rec: 0.009328)
2025-10-10 13:48:55,733 - DEBUG - Rank 1: Epoch 65/200 | Batch 30/65 | Loss: 0.053502 (seg: 0.044790, rec: 0.008713)
2025-10-10 13:49:14,221 - DEBUG - Rank 1: Epoch 65/200 | Batch 40/65 | Loss: 0.049169 (seg: 0.041039, rec: 0.008131)
2025-10-10 13:49:32,633 - DEBUG - Rank 1: Epoch 65/200 | Batch 50/65 | Loss: 0.055234 (seg: 0.047791, rec: 0.007443)
2025-10-10 13:49:51,011 - DEBUG - Rank 1: Epoch 65/200 | Batch 60/65 | Loss: 0.039912 (seg: 0.032127, rec: 0.007785)
2025-10-10 13:49:58,546 - INFO - Rank 1: Epoch 65/200 | Avg Train Loss: 0.050564 (seg: 0.042852, rec: 0.007711)
2025-10-10 13:50:10,085 - INFO - Rank 1: Epoch 65/200 | Avg Val Loss: 0.047046 (seg: 0.042774, rec: 0.004272)
2025-10-10 13:50:14,701 - DEBUG - Rank 1: Epoch 66/200 | Batch 0/65 | Loss: 0.035526 (seg: 0.027888, rec: 0.007638)
2025-10-10 13:50:32,772 - DEBUG - Rank 1: Epoch 66/200 | Batch 10/65 | Loss: 0.047340 (seg: 0.039822, rec: 0.007518)
2025-10-10 13:50:51,299 - DEBUG - Rank 1: Epoch 66/200 | Batch 20/65 | Loss: 0.059001 (seg: 0.051821, rec: 0.007180)
2025-10-10 13:51:10,070 - DEBUG - Rank 1: Epoch 66/200 | Batch 30/65 | Loss: 0.042885 (seg: 0.033506, rec: 0.009379)
2025-10-10 13:51:29,136 - DEBUG - Rank 1: Epoch 66/200 | Batch 40/65 | Loss: 0.043900 (seg: 0.036780, rec: 0.007120)
2025-10-10 13:51:47,658 - DEBUG - Rank 1: Epoch 66/200 | Batch 50/65 | Loss: 0.054570 (seg: 0.045894, rec: 0.008675)
2025-10-10 13:52:06,185 - DEBUG - Rank 1: Epoch 66/200 | Batch 60/65 | Loss: 0.062289 (seg: 0.055016, rec: 0.007273)
2025-10-10 13:52:13,722 - INFO - Rank 1: Epoch 66/200 | Avg Train Loss: 0.050759 (seg: 0.042988, rec: 0.007771)
2025-10-10 13:52:24,325 - INFO - Rank 1: Epoch 66/200 | Avg Val Loss: 0.047359 (seg: 0.042842, rec: 0.004516)
2025-10-10 13:52:28,971 - DEBUG - Rank 1: Epoch 67/200 | Batch 0/65 | Loss: 0.048655 (seg: 0.041262, rec: 0.007393)
2025-10-10 13:52:47,212 - DEBUG - Rank 1: Epoch 67/200 | Batch 10/65 | Loss: 0.050513 (seg: 0.043171, rec: 0.007342)
2025-10-10 13:53:05,630 - DEBUG - Rank 1: Epoch 67/200 | Batch 20/65 | Loss: 0.098495 (seg: 0.090242, rec: 0.008254)
2025-10-10 13:53:24,295 - DEBUG - Rank 1: Epoch 67/200 | Batch 30/65 | Loss: 0.051265 (seg: 0.044043, rec: 0.007222)
2025-10-10 13:53:43,543 - DEBUG - Rank 1: Epoch 67/200 | Batch 40/65 | Loss: 0.042679 (seg: 0.035106, rec: 0.007573)
2025-10-10 13:54:02,029 - DEBUG - Rank 1: Epoch 67/200 | Batch 50/65 | Loss: 0.061242 (seg: 0.052305, rec: 0.008937)
2025-10-10 13:54:20,549 - DEBUG - Rank 1: Epoch 67/200 | Batch 60/65 | Loss: 0.053097 (seg: 0.045011, rec: 0.008086)
2025-10-10 13:54:28,004 - INFO - Rank 1: Epoch 67/200 | Avg Train Loss: 0.050999 (seg: 0.043012, rec: 0.007987)
2025-10-10 13:54:38,984 - INFO - Rank 1: Epoch 67/200 | Avg Val Loss: 0.049880 (seg: 0.045985, rec: 0.003895)
2025-10-10 13:54:43,744 - DEBUG - Rank 1: Epoch 68/200 | Batch 0/65 | Loss: 0.062378 (seg: 0.054825, rec: 0.007553)
2025-10-10 13:55:01,675 - DEBUG - Rank 1: Epoch 68/200 | Batch 10/65 | Loss: 0.039391 (seg: 0.032226, rec: 0.007165)
2025-10-10 13:55:20,104 - DEBUG - Rank 1: Epoch 68/200 | Batch 20/65 | Loss: 0.050655 (seg: 0.043013, rec: 0.007642)
2025-10-10 13:55:38,621 - DEBUG - Rank 1: Epoch 68/200 | Batch 30/65 | Loss: 0.048699 (seg: 0.038439, rec: 0.010260)
2025-10-10 13:55:57,032 - DEBUG - Rank 1: Epoch 68/200 | Batch 40/65 | Loss: 0.045775 (seg: 0.037481, rec: 0.008294)
2025-10-10 13:56:15,475 - DEBUG - Rank 1: Epoch 68/200 | Batch 50/65 | Loss: 0.043919 (seg: 0.033433, rec: 0.010485)
2025-10-10 13:56:33,902 - DEBUG - Rank 1: Epoch 68/200 | Batch 60/65 | Loss: 0.039425 (seg: 0.029743, rec: 0.009682)
2025-10-10 13:56:41,446 - INFO - Rank 1: Epoch 68/200 | Avg Train Loss: 0.050467 (seg: 0.042600, rec: 0.007867)
2025-10-10 13:56:51,948 - INFO - Rank 1: Epoch 68/200 | Avg Val Loss: 0.047256 (seg: 0.043521, rec: 0.003735)
2025-10-10 13:56:56,372 - DEBUG - Rank 1: Epoch 69/200 | Batch 0/65 | Loss: 0.042803 (seg: 0.035682, rec: 0.007120)
2025-10-10 13:57:14,447 - DEBUG - Rank 1: Epoch 69/200 | Batch 10/65 | Loss: 0.041351 (seg: 0.034040, rec: 0.007310)
2025-10-10 13:57:32,824 - DEBUG - Rank 1: Epoch 69/200 | Batch 20/65 | Loss: 0.046886 (seg: 0.039246, rec: 0.007640)
2025-10-10 13:57:51,273 - DEBUG - Rank 1: Epoch 69/200 | Batch 30/65 | Loss: 0.051045 (seg: 0.044326, rec: 0.006719)
2025-10-10 13:58:09,639 - DEBUG - Rank 1: Epoch 69/200 | Batch 40/65 | Loss: 0.049178 (seg: 0.040542, rec: 0.008636)
2025-10-10 13:58:28,011 - DEBUG - Rank 1: Epoch 69/200 | Batch 50/65 | Loss: 0.080637 (seg: 0.071979, rec: 0.008659)
2025-10-10 13:58:46,496 - DEBUG - Rank 1: Epoch 69/200 | Batch 60/65 | Loss: 0.041892 (seg: 0.034290, rec: 0.007602)
2025-10-10 13:58:53,940 - INFO - Rank 1: Epoch 69/200 | Avg Train Loss: 0.051276 (seg: 0.043512, rec: 0.007765)
2025-10-10 13:59:04,281 - INFO - Rank 1: Epoch 69/200 | Avg Val Loss: 0.046310 (seg: 0.042675, rec: 0.003635)
2025-10-10 13:59:09,027 - DEBUG - Rank 1: Epoch 70/200 | Batch 0/65 | Loss: 0.050612 (seg: 0.042713, rec: 0.007899)
2025-10-10 13:59:27,015 - DEBUG - Rank 1: Epoch 70/200 | Batch 10/65 | Loss: 0.047390 (seg: 0.039748, rec: 0.007642)
2025-10-10 13:59:45,206 - DEBUG - Rank 1: Epoch 70/200 | Batch 20/65 | Loss: 0.038443 (seg: 0.030458, rec: 0.007985)
2025-10-10 14:00:03,466 - DEBUG - Rank 1: Epoch 70/200 | Batch 30/65 | Loss: 0.043867 (seg: 0.036459, rec: 0.007408)
2025-10-10 14:00:21,750 - DEBUG - Rank 1: Epoch 70/200 | Batch 40/65 | Loss: 0.040097 (seg: 0.033023, rec: 0.007073)
2025-10-10 14:00:40,061 - DEBUG - Rank 1: Epoch 70/200 | Batch 50/65 | Loss: 0.058951 (seg: 0.050738, rec: 0.008213)
2025-10-10 14:00:58,384 - DEBUG - Rank 1: Epoch 70/200 | Batch 60/65 | Loss: 0.040960 (seg: 0.033191, rec: 0.007769)
2025-10-10 14:01:05,845 - INFO - Rank 1: Epoch 70/200 | Avg Train Loss: 0.050537 (seg: 0.042787, rec: 0.007750)
2025-10-10 14:01:16,673 - INFO - Rank 1: Epoch 70/200 | Avg Val Loss: 0.049651 (seg: 0.045196, rec: 0.004455)
2025-10-10 14:01:21,482 - DEBUG - Rank 1: Epoch 71/200 | Batch 0/65 | Loss: 0.046811 (seg: 0.038508, rec: 0.008303)
2025-10-10 14:01:39,104 - DEBUG - Rank 1: Epoch 71/200 | Batch 10/65 | Loss: 0.037499 (seg: 0.030844, rec: 0.006655)
2025-10-10 14:01:57,137 - DEBUG - Rank 1: Epoch 71/200 | Batch 20/65 | Loss: 0.048126 (seg: 0.039688, rec: 0.008438)
2025-10-10 14:02:15,616 - DEBUG - Rank 1: Epoch 71/200 | Batch 30/65 | Loss: 0.057820 (seg: 0.050905, rec: 0.006915)
2025-10-10 14:02:33,833 - DEBUG - Rank 1: Epoch 71/200 | Batch 40/65 | Loss: 0.053712 (seg: 0.046537, rec: 0.007175)
2025-10-10 14:02:52,102 - DEBUG - Rank 1: Epoch 71/200 | Batch 50/65 | Loss: 0.041427 (seg: 0.033927, rec: 0.007500)
2025-10-10 14:03:10,465 - DEBUG - Rank 1: Epoch 71/200 | Batch 60/65 | Loss: 0.061929 (seg: 0.054064, rec: 0.007864)
2025-10-10 14:03:17,950 - INFO - Rank 1: Epoch 71/200 | Avg Train Loss: 0.047839 (seg: 0.040261, rec: 0.007578)
2025-10-10 14:03:29,044 - INFO - Rank 1: Epoch 71/200 | Avg Val Loss: 0.047376 (seg: 0.043058, rec: 0.004318)
2025-10-10 14:03:34,061 - DEBUG - Rank 1: Epoch 72/200 | Batch 0/65 | Loss: 0.053775 (seg: 0.044599, rec: 0.009176)
2025-10-10 14:03:52,005 - DEBUG - Rank 1: Epoch 72/200 | Batch 10/65 | Loss: 0.044965 (seg: 0.036668, rec: 0.008298)
2025-10-10 14:04:10,464 - DEBUG - Rank 1: Epoch 72/200 | Batch 20/65 | Loss: 0.045513 (seg: 0.036882, rec: 0.008630)
2025-10-10 14:04:28,888 - DEBUG - Rank 1: Epoch 72/200 | Batch 30/65 | Loss: 0.048636 (seg: 0.041469, rec: 0.007167)
2025-10-10 14:04:47,388 - DEBUG - Rank 1: Epoch 72/200 | Batch 40/65 | Loss: 0.042192 (seg: 0.035503, rec: 0.006689)
2025-10-10 14:05:05,947 - DEBUG - Rank 1: Epoch 72/200 | Batch 50/65 | Loss: 0.057388 (seg: 0.049576, rec: 0.007812)
2025-10-10 14:05:25,141 - DEBUG - Rank 1: Epoch 72/200 | Batch 60/65 | Loss: 0.057639 (seg: 0.050495, rec: 0.007143)
2025-10-10 14:05:32,679 - INFO - Rank 1: Epoch 72/200 | Avg Train Loss: 0.052238 (seg: 0.044653, rec: 0.007585)
2025-10-10 14:05:42,270 - INFO - Rank 1: Epoch 72/200 | Avg Val Loss: 0.049027 (seg: 0.044997, rec: 0.004030)
2025-10-10 14:05:46,879 - DEBUG - Rank 1: Epoch 73/200 | Batch 0/65 | Loss: 0.049297 (seg: 0.042439, rec: 0.006857)
2025-10-10 14:06:04,884 - DEBUG - Rank 1: Epoch 73/200 | Batch 10/65 | Loss: 0.035260 (seg: 0.028456, rec: 0.006804)
2025-10-10 14:06:23,306 - DEBUG - Rank 1: Epoch 73/200 | Batch 20/65 | Loss: 0.049365 (seg: 0.042200, rec: 0.007166)
2025-10-10 14:06:41,795 - DEBUG - Rank 1: Epoch 73/200 | Batch 30/65 | Loss: 0.042301 (seg: 0.034231, rec: 0.008070)
2025-10-10 14:07:00,300 - DEBUG - Rank 1: Epoch 73/200 | Batch 40/65 | Loss: 0.041462 (seg: 0.034349, rec: 0.007113)
2025-10-10 14:07:18,884 - DEBUG - Rank 1: Epoch 73/200 | Batch 50/65 | Loss: 0.039617 (seg: 0.031788, rec: 0.007829)
2025-10-10 14:07:37,528 - DEBUG - Rank 1: Epoch 73/200 | Batch 60/65 | Loss: 0.045478 (seg: 0.038587, rec: 0.006892)
2025-10-10 14:07:45,128 - INFO - Rank 1: Epoch 73/200 | Avg Train Loss: 0.048375 (seg: 0.041030, rec: 0.007345)
2025-10-10 14:07:55,675 - INFO - Rank 1: Epoch 73/200 | Avg Val Loss: 0.047676 (seg: 0.043695, rec: 0.003981)
2025-10-10 14:08:00,429 - DEBUG - Rank 1: Epoch 74/200 | Batch 0/65 | Loss: 0.068526 (seg: 0.060648, rec: 0.007878)
2025-10-10 14:08:18,531 - DEBUG - Rank 1: Epoch 74/200 | Batch 10/65 | Loss: 0.044805 (seg: 0.035507, rec: 0.009298)
2025-10-10 14:08:36,969 - DEBUG - Rank 1: Epoch 74/200 | Batch 20/65 | Loss: 0.040368 (seg: 0.033066, rec: 0.007302)
2025-10-10 14:08:55,499 - DEBUG - Rank 1: Epoch 74/200 | Batch 30/65 | Loss: 0.047687 (seg: 0.039657, rec: 0.008030)
2025-10-10 14:09:13,963 - DEBUG - Rank 1: Epoch 74/200 | Batch 40/65 | Loss: 0.044118 (seg: 0.035442, rec: 0.008676)
2025-10-10 14:09:32,414 - DEBUG - Rank 1: Epoch 74/200 | Batch 50/65 | Loss: 0.044307 (seg: 0.036659, rec: 0.007649)
2025-10-10 14:09:50,856 - DEBUG - Rank 1: Epoch 74/200 | Batch 60/65 | Loss: 0.057721 (seg: 0.049762, rec: 0.007959)
2025-10-10 14:09:58,377 - INFO - Rank 1: Epoch 74/200 | Avg Train Loss: 0.048277 (seg: 0.040688, rec: 0.007590)
2025-10-10 14:10:09,930 - INFO - Rank 1: Epoch 74/200 | Avg Val Loss: 0.045352 (seg: 0.041431, rec: 0.003921)
2025-10-10 14:10:14,749 - DEBUG - Rank 1: Epoch 75/200 | Batch 0/65 | Loss: 0.049149 (seg: 0.042314, rec: 0.006835)
2025-10-10 14:10:32,776 - DEBUG - Rank 1: Epoch 75/200 | Batch 10/65 | Loss: 0.056699 (seg: 0.048300, rec: 0.008399)
2025-10-10 14:10:51,084 - DEBUG - Rank 1: Epoch 75/200 | Batch 20/65 | Loss: 0.063839 (seg: 0.055693, rec: 0.008145)
2025-10-10 14:11:09,470 - DEBUG - Rank 1: Epoch 75/200 | Batch 30/65 | Loss: 0.039569 (seg: 0.032919, rec: 0.006649)
2025-10-10 14:11:27,731 - DEBUG - Rank 1: Epoch 75/200 | Batch 40/65 | Loss: 0.042720 (seg: 0.035448, rec: 0.007272)
2025-10-10 14:11:46,111 - DEBUG - Rank 1: Epoch 75/200 | Batch 50/65 | Loss: 0.045856 (seg: 0.037932, rec: 0.007925)
2025-10-10 14:12:04,369 - DEBUG - Rank 1: Epoch 75/200 | Batch 60/65 | Loss: 0.051634 (seg: 0.043577, rec: 0.008056)
2025-10-10 14:12:11,720 - INFO - Rank 1: Epoch 75/200 | Avg Train Loss: 0.047659 (seg: 0.040200, rec: 0.007459)
2025-10-10 14:12:22,401 - INFO - Rank 1: Epoch 75/200 | Avg Val Loss: 0.044994 (seg: 0.041534, rec: 0.003460)
2025-10-10 14:12:26,974 - DEBUG - Rank 1: Epoch 76/200 | Batch 0/65 | Loss: 0.037416 (seg: 0.030903, rec: 0.006512)
2025-10-10 14:12:46,431 - DEBUG - Rank 1: Epoch 76/200 | Batch 10/65 | Loss: 0.043126 (seg: 0.036017, rec: 0.007109)
2025-10-10 14:13:04,414 - DEBUG - Rank 1: Epoch 76/200 | Batch 20/65 | Loss: 0.061627 (seg: 0.053253, rec: 0.008374)
2025-10-10 14:13:23,335 - DEBUG - Rank 1: Epoch 76/200 | Batch 30/65 | Loss: 0.047049 (seg: 0.039957, rec: 0.007093)
2025-10-10 14:13:41,669 - DEBUG - Rank 1: Epoch 76/200 | Batch 40/65 | Loss: 0.064765 (seg: 0.057624, rec: 0.007141)
2025-10-10 14:14:00,062 - DEBUG - Rank 1: Epoch 76/200 | Batch 50/65 | Loss: 0.046236 (seg: 0.039004, rec: 0.007231)
2025-10-10 14:14:18,307 - DEBUG - Rank 1: Epoch 76/200 | Batch 60/65 | Loss: 0.043983 (seg: 0.035608, rec: 0.008375)
2025-10-10 14:14:25,787 - INFO - Rank 1: Epoch 76/200 | Avg Train Loss: 0.046945 (seg: 0.039398, rec: 0.007547)
2025-10-10 14:14:36,593 - INFO - Rank 1: Epoch 76/200 | Avg Val Loss: 0.045222 (seg: 0.041202, rec: 0.004020)
2025-10-10 14:14:41,166 - DEBUG - Rank 1: Epoch 77/200 | Batch 0/65 | Loss: 0.054367 (seg: 0.046541, rec: 0.007826)
2025-10-10 14:14:59,106 - DEBUG - Rank 1: Epoch 77/200 | Batch 10/65 | Loss: 0.049214 (seg: 0.041792, rec: 0.007422)
2025-10-10 14:15:17,382 - DEBUG - Rank 1: Epoch 77/200 | Batch 20/65 | Loss: 0.049375 (seg: 0.042035, rec: 0.007340)
2025-10-10 14:15:35,734 - DEBUG - Rank 1: Epoch 77/200 | Batch 30/65 | Loss: 0.044819 (seg: 0.037883, rec: 0.006936)
2025-10-10 14:15:54,054 - DEBUG - Rank 1: Epoch 77/200 | Batch 40/65 | Loss: 0.036904 (seg: 0.030235, rec: 0.006669)
2025-10-10 14:16:12,378 - DEBUG - Rank 1: Epoch 77/200 | Batch 50/65 | Loss: 0.043279 (seg: 0.036661, rec: 0.006618)
2025-10-10 14:16:30,582 - DEBUG - Rank 1: Epoch 77/200 | Batch 60/65 | Loss: 0.054289 (seg: 0.047545, rec: 0.006744)
2025-10-10 14:16:38,006 - INFO - Rank 1: Epoch 77/200 | Avg Train Loss: 0.048313 (seg: 0.040816, rec: 0.007497)
2025-10-10 14:16:48,437 - INFO - Rank 1: Epoch 77/200 | Avg Val Loss: 0.044859 (seg: 0.040890, rec: 0.003969)
2025-10-10 14:16:53,133 - DEBUG - Rank 1: Epoch 78/200 | Batch 0/65 | Loss: 0.044959 (seg: 0.036839, rec: 0.008120)
2025-10-10 14:17:10,869 - DEBUG - Rank 1: Epoch 78/200 | Batch 10/65 | Loss: 0.044564 (seg: 0.037498, rec: 0.007066)
2025-10-10 14:17:28,993 - DEBUG - Rank 1: Epoch 78/200 | Batch 20/65 | Loss: 0.057064 (seg: 0.050047, rec: 0.007017)
2025-10-10 14:17:47,529 - DEBUG - Rank 1: Epoch 78/200 | Batch 30/65 | Loss: 0.049418 (seg: 0.042184, rec: 0.007234)
2025-10-10 14:18:05,801 - DEBUG - Rank 1: Epoch 78/200 | Batch 40/65 | Loss: 0.046000 (seg: 0.038550, rec: 0.007449)
2025-10-10 14:18:24,074 - DEBUG - Rank 1: Epoch 78/200 | Batch 50/65 | Loss: 0.040903 (seg: 0.032653, rec: 0.008250)
2025-10-10 14:18:42,307 - DEBUG - Rank 1: Epoch 78/200 | Batch 60/65 | Loss: 0.041564 (seg: 0.034027, rec: 0.007537)
2025-10-10 14:18:49,742 - INFO - Rank 1: Epoch 78/200 | Avg Train Loss: 0.048034 (seg: 0.040530, rec: 0.007504)
2025-10-10 14:19:00,483 - INFO - Rank 1: Epoch 78/200 | Avg Val Loss: 0.044573 (seg: 0.040709, rec: 0.003864)
2025-10-10 14:19:05,567 - DEBUG - Rank 1: Epoch 79/200 | Batch 0/65 | Loss: 0.085424 (seg: 0.077807, rec: 0.007618)
2025-10-10 14:19:23,462 - DEBUG - Rank 1: Epoch 79/200 | Batch 10/65 | Loss: 0.047710 (seg: 0.040479, rec: 0.007231)
2025-10-10 14:19:41,766 - DEBUG - Rank 1: Epoch 79/200 | Batch 20/65 | Loss: 0.037457 (seg: 0.031093, rec: 0.006364)
2025-10-10 14:20:00,053 - DEBUG - Rank 1: Epoch 79/200 | Batch 30/65 | Loss: 0.043558 (seg: 0.036156, rec: 0.007402)
2025-10-10 14:20:18,269 - DEBUG - Rank 1: Epoch 79/200 | Batch 40/65 | Loss: 0.044442 (seg: 0.036426, rec: 0.008016)
2025-10-10 14:20:36,576 - DEBUG - Rank 1: Epoch 79/200 | Batch 50/65 | Loss: 0.029310 (seg: 0.022586, rec: 0.006724)
2025-10-10 14:20:54,824 - DEBUG - Rank 1: Epoch 79/200 | Batch 60/65 | Loss: 0.045855 (seg: 0.038194, rec: 0.007661)
2025-10-10 14:21:02,262 - INFO - Rank 1: Epoch 79/200 | Avg Train Loss: 0.048315 (seg: 0.041121, rec: 0.007194)
2025-10-10 14:21:13,276 - INFO - Rank 1: Epoch 79/200 | Avg Val Loss: 0.045924 (seg: 0.041553, rec: 0.004372)
2025-10-10 14:21:18,185 - DEBUG - Rank 1: Epoch 80/200 | Batch 0/65 | Loss: 0.048747 (seg: 0.041655, rec: 0.007091)
2025-10-10 14:21:36,052 - DEBUG - Rank 1: Epoch 80/200 | Batch 10/65 | Loss: 0.046079 (seg: 0.038657, rec: 0.007423)
2025-10-10 14:21:54,287 - DEBUG - Rank 1: Epoch 80/200 | Batch 20/65 | Loss: 0.034752 (seg: 0.027181, rec: 0.007571)
2025-10-10 14:22:12,580 - DEBUG - Rank 1: Epoch 80/200 | Batch 30/65 | Loss: 0.038188 (seg: 0.031345, rec: 0.006844)
2025-10-10 14:22:31,104 - DEBUG - Rank 1: Epoch 80/200 | Batch 40/65 | Loss: 0.054183 (seg: 0.047279, rec: 0.006904)
2025-10-10 14:22:49,468 - DEBUG - Rank 1: Epoch 80/200 | Batch 50/65 | Loss: 0.055224 (seg: 0.048174, rec: 0.007050)
2025-10-10 14:23:07,863 - DEBUG - Rank 1: Epoch 80/200 | Batch 60/65 | Loss: 0.056923 (seg: 0.049127, rec: 0.007797)
2025-10-10 14:23:15,314 - INFO - Rank 1: Epoch 80/200 | Avg Train Loss: 0.048625 (seg: 0.041243, rec: 0.007382)
2025-10-10 14:23:25,800 - INFO - Rank 1: Epoch 80/200 | Avg Val Loss: 0.043797 (seg: 0.040468, rec: 0.003329)
2025-10-10 14:23:30,846 - DEBUG - Rank 1: Epoch 81/200 | Batch 0/65 | Loss: 0.040556 (seg: 0.034096, rec: 0.006460)
2025-10-10 14:23:48,649 - DEBUG - Rank 1: Epoch 81/200 | Batch 10/65 | Loss: 0.045785 (seg: 0.038282, rec: 0.007503)
2025-10-10 14:24:06,824 - DEBUG - Rank 1: Epoch 81/200 | Batch 20/65 | Loss: 0.067952 (seg: 0.058264, rec: 0.009688)
2025-10-10 14:24:25,296 - DEBUG - Rank 1: Epoch 81/200 | Batch 30/65 | Loss: 0.047536 (seg: 0.040798, rec: 0.006737)
2025-10-10 14:24:43,750 - DEBUG - Rank 1: Epoch 81/200 | Batch 40/65 | Loss: 0.041917 (seg: 0.034208, rec: 0.007709)
2025-10-10 14:25:02,219 - DEBUG - Rank 1: Epoch 81/200 | Batch 50/65 | Loss: 0.044018 (seg: 0.035610, rec: 0.008407)
2025-10-10 14:25:20,580 - DEBUG - Rank 1: Epoch 81/200 | Batch 60/65 | Loss: 0.050410 (seg: 0.043872, rec: 0.006539)
2025-10-10 14:25:28,067 - INFO - Rank 1: Epoch 81/200 | Avg Train Loss: 0.046602 (seg: 0.039265, rec: 0.007336)
2025-10-10 14:25:38,264 - INFO - Rank 1: Epoch 81/200 | Avg Val Loss: 0.045033 (seg: 0.040891, rec: 0.004143)
2025-10-10 14:25:42,727 - DEBUG - Rank 1: Epoch 82/200 | Batch 0/65 | Loss: 0.037769 (seg: 0.031786, rec: 0.005982)
2025-10-10 14:26:00,687 - DEBUG - Rank 1: Epoch 82/200 | Batch 10/65 | Loss: 0.049993 (seg: 0.040885, rec: 0.009108)
2025-10-10 14:26:19,089 - DEBUG - Rank 1: Epoch 82/200 | Batch 20/65 | Loss: 0.038287 (seg: 0.029528, rec: 0.008759)
2025-10-10 14:26:37,499 - DEBUG - Rank 1: Epoch 82/200 | Batch 30/65 | Loss: 0.040740 (seg: 0.033456, rec: 0.007284)
2025-10-10 14:26:55,964 - DEBUG - Rank 1: Epoch 82/200 | Batch 40/65 | Loss: 0.041102 (seg: 0.031831, rec: 0.009271)
2025-10-10 14:27:14,390 - DEBUG - Rank 1: Epoch 82/200 | Batch 50/65 | Loss: 0.037770 (seg: 0.031260, rec: 0.006510)
2025-10-10 14:27:35,838 - DEBUG - Rank 1: Epoch 82/200 | Batch 60/65 | Loss: 0.045786 (seg: 0.038501, rec: 0.007285)
2025-10-10 14:27:43,194 - INFO - Rank 1: Epoch 82/200 | Avg Train Loss: 0.045877 (seg: 0.038517, rec: 0.007360)
2025-10-10 14:27:53,220 - INFO - Rank 1: Epoch 82/200 | Avg Val Loss: 0.043824 (seg: 0.040076, rec: 0.003748)
2025-10-10 14:27:57,731 - DEBUG - Rank 1: Epoch 83/200 | Batch 0/65 | Loss: 0.058350 (seg: 0.050041, rec: 0.008308)
2025-10-10 14:28:15,552 - DEBUG - Rank 1: Epoch 83/200 | Batch 10/65 | Loss: 0.054078 (seg: 0.045399, rec: 0.008679)
2025-10-10 14:28:33,916 - DEBUG - Rank 1: Epoch 83/200 | Batch 20/65 | Loss: 0.037490 (seg: 0.030588, rec: 0.006902)
2025-10-10 14:28:52,290 - DEBUG - Rank 1: Epoch 83/200 | Batch 30/65 | Loss: 0.041164 (seg: 0.034655, rec: 0.006509)
2025-10-10 14:29:10,709 - DEBUG - Rank 1: Epoch 83/200 | Batch 40/65 | Loss: 0.037258 (seg: 0.030495, rec: 0.006763)
2025-10-10 14:29:29,161 - DEBUG - Rank 1: Epoch 83/200 | Batch 50/65 | Loss: 0.072687 (seg: 0.065284, rec: 0.007403)
2025-10-10 14:29:47,586 - DEBUG - Rank 1: Epoch 83/200 | Batch 60/65 | Loss: 0.040848 (seg: 0.034418, rec: 0.006430)
2025-10-10 14:29:55,072 - INFO - Rank 1: Epoch 83/200 | Avg Train Loss: 0.046911 (seg: 0.039606, rec: 0.007305)
2025-10-10 14:30:05,146 - INFO - Rank 1: Epoch 83/200 | Avg Val Loss: 0.044756 (seg: 0.040702, rec: 0.004054)
2025-10-10 14:30:09,610 - DEBUG - Rank 1: Epoch 84/200 | Batch 0/65 | Loss: 0.050400 (seg: 0.043632, rec: 0.006769)
2025-10-10 14:30:27,544 - DEBUG - Rank 1: Epoch 84/200 | Batch 10/65 | Loss: 0.038639 (seg: 0.031487, rec: 0.007152)
2025-10-10 14:30:45,988 - DEBUG - Rank 1: Epoch 84/200 | Batch 20/65 | Loss: 0.048015 (seg: 0.040667, rec: 0.007348)
2025-10-10 14:31:04,605 - DEBUG - Rank 1: Epoch 84/200 | Batch 30/65 | Loss: 0.032376 (seg: 0.025553, rec: 0.006823)
2025-10-10 14:31:23,287 - DEBUG - Rank 1: Epoch 84/200 | Batch 40/65 | Loss: 0.063130 (seg: 0.053658, rec: 0.009472)
2025-10-10 14:31:41,790 - DEBUG - Rank 1: Epoch 84/200 | Batch 50/65 | Loss: 0.037363 (seg: 0.030032, rec: 0.007331)
2025-10-10 14:32:00,192 - DEBUG - Rank 1: Epoch 84/200 | Batch 60/65 | Loss: 0.046846 (seg: 0.039555, rec: 0.007290)
2025-10-10 14:32:07,714 - INFO - Rank 1: Epoch 84/200 | Avg Train Loss: 0.047033 (seg: 0.039876, rec: 0.007157)
2025-10-10 14:32:18,686 - INFO - Rank 1: Epoch 84/200 | Avg Val Loss: 0.044909 (seg: 0.041054, rec: 0.003855)
2025-10-10 14:32:23,594 - DEBUG - Rank 1: Epoch 85/200 | Batch 0/65 | Loss: 0.041238 (seg: 0.033944, rec: 0.007294)
2025-10-10 14:32:41,633 - DEBUG - Rank 1: Epoch 85/200 | Batch 10/65 | Loss: 0.045288 (seg: 0.037568, rec: 0.007720)
2025-10-10 14:33:00,001 - DEBUG - Rank 1: Epoch 85/200 | Batch 20/65 | Loss: 0.046847 (seg: 0.039734, rec: 0.007113)
2025-10-10 14:33:18,347 - DEBUG - Rank 1: Epoch 85/200 | Batch 30/65 | Loss: 0.040675 (seg: 0.034161, rec: 0.006514)
2025-10-10 14:33:36,756 - DEBUG - Rank 1: Epoch 85/200 | Batch 40/65 | Loss: 0.040566 (seg: 0.033988, rec: 0.006578)
2025-10-10 14:33:55,209 - DEBUG - Rank 1: Epoch 85/200 | Batch 50/65 | Loss: 0.045437 (seg: 0.038994, rec: 0.006443)
2025-10-10 14:34:13,544 - DEBUG - Rank 1: Epoch 85/200 | Batch 60/65 | Loss: 0.042640 (seg: 0.036103, rec: 0.006536)
2025-10-10 14:34:21,046 - INFO - Rank 1: Epoch 85/200 | Avg Train Loss: 0.046134 (seg: 0.039016, rec: 0.007118)
2025-10-10 14:34:32,568 - INFO - Rank 1: Epoch 85/200 | Avg Val Loss: 0.044458 (seg: 0.040393, rec: 0.004065)
2025-10-10 14:34:37,528 - DEBUG - Rank 1: Epoch 86/200 | Batch 0/65 | Loss: 0.055513 (seg: 0.045831, rec: 0.009682)
2025-10-10 14:34:55,450 - DEBUG - Rank 1: Epoch 86/200 | Batch 10/65 | Loss: 0.047539 (seg: 0.040993, rec: 0.006546)
2025-10-10 14:35:13,572 - DEBUG - Rank 1: Epoch 86/200 | Batch 20/65 | Loss: 0.033246 (seg: 0.026736, rec: 0.006510)
2025-10-10 14:35:31,770 - DEBUG - Rank 1: Epoch 86/200 | Batch 30/65 | Loss: 0.037138 (seg: 0.030221, rec: 0.006918)
2025-10-10 14:35:50,130 - DEBUG - Rank 1: Epoch 86/200 | Batch 40/65 | Loss: 0.043112 (seg: 0.036696, rec: 0.006416)
2025-10-10 14:36:08,493 - DEBUG - Rank 1: Epoch 86/200 | Batch 50/65 | Loss: 0.038826 (seg: 0.032422, rec: 0.006404)
2025-10-10 14:36:26,784 - DEBUG - Rank 1: Epoch 86/200 | Batch 60/65 | Loss: 0.037454 (seg: 0.031285, rec: 0.006168)
2025-10-10 14:36:34,207 - INFO - Rank 1: Epoch 86/200 | Avg Train Loss: 0.044532 (seg: 0.037339, rec: 0.007192)
2025-10-10 14:36:45,454 - INFO - Rank 1: Epoch 86/200 | Avg Val Loss: 0.045257 (seg: 0.041953, rec: 0.003304)
2025-10-10 14:36:51,282 - DEBUG - Rank 1: Epoch 87/200 | Batch 0/65 | Loss: 0.057535 (seg: 0.050040, rec: 0.007495)
2025-10-10 14:37:08,989 - DEBUG - Rank 1: Epoch 87/200 | Batch 10/65 | Loss: 0.048495 (seg: 0.041824, rec: 0.006671)
2025-10-10 14:37:27,081 - DEBUG - Rank 1: Epoch 87/200 | Batch 20/65 | Loss: 0.038625 (seg: 0.032498, rec: 0.006128)
2025-10-10 14:37:45,221 - DEBUG - Rank 1: Epoch 87/200 | Batch 30/65 | Loss: 0.038038 (seg: 0.030628, rec: 0.007410)
2025-10-10 14:38:03,426 - DEBUG - Rank 1: Epoch 87/200 | Batch 40/65 | Loss: 0.035368 (seg: 0.028446, rec: 0.006922)
2025-10-10 14:38:21,562 - DEBUG - Rank 1: Epoch 87/200 | Batch 50/65 | Loss: 0.038547 (seg: 0.030757, rec: 0.007790)
2025-10-10 14:38:39,705 - DEBUG - Rank 1: Epoch 87/200 | Batch 60/65 | Loss: 0.045129 (seg: 0.038235, rec: 0.006894)
2025-10-10 14:38:47,095 - INFO - Rank 1: Epoch 87/200 | Avg Train Loss: 0.045991 (seg: 0.038639, rec: 0.007351)
2025-10-10 14:38:57,249 - INFO - Rank 1: Epoch 87/200 | Avg Val Loss: 0.044175 (seg: 0.040978, rec: 0.003197)
2025-10-10 14:39:01,992 - DEBUG - Rank 1: Epoch 88/200 | Batch 0/65 | Loss: 0.055319 (seg: 0.048069, rec: 0.007250)
2025-10-10 14:39:19,706 - DEBUG - Rank 1: Epoch 88/200 | Batch 10/65 | Loss: 0.040295 (seg: 0.033055, rec: 0.007240)
2025-10-10 14:39:37,823 - DEBUG - Rank 1: Epoch 88/200 | Batch 20/65 | Loss: 0.050446 (seg: 0.043776, rec: 0.006670)
2025-10-10 14:39:56,736 - DEBUG - Rank 1: Epoch 88/200 | Batch 30/65 | Loss: 0.037113 (seg: 0.029205, rec: 0.007908)
2025-10-10 14:40:14,932 - DEBUG - Rank 1: Epoch 88/200 | Batch 40/65 | Loss: 0.040178 (seg: 0.033791, rec: 0.006388)
2025-10-10 14:40:33,263 - DEBUG - Rank 1: Epoch 88/200 | Batch 50/65 | Loss: 0.055073 (seg: 0.048038, rec: 0.007035)
2025-10-10 14:40:51,577 - DEBUG - Rank 1: Epoch 88/200 | Batch 60/65 | Loss: 0.045301 (seg: 0.038474, rec: 0.006827)
2025-10-10 14:40:59,026 - INFO - Rank 1: Epoch 88/200 | Avg Train Loss: 0.045721 (seg: 0.038469, rec: 0.007252)
2025-10-10 14:41:09,916 - INFO - Rank 1: Epoch 88/200 | Avg Val Loss: 0.044407 (seg: 0.040453, rec: 0.003955)
2025-10-10 14:41:15,015 - DEBUG - Rank 1: Epoch 89/200 | Batch 0/65 | Loss: 0.033299 (seg: 0.026769, rec: 0.006530)
2025-10-10 14:41:32,772 - DEBUG - Rank 1: Epoch 89/200 | Batch 10/65 | Loss: 0.038537 (seg: 0.031245, rec: 0.007291)
2025-10-10 14:41:50,969 - DEBUG - Rank 1: Epoch 89/200 | Batch 20/65 | Loss: 0.050803 (seg: 0.042565, rec: 0.008237)
2025-10-10 14:42:09,311 - DEBUG - Rank 1: Epoch 89/200 | Batch 30/65 | Loss: 0.042942 (seg: 0.035412, rec: 0.007531)
2025-10-10 14:42:27,779 - DEBUG - Rank 1: Epoch 89/200 | Batch 40/65 | Loss: 0.047689 (seg: 0.041227, rec: 0.006462)
2025-10-10 14:42:46,384 - DEBUG - Rank 1: Epoch 89/200 | Batch 50/65 | Loss: 0.042960 (seg: 0.036177, rec: 0.006782)
2025-10-10 14:43:04,980 - DEBUG - Rank 1: Epoch 89/200 | Batch 60/65 | Loss: 0.036025 (seg: 0.029395, rec: 0.006629)
2025-10-10 14:43:12,490 - INFO - Rank 1: Epoch 89/200 | Avg Train Loss: 0.045611 (seg: 0.038432, rec: 0.007179)
2025-10-10 14:43:23,696 - INFO - Rank 1: Epoch 89/200 | Avg Val Loss: 0.044578 (seg: 0.040644, rec: 0.003934)
2025-10-10 14:43:28,544 - DEBUG - Rank 1: Epoch 90/200 | Batch 0/65 | Loss: 0.035712 (seg: 0.027639, rec: 0.008074)
2025-10-10 14:43:46,573 - DEBUG - Rank 1: Epoch 90/200 | Batch 10/65 | Loss: 0.033548 (seg: 0.026697, rec: 0.006850)
2025-10-10 14:44:05,004 - DEBUG - Rank 1: Epoch 90/200 | Batch 20/65 | Loss: 0.038131 (seg: 0.031408, rec: 0.006723)
2025-10-10 14:44:23,652 - DEBUG - Rank 1: Epoch 90/200 | Batch 30/65 | Loss: 0.044270 (seg: 0.037084, rec: 0.007186)
2025-10-10 14:44:42,554 - DEBUG - Rank 1: Epoch 90/200 | Batch 40/65 | Loss: 0.045419 (seg: 0.037420, rec: 0.007998)
2025-10-10 14:45:01,123 - DEBUG - Rank 1: Epoch 90/200 | Batch 50/65 | Loss: 0.044166 (seg: 0.035685, rec: 0.008481)
2025-10-10 14:45:19,669 - DEBUG - Rank 1: Epoch 90/200 | Batch 60/65 | Loss: 0.052079 (seg: 0.045084, rec: 0.006995)
2025-10-10 14:45:27,215 - INFO - Rank 1: Epoch 90/200 | Avg Train Loss: 0.045045 (seg: 0.037905, rec: 0.007140)
2025-10-10 14:45:37,826 - INFO - Rank 1: Epoch 90/200 | Avg Val Loss: 0.043608 (seg: 0.040536, rec: 0.003073)
2025-10-10 14:45:42,540 - DEBUG - Rank 1: Epoch 91/200 | Batch 0/65 | Loss: 0.063508 (seg: 0.056096, rec: 0.007412)
2025-10-10 14:46:00,721 - DEBUG - Rank 1: Epoch 91/200 | Batch 10/65 | Loss: 0.037296 (seg: 0.030672, rec: 0.006624)
2025-10-10 14:46:19,232 - DEBUG - Rank 1: Epoch 91/200 | Batch 20/65 | Loss: 0.053006 (seg: 0.044575, rec: 0.008432)
2025-10-10 14:46:38,081 - DEBUG - Rank 1: Epoch 91/200 | Batch 30/65 | Loss: 0.033172 (seg: 0.026071, rec: 0.007100)
2025-10-10 14:46:56,765 - DEBUG - Rank 1: Epoch 91/200 | Batch 40/65 | Loss: 0.034622 (seg: 0.028249, rec: 0.006373)
2025-10-10 14:47:15,407 - DEBUG - Rank 1: Epoch 91/200 | Batch 50/65 | Loss: 0.054093 (seg: 0.046804, rec: 0.007289)
2025-10-10 14:47:34,248 - DEBUG - Rank 1: Epoch 91/200 | Batch 60/65 | Loss: 0.039424 (seg: 0.032557, rec: 0.006867)
2025-10-10 14:47:41,885 - INFO - Rank 1: Epoch 91/200 | Avg Train Loss: 0.045789 (seg: 0.038551, rec: 0.007237)
2025-10-10 14:47:52,622 - INFO - Rank 1: Epoch 91/200 | Avg Val Loss: 0.043618 (seg: 0.039887, rec: 0.003731)
2025-10-10 14:47:57,465 - DEBUG - Rank 1: Epoch 92/200 | Batch 0/65 | Loss: 0.036602 (seg: 0.030309, rec: 0.006294)
2025-10-10 14:48:15,525 - DEBUG - Rank 1: Epoch 92/200 | Batch 10/65 | Loss: 0.037441 (seg: 0.030928, rec: 0.006513)
2025-10-10 14:48:34,089 - DEBUG - Rank 1: Epoch 92/200 | Batch 20/65 | Loss: 0.033985 (seg: 0.027323, rec: 0.006662)
2025-10-10 14:48:52,611 - DEBUG - Rank 1: Epoch 92/200 | Batch 30/65 | Loss: 0.043907 (seg: 0.035984, rec: 0.007923)
2025-10-10 14:49:11,242 - DEBUG - Rank 1: Epoch 92/200 | Batch 40/65 | Loss: 0.036552 (seg: 0.029913, rec: 0.006638)
2025-10-10 14:49:29,746 - DEBUG - Rank 1: Epoch 92/200 | Batch 50/65 | Loss: 0.069283 (seg: 0.061732, rec: 0.007551)
2025-10-10 14:49:48,280 - DEBUG - Rank 1: Epoch 92/200 | Batch 60/65 | Loss: 0.047823 (seg: 0.039046, rec: 0.008778)
2025-10-10 14:49:55,759 - INFO - Rank 1: Epoch 92/200 | Avg Train Loss: 0.043674 (seg: 0.036470, rec: 0.007204)
2025-10-10 14:50:06,589 - INFO - Rank 1: Epoch 92/200 | Avg Val Loss: 0.043911 (seg: 0.039785, rec: 0.004127)
2025-10-10 14:50:11,456 - DEBUG - Rank 1: Epoch 93/200 | Batch 0/65 | Loss: 0.086097 (seg: 0.077509, rec: 0.008588)
2025-10-10 14:50:29,213 - DEBUG - Rank 1: Epoch 93/200 | Batch 10/65 | Loss: 0.036619 (seg: 0.030143, rec: 0.006476)
2025-10-10 14:50:48,776 - DEBUG - Rank 1: Epoch 93/200 | Batch 20/65 | Loss: 0.041705 (seg: 0.034721, rec: 0.006984)
2025-10-10 14:51:06,936 - DEBUG - Rank 1: Epoch 93/200 | Batch 30/65 | Loss: 0.046526 (seg: 0.038992, rec: 0.007534)
2025-10-10 14:51:25,275 - DEBUG - Rank 1: Epoch 93/200 | Batch 40/65 | Loss: 0.037585 (seg: 0.030749, rec: 0.006837)
2025-10-10 14:51:43,573 - DEBUG - Rank 1: Epoch 93/200 | Batch 50/65 | Loss: 0.044409 (seg: 0.036675, rec: 0.007734)
2025-10-10 14:52:01,842 - DEBUG - Rank 1: Epoch 93/200 | Batch 60/65 | Loss: 0.049297 (seg: 0.039190, rec: 0.010107)
2025-10-10 14:52:09,490 - INFO - Rank 1: Epoch 93/200 | Avg Train Loss: 0.045689 (seg: 0.038527, rec: 0.007163)
2025-10-10 14:52:18,695 - INFO - Rank 1: Epoch 93/200 | Avg Val Loss: 0.043625 (seg: 0.040067, rec: 0.003558)
2025-10-10 14:52:23,106 - DEBUG - Rank 1: Epoch 94/200 | Batch 0/65 | Loss: 0.037646 (seg: 0.030425, rec: 0.007222)
2025-10-10 14:52:41,041 - DEBUG - Rank 1: Epoch 94/200 | Batch 10/65 | Loss: 0.039318 (seg: 0.032502, rec: 0.006816)
2025-10-10 14:52:59,195 - DEBUG - Rank 1: Epoch 94/200 | Batch 20/65 | Loss: 0.038314 (seg: 0.031160, rec: 0.007154)
2025-10-10 14:53:17,358 - DEBUG - Rank 1: Epoch 94/200 | Batch 30/65 | Loss: 0.035221 (seg: 0.028326, rec: 0.006895)
2025-10-10 14:53:35,630 - DEBUG - Rank 1: Epoch 94/200 | Batch 40/65 | Loss: 0.040264 (seg: 0.033573, rec: 0.006691)
2025-10-10 14:53:53,824 - DEBUG - Rank 1: Epoch 94/200 | Batch 50/65 | Loss: 0.036833 (seg: 0.030320, rec: 0.006513)
2025-10-10 14:54:11,945 - DEBUG - Rank 1: Epoch 94/200 | Batch 60/65 | Loss: 0.049558 (seg: 0.042496, rec: 0.007062)
2025-10-10 14:54:19,410 - INFO - Rank 1: Epoch 94/200 | Avg Train Loss: 0.044961 (seg: 0.037903, rec: 0.007058)
2025-10-10 14:55:06,228 - INFO - Rank 1: Epoch 94/200 | Avg Val Loss: 0.042644 (seg: 0.039493, rec: 0.003151)
2025-10-10 14:55:21,806 - DEBUG - Rank 1: Epoch 95/200 | Batch 0/65 | Loss: 0.057400 (seg: 0.049455, rec: 0.007945)
2025-10-10 14:55:52,133 - DEBUG - Rank 1: Epoch 95/200 | Batch 10/65 | Loss: 0.045687 (seg: 0.038227, rec: 0.007460)
2025-10-10 14:56:32,368 - DEBUG - Rank 1: Epoch 95/200 | Batch 20/65 | Loss: 0.046806 (seg: 0.038649, rec: 0.008157)
2025-10-10 14:57:01,187 - DEBUG - Rank 1: Epoch 95/200 | Batch 30/65 | Loss: 0.052487 (seg: 0.046070, rec: 0.006417)
2025-10-10 14:57:38,538 - DEBUG - Rank 1: Epoch 95/200 | Batch 40/65 | Loss: 0.051282 (seg: 0.043991, rec: 0.007291)
2025-10-10 14:58:09,697 - DEBUG - Rank 1: Epoch 95/200 | Batch 50/65 | Loss: 0.045982 (seg: 0.037261, rec: 0.008721)
2025-10-10 14:58:42,193 - DEBUG - Rank 1: Epoch 95/200 | Batch 60/65 | Loss: 0.037309 (seg: 0.030037, rec: 0.007272)
2025-10-10 14:58:49,529 - INFO - Rank 1: Epoch 95/200 | Avg Train Loss: 0.044865 (seg: 0.037552, rec: 0.007314)
2025-10-10 14:59:03,531 - INFO - Rank 1: Epoch 95/200 | Avg Val Loss: 0.042757 (seg: 0.039338, rec: 0.003419)
2025-10-10 14:59:08,293 - DEBUG - Rank 1: Epoch 96/200 | Batch 0/65 | Loss: 0.051844 (seg: 0.045442, rec: 0.006402)
2025-10-10 14:59:26,457 - DEBUG - Rank 1: Epoch 96/200 | Batch 10/65 | Loss: 0.047353 (seg: 0.040645, rec: 0.006708)
2025-10-10 14:59:44,694 - DEBUG - Rank 1: Epoch 96/200 | Batch 20/65 | Loss: 0.033242 (seg: 0.026459, rec: 0.006784)
2025-10-10 15:00:02,985 - DEBUG - Rank 1: Epoch 96/200 | Batch 30/65 | Loss: 0.040148 (seg: 0.033430, rec: 0.006718)
2025-10-10 15:00:21,466 - DEBUG - Rank 1: Epoch 96/200 | Batch 40/65 | Loss: 0.031197 (seg: 0.024479, rec: 0.006718)
2025-10-10 15:00:39,628 - DEBUG - Rank 1: Epoch 96/200 | Batch 50/65 | Loss: 0.033762 (seg: 0.026442, rec: 0.007320)
2025-10-10 15:00:57,766 - DEBUG - Rank 1: Epoch 96/200 | Batch 60/65 | Loss: 0.036135 (seg: 0.029965, rec: 0.006170)
2025-10-10 15:01:05,154 - INFO - Rank 1: Epoch 96/200 | Avg Train Loss: 0.042931 (seg: 0.035810, rec: 0.007122)
2025-10-10 15:01:15,443 - INFO - Rank 1: Epoch 96/200 | Avg Val Loss: 0.044268 (seg: 0.040436, rec: 0.003832)
2025-10-10 15:01:20,066 - DEBUG - Rank 1: Epoch 97/200 | Batch 0/65 | Loss: 0.053057 (seg: 0.046030, rec: 0.007027)
2025-10-10 15:01:37,694 - DEBUG - Rank 1: Epoch 97/200 | Batch 10/65 | Loss: 0.058635 (seg: 0.051594, rec: 0.007041)
2025-10-10 15:01:55,681 - DEBUG - Rank 1: Epoch 97/200 | Batch 20/65 | Loss: 0.036277 (seg: 0.029097, rec: 0.007180)
2025-10-10 15:02:13,849 - DEBUG - Rank 1: Epoch 97/200 | Batch 30/65 | Loss: 0.050407 (seg: 0.043469, rec: 0.006937)
2025-10-10 15:02:32,081 - DEBUG - Rank 1: Epoch 97/200 | Batch 40/65 | Loss: 0.044520 (seg: 0.038418, rec: 0.006102)
2025-10-10 15:02:50,375 - DEBUG - Rank 1: Epoch 97/200 | Batch 50/65 | Loss: 0.054315 (seg: 0.047348, rec: 0.006968)
2025-10-10 15:03:08,709 - DEBUG - Rank 1: Epoch 97/200 | Batch 60/65 | Loss: 0.035539 (seg: 0.028650, rec: 0.006889)
2025-10-10 15:03:16,113 - INFO - Rank 1: Epoch 97/200 | Avg Train Loss: 0.044228 (seg: 0.037248, rec: 0.006980)
2025-10-10 15:03:26,170 - INFO - Rank 1: Epoch 97/200 | Avg Val Loss: 0.043025 (seg: 0.040004, rec: 0.003021)
2025-10-10 15:03:30,528 - DEBUG - Rank 1: Epoch 98/200 | Batch 0/65 | Loss: 0.033885 (seg: 0.026882, rec: 0.007003)
2025-10-10 15:03:48,321 - DEBUG - Rank 1: Epoch 98/200 | Batch 10/65 | Loss: 0.041699 (seg: 0.034271, rec: 0.007428)
2025-10-10 15:04:06,410 - DEBUG - Rank 1: Epoch 98/200 | Batch 20/65 | Loss: 0.039976 (seg: 0.033773, rec: 0.006203)
2025-10-10 15:04:24,732 - DEBUG - Rank 1: Epoch 98/200 | Batch 30/65 | Loss: 0.053017 (seg: 0.045947, rec: 0.007070)
2025-10-10 15:04:43,038 - DEBUG - Rank 1: Epoch 98/200 | Batch 40/65 | Loss: 0.036670 (seg: 0.030008, rec: 0.006661)
2025-10-10 15:05:01,316 - DEBUG - Rank 1: Epoch 98/200 | Batch 50/65 | Loss: 0.045905 (seg: 0.039578, rec: 0.006327)
2025-10-10 15:05:19,566 - DEBUG - Rank 1: Epoch 98/200 | Batch 60/65 | Loss: 0.052747 (seg: 0.045828, rec: 0.006919)
2025-10-10 15:05:27,174 - INFO - Rank 1: Epoch 98/200 | Avg Train Loss: 0.044776 (seg: 0.037690, rec: 0.007086)
2025-10-10 15:05:37,565 - INFO - Rank 1: Epoch 98/200 | Avg Val Loss: 0.043784 (seg: 0.039909, rec: 0.003875)
2025-10-10 15:05:42,561 - DEBUG - Rank 1: Epoch 99/200 | Batch 0/65 | Loss: 0.041729 (seg: 0.034571, rec: 0.007158)
2025-10-10 15:06:00,722 - DEBUG - Rank 1: Epoch 99/200 | Batch 10/65 | Loss: 0.067827 (seg: 0.061158, rec: 0.006669)
2025-10-10 15:06:19,136 - DEBUG - Rank 1: Epoch 99/200 | Batch 20/65 | Loss: 0.037042 (seg: 0.029911, rec: 0.007130)
2025-10-10 15:06:37,591 - DEBUG - Rank 1: Epoch 99/200 | Batch 30/65 | Loss: 0.037996 (seg: 0.031696, rec: 0.006300)
2025-10-10 15:06:56,080 - DEBUG - Rank 1: Epoch 99/200 | Batch 40/65 | Loss: 0.039971 (seg: 0.032988, rec: 0.006983)
2025-10-10 15:07:14,620 - DEBUG - Rank 1: Epoch 99/200 | Batch 50/65 | Loss: 0.036699 (seg: 0.029493, rec: 0.007206)
2025-10-10 15:07:33,075 - DEBUG - Rank 1: Epoch 99/200 | Batch 60/65 | Loss: 0.048252 (seg: 0.041859, rec: 0.006393)
2025-10-10 15:07:40,594 - INFO - Rank 1: Epoch 99/200 | Avg Train Loss: 0.042708 (seg: 0.035791, rec: 0.006918)
2025-10-10 15:07:51,921 - INFO - Rank 1: Epoch 99/200 | Avg Val Loss: 0.043140 (seg: 0.039763, rec: 0.003377)
2025-10-10 15:07:56,893 - DEBUG - Rank 1: Epoch 100/200 | Batch 0/65 | Loss: 0.042305 (seg: 0.035037, rec: 0.007268)
2025-10-10 15:08:14,686 - DEBUG - Rank 1: Epoch 100/200 | Batch 10/65 | Loss: 0.040142 (seg: 0.032496, rec: 0.007646)
2025-10-10 15:08:32,991 - DEBUG - Rank 1: Epoch 100/200 | Batch 20/65 | Loss: 0.035275 (seg: 0.028117, rec: 0.007158)
2025-10-10 15:08:51,461 - DEBUG - Rank 1: Epoch 100/200 | Batch 30/65 | Loss: 0.055401 (seg: 0.049103, rec: 0.006299)
2025-10-10 15:09:09,943 - DEBUG - Rank 1: Epoch 100/200 | Batch 40/65 | Loss: 0.035665 (seg: 0.028989, rec: 0.006676)
2025-10-10 15:09:28,214 - DEBUG - Rank 1: Epoch 100/200 | Batch 50/65 | Loss: 0.036153 (seg: 0.029178, rec: 0.006975)
2025-10-10 15:09:46,582 - DEBUG - Rank 1: Epoch 100/200 | Batch 60/65 | Loss: 0.047661 (seg: 0.040781, rec: 0.006881)
2025-10-10 15:09:53,956 - INFO - Rank 1: Epoch 100/200 | Avg Train Loss: 0.043738 (seg: 0.036599, rec: 0.007138)
2025-10-10 15:10:04,219 - INFO - Rank 1: Epoch 100/200 | Avg Val Loss: 0.044014 (seg: 0.040351, rec: 0.003663)
2025-10-10 15:10:08,616 - DEBUG - Rank 1: Epoch 101/200 | Batch 0/65 | Loss: 0.052364 (seg: 0.043742, rec: 0.008622)
2025-10-10 15:10:26,515 - DEBUG - Rank 1: Epoch 101/200 | Batch 10/65 | Loss: 0.050229 (seg: 0.042242, rec: 0.007988)
2025-10-10 15:10:44,783 - DEBUG - Rank 1: Epoch 101/200 | Batch 20/65 | Loss: 0.034452 (seg: 0.028048, rec: 0.006404)
2025-10-10 15:11:03,150 - DEBUG - Rank 1: Epoch 101/200 | Batch 30/65 | Loss: 0.042570 (seg: 0.034925, rec: 0.007645)
2025-10-10 15:11:21,430 - DEBUG - Rank 1: Epoch 101/200 | Batch 40/65 | Loss: 0.037665 (seg: 0.030799, rec: 0.006866)
2025-10-10 15:11:39,819 - DEBUG - Rank 1: Epoch 101/200 | Batch 50/65 | Loss: 0.041227 (seg: 0.035428, rec: 0.005799)
2025-10-10 15:11:58,059 - DEBUG - Rank 1: Epoch 101/200 | Batch 60/65 | Loss: 0.089427 (seg: 0.082415, rec: 0.007013)
2025-10-10 15:12:05,455 - INFO - Rank 1: Epoch 101/200 | Avg Train Loss: 0.044107 (seg: 0.037130, rec: 0.006977)
2025-10-10 15:12:15,883 - INFO - Rank 1: Epoch 101/200 | Avg Val Loss: 0.043667 (seg: 0.039985, rec: 0.003682)
2025-10-10 15:12:20,283 - DEBUG - Rank 1: Epoch 102/200 | Batch 0/65 | Loss: 0.041391 (seg: 0.034876, rec: 0.006515)
2025-10-10 15:12:38,969 - DEBUG - Rank 1: Epoch 102/200 | Batch 10/65 | Loss: 0.048896 (seg: 0.042297, rec: 0.006598)
2025-10-10 15:12:58,254 - DEBUG - Rank 1: Epoch 102/200 | Batch 20/65 | Loss: 0.048213 (seg: 0.040419, rec: 0.007794)
2025-10-10 15:13:16,436 - DEBUG - Rank 1: Epoch 102/200 | Batch 30/65 | Loss: 0.057631 (seg: 0.050693, rec: 0.006938)
2025-10-10 15:13:35,942 - DEBUG - Rank 1: Epoch 102/200 | Batch 40/65 | Loss: 0.036085 (seg: 0.027947, rec: 0.008138)
2025-10-10 15:13:54,284 - DEBUG - Rank 1: Epoch 102/200 | Batch 50/65 | Loss: 0.037899 (seg: 0.031213, rec: 0.006686)
2025-10-10 15:14:12,733 - DEBUG - Rank 1: Epoch 102/200 | Batch 60/65 | Loss: 0.057707 (seg: 0.048413, rec: 0.009293)
2025-10-10 15:14:20,184 - INFO - Rank 1: Epoch 102/200 | Avg Train Loss: 0.041480 (seg: 0.034416, rec: 0.007065)
2025-10-10 15:14:30,861 - INFO - Rank 1: Epoch 102/200 | Avg Val Loss: 0.043916 (seg: 0.040292, rec: 0.003625)
2025-10-10 15:14:35,640 - DEBUG - Rank 1: Epoch 103/200 | Batch 0/65 | Loss: 0.043572 (seg: 0.036956, rec: 0.006615)
2025-10-10 15:14:53,453 - DEBUG - Rank 1: Epoch 103/200 | Batch 10/65 | Loss: 0.040539 (seg: 0.032218, rec: 0.008321)
2025-10-10 15:15:11,656 - DEBUG - Rank 1: Epoch 103/200 | Batch 20/65 | Loss: 0.042166 (seg: 0.035177, rec: 0.006989)
2025-10-10 15:15:29,927 - DEBUG - Rank 1: Epoch 103/200 | Batch 30/65 | Loss: 0.044199 (seg: 0.037139, rec: 0.007060)
2025-10-10 15:15:48,451 - DEBUG - Rank 1: Epoch 103/200 | Batch 40/65 | Loss: 0.039400 (seg: 0.032054, rec: 0.007346)
2025-10-10 15:16:06,772 - DEBUG - Rank 1: Epoch 103/200 | Batch 50/65 | Loss: 0.041391 (seg: 0.034628, rec: 0.006763)
2025-10-10 15:16:25,163 - DEBUG - Rank 1: Epoch 103/200 | Batch 60/65 | Loss: 0.045049 (seg: 0.037538, rec: 0.007510)
2025-10-10 15:16:32,647 - INFO - Rank 1: Epoch 103/200 | Avg Train Loss: 0.040976 (seg: 0.033943, rec: 0.007033)
2025-10-10 15:16:44,175 - INFO - Rank 1: Epoch 103/200 | Avg Val Loss: 0.044446 (seg: 0.040405, rec: 0.004040)
2025-10-10 15:16:50,779 - DEBUG - Rank 1: Epoch 104/200 | Batch 0/65 | Loss: 0.029634 (seg: 0.023396, rec: 0.006237)
2025-10-10 15:17:08,445 - DEBUG - Rank 1: Epoch 104/200 | Batch 10/65 | Loss: 0.032031 (seg: 0.025331, rec: 0.006700)
2025-10-10 15:17:26,982 - DEBUG - Rank 1: Epoch 104/200 | Batch 20/65 | Loss: 0.042989 (seg: 0.036193, rec: 0.006796)
2025-10-10 15:17:45,512 - DEBUG - Rank 1: Epoch 104/200 | Batch 30/65 | Loss: 0.030984 (seg: 0.024307, rec: 0.006677)
2025-10-10 15:18:04,047 - DEBUG - Rank 1: Epoch 104/200 | Batch 40/65 | Loss: 0.061673 (seg: 0.055595, rec: 0.006078)
2025-10-10 15:18:22,741 - DEBUG - Rank 1: Epoch 104/200 | Batch 50/65 | Loss: 0.046987 (seg: 0.039748, rec: 0.007239)
2025-10-10 15:18:41,384 - DEBUG - Rank 1: Epoch 104/200 | Batch 60/65 | Loss: 0.038572 (seg: 0.032022, rec: 0.006550)
2025-10-10 15:18:48,947 - INFO - Rank 1: Epoch 104/200 | Avg Train Loss: 0.042804 (seg: 0.035800, rec: 0.007004)
2025-10-10 15:18:59,920 - INFO - Rank 1: Epoch 104/200 | Avg Val Loss: 0.042790 (seg: 0.039259, rec: 0.003531)
2025-10-10 15:19:04,831 - DEBUG - Rank 1: Epoch 105/200 | Batch 0/65 | Loss: 0.040248 (seg: 0.032750, rec: 0.007498)
2025-10-10 15:19:23,251 - DEBUG - Rank 1: Epoch 105/200 | Batch 10/65 | Loss: 0.042903 (seg: 0.036838, rec: 0.006064)
2025-10-10 15:19:41,805 - DEBUG - Rank 1: Epoch 105/200 | Batch 20/65 | Loss: 0.034320 (seg: 0.027207, rec: 0.007114)
2025-10-10 15:20:00,437 - DEBUG - Rank 1: Epoch 105/200 | Batch 30/65 | Loss: 0.042242 (seg: 0.034872, rec: 0.007370)
2025-10-10 15:20:19,168 - DEBUG - Rank 1: Epoch 105/200 | Batch 40/65 | Loss: 0.034731 (seg: 0.028443, rec: 0.006288)
2025-10-10 15:20:37,744 - DEBUG - Rank 1: Epoch 105/200 | Batch 50/65 | Loss: 0.049432 (seg: 0.042961, rec: 0.006471)
2025-10-10 15:20:56,446 - DEBUG - Rank 1: Epoch 105/200 | Batch 60/65 | Loss: 0.032097 (seg: 0.023744, rec: 0.008352)
2025-10-10 15:21:04,034 - INFO - Rank 1: Epoch 105/200 | Avg Train Loss: 0.040881 (seg: 0.033933, rec: 0.006949)
2025-10-10 15:21:14,220 - INFO - Rank 1: Epoch 105/200 | Avg Val Loss: 0.042533 (seg: 0.039353, rec: 0.003180)
2025-10-10 15:21:18,502 - DEBUG - Rank 1: Epoch 106/200 | Batch 0/65 | Loss: 0.034211 (seg: 0.027991, rec: 0.006220)
2025-10-10 15:21:36,630 - DEBUG - Rank 1: Epoch 106/200 | Batch 10/65 | Loss: 0.037616 (seg: 0.031184, rec: 0.006432)
2025-10-10 15:21:55,029 - DEBUG - Rank 1: Epoch 106/200 | Batch 20/65 | Loss: 0.051920 (seg: 0.044730, rec: 0.007189)
2025-10-10 15:22:13,528 - DEBUG - Rank 1: Epoch 106/200 | Batch 30/65 | Loss: 0.048314 (seg: 0.041716, rec: 0.006598)
2025-10-10 15:22:31,926 - DEBUG - Rank 1: Epoch 106/200 | Batch 40/65 | Loss: 0.047747 (seg: 0.041513, rec: 0.006234)
2025-10-10 15:22:50,374 - DEBUG - Rank 1: Epoch 106/200 | Batch 50/65 | Loss: 0.037054 (seg: 0.030438, rec: 0.006617)
2025-10-10 15:23:08,729 - DEBUG - Rank 1: Epoch 106/200 | Batch 60/65 | Loss: 0.033967 (seg: 0.027184, rec: 0.006783)
2025-10-10 15:23:16,194 - INFO - Rank 1: Epoch 106/200 | Avg Train Loss: 0.041740 (seg: 0.034866, rec: 0.006874)
2025-10-10 15:23:26,153 - INFO - Rank 1: Epoch 106/200 | Avg Val Loss: 0.042007 (seg: 0.038722, rec: 0.003285)
2025-10-10 15:23:30,776 - DEBUG - Rank 1: Epoch 107/200 | Batch 0/65 | Loss: 0.032721 (seg: 0.025764, rec: 0.006957)
2025-10-10 15:23:48,531 - DEBUG - Rank 1: Epoch 107/200 | Batch 10/65 | Loss: 0.039858 (seg: 0.032787, rec: 0.007071)
2025-10-10 15:24:06,766 - DEBUG - Rank 1: Epoch 107/200 | Batch 20/65 | Loss: 0.039664 (seg: 0.032919, rec: 0.006745)
2025-10-10 15:24:25,118 - DEBUG - Rank 1: Epoch 107/200 | Batch 30/65 | Loss: 0.038213 (seg: 0.031502, rec: 0.006711)
2025-10-10 15:24:43,500 - DEBUG - Rank 1: Epoch 107/200 | Batch 40/65 | Loss: 0.035251 (seg: 0.028225, rec: 0.007026)
2025-10-10 15:25:01,885 - DEBUG - Rank 1: Epoch 107/200 | Batch 50/65 | Loss: 0.045301 (seg: 0.039097, rec: 0.006204)
2025-10-10 15:25:20,677 - DEBUG - Rank 1: Epoch 107/200 | Batch 60/65 | Loss: 0.045905 (seg: 0.039829, rec: 0.006076)
2025-10-10 15:25:28,146 - INFO - Rank 1: Epoch 107/200 | Avg Train Loss: 0.040312 (seg: 0.033264, rec: 0.007048)
2025-10-10 15:25:38,730 - INFO - Rank 1: Epoch 107/200 | Avg Val Loss: 0.043617 (seg: 0.039579, rec: 0.004038)
2025-10-10 15:25:44,231 - DEBUG - Rank 1: Epoch 108/200 | Batch 0/65 | Loss: 0.047265 (seg: 0.039948, rec: 0.007318)
2025-10-10 15:26:02,259 - DEBUG - Rank 1: Epoch 108/200 | Batch 10/65 | Loss: 0.037153 (seg: 0.030073, rec: 0.007080)
2025-10-10 15:26:20,427 - DEBUG - Rank 1: Epoch 108/200 | Batch 20/65 | Loss: 0.030843 (seg: 0.023995, rec: 0.006848)
2025-10-10 15:26:38,761 - DEBUG - Rank 1: Epoch 108/200 | Batch 30/65 | Loss: 0.034625 (seg: 0.026032, rec: 0.008594)
2025-10-10 15:26:57,067 - DEBUG - Rank 1: Epoch 108/200 | Batch 40/65 | Loss: 0.039618 (seg: 0.032816, rec: 0.006801)
2025-10-10 15:27:15,445 - DEBUG - Rank 1: Epoch 108/200 | Batch 50/65 | Loss: 0.041535 (seg: 0.035112, rec: 0.006423)
2025-10-10 15:27:33,858 - DEBUG - Rank 1: Epoch 108/200 | Batch 60/65 | Loss: 0.056477 (seg: 0.049714, rec: 0.006764)
2025-10-10 15:27:41,379 - INFO - Rank 1: Epoch 108/200 | Avg Train Loss: 0.042676 (seg: 0.035709, rec: 0.006967)
2025-10-10 15:27:52,358 - INFO - Rank 1: Epoch 108/200 | Avg Val Loss: 0.042795 (seg: 0.039377, rec: 0.003418)
2025-10-10 15:27:57,098 - DEBUG - Rank 1: Epoch 109/200 | Batch 0/65 | Loss: 0.039133 (seg: 0.032094, rec: 0.007038)
2025-10-10 15:28:15,009 - DEBUG - Rank 1: Epoch 109/200 | Batch 10/65 | Loss: 0.042223 (seg: 0.035229, rec: 0.006994)
2025-10-10 15:28:33,249 - DEBUG - Rank 1: Epoch 109/200 | Batch 20/65 | Loss: 0.043858 (seg: 0.037432, rec: 0.006426)
2025-10-10 15:28:51,549 - DEBUG - Rank 1: Epoch 109/200 | Batch 30/65 | Loss: 0.043302 (seg: 0.036617, rec: 0.006684)
2025-10-10 15:29:09,921 - DEBUG - Rank 1: Epoch 109/200 | Batch 40/65 | Loss: 0.032531 (seg: 0.026422, rec: 0.006109)
2025-10-10 15:29:28,356 - DEBUG - Rank 1: Epoch 109/200 | Batch 50/65 | Loss: 0.032894 (seg: 0.026480, rec: 0.006414)
2025-10-10 15:29:46,770 - DEBUG - Rank 1: Epoch 109/200 | Batch 60/65 | Loss: 0.029538 (seg: 0.023201, rec: 0.006336)
2025-10-10 15:29:54,226 - INFO - Rank 1: Epoch 109/200 | Avg Train Loss: 0.042055 (seg: 0.035161, rec: 0.006894)
2025-10-10 15:30:05,450 - INFO - Rank 1: Epoch 109/200 | Avg Val Loss: 0.041895 (seg: 0.038571, rec: 0.003324)
2025-10-10 15:30:05,451 - INFO - Rank 1: Received early stop signal
2025-10-10 15:30:05,451 - INFO - Rank 1: Early stopping triggered. Exiting training at epoch 109.
2025-10-10 15:30:05,451 - INFO - Rank 1: Training process completed
2025-10-10 15:30:05,666 - INFO - Rank 1: Process group destroyed
