2025-10-10 11:19:10,174 - INFO - Rank 4: Process group initialized by torchrun, world_size=5
2025-10-10 11:19:10,189 - INFO - Rank 4/5 using device: cuda:4 (local_rank=4)
2025-10-10 11:19:32,095 - INFO - Rank 4: Data loaders created | Train batches: 65, Val batches: 13
2025-10-10 11:20:09,332 - DEBUG - Rank 4: Epoch 1/200 | Batch 0/65 | Loss: 1.137328 (seg: 0.717178, rec: 0.420150)
2025-10-10 11:21:10,822 - DEBUG - Rank 4: Epoch 1/200 | Batch 10/65 | Loss: 0.902374 (seg: 0.713227, rec: 0.189147)
2025-10-10 11:22:33,760 - DEBUG - Rank 4: Epoch 1/200 | Batch 20/65 | Loss: 0.793508 (seg: 0.709883, rec: 0.083625)
2025-10-10 11:23:31,760 - DEBUG - Rank 4: Epoch 1/200 | Batch 30/65 | Loss: 0.766497 (seg: 0.708583, rec: 0.057914)
2025-10-10 11:24:56,565 - DEBUG - Rank 4: Epoch 1/200 | Batch 40/65 | Loss: 0.753069 (seg: 0.707999, rec: 0.045070)
2025-10-10 11:25:52,807 - DEBUG - Rank 4: Epoch 1/200 | Batch 50/65 | Loss: 0.747510 (seg: 0.707589, rec: 0.039921)
2025-10-10 11:27:07,113 - DEBUG - Rank 4: Epoch 1/200 | Batch 60/65 | Loss: 0.745260 (seg: 0.707268, rec: 0.037992)
2025-10-10 11:27:14,087 - INFO - Rank 4: Epoch 1/200 | Avg Train Loss: 0.809954 (seg: 0.709698, rec: 0.100256)
2025-10-10 11:28:52,620 - INFO - Rank 4: Epoch 1/200 | Avg Val Loss: 0.749615 (seg: 0.706792, rec: 0.042823)
2025-10-10 11:28:57,856 - DEBUG - Rank 4: Epoch 2/200 | Batch 0/65 | Loss: 0.741149 (seg: 0.706900, rec: 0.034249)
2025-10-10 11:29:15,279 - DEBUG - Rank 4: Epoch 2/200 | Batch 10/65 | Loss: 0.740900 (seg: 0.706669, rec: 0.034231)
2025-10-10 11:29:33,098 - DEBUG - Rank 4: Epoch 2/200 | Batch 20/65 | Loss: 0.739835 (seg: 0.706270, rec: 0.033565)
2025-10-10 11:29:51,220 - DEBUG - Rank 4: Epoch 2/200 | Batch 30/65 | Loss: 0.739705 (seg: 0.705832, rec: 0.033873)
2025-10-10 11:30:09,257 - DEBUG - Rank 4: Epoch 2/200 | Batch 40/65 | Loss: 0.738730 (seg: 0.705886, rec: 0.032844)
2025-10-10 11:30:27,270 - DEBUG - Rank 4: Epoch 2/200 | Batch 50/65 | Loss: 0.739063 (seg: 0.705089, rec: 0.033974)
2025-10-10 11:30:45,225 - DEBUG - Rank 4: Epoch 2/200 | Batch 60/65 | Loss: 0.738314 (seg: 0.705127, rec: 0.033187)
2025-10-10 11:30:52,556 - INFO - Rank 4: Epoch 2/200 | Avg Train Loss: 0.739414 (seg: 0.705973, rec: 0.033441)
2025-10-10 11:31:03,333 - INFO - Rank 4: Epoch 2/200 | Avg Val Loss: 0.721189 (seg: 0.704910, rec: 0.016279)
2025-10-10 11:31:08,106 - DEBUG - Rank 4: Epoch 3/200 | Batch 0/65 | Loss: 0.735966 (seg: 0.705242, rec: 0.030724)
2025-10-10 11:31:25,895 - DEBUG - Rank 4: Epoch 3/200 | Batch 10/65 | Loss: 0.732740 (seg: 0.704573, rec: 0.028167)
2025-10-10 11:31:43,860 - DEBUG - Rank 4: Epoch 3/200 | Batch 20/65 | Loss: 0.733004 (seg: 0.704454, rec: 0.028550)
2025-10-10 11:32:01,931 - DEBUG - Rank 4: Epoch 3/200 | Batch 30/65 | Loss: 0.733248 (seg: 0.704528, rec: 0.028721)
2025-10-10 11:32:19,912 - DEBUG - Rank 4: Epoch 3/200 | Batch 40/65 | Loss: 0.736129 (seg: 0.704027, rec: 0.032102)
2025-10-10 11:32:37,953 - DEBUG - Rank 4: Epoch 3/200 | Batch 50/65 | Loss: 0.732931 (seg: 0.703789, rec: 0.029143)
2025-10-10 11:32:55,908 - DEBUG - Rank 4: Epoch 3/200 | Batch 60/65 | Loss: 0.727570 (seg: 0.702355, rec: 0.025215)
2025-10-10 11:33:03,249 - INFO - Rank 4: Epoch 3/200 | Avg Train Loss: 0.732810 (seg: 0.704254, rec: 0.028556)
2025-10-10 11:33:14,005 - INFO - Rank 4: Epoch 3/200 | Avg Val Loss: 0.717769 (seg: 0.703461, rec: 0.014308)
2025-10-10 11:33:18,737 - DEBUG - Rank 4: Epoch 4/200 | Batch 0/65 | Loss: 0.728779 (seg: 0.703852, rec: 0.024927)
2025-10-10 11:33:36,541 - DEBUG - Rank 4: Epoch 4/200 | Batch 10/65 | Loss: 0.730105 (seg: 0.702684, rec: 0.027421)
2025-10-10 11:33:54,398 - DEBUG - Rank 4: Epoch 4/200 | Batch 20/65 | Loss: 0.727832 (seg: 0.702778, rec: 0.025055)
2025-10-10 11:34:12,195 - DEBUG - Rank 4: Epoch 4/200 | Batch 30/65 | Loss: 0.733358 (seg: 0.702452, rec: 0.030906)
2025-10-10 11:34:29,967 - DEBUG - Rank 4: Epoch 4/200 | Batch 40/65 | Loss: 0.729550 (seg: 0.702104, rec: 0.027445)
2025-10-10 11:34:47,880 - DEBUG - Rank 4: Epoch 4/200 | Batch 50/65 | Loss: 0.727503 (seg: 0.702609, rec: 0.024894)
2025-10-10 11:35:05,764 - DEBUG - Rank 4: Epoch 4/200 | Batch 60/65 | Loss: 0.725838 (seg: 0.701964, rec: 0.023874)
2025-10-10 11:35:13,089 - INFO - Rank 4: Epoch 4/200 | Avg Train Loss: 0.728929 (seg: 0.702959, rec: 0.025970)
2025-10-10 11:35:24,207 - INFO - Rank 4: Epoch 4/200 | Avg Val Loss: 0.715046 (seg: 0.702392, rec: 0.012654)
2025-10-10 11:35:29,281 - DEBUG - Rank 4: Epoch 5/200 | Batch 0/65 | Loss: 0.726244 (seg: 0.702604, rec: 0.023640)
2025-10-10 11:35:46,989 - DEBUG - Rank 4: Epoch 5/200 | Batch 10/65 | Loss: 0.729186 (seg: 0.702724, rec: 0.026463)
2025-10-10 11:36:04,877 - DEBUG - Rank 4: Epoch 5/200 | Batch 20/65 | Loss: 0.723425 (seg: 0.701794, rec: 0.021632)
2025-10-10 11:36:22,805 - DEBUG - Rank 4: Epoch 5/200 | Batch 30/65 | Loss: 0.726142 (seg: 0.701458, rec: 0.024684)
2025-10-10 11:36:40,784 - DEBUG - Rank 4: Epoch 5/200 | Batch 40/65 | Loss: 0.732337 (seg: 0.701502, rec: 0.030835)
2025-10-10 11:36:58,717 - DEBUG - Rank 4: Epoch 5/200 | Batch 50/65 | Loss: 0.729471 (seg: 0.701911, rec: 0.027560)
2025-10-10 11:37:16,703 - DEBUG - Rank 4: Epoch 5/200 | Batch 60/65 | Loss: 0.726210 (seg: 0.701465, rec: 0.024744)
2025-10-10 11:37:24,020 - INFO - Rank 4: Epoch 5/200 | Avg Train Loss: 0.726903 (seg: 0.701882, rec: 0.025021)
2025-10-10 11:37:34,617 - INFO - Rank 4: Epoch 5/200 | Avg Val Loss: 0.714837 (seg: 0.701511, rec: 0.013326)
2025-10-10 11:37:39,729 - DEBUG - Rank 4: Epoch 6/200 | Batch 0/65 | Loss: 0.725997 (seg: 0.701900, rec: 0.024096)
2025-10-10 11:37:57,376 - DEBUG - Rank 4: Epoch 6/200 | Batch 10/65 | Loss: 0.722644 (seg: 0.701777, rec: 0.020868)
2025-10-10 11:38:15,188 - DEBUG - Rank 4: Epoch 6/200 | Batch 20/65 | Loss: 0.727309 (seg: 0.701180, rec: 0.026129)
2025-10-10 11:38:33,172 - DEBUG - Rank 4: Epoch 6/200 | Batch 30/65 | Loss: 0.723852 (seg: 0.699787, rec: 0.024065)
2025-10-10 11:38:51,176 - DEBUG - Rank 4: Epoch 6/200 | Batch 40/65 | Loss: 0.721264 (seg: 0.700149, rec: 0.021115)
2025-10-10 11:39:08,936 - DEBUG - Rank 4: Epoch 6/200 | Batch 50/65 | Loss: 0.721383 (seg: 0.700424, rec: 0.020959)
2025-10-10 11:39:26,792 - DEBUG - Rank 4: Epoch 6/200 | Batch 60/65 | Loss: 0.721735 (seg: 0.700087, rec: 0.021648)
2025-10-10 11:39:34,061 - INFO - Rank 4: Epoch 6/200 | Avg Train Loss: 0.723622 (seg: 0.701066, rec: 0.022555)
2025-10-10 11:39:44,952 - INFO - Rank 4: Epoch 6/200 | Avg Val Loss: 0.710701 (seg: 0.700421, rec: 0.010280)
2025-10-10 11:39:50,383 - DEBUG - Rank 4: Epoch 7/200 | Batch 0/65 | Loss: 0.722168 (seg: 0.700302, rec: 0.021866)
2025-10-10 11:40:08,197 - DEBUG - Rank 4: Epoch 7/200 | Batch 10/65 | Loss: 0.722754 (seg: 0.700730, rec: 0.022024)
2025-10-10 11:40:26,211 - DEBUG - Rank 4: Epoch 7/200 | Batch 20/65 | Loss: 0.721160 (seg: 0.700762, rec: 0.020398)
2025-10-10 11:40:44,353 - DEBUG - Rank 4: Epoch 7/200 | Batch 30/65 | Loss: 0.719805 (seg: 0.698918, rec: 0.020887)
2025-10-10 11:41:02,505 - DEBUG - Rank 4: Epoch 7/200 | Batch 40/65 | Loss: 0.722335 (seg: 0.699600, rec: 0.022735)
2025-10-10 11:41:20,608 - DEBUG - Rank 4: Epoch 7/200 | Batch 50/65 | Loss: 0.722751 (seg: 0.700274, rec: 0.022477)
2025-10-10 11:41:38,733 - DEBUG - Rank 4: Epoch 7/200 | Batch 60/65 | Loss: 0.719960 (seg: 0.700262, rec: 0.019698)
2025-10-10 11:41:46,049 - INFO - Rank 4: Epoch 7/200 | Avg Train Loss: 0.721776 (seg: 0.700257, rec: 0.021519)
2025-10-10 11:41:59,371 - INFO - Rank 4: Epoch 7/200 | Avg Val Loss: 0.708951 (seg: 0.699690, rec: 0.009260)
2025-10-10 11:42:04,181 - DEBUG - Rank 4: Epoch 8/200 | Batch 0/65 | Loss: 0.718216 (seg: 0.698791, rec: 0.019425)
2025-10-10 11:42:21,736 - DEBUG - Rank 4: Epoch 8/200 | Batch 10/65 | Loss: 0.720629 (seg: 0.699915, rec: 0.020714)
2025-10-10 11:42:39,677 - DEBUG - Rank 4: Epoch 8/200 | Batch 20/65 | Loss: 0.724919 (seg: 0.700222, rec: 0.024697)
2025-10-10 11:42:57,652 - DEBUG - Rank 4: Epoch 8/200 | Batch 30/65 | Loss: 0.718249 (seg: 0.699399, rec: 0.018850)
2025-10-10 11:43:15,682 - DEBUG - Rank 4: Epoch 8/200 | Batch 40/65 | Loss: 0.718291 (seg: 0.699213, rec: 0.019079)
2025-10-10 11:43:33,667 - DEBUG - Rank 4: Epoch 8/200 | Batch 50/65 | Loss: 0.719388 (seg: 0.698905, rec: 0.020483)
2025-10-10 11:43:51,643 - DEBUG - Rank 4: Epoch 8/200 | Batch 60/65 | Loss: 0.717480 (seg: 0.696982, rec: 0.020498)
2025-10-10 11:43:58,918 - INFO - Rank 4: Epoch 8/200 | Avg Train Loss: 0.719121 (seg: 0.699260, rec: 0.019861)
2025-10-10 11:44:09,136 - INFO - Rank 4: Epoch 8/200 | Avg Val Loss: 0.708139 (seg: 0.698848, rec: 0.009291)
2025-10-10 11:44:13,578 - DEBUG - Rank 4: Epoch 9/200 | Batch 0/65 | Loss: 0.717735 (seg: 0.699362, rec: 0.018373)
2025-10-10 11:44:31,248 - DEBUG - Rank 4: Epoch 9/200 | Batch 10/65 | Loss: 0.716131 (seg: 0.699726, rec: 0.016406)
2025-10-10 11:44:49,207 - DEBUG - Rank 4: Epoch 9/200 | Batch 20/65 | Loss: 0.716543 (seg: 0.699587, rec: 0.016956)
2025-10-10 11:45:07,261 - DEBUG - Rank 4: Epoch 9/200 | Batch 30/65 | Loss: 0.717443 (seg: 0.698140, rec: 0.019303)
2025-10-10 11:45:25,291 - DEBUG - Rank 4: Epoch 9/200 | Batch 40/65 | Loss: 0.719818 (seg: 0.699571, rec: 0.020247)
2025-10-10 11:45:43,355 - DEBUG - Rank 4: Epoch 9/200 | Batch 50/65 | Loss: 0.713055 (seg: 0.697015, rec: 0.016040)
2025-10-10 11:46:01,409 - DEBUG - Rank 4: Epoch 9/200 | Batch 60/65 | Loss: 0.716132 (seg: 0.698418, rec: 0.017714)
2025-10-10 11:46:08,764 - INFO - Rank 4: Epoch 9/200 | Avg Train Loss: 0.716792 (seg: 0.698595, rec: 0.018197)
2025-10-10 11:46:18,261 - INFO - Rank 4: Epoch 9/200 | Avg Val Loss: 0.707316 (seg: 0.698040, rec: 0.009277)
2025-10-10 11:46:23,138 - DEBUG - Rank 4: Epoch 10/200 | Batch 0/65 | Loss: 0.717906 (seg: 0.699181, rec: 0.018724)
2025-10-10 11:46:40,838 - DEBUG - Rank 4: Epoch 10/200 | Batch 10/65 | Loss: 0.713664 (seg: 0.697206, rec: 0.016458)
2025-10-10 11:46:59,242 - DEBUG - Rank 4: Epoch 10/200 | Batch 20/65 | Loss: 0.720988 (seg: 0.698887, rec: 0.022101)
2025-10-10 11:47:17,465 - DEBUG - Rank 4: Epoch 10/200 | Batch 30/65 | Loss: 0.712143 (seg: 0.696101, rec: 0.016042)
2025-10-10 11:47:35,615 - DEBUG - Rank 4: Epoch 10/200 | Batch 40/65 | Loss: 0.715481 (seg: 0.698392, rec: 0.017088)
2025-10-10 11:47:53,760 - DEBUG - Rank 4: Epoch 10/200 | Batch 50/65 | Loss: 0.714009 (seg: 0.698546, rec: 0.015463)
2025-10-10 11:48:11,821 - DEBUG - Rank 4: Epoch 10/200 | Batch 60/65 | Loss: 0.714354 (seg: 0.697626, rec: 0.016728)
2025-10-10 11:48:19,156 - INFO - Rank 4: Epoch 10/200 | Avg Train Loss: 0.714812 (seg: 0.697582, rec: 0.017230)
2025-10-10 11:48:29,869 - INFO - Rank 4: Epoch 10/200 | Avg Val Loss: 0.703991 (seg: 0.697020, rec: 0.006971)
2025-10-10 11:48:34,690 - DEBUG - Rank 4: Epoch 11/200 | Batch 0/65 | Loss: 0.717554 (seg: 0.698579, rec: 0.018975)
2025-10-10 11:48:52,142 - DEBUG - Rank 4: Epoch 11/200 | Batch 10/65 | Loss: 0.712493 (seg: 0.695080, rec: 0.017413)
2025-10-10 11:49:10,092 - DEBUG - Rank 4: Epoch 11/200 | Batch 20/65 | Loss: 0.714763 (seg: 0.698000, rec: 0.016763)
2025-10-10 11:49:28,114 - DEBUG - Rank 4: Epoch 11/200 | Batch 30/65 | Loss: 0.712181 (seg: 0.697401, rec: 0.014780)
2025-10-10 11:49:46,154 - DEBUG - Rank 4: Epoch 11/200 | Batch 40/65 | Loss: 0.712446 (seg: 0.698530, rec: 0.013916)
2025-10-10 11:50:04,218 - DEBUG - Rank 4: Epoch 11/200 | Batch 50/65 | Loss: 0.713473 (seg: 0.697518, rec: 0.015956)
2025-10-10 11:50:22,294 - DEBUG - Rank 4: Epoch 11/200 | Batch 60/65 | Loss: 0.712871 (seg: 0.697097, rec: 0.015774)
2025-10-10 11:50:29,615 - INFO - Rank 4: Epoch 11/200 | Avg Train Loss: 0.713020 (seg: 0.696722, rec: 0.016298)
2025-10-10 11:50:40,239 - INFO - Rank 4: Epoch 11/200 | Avg Val Loss: 0.702102 (seg: 0.695693, rec: 0.006410)
2025-10-10 11:50:44,999 - DEBUG - Rank 4: Epoch 12/200 | Batch 0/65 | Loss: 0.708465 (seg: 0.693865, rec: 0.014601)
2025-10-10 11:51:02,640 - DEBUG - Rank 4: Epoch 12/200 | Batch 10/65 | Loss: 0.710196 (seg: 0.695616, rec: 0.014580)
2025-10-10 11:51:20,612 - DEBUG - Rank 4: Epoch 12/200 | Batch 20/65 | Loss: 0.712741 (seg: 0.697973, rec: 0.014768)
2025-10-10 11:51:38,673 - DEBUG - Rank 4: Epoch 12/200 | Batch 30/65 | Loss: 0.712426 (seg: 0.696927, rec: 0.015499)
2025-10-10 11:51:56,762 - DEBUG - Rank 4: Epoch 12/200 | Batch 40/65 | Loss: 0.711537 (seg: 0.696070, rec: 0.015466)
2025-10-10 11:52:14,844 - DEBUG - Rank 4: Epoch 12/200 | Batch 50/65 | Loss: 0.710401 (seg: 0.695291, rec: 0.015111)
2025-10-10 11:52:32,908 - DEBUG - Rank 4: Epoch 12/200 | Batch 60/65 | Loss: 0.709688 (seg: 0.695335, rec: 0.014353)
2025-10-10 11:52:40,258 - INFO - Rank 4: Epoch 12/200 | Avg Train Loss: 0.710892 (seg: 0.695477, rec: 0.015415)
2025-10-10 11:52:50,124 - INFO - Rank 4: Epoch 12/200 | Avg Val Loss: 0.699964 (seg: 0.693018, rec: 0.006946)
2025-10-10 11:52:54,638 - DEBUG - Rank 4: Epoch 13/200 | Batch 0/65 | Loss: 0.702656 (seg: 0.687816, rec: 0.014840)
2025-10-10 11:53:12,202 - DEBUG - Rank 4: Epoch 13/200 | Batch 10/65 | Loss: 0.706531 (seg: 0.692322, rec: 0.014209)
2025-10-10 11:53:30,805 - DEBUG - Rank 4: Epoch 13/200 | Batch 20/65 | Loss: 0.704255 (seg: 0.690077, rec: 0.014178)
2025-10-10 11:53:48,865 - DEBUG - Rank 4: Epoch 13/200 | Batch 30/65 | Loss: 0.709266 (seg: 0.693902, rec: 0.015363)
2025-10-10 11:54:06,982 - DEBUG - Rank 4: Epoch 13/200 | Batch 40/65 | Loss: 0.701758 (seg: 0.689315, rec: 0.012444)
2025-10-10 11:54:25,067 - DEBUG - Rank 4: Epoch 13/200 | Batch 50/65 | Loss: 0.700583 (seg: 0.687033, rec: 0.013550)
2025-10-10 11:54:43,252 - DEBUG - Rank 4: Epoch 13/200 | Batch 60/65 | Loss: 0.704861 (seg: 0.690961, rec: 0.013900)
2025-10-10 11:54:50,621 - INFO - Rank 4: Epoch 13/200 | Avg Train Loss: 0.706287 (seg: 0.691830, rec: 0.014457)
2025-10-10 11:55:00,593 - INFO - Rank 4: Epoch 13/200 | Avg Val Loss: 0.694826 (seg: 0.687621, rec: 0.007205)
2025-10-10 11:55:05,881 - DEBUG - Rank 4: Epoch 14/200 | Batch 0/65 | Loss: 0.704191 (seg: 0.690805, rec: 0.013386)
2025-10-10 11:55:23,521 - DEBUG - Rank 4: Epoch 14/200 | Batch 10/65 | Loss: 0.698692 (seg: 0.685422, rec: 0.013270)
2025-10-10 11:55:41,845 - DEBUG - Rank 4: Epoch 14/200 | Batch 20/65 | Loss: 0.699021 (seg: 0.684158, rec: 0.014863)
2025-10-10 11:55:59,964 - DEBUG - Rank 4: Epoch 14/200 | Batch 30/65 | Loss: 0.702504 (seg: 0.688848, rec: 0.013655)
2025-10-10 11:56:18,102 - DEBUG - Rank 4: Epoch 14/200 | Batch 40/65 | Loss: 0.696837 (seg: 0.682908, rec: 0.013929)
2025-10-10 11:56:36,369 - DEBUG - Rank 4: Epoch 14/200 | Batch 50/65 | Loss: 0.686641 (seg: 0.671344, rec: 0.015297)
2025-10-10 11:56:54,774 - DEBUG - Rank 4: Epoch 14/200 | Batch 60/65 | Loss: 0.693624 (seg: 0.680920, rec: 0.012703)
2025-10-10 11:57:02,205 - INFO - Rank 4: Epoch 14/200 | Avg Train Loss: 0.698431 (seg: 0.684164, rec: 0.014267)
2025-10-10 11:57:13,513 - INFO - Rank 4: Epoch 14/200 | Avg Val Loss: 0.670793 (seg: 0.663344, rec: 0.007449)
2025-10-10 11:57:18,389 - DEBUG - Rank 4: Epoch 15/200 | Batch 0/65 | Loss: 0.693211 (seg: 0.679545, rec: 0.013666)
2025-10-10 11:57:36,258 - DEBUG - Rank 4: Epoch 15/200 | Batch 10/65 | Loss: 0.676988 (seg: 0.663033, rec: 0.013955)
2025-10-10 11:57:54,546 - DEBUG - Rank 4: Epoch 15/200 | Batch 20/65 | Loss: 0.677795 (seg: 0.664046, rec: 0.013748)
2025-10-10 11:58:13,018 - DEBUG - Rank 4: Epoch 15/200 | Batch 30/65 | Loss: 0.680215 (seg: 0.667776, rec: 0.012439)
2025-10-10 11:58:31,547 - DEBUG - Rank 4: Epoch 15/200 | Batch 40/65 | Loss: 0.662830 (seg: 0.649707, rec: 0.013123)
2025-10-10 11:58:50,072 - DEBUG - Rank 4: Epoch 15/200 | Batch 50/65 | Loss: 0.663520 (seg: 0.649752, rec: 0.013768)
2025-10-10 11:59:08,406 - DEBUG - Rank 4: Epoch 15/200 | Batch 60/65 | Loss: 0.633763 (seg: 0.620691, rec: 0.013072)
2025-10-10 11:59:15,932 - INFO - Rank 4: Epoch 15/200 | Avg Train Loss: 0.669901 (seg: 0.656739, rec: 0.013163)
2025-10-10 11:59:26,499 - INFO - Rank 4: Epoch 15/200 | Avg Val Loss: 0.599073 (seg: 0.590969, rec: 0.008104)
2025-10-10 11:59:31,579 - DEBUG - Rank 4: Epoch 16/200 | Batch 0/65 | Loss: 0.652083 (seg: 0.640688, rec: 0.011395)
2025-10-10 11:59:49,616 - DEBUG - Rank 4: Epoch 16/200 | Batch 10/65 | Loss: 0.660122 (seg: 0.647061, rec: 0.013061)
2025-10-10 12:00:07,947 - DEBUG - Rank 4: Epoch 16/200 | Batch 20/65 | Loss: 0.598551 (seg: 0.586041, rec: 0.012510)
2025-10-10 12:00:26,323 - DEBUG - Rank 4: Epoch 16/200 | Batch 30/65 | Loss: 0.645218 (seg: 0.630226, rec: 0.014992)
2025-10-10 12:00:44,744 - DEBUG - Rank 4: Epoch 16/200 | Batch 40/65 | Loss: 0.506888 (seg: 0.494697, rec: 0.012191)
2025-10-10 12:01:02,992 - DEBUG - Rank 4: Epoch 16/200 | Batch 50/65 | Loss: 0.551847 (seg: 0.538872, rec: 0.012975)
2025-10-10 12:01:21,256 - DEBUG - Rank 4: Epoch 16/200 | Batch 60/65 | Loss: 0.538213 (seg: 0.524482, rec: 0.013731)
2025-10-10 12:01:28,712 - INFO - Rank 4: Epoch 16/200 | Avg Train Loss: 0.572188 (seg: 0.558924, rec: 0.013264)
2025-10-10 12:01:38,693 - INFO - Rank 4: Epoch 16/200 | Avg Val Loss: 0.388434 (seg: 0.381689, rec: 0.006745)
2025-10-10 12:01:43,536 - DEBUG - Rank 4: Epoch 17/200 | Batch 0/65 | Loss: 0.431536 (seg: 0.418794, rec: 0.012742)
2025-10-10 12:02:01,308 - DEBUG - Rank 4: Epoch 17/200 | Batch 10/65 | Loss: 0.526846 (seg: 0.514342, rec: 0.012505)
2025-10-10 12:02:19,472 - DEBUG - Rank 4: Epoch 17/200 | Batch 20/65 | Loss: 0.407374 (seg: 0.394624, rec: 0.012750)
2025-10-10 12:02:37,659 - DEBUG - Rank 4: Epoch 17/200 | Batch 30/65 | Loss: 0.316243 (seg: 0.302581, rec: 0.013662)
2025-10-10 12:02:55,840 - DEBUG - Rank 4: Epoch 17/200 | Batch 40/65 | Loss: 0.336076 (seg: 0.323013, rec: 0.013063)
2025-10-10 12:03:14,151 - DEBUG - Rank 4: Epoch 17/200 | Batch 50/65 | Loss: 0.276200 (seg: 0.263239, rec: 0.012961)
2025-10-10 12:03:33,392 - DEBUG - Rank 4: Epoch 17/200 | Batch 60/65 | Loss: 0.374277 (seg: 0.361714, rec: 0.012563)
2025-10-10 12:03:41,753 - INFO - Rank 4: Epoch 17/200 | Avg Train Loss: 0.375773 (seg: 0.363190, rec: 0.012583)
2025-10-10 12:03:51,944 - INFO - Rank 4: Epoch 17/200 | Avg Val Loss: 0.220723 (seg: 0.212836, rec: 0.007887)
2025-10-10 12:03:56,780 - DEBUG - Rank 4: Epoch 18/200 | Batch 0/65 | Loss: 0.323659 (seg: 0.312542, rec: 0.011117)
2025-10-10 12:04:14,551 - DEBUG - Rank 4: Epoch 18/200 | Batch 10/65 | Loss: 0.320782 (seg: 0.309140, rec: 0.011642)
2025-10-10 12:04:32,823 - DEBUG - Rank 4: Epoch 18/200 | Batch 20/65 | Loss: 0.457674 (seg: 0.444448, rec: 0.013226)
2025-10-10 12:04:51,186 - DEBUG - Rank 4: Epoch 18/200 | Batch 30/65 | Loss: 0.276501 (seg: 0.265492, rec: 0.011010)
2025-10-10 12:05:09,371 - DEBUG - Rank 4: Epoch 18/200 | Batch 40/65 | Loss: 0.215361 (seg: 0.203047, rec: 0.012314)
2025-10-10 12:05:27,509 - DEBUG - Rank 4: Epoch 18/200 | Batch 50/65 | Loss: 0.210274 (seg: 0.198398, rec: 0.011876)
2025-10-10 12:05:45,612 - DEBUG - Rank 4: Epoch 18/200 | Batch 60/65 | Loss: 0.173728 (seg: 0.161974, rec: 0.011754)
2025-10-10 12:05:52,937 - INFO - Rank 4: Epoch 18/200 | Avg Train Loss: 0.255456 (seg: 0.243186, rec: 0.012270)
2025-10-10 12:06:03,377 - INFO - Rank 4: Epoch 18/200 | Avg Val Loss: 0.143759 (seg: 0.137350, rec: 0.006409)
2025-10-10 12:06:08,225 - DEBUG - Rank 4: Epoch 19/200 | Batch 0/65 | Loss: 0.218456 (seg: 0.207375, rec: 0.011081)
2025-10-10 12:06:26,141 - DEBUG - Rank 4: Epoch 19/200 | Batch 10/65 | Loss: 0.175710 (seg: 0.164799, rec: 0.010911)
2025-10-10 12:06:44,575 - DEBUG - Rank 4: Epoch 19/200 | Batch 20/65 | Loss: 0.243254 (seg: 0.231133, rec: 0.012122)
2025-10-10 12:07:02,763 - DEBUG - Rank 4: Epoch 19/200 | Batch 30/65 | Loss: 0.141466 (seg: 0.129566, rec: 0.011900)
2025-10-10 12:07:21,078 - DEBUG - Rank 4: Epoch 19/200 | Batch 40/65 | Loss: 0.164372 (seg: 0.153323, rec: 0.011049)
2025-10-10 12:07:39,493 - DEBUG - Rank 4: Epoch 19/200 | Batch 50/65 | Loss: 0.130319 (seg: 0.112312, rec: 0.018008)
2025-10-10 12:07:57,783 - DEBUG - Rank 4: Epoch 19/200 | Batch 60/65 | Loss: 0.270613 (seg: 0.257875, rec: 0.012738)
2025-10-10 12:08:05,250 - INFO - Rank 4: Epoch 19/200 | Avg Train Loss: 0.189467 (seg: 0.177273, rec: 0.012194)
2025-10-10 12:08:16,172 - INFO - Rank 4: Epoch 19/200 | Avg Val Loss: 0.110116 (seg: 0.103622, rec: 0.006494)
2025-10-10 12:08:21,152 - DEBUG - Rank 4: Epoch 20/200 | Batch 0/65 | Loss: 0.140267 (seg: 0.127318, rec: 0.012949)
2025-10-10 12:08:38,859 - DEBUG - Rank 4: Epoch 20/200 | Batch 10/65 | Loss: 0.154062 (seg: 0.143824, rec: 0.010238)
2025-10-10 12:08:57,021 - DEBUG - Rank 4: Epoch 20/200 | Batch 20/65 | Loss: 0.166225 (seg: 0.153406, rec: 0.012819)
2025-10-10 12:09:15,351 - DEBUG - Rank 4: Epoch 20/200 | Batch 30/65 | Loss: 0.128145 (seg: 0.116436, rec: 0.011708)
2025-10-10 12:09:33,687 - DEBUG - Rank 4: Epoch 20/200 | Batch 40/65 | Loss: 0.157934 (seg: 0.147382, rec: 0.010552)
2025-10-10 12:09:51,945 - DEBUG - Rank 4: Epoch 20/200 | Batch 50/65 | Loss: 0.101895 (seg: 0.090929, rec: 0.010965)
2025-10-10 12:10:10,249 - DEBUG - Rank 4: Epoch 20/200 | Batch 60/65 | Loss: 0.111740 (seg: 0.100289, rec: 0.011451)
2025-10-10 12:10:17,701 - INFO - Rank 4: Epoch 20/200 | Avg Train Loss: 0.155841 (seg: 0.144044, rec: 0.011797)
2025-10-10 12:10:28,527 - INFO - Rank 4: Epoch 20/200 | Avg Val Loss: 0.093316 (seg: 0.087439, rec: 0.005877)
2025-10-10 12:10:33,394 - DEBUG - Rank 4: Epoch 21/200 | Batch 0/65 | Loss: 0.149360 (seg: 0.137365, rec: 0.011994)
2025-10-10 12:10:51,917 - DEBUG - Rank 4: Epoch 21/200 | Batch 10/65 | Loss: 0.122992 (seg: 0.111831, rec: 0.011161)
2025-10-10 12:11:10,581 - DEBUG - Rank 4: Epoch 21/200 | Batch 20/65 | Loss: 0.149179 (seg: 0.138165, rec: 0.011014)
2025-10-10 12:11:28,870 - DEBUG - Rank 4: Epoch 21/200 | Batch 30/65 | Loss: 0.149572 (seg: 0.137521, rec: 0.012050)
2025-10-10 12:11:47,827 - DEBUG - Rank 4: Epoch 21/200 | Batch 40/65 | Loss: 0.151659 (seg: 0.141609, rec: 0.010049)
2025-10-10 12:12:06,166 - DEBUG - Rank 4: Epoch 21/200 | Batch 50/65 | Loss: 0.094159 (seg: 0.083659, rec: 0.010500)
2025-10-10 12:12:24,454 - DEBUG - Rank 4: Epoch 21/200 | Batch 60/65 | Loss: 0.114527 (seg: 0.103534, rec: 0.010993)
2025-10-10 12:12:31,893 - INFO - Rank 4: Epoch 21/200 | Avg Train Loss: 0.126881 (seg: 0.115376, rec: 0.011505)
2025-10-10 12:12:41,529 - INFO - Rank 4: Epoch 21/200 | Avg Val Loss: 0.086282 (seg: 0.079898, rec: 0.006384)
2025-10-10 12:12:46,008 - DEBUG - Rank 4: Epoch 22/200 | Batch 0/65 | Loss: 0.133924 (seg: 0.122620, rec: 0.011304)
2025-10-10 12:13:03,780 - DEBUG - Rank 4: Epoch 22/200 | Batch 10/65 | Loss: 0.101913 (seg: 0.090605, rec: 0.011307)
2025-10-10 12:13:22,104 - DEBUG - Rank 4: Epoch 22/200 | Batch 20/65 | Loss: 0.150520 (seg: 0.139140, rec: 0.011380)
2025-10-10 12:13:40,538 - DEBUG - Rank 4: Epoch 22/200 | Batch 30/65 | Loss: 0.137158 (seg: 0.124838, rec: 0.012320)
2025-10-10 12:13:59,038 - DEBUG - Rank 4: Epoch 22/200 | Batch 40/65 | Loss: 0.115390 (seg: 0.104141, rec: 0.011248)
2025-10-10 12:14:17,481 - DEBUG - Rank 4: Epoch 22/200 | Batch 50/65 | Loss: 0.105410 (seg: 0.091923, rec: 0.013488)
2025-10-10 12:14:35,926 - DEBUG - Rank 4: Epoch 22/200 | Batch 60/65 | Loss: 0.100378 (seg: 0.089568, rec: 0.010809)
2025-10-10 12:14:43,425 - INFO - Rank 4: Epoch 22/200 | Avg Train Loss: 0.113838 (seg: 0.102359, rec: 0.011478)
2025-10-10 12:15:01,937 - INFO - Rank 4: Epoch 22/200 | Avg Val Loss: 0.077110 (seg: 0.071995, rec: 0.005115)
2025-10-10 12:15:08,184 - DEBUG - Rank 4: Epoch 23/200 | Batch 0/65 | Loss: 0.099878 (seg: 0.088182, rec: 0.011697)
2025-10-10 12:15:25,927 - DEBUG - Rank 4: Epoch 23/200 | Batch 10/65 | Loss: 0.112446 (seg: 0.101103, rec: 0.011343)
2025-10-10 12:15:44,344 - DEBUG - Rank 4: Epoch 23/200 | Batch 20/65 | Loss: 0.081624 (seg: 0.069441, rec: 0.012183)
2025-10-10 12:16:02,714 - DEBUG - Rank 4: Epoch 23/200 | Batch 30/65 | Loss: 0.083309 (seg: 0.072246, rec: 0.011063)
2025-10-10 12:16:21,223 - DEBUG - Rank 4: Epoch 23/200 | Batch 40/65 | Loss: 0.122593 (seg: 0.110745, rec: 0.011848)
2025-10-10 12:16:39,560 - DEBUG - Rank 4: Epoch 23/200 | Batch 50/65 | Loss: 0.104074 (seg: 0.091443, rec: 0.012631)
2025-10-10 12:16:57,696 - DEBUG - Rank 4: Epoch 23/200 | Batch 60/65 | Loss: 0.100012 (seg: 0.089141, rec: 0.010872)
2025-10-10 12:17:05,113 - INFO - Rank 4: Epoch 23/200 | Avg Train Loss: 0.102329 (seg: 0.090892, rec: 0.011437)
2025-10-10 12:17:16,062 - INFO - Rank 4: Epoch 23/200 | Avg Val Loss: 0.072058 (seg: 0.067013, rec: 0.005045)
2025-10-10 12:17:20,604 - DEBUG - Rank 4: Epoch 24/200 | Batch 0/65 | Loss: 0.107272 (seg: 0.096150, rec: 0.011122)
2025-10-10 12:17:38,211 - DEBUG - Rank 4: Epoch 24/200 | Batch 10/65 | Loss: 0.102486 (seg: 0.091025, rec: 0.011461)
2025-10-10 12:17:56,326 - DEBUG - Rank 4: Epoch 24/200 | Batch 20/65 | Loss: 0.134100 (seg: 0.119941, rec: 0.014159)
2025-10-10 12:18:14,501 - DEBUG - Rank 4: Epoch 24/200 | Batch 30/65 | Loss: 0.093363 (seg: 0.083326, rec: 0.010037)
2025-10-10 12:18:32,777 - DEBUG - Rank 4: Epoch 24/200 | Batch 40/65 | Loss: 0.079842 (seg: 0.068931, rec: 0.010911)
2025-10-10 12:18:50,973 - DEBUG - Rank 4: Epoch 24/200 | Batch 50/65 | Loss: 0.086860 (seg: 0.073305, rec: 0.013555)
2025-10-10 12:19:09,322 - DEBUG - Rank 4: Epoch 24/200 | Batch 60/65 | Loss: 0.094194 (seg: 0.084209, rec: 0.009985)
2025-10-10 12:19:16,686 - INFO - Rank 4: Epoch 24/200 | Avg Train Loss: 0.101961 (seg: 0.090977, rec: 0.010984)
2025-10-10 12:19:26,967 - INFO - Rank 4: Epoch 24/200 | Avg Val Loss: 0.074079 (seg: 0.068459, rec: 0.005620)
2025-10-10 12:19:31,607 - DEBUG - Rank 4: Epoch 25/200 | Batch 0/65 | Loss: 0.089374 (seg: 0.079185, rec: 0.010189)
2025-10-10 12:19:49,362 - DEBUG - Rank 4: Epoch 25/200 | Batch 10/65 | Loss: 0.097081 (seg: 0.085512, rec: 0.011569)
2025-10-10 12:20:07,437 - DEBUG - Rank 4: Epoch 25/200 | Batch 20/65 | Loss: 0.100832 (seg: 0.090455, rec: 0.010376)
2025-10-10 12:20:25,757 - DEBUG - Rank 4: Epoch 25/200 | Batch 30/65 | Loss: 0.108840 (seg: 0.098773, rec: 0.010068)
2025-10-10 12:20:44,070 - DEBUG - Rank 4: Epoch 25/200 | Batch 40/65 | Loss: 0.063120 (seg: 0.052895, rec: 0.010225)
2025-10-10 12:21:02,247 - DEBUG - Rank 4: Epoch 25/200 | Batch 50/65 | Loss: 0.083145 (seg: 0.071691, rec: 0.011455)
2025-10-10 12:21:20,452 - DEBUG - Rank 4: Epoch 25/200 | Batch 60/65 | Loss: 0.083820 (seg: 0.074185, rec: 0.009635)
2025-10-10 12:21:27,893 - INFO - Rank 4: Epoch 25/200 | Avg Train Loss: 0.093805 (seg: 0.083211, rec: 0.010594)
2025-10-10 12:21:38,014 - INFO - Rank 4: Epoch 25/200 | Avg Val Loss: 0.070756 (seg: 0.065039, rec: 0.005717)
2025-10-10 12:21:43,010 - DEBUG - Rank 4: Epoch 26/200 | Batch 0/65 | Loss: 0.119904 (seg: 0.109027, rec: 0.010878)
2025-10-10 12:22:00,562 - DEBUG - Rank 4: Epoch 26/200 | Batch 10/65 | Loss: 0.085827 (seg: 0.073426, rec: 0.012401)
2025-10-10 12:22:18,614 - DEBUG - Rank 4: Epoch 26/200 | Batch 20/65 | Loss: 0.080347 (seg: 0.069979, rec: 0.010368)
2025-10-10 12:22:36,818 - DEBUG - Rank 4: Epoch 26/200 | Batch 30/65 | Loss: 0.120802 (seg: 0.112359, rec: 0.008444)
2025-10-10 12:22:55,111 - DEBUG - Rank 4: Epoch 26/200 | Batch 40/65 | Loss: 0.078870 (seg: 0.069292, rec: 0.009578)
2025-10-10 12:23:13,464 - DEBUG - Rank 4: Epoch 26/200 | Batch 50/65 | Loss: 0.079008 (seg: 0.069560, rec: 0.009448)
2025-10-10 12:23:32,287 - DEBUG - Rank 4: Epoch 26/200 | Batch 60/65 | Loss: 0.082242 (seg: 0.070244, rec: 0.011997)
2025-10-10 12:23:39,677 - INFO - Rank 4: Epoch 26/200 | Avg Train Loss: 0.088477 (seg: 0.077771, rec: 0.010706)
2025-10-10 12:23:49,741 - INFO - Rank 4: Epoch 26/200 | Avg Val Loss: 0.066664 (seg: 0.061006, rec: 0.005658)
2025-10-10 12:23:54,484 - DEBUG - Rank 4: Epoch 27/200 | Batch 0/65 | Loss: 0.084894 (seg: 0.075381, rec: 0.009513)
2025-10-10 12:24:12,218 - DEBUG - Rank 4: Epoch 27/200 | Batch 10/65 | Loss: 0.070360 (seg: 0.059970, rec: 0.010390)
2025-10-10 12:24:30,502 - DEBUG - Rank 4: Epoch 27/200 | Batch 20/65 | Loss: 0.084619 (seg: 0.073737, rec: 0.010882)
2025-10-10 12:24:48,962 - DEBUG - Rank 4: Epoch 27/200 | Batch 30/65 | Loss: 0.076910 (seg: 0.067488, rec: 0.009422)
2025-10-10 12:25:07,456 - DEBUG - Rank 4: Epoch 27/200 | Batch 40/65 | Loss: 0.080535 (seg: 0.068358, rec: 0.012177)
2025-10-10 12:25:25,953 - DEBUG - Rank 4: Epoch 27/200 | Batch 50/65 | Loss: 0.115605 (seg: 0.106551, rec: 0.009054)
2025-10-10 12:25:44,485 - DEBUG - Rank 4: Epoch 27/200 | Batch 60/65 | Loss: 0.059781 (seg: 0.049477, rec: 0.010304)
2025-10-10 12:25:51,986 - INFO - Rank 4: Epoch 27/200 | Avg Train Loss: 0.092085 (seg: 0.081677, rec: 0.010408)
2025-10-10 12:26:02,866 - INFO - Rank 4: Epoch 27/200 | Avg Val Loss: 0.064401 (seg: 0.059676, rec: 0.004726)
2025-10-10 12:26:07,628 - DEBUG - Rank 4: Epoch 28/200 | Batch 0/65 | Loss: 0.099245 (seg: 0.086522, rec: 0.012722)
2025-10-10 12:26:25,612 - DEBUG - Rank 4: Epoch 28/200 | Batch 10/65 | Loss: 0.075103 (seg: 0.062325, rec: 0.012778)
2025-10-10 12:26:44,060 - DEBUG - Rank 4: Epoch 28/200 | Batch 20/65 | Loss: 0.086314 (seg: 0.077277, rec: 0.009037)
2025-10-10 12:27:02,737 - DEBUG - Rank 4: Epoch 28/200 | Batch 30/65 | Loss: 0.070946 (seg: 0.060322, rec: 0.010624)
2025-10-10 12:27:21,236 - DEBUG - Rank 4: Epoch 28/200 | Batch 40/65 | Loss: 0.085120 (seg: 0.076133, rec: 0.008987)
2025-10-10 12:27:39,791 - DEBUG - Rank 4: Epoch 28/200 | Batch 50/65 | Loss: 0.087831 (seg: 0.078621, rec: 0.009209)
2025-10-10 12:27:58,279 - DEBUG - Rank 4: Epoch 28/200 | Batch 60/65 | Loss: 0.063661 (seg: 0.055053, rec: 0.008608)
2025-10-10 12:28:05,732 - INFO - Rank 4: Epoch 28/200 | Avg Train Loss: 0.078420 (seg: 0.068201, rec: 0.010219)
2025-10-10 12:28:16,546 - INFO - Rank 4: Epoch 28/200 | Avg Val Loss: 0.062786 (seg: 0.058184, rec: 0.004602)
2025-10-10 12:28:21,768 - DEBUG - Rank 4: Epoch 29/200 | Batch 0/65 | Loss: 0.114811 (seg: 0.104772, rec: 0.010039)
2025-10-10 12:28:39,788 - DEBUG - Rank 4: Epoch 29/200 | Batch 10/65 | Loss: 0.079847 (seg: 0.070509, rec: 0.009338)
2025-10-10 12:28:58,076 - DEBUG - Rank 4: Epoch 29/200 | Batch 20/65 | Loss: 0.097607 (seg: 0.086510, rec: 0.011097)
2025-10-10 12:29:16,550 - DEBUG - Rank 4: Epoch 29/200 | Batch 30/65 | Loss: 0.087452 (seg: 0.076648, rec: 0.010804)
2025-10-10 12:29:34,852 - DEBUG - Rank 4: Epoch 29/200 | Batch 40/65 | Loss: 0.073704 (seg: 0.063538, rec: 0.010166)
2025-10-10 12:29:53,118 - DEBUG - Rank 4: Epoch 29/200 | Batch 50/65 | Loss: 0.056759 (seg: 0.046583, rec: 0.010176)
2025-10-10 12:30:11,374 - DEBUG - Rank 4: Epoch 29/200 | Batch 60/65 | Loss: 0.069383 (seg: 0.060238, rec: 0.009145)
2025-10-10 12:30:18,786 - INFO - Rank 4: Epoch 29/200 | Avg Train Loss: 0.080644 (seg: 0.070608, rec: 0.010036)
2025-10-10 12:30:28,653 - INFO - Rank 4: Epoch 29/200 | Avg Val Loss: 0.060984 (seg: 0.056095, rec: 0.004889)
2025-10-10 12:30:33,334 - DEBUG - Rank 4: Epoch 30/200 | Batch 0/65 | Loss: 0.059686 (seg: 0.051360, rec: 0.008326)
2025-10-10 12:30:50,985 - DEBUG - Rank 4: Epoch 30/200 | Batch 10/65 | Loss: 0.069372 (seg: 0.057560, rec: 0.011811)
2025-10-10 12:31:09,076 - DEBUG - Rank 4: Epoch 30/200 | Batch 20/65 | Loss: 0.085166 (seg: 0.075778, rec: 0.009387)
2025-10-10 12:31:27,243 - DEBUG - Rank 4: Epoch 30/200 | Batch 30/65 | Loss: 0.076214 (seg: 0.066062, rec: 0.010152)
2025-10-10 12:31:45,379 - DEBUG - Rank 4: Epoch 30/200 | Batch 40/65 | Loss: 0.083130 (seg: 0.073546, rec: 0.009584)
2025-10-10 12:32:03,677 - DEBUG - Rank 4: Epoch 30/200 | Batch 50/65 | Loss: 0.092770 (seg: 0.082311, rec: 0.010459)
2025-10-10 12:32:21,797 - DEBUG - Rank 4: Epoch 30/200 | Batch 60/65 | Loss: 0.060044 (seg: 0.051016, rec: 0.009028)
2025-10-10 12:32:29,164 - INFO - Rank 4: Epoch 30/200 | Avg Train Loss: 0.073531 (seg: 0.063633, rec: 0.009899)
2025-10-10 12:32:39,769 - INFO - Rank 4: Epoch 30/200 | Avg Val Loss: 0.060000 (seg: 0.054674, rec: 0.005326)
2025-10-10 12:32:44,364 - DEBUG - Rank 4: Epoch 31/200 | Batch 0/65 | Loss: 0.070724 (seg: 0.061594, rec: 0.009130)
2025-10-10 12:33:02,142 - DEBUG - Rank 4: Epoch 31/200 | Batch 10/65 | Loss: 0.086773 (seg: 0.078189, rec: 0.008584)
2025-10-10 12:33:20,348 - DEBUG - Rank 4: Epoch 31/200 | Batch 20/65 | Loss: 0.075773 (seg: 0.066321, rec: 0.009451)
2025-10-10 12:33:38,645 - DEBUG - Rank 4: Epoch 31/200 | Batch 30/65 | Loss: 0.054295 (seg: 0.044116, rec: 0.010178)
2025-10-10 12:33:57,002 - DEBUG - Rank 4: Epoch 31/200 | Batch 40/65 | Loss: 0.074161 (seg: 0.064398, rec: 0.009764)
2025-10-10 12:34:15,388 - DEBUG - Rank 4: Epoch 31/200 | Batch 50/65 | Loss: 0.066163 (seg: 0.056500, rec: 0.009663)
2025-10-10 12:34:33,713 - DEBUG - Rank 4: Epoch 31/200 | Batch 60/65 | Loss: 0.071905 (seg: 0.062845, rec: 0.009060)
2025-10-10 12:34:41,211 - INFO - Rank 4: Epoch 31/200 | Avg Train Loss: 0.072222 (seg: 0.062414, rec: 0.009808)
2025-10-10 12:34:51,286 - INFO - Rank 4: Epoch 31/200 | Avg Val Loss: 0.059768 (seg: 0.054022, rec: 0.005747)
2025-10-10 12:34:55,925 - DEBUG - Rank 4: Epoch 32/200 | Batch 0/65 | Loss: 0.075129 (seg: 0.063202, rec: 0.011927)
2025-10-10 12:35:13,706 - DEBUG - Rank 4: Epoch 32/200 | Batch 10/65 | Loss: 0.056496 (seg: 0.047423, rec: 0.009073)
2025-10-10 12:35:31,811 - DEBUG - Rank 4: Epoch 32/200 | Batch 20/65 | Loss: 0.080814 (seg: 0.068742, rec: 0.012072)
2025-10-10 12:35:50,130 - DEBUG - Rank 4: Epoch 32/200 | Batch 30/65 | Loss: 0.064190 (seg: 0.055305, rec: 0.008885)
2025-10-10 12:36:08,703 - DEBUG - Rank 4: Epoch 32/200 | Batch 40/65 | Loss: 0.062978 (seg: 0.054441, rec: 0.008537)
2025-10-10 12:36:27,075 - DEBUG - Rank 4: Epoch 32/200 | Batch 50/65 | Loss: 0.079737 (seg: 0.069365, rec: 0.010372)
2025-10-10 12:36:45,469 - DEBUG - Rank 4: Epoch 32/200 | Batch 60/65 | Loss: 0.054904 (seg: 0.046178, rec: 0.008726)
2025-10-10 12:36:52,936 - INFO - Rank 4: Epoch 32/200 | Avg Train Loss: 0.075155 (seg: 0.065226, rec: 0.009929)
2025-10-10 12:37:04,482 - INFO - Rank 4: Epoch 32/200 | Avg Val Loss: 0.059066 (seg: 0.053377, rec: 0.005689)
2025-10-10 12:37:09,082 - DEBUG - Rank 4: Epoch 33/200 | Batch 0/65 | Loss: 0.080550 (seg: 0.068609, rec: 0.011942)
2025-10-10 12:37:26,873 - DEBUG - Rank 4: Epoch 33/200 | Batch 10/65 | Loss: 0.058959 (seg: 0.049839, rec: 0.009120)
2025-10-10 12:37:45,140 - DEBUG - Rank 4: Epoch 33/200 | Batch 20/65 | Loss: 0.072020 (seg: 0.061938, rec: 0.010082)
2025-10-10 12:38:03,680 - DEBUG - Rank 4: Epoch 33/200 | Batch 30/65 | Loss: 0.069760 (seg: 0.061342, rec: 0.008418)
2025-10-10 12:38:22,263 - DEBUG - Rank 4: Epoch 33/200 | Batch 40/65 | Loss: 0.087422 (seg: 0.077594, rec: 0.009829)
2025-10-10 12:38:40,827 - DEBUG - Rank 4: Epoch 33/200 | Batch 50/65 | Loss: 0.077445 (seg: 0.067876, rec: 0.009569)
2025-10-10 12:38:59,283 - DEBUG - Rank 4: Epoch 33/200 | Batch 60/65 | Loss: 0.068922 (seg: 0.058535, rec: 0.010387)
2025-10-10 12:39:06,821 - INFO - Rank 4: Epoch 33/200 | Avg Train Loss: 0.073165 (seg: 0.063570, rec: 0.009595)
2025-10-10 12:39:16,840 - INFO - Rank 4: Epoch 33/200 | Avg Val Loss: 0.057736 (seg: 0.053469, rec: 0.004267)
2025-10-10 12:39:21,669 - DEBUG - Rank 4: Epoch 34/200 | Batch 0/65 | Loss: 0.071464 (seg: 0.059947, rec: 0.011517)
2025-10-10 12:39:39,693 - DEBUG - Rank 4: Epoch 34/200 | Batch 10/65 | Loss: 0.072074 (seg: 0.062574, rec: 0.009501)
2025-10-10 12:39:58,129 - DEBUG - Rank 4: Epoch 34/200 | Batch 20/65 | Loss: 0.061523 (seg: 0.052611, rec: 0.008912)
2025-10-10 12:40:16,646 - DEBUG - Rank 4: Epoch 34/200 | Batch 30/65 | Loss: 0.074562 (seg: 0.064306, rec: 0.010256)
2025-10-10 12:40:35,307 - DEBUG - Rank 4: Epoch 34/200 | Batch 40/65 | Loss: 0.067753 (seg: 0.058220, rec: 0.009533)
2025-10-10 12:40:53,771 - DEBUG - Rank 4: Epoch 34/200 | Batch 50/65 | Loss: 0.052239 (seg: 0.044112, rec: 0.008128)
2025-10-10 12:41:12,282 - DEBUG - Rank 4: Epoch 34/200 | Batch 60/65 | Loss: 0.067741 (seg: 0.059610, rec: 0.008132)
2025-10-10 12:41:19,853 - INFO - Rank 4: Epoch 34/200 | Avg Train Loss: 0.067965 (seg: 0.058593, rec: 0.009371)
2025-10-10 12:41:30,441 - INFO - Rank 4: Epoch 34/200 | Avg Val Loss: 0.058624 (seg: 0.052583, rec: 0.006041)
2025-10-10 12:41:34,791 - DEBUG - Rank 4: Epoch 35/200 | Batch 0/65 | Loss: 0.069796 (seg: 0.062036, rec: 0.007760)
2025-10-10 12:41:52,642 - DEBUG - Rank 4: Epoch 35/200 | Batch 10/65 | Loss: 0.071570 (seg: 0.062062, rec: 0.009508)
2025-10-10 12:42:11,011 - DEBUG - Rank 4: Epoch 35/200 | Batch 20/65 | Loss: 0.054547 (seg: 0.046106, rec: 0.008442)
2025-10-10 12:42:29,374 - DEBUG - Rank 4: Epoch 35/200 | Batch 30/65 | Loss: 0.071180 (seg: 0.061156, rec: 0.010024)
2025-10-10 12:42:47,791 - DEBUG - Rank 4: Epoch 35/200 | Batch 40/65 | Loss: 0.071371 (seg: 0.062704, rec: 0.008667)
2025-10-10 12:43:06,237 - DEBUG - Rank 4: Epoch 35/200 | Batch 50/65 | Loss: 0.070027 (seg: 0.060220, rec: 0.009807)
2025-10-10 12:43:24,632 - DEBUG - Rank 4: Epoch 35/200 | Batch 60/65 | Loss: 0.058208 (seg: 0.049189, rec: 0.009020)
2025-10-10 12:43:32,079 - INFO - Rank 4: Epoch 35/200 | Avg Train Loss: 0.064849 (seg: 0.055641, rec: 0.009208)
2025-10-10 12:43:42,802 - INFO - Rank 4: Epoch 35/200 | Avg Val Loss: 0.055921 (seg: 0.051169, rec: 0.004752)
2025-10-10 12:43:48,018 - DEBUG - Rank 4: Epoch 36/200 | Batch 0/65 | Loss: 0.062796 (seg: 0.052880, rec: 0.009916)
2025-10-10 12:44:06,017 - DEBUG - Rank 4: Epoch 36/200 | Batch 10/65 | Loss: 0.065020 (seg: 0.056548, rec: 0.008472)
2025-10-10 12:44:24,359 - DEBUG - Rank 4: Epoch 36/200 | Batch 20/65 | Loss: 0.062547 (seg: 0.050502, rec: 0.012045)
2025-10-10 12:44:42,821 - DEBUG - Rank 4: Epoch 36/200 | Batch 30/65 | Loss: 0.066969 (seg: 0.057153, rec: 0.009817)
2025-10-10 12:45:01,350 - DEBUG - Rank 4: Epoch 36/200 | Batch 40/65 | Loss: 0.067787 (seg: 0.057316, rec: 0.010471)
2025-10-10 12:45:19,652 - DEBUG - Rank 4: Epoch 36/200 | Batch 50/65 | Loss: 0.044965 (seg: 0.035885, rec: 0.009080)
2025-10-10 12:45:37,938 - DEBUG - Rank 4: Epoch 36/200 | Batch 60/65 | Loss: 0.072941 (seg: 0.063863, rec: 0.009077)
2025-10-10 12:45:45,366 - INFO - Rank 4: Epoch 36/200 | Avg Train Loss: 0.065879 (seg: 0.055476, rec: 0.010403)
2025-10-10 12:45:55,851 - INFO - Rank 4: Epoch 36/200 | Avg Val Loss: 0.055397 (seg: 0.050705, rec: 0.004692)
2025-10-10 12:46:00,365 - DEBUG - Rank 4: Epoch 37/200 | Batch 0/65 | Loss: 0.075542 (seg: 0.064116, rec: 0.011426)
2025-10-10 12:46:18,111 - DEBUG - Rank 4: Epoch 37/200 | Batch 10/65 | Loss: 0.073387 (seg: 0.063334, rec: 0.010053)
2025-10-10 12:46:36,157 - DEBUG - Rank 4: Epoch 37/200 | Batch 20/65 | Loss: 0.086564 (seg: 0.074469, rec: 0.012095)
2025-10-10 12:46:54,351 - DEBUG - Rank 4: Epoch 37/200 | Batch 30/65 | Loss: 0.053117 (seg: 0.044862, rec: 0.008256)
2025-10-10 12:47:13,450 - DEBUG - Rank 4: Epoch 37/200 | Batch 40/65 | Loss: 0.090069 (seg: 0.081030, rec: 0.009039)
2025-10-10 12:47:31,783 - DEBUG - Rank 4: Epoch 37/200 | Batch 50/65 | Loss: 0.076597 (seg: 0.067479, rec: 0.009118)
2025-10-10 12:47:51,097 - DEBUG - Rank 4: Epoch 37/200 | Batch 60/65 | Loss: 0.054686 (seg: 0.046247, rec: 0.008439)
2025-10-10 12:47:58,550 - INFO - Rank 4: Epoch 37/200 | Avg Train Loss: 0.066334 (seg: 0.056745, rec: 0.009589)
2025-10-10 12:48:09,049 - INFO - Rank 4: Epoch 37/200 | Avg Val Loss: 0.058245 (seg: 0.053315, rec: 0.004930)
2025-10-10 12:48:13,916 - DEBUG - Rank 4: Epoch 38/200 | Batch 0/65 | Loss: 0.150575 (seg: 0.141609, rec: 0.008966)
2025-10-10 12:48:32,781 - DEBUG - Rank 4: Epoch 38/200 | Batch 10/65 | Loss: 0.061941 (seg: 0.049826, rec: 0.012115)
2025-10-10 12:48:50,988 - DEBUG - Rank 4: Epoch 38/200 | Batch 20/65 | Loss: 0.065946 (seg: 0.057050, rec: 0.008896)
2025-10-10 12:49:09,343 - DEBUG - Rank 4: Epoch 38/200 | Batch 30/65 | Loss: 0.058586 (seg: 0.049983, rec: 0.008603)
2025-10-10 12:49:27,789 - DEBUG - Rank 4: Epoch 38/200 | Batch 40/65 | Loss: 0.065915 (seg: 0.056758, rec: 0.009157)
2025-10-10 12:49:46,528 - DEBUG - Rank 4: Epoch 38/200 | Batch 50/65 | Loss: 0.056372 (seg: 0.047134, rec: 0.009238)
2025-10-10 12:50:04,968 - DEBUG - Rank 4: Epoch 38/200 | Batch 60/65 | Loss: 0.052821 (seg: 0.041646, rec: 0.011175)
2025-10-10 12:50:12,467 - INFO - Rank 4: Epoch 38/200 | Avg Train Loss: 0.066207 (seg: 0.057024, rec: 0.009183)
2025-10-10 12:50:22,859 - INFO - Rank 4: Epoch 38/200 | Avg Val Loss: 0.054709 (seg: 0.049981, rec: 0.004728)
2025-10-10 12:50:27,967 - DEBUG - Rank 4: Epoch 39/200 | Batch 0/65 | Loss: 0.063195 (seg: 0.054445, rec: 0.008750)
2025-10-10 12:50:45,875 - DEBUG - Rank 4: Epoch 39/200 | Batch 10/65 | Loss: 0.070812 (seg: 0.060730, rec: 0.010082)
2025-10-10 12:51:04,308 - DEBUG - Rank 4: Epoch 39/200 | Batch 20/65 | Loss: 0.084837 (seg: 0.076093, rec: 0.008744)
2025-10-10 12:51:23,322 - DEBUG - Rank 4: Epoch 39/200 | Batch 30/65 | Loss: 0.067597 (seg: 0.058609, rec: 0.008988)
2025-10-10 12:51:41,910 - DEBUG - Rank 4: Epoch 39/200 | Batch 40/65 | Loss: 0.051032 (seg: 0.042953, rec: 0.008079)
2025-10-10 12:52:00,485 - DEBUG - Rank 4: Epoch 39/200 | Batch 50/65 | Loss: 0.070103 (seg: 0.060139, rec: 0.009964)
2025-10-10 12:52:18,975 - DEBUG - Rank 4: Epoch 39/200 | Batch 60/65 | Loss: 0.097316 (seg: 0.089167, rec: 0.008149)
2025-10-10 12:52:26,516 - INFO - Rank 4: Epoch 39/200 | Avg Train Loss: 0.064369 (seg: 0.055532, rec: 0.008837)
2025-10-10 12:52:37,451 - INFO - Rank 4: Epoch 39/200 | Avg Val Loss: 0.060960 (seg: 0.056515, rec: 0.004446)
2025-10-10 12:52:42,205 - DEBUG - Rank 4: Epoch 40/200 | Batch 0/65 | Loss: 0.064477 (seg: 0.056322, rec: 0.008155)
2025-10-10 12:53:00,261 - DEBUG - Rank 4: Epoch 40/200 | Batch 10/65 | Loss: 0.063827 (seg: 0.054743, rec: 0.009084)
2025-10-10 12:53:18,722 - DEBUG - Rank 4: Epoch 40/200 | Batch 20/65 | Loss: 0.047829 (seg: 0.038989, rec: 0.008839)
2025-10-10 12:53:37,273 - DEBUG - Rank 4: Epoch 40/200 | Batch 30/65 | Loss: 0.057581 (seg: 0.048397, rec: 0.009184)
2025-10-10 12:53:55,894 - DEBUG - Rank 4: Epoch 40/200 | Batch 40/65 | Loss: 0.060208 (seg: 0.050358, rec: 0.009849)
2025-10-10 12:54:14,464 - DEBUG - Rank 4: Epoch 40/200 | Batch 50/65 | Loss: 0.053995 (seg: 0.045726, rec: 0.008269)
2025-10-10 12:54:32,998 - DEBUG - Rank 4: Epoch 40/200 | Batch 60/65 | Loss: 0.088025 (seg: 0.078451, rec: 0.009573)
2025-10-10 12:54:40,523 - INFO - Rank 4: Epoch 40/200 | Avg Train Loss: 0.064090 (seg: 0.055463, rec: 0.008627)
2025-10-10 12:54:50,594 - INFO - Rank 4: Epoch 40/200 | Avg Val Loss: 0.055779 (seg: 0.049972, rec: 0.005808)
2025-10-10 12:54:54,985 - DEBUG - Rank 4: Epoch 41/200 | Batch 0/65 | Loss: 0.068931 (seg: 0.058951, rec: 0.009980)
2025-10-10 12:55:12,833 - DEBUG - Rank 4: Epoch 41/200 | Batch 10/65 | Loss: 0.053113 (seg: 0.043192, rec: 0.009921)
2025-10-10 12:55:31,078 - DEBUG - Rank 4: Epoch 41/200 | Batch 20/65 | Loss: 0.067396 (seg: 0.058665, rec: 0.008731)
2025-10-10 12:55:49,442 - DEBUG - Rank 4: Epoch 41/200 | Batch 30/65 | Loss: 0.054576 (seg: 0.046087, rec: 0.008489)
2025-10-10 12:56:07,801 - DEBUG - Rank 4: Epoch 41/200 | Batch 40/65 | Loss: 0.057380 (seg: 0.048908, rec: 0.008472)
2025-10-10 12:56:26,079 - DEBUG - Rank 4: Epoch 41/200 | Batch 50/65 | Loss: 0.054414 (seg: 0.043214, rec: 0.011200)
2025-10-10 12:56:44,378 - DEBUG - Rank 4: Epoch 41/200 | Batch 60/65 | Loss: 0.055062 (seg: 0.046656, rec: 0.008406)
2025-10-10 12:56:51,748 - INFO - Rank 4: Epoch 41/200 | Avg Train Loss: 0.063489 (seg: 0.054586, rec: 0.008903)
2025-10-10 12:57:01,417 - INFO - Rank 4: Epoch 41/200 | Avg Val Loss: 0.056007 (seg: 0.049845, rec: 0.006162)
2025-10-10 12:57:05,821 - DEBUG - Rank 4: Epoch 42/200 | Batch 0/65 | Loss: 0.053605 (seg: 0.045317, rec: 0.008288)
2025-10-10 12:57:23,746 - DEBUG - Rank 4: Epoch 42/200 | Batch 10/65 | Loss: 0.065387 (seg: 0.056352, rec: 0.009036)
2025-10-10 12:57:42,031 - DEBUG - Rank 4: Epoch 42/200 | Batch 20/65 | Loss: 0.091923 (seg: 0.083280, rec: 0.008643)
2025-10-10 12:58:00,836 - DEBUG - Rank 4: Epoch 42/200 | Batch 30/65 | Loss: 0.065814 (seg: 0.056166, rec: 0.009648)
2025-10-10 12:58:19,207 - DEBUG - Rank 4: Epoch 42/200 | Batch 40/65 | Loss: 0.063963 (seg: 0.055094, rec: 0.008869)
2025-10-10 12:58:37,550 - DEBUG - Rank 4: Epoch 42/200 | Batch 50/65 | Loss: 0.076599 (seg: 0.066047, rec: 0.010552)
2025-10-10 12:58:55,850 - DEBUG - Rank 4: Epoch 42/200 | Batch 60/65 | Loss: 0.057873 (seg: 0.049463, rec: 0.008410)
2025-10-10 12:59:03,321 - INFO - Rank 4: Epoch 42/200 | Avg Train Loss: 0.062971 (seg: 0.054300, rec: 0.008671)
2025-10-10 12:59:13,891 - INFO - Rank 4: Epoch 42/200 | Avg Val Loss: 0.053092 (seg: 0.048758, rec: 0.004335)
2025-10-10 12:59:19,096 - DEBUG - Rank 4: Epoch 43/200 | Batch 0/65 | Loss: 0.061617 (seg: 0.052722, rec: 0.008895)
2025-10-10 12:59:36,989 - DEBUG - Rank 4: Epoch 43/200 | Batch 10/65 | Loss: 0.055880 (seg: 0.047654, rec: 0.008225)
2025-10-10 12:59:55,175 - DEBUG - Rank 4: Epoch 43/200 | Batch 20/65 | Loss: 0.052050 (seg: 0.042981, rec: 0.009069)
2025-10-10 13:00:13,493 - DEBUG - Rank 4: Epoch 43/200 | Batch 30/65 | Loss: 0.040941 (seg: 0.032098, rec: 0.008843)
2025-10-10 13:00:31,956 - DEBUG - Rank 4: Epoch 43/200 | Batch 40/65 | Loss: 0.069554 (seg: 0.061039, rec: 0.008515)
2025-10-10 13:00:50,369 - DEBUG - Rank 4: Epoch 43/200 | Batch 50/65 | Loss: 0.053800 (seg: 0.043890, rec: 0.009909)
2025-10-10 13:01:08,811 - DEBUG - Rank 4: Epoch 43/200 | Batch 60/65 | Loss: 0.069007 (seg: 0.061392, rec: 0.007615)
2025-10-10 13:01:16,240 - INFO - Rank 4: Epoch 43/200 | Avg Train Loss: 0.058742 (seg: 0.050152, rec: 0.008590)
2025-10-10 13:01:27,424 - INFO - Rank 4: Epoch 43/200 | Avg Val Loss: 0.053598 (seg: 0.048946, rec: 0.004652)
2025-10-10 13:01:32,351 - DEBUG - Rank 4: Epoch 44/200 | Batch 0/65 | Loss: 0.058939 (seg: 0.051294, rec: 0.007645)
2025-10-10 13:01:50,186 - DEBUG - Rank 4: Epoch 44/200 | Batch 10/65 | Loss: 0.094037 (seg: 0.086278, rec: 0.007759)
2025-10-10 13:02:08,432 - DEBUG - Rank 4: Epoch 44/200 | Batch 20/65 | Loss: 0.043710 (seg: 0.034657, rec: 0.009053)
2025-10-10 13:02:26,763 - DEBUG - Rank 4: Epoch 44/200 | Batch 30/65 | Loss: 0.051311 (seg: 0.042742, rec: 0.008569)
2025-10-10 13:02:45,274 - DEBUG - Rank 4: Epoch 44/200 | Batch 40/65 | Loss: 0.058197 (seg: 0.049812, rec: 0.008385)
2025-10-10 13:03:03,664 - DEBUG - Rank 4: Epoch 44/200 | Batch 50/65 | Loss: 0.061146 (seg: 0.052884, rec: 0.008262)
2025-10-10 13:03:22,015 - DEBUG - Rank 4: Epoch 44/200 | Batch 60/65 | Loss: 0.068063 (seg: 0.059299, rec: 0.008765)
2025-10-10 13:03:29,471 - INFO - Rank 4: Epoch 44/200 | Avg Train Loss: 0.061010 (seg: 0.052450, rec: 0.008561)
2025-10-10 13:03:40,049 - INFO - Rank 4: Epoch 44/200 | Avg Val Loss: 0.053533 (seg: 0.048957, rec: 0.004576)
2025-10-10 13:03:45,143 - DEBUG - Rank 4: Epoch 45/200 | Batch 0/65 | Loss: 0.051742 (seg: 0.044167, rec: 0.007575)
2025-10-10 13:04:03,042 - DEBUG - Rank 4: Epoch 45/200 | Batch 10/65 | Loss: 0.067635 (seg: 0.058419, rec: 0.009216)
2025-10-10 13:04:21,394 - DEBUG - Rank 4: Epoch 45/200 | Batch 20/65 | Loss: 0.067046 (seg: 0.059508, rec: 0.007537)
2025-10-10 13:04:41,223 - DEBUG - Rank 4: Epoch 45/200 | Batch 30/65 | Loss: 0.050565 (seg: 0.041237, rec: 0.009328)
2025-10-10 13:04:59,645 - DEBUG - Rank 4: Epoch 45/200 | Batch 40/65 | Loss: 0.060198 (seg: 0.051997, rec: 0.008201)
2025-10-10 13:05:18,106 - DEBUG - Rank 4: Epoch 45/200 | Batch 50/65 | Loss: 0.057240 (seg: 0.048137, rec: 0.009103)
2025-10-10 13:05:36,717 - DEBUG - Rank 4: Epoch 45/200 | Batch 60/65 | Loss: 0.047306 (seg: 0.038296, rec: 0.009010)
2025-10-10 13:05:44,212 - INFO - Rank 4: Epoch 45/200 | Avg Train Loss: 0.059412 (seg: 0.050826, rec: 0.008586)
2025-10-10 13:05:53,968 - INFO - Rank 4: Epoch 45/200 | Avg Val Loss: 0.051064 (seg: 0.046744, rec: 0.004321)
2025-10-10 13:05:58,660 - DEBUG - Rank 4: Epoch 46/200 | Batch 0/65 | Loss: 0.048973 (seg: 0.041381, rec: 0.007591)
2025-10-10 13:06:16,780 - DEBUG - Rank 4: Epoch 46/200 | Batch 10/65 | Loss: 0.051075 (seg: 0.042514, rec: 0.008562)
2025-10-10 13:06:35,411 - DEBUG - Rank 4: Epoch 46/200 | Batch 20/65 | Loss: 0.063905 (seg: 0.055098, rec: 0.008807)
2025-10-10 13:06:54,066 - DEBUG - Rank 4: Epoch 46/200 | Batch 30/65 | Loss: 0.057529 (seg: 0.047729, rec: 0.009800)
2025-10-10 13:07:12,868 - DEBUG - Rank 4: Epoch 46/200 | Batch 40/65 | Loss: 0.059797 (seg: 0.051005, rec: 0.008792)
2025-10-10 13:07:31,448 - DEBUG - Rank 4: Epoch 46/200 | Batch 50/65 | Loss: 0.054176 (seg: 0.043321, rec: 0.010856)
2025-10-10 13:07:50,111 - DEBUG - Rank 4: Epoch 46/200 | Batch 60/65 | Loss: 0.051428 (seg: 0.042820, rec: 0.008608)
2025-10-10 13:07:57,684 - INFO - Rank 4: Epoch 46/200 | Avg Train Loss: 0.057014 (seg: 0.048450, rec: 0.008564)
2025-10-10 13:08:07,193 - INFO - Rank 4: Epoch 46/200 | Avg Val Loss: 0.056113 (seg: 0.049597, rec: 0.006516)
2025-10-10 13:08:11,517 - DEBUG - Rank 4: Epoch 47/200 | Batch 0/65 | Loss: 0.064653 (seg: 0.055705, rec: 0.008948)
2025-10-10 13:08:29,484 - DEBUG - Rank 4: Epoch 47/200 | Batch 10/65 | Loss: 0.052842 (seg: 0.043092, rec: 0.009750)
2025-10-10 13:08:47,914 - DEBUG - Rank 4: Epoch 47/200 | Batch 20/65 | Loss: 0.072006 (seg: 0.062315, rec: 0.009691)
2025-10-10 13:09:06,300 - DEBUG - Rank 4: Epoch 47/200 | Batch 30/65 | Loss: 0.070844 (seg: 0.062597, rec: 0.008247)
2025-10-10 13:09:24,739 - DEBUG - Rank 4: Epoch 47/200 | Batch 40/65 | Loss: 0.056716 (seg: 0.048589, rec: 0.008127)
2025-10-10 13:09:43,156 - DEBUG - Rank 4: Epoch 47/200 | Batch 50/65 | Loss: 0.055454 (seg: 0.047633, rec: 0.007821)
2025-10-10 13:10:01,628 - DEBUG - Rank 4: Epoch 47/200 | Batch 60/65 | Loss: 0.065745 (seg: 0.056364, rec: 0.009381)
2025-10-10 13:10:09,090 - INFO - Rank 4: Epoch 47/200 | Avg Train Loss: 0.060863 (seg: 0.052333, rec: 0.008530)
2025-10-10 13:10:19,997 - INFO - Rank 4: Epoch 47/200 | Avg Val Loss: 0.052542 (seg: 0.048779, rec: 0.003763)
2025-10-10 13:10:24,711 - DEBUG - Rank 4: Epoch 48/200 | Batch 0/65 | Loss: 0.048246 (seg: 0.041075, rec: 0.007171)
2025-10-10 13:10:42,543 - DEBUG - Rank 4: Epoch 48/200 | Batch 10/65 | Loss: 0.065015 (seg: 0.056722, rec: 0.008293)
2025-10-10 13:11:01,096 - DEBUG - Rank 4: Epoch 48/200 | Batch 20/65 | Loss: 0.060890 (seg: 0.053031, rec: 0.007859)
2025-10-10 13:11:19,517 - DEBUG - Rank 4: Epoch 48/200 | Batch 30/65 | Loss: 0.045936 (seg: 0.038030, rec: 0.007906)
2025-10-10 13:11:37,842 - DEBUG - Rank 4: Epoch 48/200 | Batch 40/65 | Loss: 0.052014 (seg: 0.043440, rec: 0.008573)
2025-10-10 13:11:56,226 - DEBUG - Rank 4: Epoch 48/200 | Batch 50/65 | Loss: 0.057121 (seg: 0.048834, rec: 0.008288)
2025-10-10 13:12:14,458 - DEBUG - Rank 4: Epoch 48/200 | Batch 60/65 | Loss: 0.069927 (seg: 0.060640, rec: 0.009287)
2025-10-10 13:12:21,904 - INFO - Rank 4: Epoch 48/200 | Avg Train Loss: 0.059225 (seg: 0.050906, rec: 0.008319)
2025-10-10 13:12:32,309 - INFO - Rank 4: Epoch 48/200 | Avg Val Loss: 0.053592 (seg: 0.047633, rec: 0.005959)
2025-10-10 13:12:36,974 - DEBUG - Rank 4: Epoch 49/200 | Batch 0/65 | Loss: 0.061733 (seg: 0.053452, rec: 0.008281)
2025-10-10 13:12:54,775 - DEBUG - Rank 4: Epoch 49/200 | Batch 10/65 | Loss: 0.055545 (seg: 0.047524, rec: 0.008021)
2025-10-10 13:13:12,954 - DEBUG - Rank 4: Epoch 49/200 | Batch 20/65 | Loss: 0.068540 (seg: 0.059946, rec: 0.008594)
2025-10-10 13:13:31,290 - DEBUG - Rank 4: Epoch 49/200 | Batch 30/65 | Loss: 0.052270 (seg: 0.044196, rec: 0.008074)
2025-10-10 13:13:49,861 - DEBUG - Rank 4: Epoch 49/200 | Batch 40/65 | Loss: 0.054199 (seg: 0.045660, rec: 0.008538)
2025-10-10 13:14:08,250 - DEBUG - Rank 4: Epoch 49/200 | Batch 50/65 | Loss: 0.056694 (seg: 0.047769, rec: 0.008925)
2025-10-10 13:14:26,631 - DEBUG - Rank 4: Epoch 49/200 | Batch 60/65 | Loss: 0.073092 (seg: 0.064580, rec: 0.008512)
2025-10-10 13:14:34,114 - INFO - Rank 4: Epoch 49/200 | Avg Train Loss: 0.058140 (seg: 0.049756, rec: 0.008384)
2025-10-10 13:14:44,178 - INFO - Rank 4: Epoch 49/200 | Avg Val Loss: 0.052323 (seg: 0.048209, rec: 0.004114)
2025-10-10 13:14:49,352 - DEBUG - Rank 4: Epoch 50/200 | Batch 0/65 | Loss: 0.057411 (seg: 0.049817, rec: 0.007595)
2025-10-10 13:15:06,979 - DEBUG - Rank 4: Epoch 50/200 | Batch 10/65 | Loss: 0.049154 (seg: 0.040959, rec: 0.008195)
2025-10-10 13:15:25,093 - DEBUG - Rank 4: Epoch 50/200 | Batch 20/65 | Loss: 0.062048 (seg: 0.054954, rec: 0.007094)
2025-10-10 13:15:43,447 - DEBUG - Rank 4: Epoch 50/200 | Batch 30/65 | Loss: 0.059377 (seg: 0.051342, rec: 0.008035)
2025-10-10 13:16:01,704 - DEBUG - Rank 4: Epoch 50/200 | Batch 40/65 | Loss: 0.055566 (seg: 0.045746, rec: 0.009820)
2025-10-10 13:16:19,984 - DEBUG - Rank 4: Epoch 50/200 | Batch 50/65 | Loss: 0.062109 (seg: 0.052917, rec: 0.009192)
2025-10-10 13:16:38,251 - DEBUG - Rank 4: Epoch 50/200 | Batch 60/65 | Loss: 0.066627 (seg: 0.058404, rec: 0.008223)
2025-10-10 13:16:45,708 - INFO - Rank 4: Epoch 50/200 | Avg Train Loss: 0.055741 (seg: 0.047571, rec: 0.008170)
2025-10-10 13:16:55,907 - INFO - Rank 4: Epoch 50/200 | Avg Val Loss: 0.051405 (seg: 0.046990, rec: 0.004415)
2025-10-10 13:17:00,527 - DEBUG - Rank 4: Epoch 51/200 | Batch 0/65 | Loss: 0.066110 (seg: 0.058632, rec: 0.007478)
2025-10-10 13:17:18,465 - DEBUG - Rank 4: Epoch 51/200 | Batch 10/65 | Loss: 0.051124 (seg: 0.039838, rec: 0.011286)
2025-10-10 13:17:37,039 - DEBUG - Rank 4: Epoch 51/200 | Batch 20/65 | Loss: 0.054961 (seg: 0.045718, rec: 0.009243)
2025-10-10 13:17:55,453 - DEBUG - Rank 4: Epoch 51/200 | Batch 30/65 | Loss: 0.042578 (seg: 0.034618, rec: 0.007960)
2025-10-10 13:18:13,862 - DEBUG - Rank 4: Epoch 51/200 | Batch 40/65 | Loss: 0.046989 (seg: 0.037182, rec: 0.009807)
2025-10-10 13:18:32,311 - DEBUG - Rank 4: Epoch 51/200 | Batch 50/65 | Loss: 0.071961 (seg: 0.062702, rec: 0.009259)
2025-10-10 13:18:50,829 - DEBUG - Rank 4: Epoch 51/200 | Batch 60/65 | Loss: 0.049807 (seg: 0.041451, rec: 0.008356)
2025-10-10 13:18:58,352 - INFO - Rank 4: Epoch 51/200 | Avg Train Loss: 0.058368 (seg: 0.049853, rec: 0.008515)
2025-10-10 13:19:08,950 - INFO - Rank 4: Epoch 51/200 | Avg Val Loss: 0.050031 (seg: 0.045430, rec: 0.004601)
2025-10-10 13:19:14,411 - DEBUG - Rank 4: Epoch 52/200 | Batch 0/65 | Loss: 0.054176 (seg: 0.046557, rec: 0.007618)
2025-10-10 13:19:32,379 - DEBUG - Rank 4: Epoch 52/200 | Batch 10/65 | Loss: 0.055177 (seg: 0.047118, rec: 0.008059)
2025-10-10 13:19:50,819 - DEBUG - Rank 4: Epoch 52/200 | Batch 20/65 | Loss: 0.047301 (seg: 0.039642, rec: 0.007658)
2025-10-10 13:20:09,349 - DEBUG - Rank 4: Epoch 52/200 | Batch 30/65 | Loss: 0.055074 (seg: 0.046696, rec: 0.008378)
2025-10-10 13:20:27,947 - DEBUG - Rank 4: Epoch 52/200 | Batch 40/65 | Loss: 0.064182 (seg: 0.054786, rec: 0.009396)
2025-10-10 13:20:46,557 - DEBUG - Rank 4: Epoch 52/200 | Batch 50/65 | Loss: 0.049709 (seg: 0.041561, rec: 0.008148)
2025-10-10 13:21:05,187 - DEBUG - Rank 4: Epoch 52/200 | Batch 60/65 | Loss: 0.050160 (seg: 0.041542, rec: 0.008618)
2025-10-10 13:21:12,760 - INFO - Rank 4: Epoch 52/200 | Avg Train Loss: 0.056182 (seg: 0.047839, rec: 0.008343)
2025-10-10 13:21:23,633 - INFO - Rank 4: Epoch 52/200 | Avg Val Loss: 0.049260 (seg: 0.045340, rec: 0.003919)
2025-10-10 13:21:28,511 - DEBUG - Rank 4: Epoch 53/200 | Batch 0/65 | Loss: 0.047398 (seg: 0.039607, rec: 0.007791)
2025-10-10 13:21:46,677 - DEBUG - Rank 4: Epoch 53/200 | Batch 10/65 | Loss: 0.057431 (seg: 0.047903, rec: 0.009529)
2025-10-10 13:22:05,130 - DEBUG - Rank 4: Epoch 53/200 | Batch 20/65 | Loss: 0.062105 (seg: 0.054808, rec: 0.007297)
2025-10-10 13:22:23,654 - DEBUG - Rank 4: Epoch 53/200 | Batch 30/65 | Loss: 0.042175 (seg: 0.033453, rec: 0.008722)
2025-10-10 13:22:42,174 - DEBUG - Rank 4: Epoch 53/200 | Batch 40/65 | Loss: 0.059667 (seg: 0.051841, rec: 0.007826)
2025-10-10 13:23:00,662 - DEBUG - Rank 4: Epoch 53/200 | Batch 50/65 | Loss: 0.052108 (seg: 0.043954, rec: 0.008153)
2025-10-10 13:23:19,134 - DEBUG - Rank 4: Epoch 53/200 | Batch 60/65 | Loss: 0.047923 (seg: 0.040627, rec: 0.007297)
2025-10-10 13:23:26,664 - INFO - Rank 4: Epoch 53/200 | Avg Train Loss: 0.057642 (seg: 0.049490, rec: 0.008152)
2025-10-10 13:23:37,495 - INFO - Rank 4: Epoch 53/200 | Avg Val Loss: 0.055022 (seg: 0.050902, rec: 0.004120)
2025-10-10 13:23:42,130 - DEBUG - Rank 4: Epoch 54/200 | Batch 0/65 | Loss: 0.064124 (seg: 0.055680, rec: 0.008444)
2025-10-10 13:24:00,258 - DEBUG - Rank 4: Epoch 54/200 | Batch 10/65 | Loss: 0.054820 (seg: 0.046201, rec: 0.008620)
2025-10-10 13:24:18,597 - DEBUG - Rank 4: Epoch 54/200 | Batch 20/65 | Loss: 0.040198 (seg: 0.032565, rec: 0.007632)
2025-10-10 13:24:37,062 - DEBUG - Rank 4: Epoch 54/200 | Batch 30/65 | Loss: 0.062765 (seg: 0.055979, rec: 0.006785)
2025-10-10 13:24:55,370 - DEBUG - Rank 4: Epoch 54/200 | Batch 40/65 | Loss: 0.040328 (seg: 0.033028, rec: 0.007299)
2025-10-10 13:25:13,749 - DEBUG - Rank 4: Epoch 54/200 | Batch 50/65 | Loss: 0.051380 (seg: 0.042529, rec: 0.008852)
2025-10-10 13:25:32,112 - DEBUG - Rank 4: Epoch 54/200 | Batch 60/65 | Loss: 0.044572 (seg: 0.037866, rec: 0.006707)
2025-10-10 13:25:39,574 - INFO - Rank 4: Epoch 54/200 | Avg Train Loss: 0.054797 (seg: 0.046567, rec: 0.008231)
2025-10-10 13:25:49,504 - INFO - Rank 4: Epoch 54/200 | Avg Val Loss: 0.049349 (seg: 0.044647, rec: 0.004702)
2025-10-10 13:25:54,188 - DEBUG - Rank 4: Epoch 55/200 | Batch 0/65 | Loss: 0.044006 (seg: 0.036131, rec: 0.007875)
2025-10-10 13:26:12,046 - DEBUG - Rank 4: Epoch 55/200 | Batch 10/65 | Loss: 0.061127 (seg: 0.053961, rec: 0.007166)
2025-10-10 13:26:30,380 - DEBUG - Rank 4: Epoch 55/200 | Batch 20/65 | Loss: 0.070450 (seg: 0.062811, rec: 0.007639)
2025-10-10 13:26:48,705 - DEBUG - Rank 4: Epoch 55/200 | Batch 30/65 | Loss: 0.064971 (seg: 0.055750, rec: 0.009221)
2025-10-10 13:27:07,170 - DEBUG - Rank 4: Epoch 55/200 | Batch 40/65 | Loss: 0.081273 (seg: 0.071212, rec: 0.010062)
2025-10-10 13:27:25,554 - DEBUG - Rank 4: Epoch 55/200 | Batch 50/65 | Loss: 0.051535 (seg: 0.043142, rec: 0.008393)
2025-10-10 13:27:43,862 - DEBUG - Rank 4: Epoch 55/200 | Batch 60/65 | Loss: 0.047796 (seg: 0.039711, rec: 0.008086)
2025-10-10 13:27:51,266 - INFO - Rank 4: Epoch 55/200 | Avg Train Loss: 0.056387 (seg: 0.048158, rec: 0.008229)
2025-10-10 13:28:01,583 - INFO - Rank 4: Epoch 55/200 | Avg Val Loss: 0.050499 (seg: 0.045523, rec: 0.004976)
2025-10-10 13:28:06,209 - DEBUG - Rank 4: Epoch 56/200 | Batch 0/65 | Loss: 0.067731 (seg: 0.059424, rec: 0.008307)
2025-10-10 13:28:24,194 - DEBUG - Rank 4: Epoch 56/200 | Batch 10/65 | Loss: 0.061847 (seg: 0.051503, rec: 0.010344)
2025-10-10 13:28:42,665 - DEBUG - Rank 4: Epoch 56/200 | Batch 20/65 | Loss: 0.054365 (seg: 0.047068, rec: 0.007297)
2025-10-10 13:29:01,122 - DEBUG - Rank 4: Epoch 56/200 | Batch 30/65 | Loss: 0.045188 (seg: 0.037908, rec: 0.007279)
2025-10-10 13:29:19,569 - DEBUG - Rank 4: Epoch 56/200 | Batch 40/65 | Loss: 0.061091 (seg: 0.052507, rec: 0.008584)
2025-10-10 13:29:37,989 - DEBUG - Rank 4: Epoch 56/200 | Batch 50/65 | Loss: 0.040996 (seg: 0.033268, rec: 0.007729)
2025-10-10 13:29:56,456 - DEBUG - Rank 4: Epoch 56/200 | Batch 60/65 | Loss: 0.050099 (seg: 0.042774, rec: 0.007325)
2025-10-10 13:30:04,205 - INFO - Rank 4: Epoch 56/200 | Avg Train Loss: 0.053804 (seg: 0.045664, rec: 0.008140)
2025-10-10 13:30:15,093 - INFO - Rank 4: Epoch 56/200 | Avg Val Loss: 0.048763 (seg: 0.044464, rec: 0.004299)
2025-10-10 13:30:19,602 - DEBUG - Rank 4: Epoch 57/200 | Batch 0/65 | Loss: 0.051131 (seg: 0.042813, rec: 0.008318)
2025-10-10 13:30:37,459 - DEBUG - Rank 4: Epoch 57/200 | Batch 10/65 | Loss: 0.055166 (seg: 0.048108, rec: 0.007058)
2025-10-10 13:30:55,804 - DEBUG - Rank 4: Epoch 57/200 | Batch 20/65 | Loss: 0.059253 (seg: 0.051782, rec: 0.007471)
2025-10-10 13:31:14,270 - DEBUG - Rank 4: Epoch 57/200 | Batch 30/65 | Loss: 0.049709 (seg: 0.039310, rec: 0.010399)
2025-10-10 13:31:32,806 - DEBUG - Rank 4: Epoch 57/200 | Batch 40/65 | Loss: 0.064603 (seg: 0.057690, rec: 0.006913)
2025-10-10 13:31:51,599 - DEBUG - Rank 4: Epoch 57/200 | Batch 50/65 | Loss: 0.052809 (seg: 0.045074, rec: 0.007735)
2025-10-10 13:32:10,283 - DEBUG - Rank 4: Epoch 57/200 | Batch 60/65 | Loss: 0.053764 (seg: 0.046131, rec: 0.007634)
2025-10-10 13:32:17,776 - INFO - Rank 4: Epoch 57/200 | Avg Train Loss: 0.053743 (seg: 0.045601, rec: 0.008141)
2025-10-10 13:32:29,108 - INFO - Rank 4: Epoch 57/200 | Avg Val Loss: 0.048225 (seg: 0.044229, rec: 0.003996)
2025-10-10 13:32:33,734 - DEBUG - Rank 4: Epoch 58/200 | Batch 0/65 | Loss: 0.042302 (seg: 0.033732, rec: 0.008571)
2025-10-10 13:32:51,959 - DEBUG - Rank 4: Epoch 58/200 | Batch 10/65 | Loss: 0.071652 (seg: 0.063176, rec: 0.008475)
2025-10-10 13:33:10,646 - DEBUG - Rank 4: Epoch 58/200 | Batch 20/65 | Loss: 0.054728 (seg: 0.046341, rec: 0.008387)
2025-10-10 13:33:29,782 - DEBUG - Rank 4: Epoch 58/200 | Batch 30/65 | Loss: 0.062616 (seg: 0.054946, rec: 0.007670)
2025-10-10 13:33:48,538 - DEBUG - Rank 4: Epoch 58/200 | Batch 40/65 | Loss: 0.054526 (seg: 0.046642, rec: 0.007884)
2025-10-10 13:34:07,304 - DEBUG - Rank 4: Epoch 58/200 | Batch 50/65 | Loss: 0.045621 (seg: 0.036039, rec: 0.009582)
2025-10-10 13:34:26,155 - DEBUG - Rank 4: Epoch 58/200 | Batch 60/65 | Loss: 0.045009 (seg: 0.037722, rec: 0.007287)
2025-10-10 13:34:33,781 - INFO - Rank 4: Epoch 58/200 | Avg Train Loss: 0.052458 (seg: 0.044417, rec: 0.008040)
2025-10-10 13:34:44,391 - INFO - Rank 4: Epoch 58/200 | Avg Val Loss: 0.048845 (seg: 0.044884, rec: 0.003961)
2025-10-10 13:34:48,816 - DEBUG - Rank 4: Epoch 59/200 | Batch 0/65 | Loss: 0.046630 (seg: 0.038230, rec: 0.008400)
2025-10-10 13:35:06,940 - DEBUG - Rank 4: Epoch 59/200 | Batch 10/65 | Loss: 0.057768 (seg: 0.050708, rec: 0.007060)
2025-10-10 13:35:25,459 - DEBUG - Rank 4: Epoch 59/200 | Batch 20/65 | Loss: 0.069715 (seg: 0.061509, rec: 0.008206)
2025-10-10 13:35:44,087 - DEBUG - Rank 4: Epoch 59/200 | Batch 30/65 | Loss: 0.063404 (seg: 0.055943, rec: 0.007460)
2025-10-10 13:36:02,611 - DEBUG - Rank 4: Epoch 59/200 | Batch 40/65 | Loss: 0.043212 (seg: 0.034967, rec: 0.008245)
2025-10-10 13:36:21,173 - DEBUG - Rank 4: Epoch 59/200 | Batch 50/65 | Loss: 0.059849 (seg: 0.051435, rec: 0.008414)
2025-10-10 13:36:39,664 - DEBUG - Rank 4: Epoch 59/200 | Batch 60/65 | Loss: 0.066850 (seg: 0.058134, rec: 0.008716)
2025-10-10 13:36:47,193 - INFO - Rank 4: Epoch 59/200 | Avg Train Loss: 0.052120 (seg: 0.044253, rec: 0.007867)
2025-10-10 13:36:57,034 - INFO - Rank 4: Epoch 59/200 | Avg Val Loss: 0.048795 (seg: 0.044665, rec: 0.004130)
2025-10-10 13:37:01,772 - DEBUG - Rank 4: Epoch 60/200 | Batch 0/65 | Loss: 0.055260 (seg: 0.046815, rec: 0.008445)
2025-10-10 13:37:19,693 - DEBUG - Rank 4: Epoch 60/200 | Batch 10/65 | Loss: 0.048833 (seg: 0.041473, rec: 0.007360)
2025-10-10 13:37:38,097 - DEBUG - Rank 4: Epoch 60/200 | Batch 20/65 | Loss: 0.044442 (seg: 0.037266, rec: 0.007175)
2025-10-10 13:37:56,409 - DEBUG - Rank 4: Epoch 60/200 | Batch 30/65 | Loss: 0.057167 (seg: 0.049333, rec: 0.007834)
2025-10-10 13:38:14,831 - DEBUG - Rank 4: Epoch 60/200 | Batch 40/65 | Loss: 0.052962 (seg: 0.044845, rec: 0.008117)
2025-10-10 13:38:33,167 - DEBUG - Rank 4: Epoch 60/200 | Batch 50/65 | Loss: 0.049005 (seg: 0.038151, rec: 0.010854)
2025-10-10 13:38:51,459 - DEBUG - Rank 4: Epoch 60/200 | Batch 60/65 | Loss: 0.051150 (seg: 0.043729, rec: 0.007421)
2025-10-10 13:38:58,856 - INFO - Rank 4: Epoch 60/200 | Avg Train Loss: 0.052410 (seg: 0.044478, rec: 0.007932)
2025-10-10 13:39:08,692 - INFO - Rank 4: Epoch 60/200 | Avg Val Loss: 0.049579 (seg: 0.045424, rec: 0.004155)
2025-10-10 13:39:12,989 - DEBUG - Rank 4: Epoch 61/200 | Batch 0/65 | Loss: 0.042494 (seg: 0.034212, rec: 0.008282)
2025-10-10 13:39:30,861 - DEBUG - Rank 4: Epoch 61/200 | Batch 10/65 | Loss: 0.056712 (seg: 0.048757, rec: 0.007955)
2025-10-10 13:39:49,045 - DEBUG - Rank 4: Epoch 61/200 | Batch 20/65 | Loss: 0.038740 (seg: 0.031674, rec: 0.007066)
2025-10-10 13:40:07,405 - DEBUG - Rank 4: Epoch 61/200 | Batch 30/65 | Loss: 0.042678 (seg: 0.034072, rec: 0.008606)
2025-10-10 13:40:25,671 - DEBUG - Rank 4: Epoch 61/200 | Batch 40/65 | Loss: 0.042774 (seg: 0.035405, rec: 0.007368)
2025-10-10 13:40:43,955 - DEBUG - Rank 4: Epoch 61/200 | Batch 50/65 | Loss: 0.050367 (seg: 0.043037, rec: 0.007331)
2025-10-10 13:41:02,202 - DEBUG - Rank 4: Epoch 61/200 | Batch 60/65 | Loss: 0.042802 (seg: 0.035039, rec: 0.007764)
2025-10-10 13:41:09,603 - INFO - Rank 4: Epoch 61/200 | Avg Train Loss: 0.051120 (seg: 0.043390, rec: 0.007731)
2025-10-10 13:41:19,894 - INFO - Rank 4: Epoch 61/200 | Avg Val Loss: 0.048630 (seg: 0.044555, rec: 0.004075)
2025-10-10 13:41:24,212 - DEBUG - Rank 4: Epoch 62/200 | Batch 0/65 | Loss: 0.057658 (seg: 0.049248, rec: 0.008410)
2025-10-10 13:41:41,816 - DEBUG - Rank 4: Epoch 62/200 | Batch 10/65 | Loss: 0.037573 (seg: 0.029378, rec: 0.008194)
2025-10-10 13:41:59,869 - DEBUG - Rank 4: Epoch 62/200 | Batch 20/65 | Loss: 0.054087 (seg: 0.045422, rec: 0.008665)
2025-10-10 13:42:18,032 - DEBUG - Rank 4: Epoch 62/200 | Batch 30/65 | Loss: 0.048571 (seg: 0.040944, rec: 0.007627)
2025-10-10 13:42:36,547 - DEBUG - Rank 4: Epoch 62/200 | Batch 40/65 | Loss: 0.053483 (seg: 0.046111, rec: 0.007372)
2025-10-10 13:42:55,243 - DEBUG - Rank 4: Epoch 62/200 | Batch 50/65 | Loss: 0.047733 (seg: 0.039250, rec: 0.008484)
2025-10-10 13:43:13,534 - DEBUG - Rank 4: Epoch 62/200 | Batch 60/65 | Loss: 0.042075 (seg: 0.031875, rec: 0.010200)
2025-10-10 13:43:21,014 - INFO - Rank 4: Epoch 62/200 | Avg Train Loss: 0.053334 (seg: 0.045288, rec: 0.008046)
2025-10-10 13:43:32,370 - INFO - Rank 4: Epoch 62/200 | Avg Val Loss: 0.050582 (seg: 0.044820, rec: 0.005762)
2025-10-10 13:43:36,963 - DEBUG - Rank 4: Epoch 63/200 | Batch 0/65 | Loss: 0.057928 (seg: 0.048955, rec: 0.008973)
2025-10-10 13:43:54,641 - DEBUG - Rank 4: Epoch 63/200 | Batch 10/65 | Loss: 0.054682 (seg: 0.043663, rec: 0.011020)
2025-10-10 13:44:12,744 - DEBUG - Rank 4: Epoch 63/200 | Batch 20/65 | Loss: 0.049520 (seg: 0.040642, rec: 0.008878)
2025-10-10 13:44:30,961 - DEBUG - Rank 4: Epoch 63/200 | Batch 30/65 | Loss: 0.047043 (seg: 0.039360, rec: 0.007683)
2025-10-10 13:44:49,343 - DEBUG - Rank 4: Epoch 63/200 | Batch 40/65 | Loss: 0.048699 (seg: 0.040969, rec: 0.007730)
2025-10-10 13:45:07,561 - DEBUG - Rank 4: Epoch 63/200 | Batch 50/65 | Loss: 0.054606 (seg: 0.046921, rec: 0.007685)
2025-10-10 13:45:25,768 - DEBUG - Rank 4: Epoch 63/200 | Batch 60/65 | Loss: 0.040237 (seg: 0.031182, rec: 0.009055)
2025-10-10 13:45:33,165 - INFO - Rank 4: Epoch 63/200 | Avg Train Loss: 0.054459 (seg: 0.046172, rec: 0.008287)
2025-10-10 13:45:44,050 - INFO - Rank 4: Epoch 63/200 | Avg Val Loss: 0.048075 (seg: 0.043747, rec: 0.004328)
2025-10-10 13:45:48,547 - DEBUG - Rank 4: Epoch 64/200 | Batch 0/65 | Loss: 0.048751 (seg: 0.042012, rec: 0.006739)
2025-10-10 13:46:06,245 - DEBUG - Rank 4: Epoch 64/200 | Batch 10/65 | Loss: 0.035326 (seg: 0.028071, rec: 0.007255)
2025-10-10 13:46:24,302 - DEBUG - Rank 4: Epoch 64/200 | Batch 20/65 | Loss: 0.044198 (seg: 0.036433, rec: 0.007765)
2025-10-10 13:46:42,862 - DEBUG - Rank 4: Epoch 64/200 | Batch 30/65 | Loss: 0.098527 (seg: 0.090317, rec: 0.008210)
2025-10-10 13:47:01,148 - DEBUG - Rank 4: Epoch 64/200 | Batch 40/65 | Loss: 0.058423 (seg: 0.049721, rec: 0.008702)
2025-10-10 13:47:19,594 - DEBUG - Rank 4: Epoch 64/200 | Batch 50/65 | Loss: 0.064657 (seg: 0.056434, rec: 0.008223)
2025-10-10 13:47:37,982 - DEBUG - Rank 4: Epoch 64/200 | Batch 60/65 | Loss: 0.043565 (seg: 0.035831, rec: 0.007734)
2025-10-10 13:47:45,460 - INFO - Rank 4: Epoch 64/200 | Avg Train Loss: 0.052510 (seg: 0.044663, rec: 0.007846)
2025-10-10 13:47:56,222 - INFO - Rank 4: Epoch 64/200 | Avg Val Loss: 0.045885 (seg: 0.042161, rec: 0.003725)
2025-10-10 13:48:01,031 - DEBUG - Rank 4: Epoch 65/200 | Batch 0/65 | Loss: 0.038561 (seg: 0.030575, rec: 0.007986)
2025-10-10 13:48:18,904 - DEBUG - Rank 4: Epoch 65/200 | Batch 10/65 | Loss: 0.044511 (seg: 0.037532, rec: 0.006979)
2025-10-10 13:48:37,215 - DEBUG - Rank 4: Epoch 65/200 | Batch 20/65 | Loss: 0.042280 (seg: 0.035269, rec: 0.007011)
2025-10-10 13:48:55,733 - DEBUG - Rank 4: Epoch 65/200 | Batch 30/65 | Loss: 0.058024 (seg: 0.049961, rec: 0.008063)
2025-10-10 13:49:14,221 - DEBUG - Rank 4: Epoch 65/200 | Batch 40/65 | Loss: 0.054683 (seg: 0.047569, rec: 0.007114)
2025-10-10 13:49:32,633 - DEBUG - Rank 4: Epoch 65/200 | Batch 50/65 | Loss: 0.052689 (seg: 0.044969, rec: 0.007720)
2025-10-10 13:49:51,011 - DEBUG - Rank 4: Epoch 65/200 | Batch 60/65 | Loss: 0.067012 (seg: 0.059276, rec: 0.007737)
2025-10-10 13:49:58,536 - INFO - Rank 4: Epoch 65/200 | Avg Train Loss: 0.054262 (seg: 0.046472, rec: 0.007790)
2025-10-10 13:50:10,085 - INFO - Rank 4: Epoch 65/200 | Avg Val Loss: 0.047046 (seg: 0.042774, rec: 0.004272)
2025-10-10 13:50:14,680 - DEBUG - Rank 4: Epoch 66/200 | Batch 0/65 | Loss: 0.059935 (seg: 0.052356, rec: 0.007579)
2025-10-10 13:50:32,772 - DEBUG - Rank 4: Epoch 66/200 | Batch 10/65 | Loss: 0.061542 (seg: 0.054662, rec: 0.006880)
2025-10-10 13:50:51,299 - DEBUG - Rank 4: Epoch 66/200 | Batch 20/65 | Loss: 0.042105 (seg: 0.034755, rec: 0.007350)
2025-10-10 13:51:10,070 - DEBUG - Rank 4: Epoch 66/200 | Batch 30/65 | Loss: 0.047420 (seg: 0.040261, rec: 0.007159)
2025-10-10 13:51:29,137 - DEBUG - Rank 4: Epoch 66/200 | Batch 40/65 | Loss: 0.060298 (seg: 0.053036, rec: 0.007262)
2025-10-10 13:51:47,658 - DEBUG - Rank 4: Epoch 66/200 | Batch 50/65 | Loss: 0.058990 (seg: 0.051045, rec: 0.007945)
2025-10-10 13:52:06,185 - DEBUG - Rank 4: Epoch 66/200 | Batch 60/65 | Loss: 0.039425 (seg: 0.032421, rec: 0.007004)
2025-10-10 13:52:13,733 - INFO - Rank 4: Epoch 66/200 | Avg Train Loss: 0.051119 (seg: 0.043449, rec: 0.007671)
2025-10-10 13:52:24,325 - INFO - Rank 4: Epoch 66/200 | Avg Val Loss: 0.047359 (seg: 0.042842, rec: 0.004516)
2025-10-10 13:52:28,971 - DEBUG - Rank 4: Epoch 67/200 | Batch 0/65 | Loss: 0.063867 (seg: 0.056968, rec: 0.006899)
2025-10-10 13:52:47,212 - DEBUG - Rank 4: Epoch 67/200 | Batch 10/65 | Loss: 0.068232 (seg: 0.061543, rec: 0.006690)
2025-10-10 13:53:05,628 - DEBUG - Rank 4: Epoch 67/200 | Batch 20/65 | Loss: 0.047423 (seg: 0.040835, rec: 0.006588)
2025-10-10 13:53:24,295 - DEBUG - Rank 4: Epoch 67/200 | Batch 30/65 | Loss: 0.039533 (seg: 0.030810, rec: 0.008722)
2025-10-10 13:53:43,544 - DEBUG - Rank 4: Epoch 67/200 | Batch 40/65 | Loss: 0.068793 (seg: 0.061417, rec: 0.007376)
2025-10-10 13:54:02,029 - DEBUG - Rank 4: Epoch 67/200 | Batch 50/65 | Loss: 0.050506 (seg: 0.041871, rec: 0.008635)
2025-10-10 13:54:20,548 - DEBUG - Rank 4: Epoch 67/200 | Batch 60/65 | Loss: 0.052633 (seg: 0.044200, rec: 0.008434)
2025-10-10 13:54:28,058 - INFO - Rank 4: Epoch 67/200 | Avg Train Loss: 0.050472 (seg: 0.042677, rec: 0.007795)
2025-10-10 13:54:38,984 - INFO - Rank 4: Epoch 67/200 | Avg Val Loss: 0.049880 (seg: 0.045985, rec: 0.003895)
2025-10-10 13:54:43,743 - DEBUG - Rank 4: Epoch 68/200 | Batch 0/65 | Loss: 0.059774 (seg: 0.051723, rec: 0.008051)
2025-10-10 13:55:01,675 - DEBUG - Rank 4: Epoch 68/200 | Batch 10/65 | Loss: 0.068202 (seg: 0.060392, rec: 0.007810)
2025-10-10 13:55:20,104 - DEBUG - Rank 4: Epoch 68/200 | Batch 20/65 | Loss: 0.044827 (seg: 0.038044, rec: 0.006784)
2025-10-10 13:55:38,621 - DEBUG - Rank 4: Epoch 68/200 | Batch 30/65 | Loss: 0.040325 (seg: 0.033144, rec: 0.007181)
2025-10-10 13:55:57,032 - DEBUG - Rank 4: Epoch 68/200 | Batch 40/65 | Loss: 0.054725 (seg: 0.047655, rec: 0.007070)
2025-10-10 13:56:15,475 - DEBUG - Rank 4: Epoch 68/200 | Batch 50/65 | Loss: 0.061505 (seg: 0.052665, rec: 0.008839)
2025-10-10 13:56:33,902 - DEBUG - Rank 4: Epoch 68/200 | Batch 60/65 | Loss: 0.039921 (seg: 0.031739, rec: 0.008182)
2025-10-10 13:56:41,420 - INFO - Rank 4: Epoch 68/200 | Avg Train Loss: 0.052353 (seg: 0.044495, rec: 0.007858)
2025-10-10 13:56:51,948 - INFO - Rank 4: Epoch 68/200 | Avg Val Loss: 0.047256 (seg: 0.043521, rec: 0.003735)
2025-10-10 13:56:56,373 - DEBUG - Rank 4: Epoch 69/200 | Batch 0/65 | Loss: 0.033013 (seg: 0.026453, rec: 0.006560)
2025-10-10 13:57:14,446 - DEBUG - Rank 4: Epoch 69/200 | Batch 10/65 | Loss: 0.047236 (seg: 0.041077, rec: 0.006158)
2025-10-10 13:57:32,824 - DEBUG - Rank 4: Epoch 69/200 | Batch 20/65 | Loss: 0.038094 (seg: 0.029309, rec: 0.008786)
2025-10-10 13:57:51,273 - DEBUG - Rank 4: Epoch 69/200 | Batch 30/65 | Loss: 0.038695 (seg: 0.031323, rec: 0.007372)
2025-10-10 13:58:09,639 - DEBUG - Rank 4: Epoch 69/200 | Batch 40/65 | Loss: 0.054966 (seg: 0.047223, rec: 0.007743)
2025-10-10 13:58:28,011 - DEBUG - Rank 4: Epoch 69/200 | Batch 50/65 | Loss: 0.043687 (seg: 0.035552, rec: 0.008135)
2025-10-10 13:58:46,496 - DEBUG - Rank 4: Epoch 69/200 | Batch 60/65 | Loss: 0.078772 (seg: 0.070131, rec: 0.008641)
2025-10-10 13:58:53,897 - INFO - Rank 4: Epoch 69/200 | Avg Train Loss: 0.050131 (seg: 0.042261, rec: 0.007869)
2025-10-10 13:59:04,282 - INFO - Rank 4: Epoch 69/200 | Avg Val Loss: 0.046310 (seg: 0.042675, rec: 0.003635)
2025-10-10 13:59:09,028 - DEBUG - Rank 4: Epoch 70/200 | Batch 0/65 | Loss: 0.060271 (seg: 0.051987, rec: 0.008283)
2025-10-10 13:59:27,015 - DEBUG - Rank 4: Epoch 70/200 | Batch 10/65 | Loss: 0.059386 (seg: 0.051580, rec: 0.007806)
2025-10-10 13:59:45,207 - DEBUG - Rank 4: Epoch 70/200 | Batch 20/65 | Loss: 0.063791 (seg: 0.055462, rec: 0.008328)
2025-10-10 14:00:03,467 - DEBUG - Rank 4: Epoch 70/200 | Batch 30/65 | Loss: 0.049332 (seg: 0.042036, rec: 0.007295)
2025-10-10 14:00:21,750 - DEBUG - Rank 4: Epoch 70/200 | Batch 40/65 | Loss: 0.103377 (seg: 0.095883, rec: 0.007495)
2025-10-10 14:00:40,061 - DEBUG - Rank 4: Epoch 70/200 | Batch 50/65 | Loss: 0.061664 (seg: 0.053235, rec: 0.008429)
2025-10-10 14:00:58,384 - DEBUG - Rank 4: Epoch 70/200 | Batch 60/65 | Loss: 0.042975 (seg: 0.035722, rec: 0.007252)
2025-10-10 14:01:06,145 - INFO - Rank 4: Epoch 70/200 | Avg Train Loss: 0.052397 (seg: 0.044721, rec: 0.007676)
2025-10-10 14:01:16,673 - INFO - Rank 4: Epoch 70/200 | Avg Val Loss: 0.049651 (seg: 0.045196, rec: 0.004455)
2025-10-10 14:01:21,487 - DEBUG - Rank 4: Epoch 71/200 | Batch 0/65 | Loss: 0.044391 (seg: 0.037479, rec: 0.006912)
2025-10-10 14:01:39,104 - DEBUG - Rank 4: Epoch 71/200 | Batch 10/65 | Loss: 0.046671 (seg: 0.039210, rec: 0.007461)
2025-10-10 14:01:57,138 - DEBUG - Rank 4: Epoch 71/200 | Batch 20/65 | Loss: 0.060171 (seg: 0.053352, rec: 0.006819)
2025-10-10 14:02:15,616 - DEBUG - Rank 4: Epoch 71/200 | Batch 30/65 | Loss: 0.035872 (seg: 0.029060, rec: 0.006812)
2025-10-10 14:02:33,835 - DEBUG - Rank 4: Epoch 71/200 | Batch 40/65 | Loss: 0.047139 (seg: 0.039403, rec: 0.007736)
2025-10-10 14:02:52,103 - DEBUG - Rank 4: Epoch 71/200 | Batch 50/65 | Loss: 0.044916 (seg: 0.037935, rec: 0.006982)
2025-10-10 14:03:10,465 - DEBUG - Rank 4: Epoch 71/200 | Batch 60/65 | Loss: 0.077271 (seg: 0.070760, rec: 0.006510)
2025-10-10 14:03:17,922 - INFO - Rank 4: Epoch 71/200 | Avg Train Loss: 0.050030 (seg: 0.042612, rec: 0.007418)
2025-10-10 14:03:29,044 - INFO - Rank 4: Epoch 71/200 | Avg Val Loss: 0.047376 (seg: 0.043058, rec: 0.004318)
2025-10-10 14:03:34,062 - DEBUG - Rank 4: Epoch 72/200 | Batch 0/65 | Loss: 0.033514 (seg: 0.027173, rec: 0.006340)
2025-10-10 14:03:52,005 - DEBUG - Rank 4: Epoch 72/200 | Batch 10/65 | Loss: 0.053952 (seg: 0.046837, rec: 0.007115)
2025-10-10 14:04:10,464 - DEBUG - Rank 4: Epoch 72/200 | Batch 20/65 | Loss: 0.043168 (seg: 0.035840, rec: 0.007327)
2025-10-10 14:04:28,889 - DEBUG - Rank 4: Epoch 72/200 | Batch 30/65 | Loss: 0.038793 (seg: 0.030609, rec: 0.008184)
2025-10-10 14:04:47,388 - DEBUG - Rank 4: Epoch 72/200 | Batch 40/65 | Loss: 0.041044 (seg: 0.034538, rec: 0.006507)
2025-10-10 14:05:05,947 - DEBUG - Rank 4: Epoch 72/200 | Batch 50/65 | Loss: 0.049846 (seg: 0.042673, rec: 0.007172)
2025-10-10 14:05:25,141 - DEBUG - Rank 4: Epoch 72/200 | Batch 60/65 | Loss: 0.056752 (seg: 0.049586, rec: 0.007167)
2025-10-10 14:05:32,668 - INFO - Rank 4: Epoch 72/200 | Avg Train Loss: 0.049198 (seg: 0.041650, rec: 0.007548)
2025-10-10 14:05:42,270 - INFO - Rank 4: Epoch 72/200 | Avg Val Loss: 0.049027 (seg: 0.044997, rec: 0.004030)
2025-10-10 14:05:46,878 - DEBUG - Rank 4: Epoch 73/200 | Batch 0/65 | Loss: 0.047930 (seg: 0.039816, rec: 0.008114)
2025-10-10 14:06:04,884 - DEBUG - Rank 4: Epoch 73/200 | Batch 10/65 | Loss: 0.041770 (seg: 0.034886, rec: 0.006884)
2025-10-10 14:06:23,306 - DEBUG - Rank 4: Epoch 73/200 | Batch 20/65 | Loss: 0.078212 (seg: 0.070343, rec: 0.007869)
2025-10-10 14:06:41,795 - DEBUG - Rank 4: Epoch 73/200 | Batch 30/65 | Loss: 0.066792 (seg: 0.059799, rec: 0.006994)
2025-10-10 14:07:00,301 - DEBUG - Rank 4: Epoch 73/200 | Batch 40/65 | Loss: 0.039672 (seg: 0.032020, rec: 0.007652)
2025-10-10 14:07:18,884 - DEBUG - Rank 4: Epoch 73/200 | Batch 50/65 | Loss: 0.040120 (seg: 0.032821, rec: 0.007299)
2025-10-10 14:07:37,528 - DEBUG - Rank 4: Epoch 73/200 | Batch 60/65 | Loss: 0.037570 (seg: 0.031358, rec: 0.006211)
2025-10-10 14:07:45,135 - INFO - Rank 4: Epoch 73/200 | Avg Train Loss: 0.046618 (seg: 0.039055, rec: 0.007564)
2025-10-10 14:07:55,674 - INFO - Rank 4: Epoch 73/200 | Avg Val Loss: 0.047676 (seg: 0.043695, rec: 0.003981)
2025-10-10 14:08:00,426 - DEBUG - Rank 4: Epoch 74/200 | Batch 0/65 | Loss: 0.055842 (seg: 0.048793, rec: 0.007049)
2025-10-10 14:08:18,531 - DEBUG - Rank 4: Epoch 74/200 | Batch 10/65 | Loss: 0.055897 (seg: 0.048224, rec: 0.007673)
2025-10-10 14:08:36,969 - DEBUG - Rank 4: Epoch 74/200 | Batch 20/65 | Loss: 0.046703 (seg: 0.037979, rec: 0.008724)
2025-10-10 14:08:55,499 - DEBUG - Rank 4: Epoch 74/200 | Batch 30/65 | Loss: 0.056744 (seg: 0.048896, rec: 0.007848)
2025-10-10 14:09:13,963 - DEBUG - Rank 4: Epoch 74/200 | Batch 40/65 | Loss: 0.046333 (seg: 0.039139, rec: 0.007194)
2025-10-10 14:09:32,414 - DEBUG - Rank 4: Epoch 74/200 | Batch 50/65 | Loss: 0.047165 (seg: 0.040180, rec: 0.006985)
2025-10-10 14:09:50,856 - DEBUG - Rank 4: Epoch 74/200 | Batch 60/65 | Loss: 0.042351 (seg: 0.034905, rec: 0.007446)
2025-10-10 14:09:58,426 - INFO - Rank 4: Epoch 74/200 | Avg Train Loss: 0.048712 (seg: 0.041249, rec: 0.007463)
2025-10-10 14:10:09,930 - INFO - Rank 4: Epoch 74/200 | Avg Val Loss: 0.045352 (seg: 0.041431, rec: 0.003921)
2025-10-10 14:10:14,749 - DEBUG - Rank 4: Epoch 75/200 | Batch 0/65 | Loss: 0.044181 (seg: 0.037459, rec: 0.006722)
2025-10-10 14:10:32,776 - DEBUG - Rank 4: Epoch 75/200 | Batch 10/65 | Loss: 0.045773 (seg: 0.038372, rec: 0.007401)
2025-10-10 14:10:51,085 - DEBUG - Rank 4: Epoch 75/200 | Batch 20/65 | Loss: 0.041574 (seg: 0.032509, rec: 0.009064)
2025-10-10 14:11:09,464 - DEBUG - Rank 4: Epoch 75/200 | Batch 30/65 | Loss: 0.046136 (seg: 0.039921, rec: 0.006215)
2025-10-10 14:11:27,731 - DEBUG - Rank 4: Epoch 75/200 | Batch 40/65 | Loss: 0.051411 (seg: 0.044910, rec: 0.006501)
2025-10-10 14:11:46,111 - DEBUG - Rank 4: Epoch 75/200 | Batch 50/65 | Loss: 0.047747 (seg: 0.039618, rec: 0.008129)
2025-10-10 14:12:04,369 - DEBUG - Rank 4: Epoch 75/200 | Batch 60/65 | Loss: 0.035855 (seg: 0.029585, rec: 0.006270)
2025-10-10 14:12:11,741 - INFO - Rank 4: Epoch 75/200 | Avg Train Loss: 0.046064 (seg: 0.038734, rec: 0.007330)
2025-10-10 14:12:22,401 - INFO - Rank 4: Epoch 75/200 | Avg Val Loss: 0.044994 (seg: 0.041534, rec: 0.003460)
2025-10-10 14:12:26,980 - DEBUG - Rank 4: Epoch 76/200 | Batch 0/65 | Loss: 0.044766 (seg: 0.038100, rec: 0.006666)
2025-10-10 14:12:46,431 - DEBUG - Rank 4: Epoch 76/200 | Batch 10/65 | Loss: 0.052282 (seg: 0.044582, rec: 0.007700)
2025-10-10 14:13:04,415 - DEBUG - Rank 4: Epoch 76/200 | Batch 20/65 | Loss: 0.033623 (seg: 0.026873, rec: 0.006750)
2025-10-10 14:13:23,335 - DEBUG - Rank 4: Epoch 76/200 | Batch 30/65 | Loss: 0.048440 (seg: 0.041478, rec: 0.006962)
2025-10-10 14:13:41,669 - DEBUG - Rank 4: Epoch 76/200 | Batch 40/65 | Loss: 0.040067 (seg: 0.032965, rec: 0.007103)
2025-10-10 14:14:00,062 - DEBUG - Rank 4: Epoch 76/200 | Batch 50/65 | Loss: 0.038251 (seg: 0.031873, rec: 0.006379)
2025-10-10 14:14:18,307 - DEBUG - Rank 4: Epoch 76/200 | Batch 60/65 | Loss: 0.050497 (seg: 0.043501, rec: 0.006996)
2025-10-10 14:14:25,774 - INFO - Rank 4: Epoch 76/200 | Avg Train Loss: 0.046513 (seg: 0.039138, rec: 0.007375)
2025-10-10 14:14:36,593 - INFO - Rank 4: Epoch 76/200 | Avg Val Loss: 0.045222 (seg: 0.041202, rec: 0.004020)
2025-10-10 14:14:41,164 - DEBUG - Rank 4: Epoch 77/200 | Batch 0/65 | Loss: 0.051635 (seg: 0.044012, rec: 0.007623)
2025-10-10 14:14:59,107 - DEBUG - Rank 4: Epoch 77/200 | Batch 10/65 | Loss: 0.034284 (seg: 0.027417, rec: 0.006867)
2025-10-10 14:15:17,382 - DEBUG - Rank 4: Epoch 77/200 | Batch 20/65 | Loss: 0.043143 (seg: 0.035885, rec: 0.007258)
2025-10-10 14:15:35,734 - DEBUG - Rank 4: Epoch 77/200 | Batch 30/65 | Loss: 0.037029 (seg: 0.028853, rec: 0.008175)
2025-10-10 14:15:54,054 - DEBUG - Rank 4: Epoch 77/200 | Batch 40/65 | Loss: 0.038599 (seg: 0.031928, rec: 0.006671)
2025-10-10 14:16:12,378 - DEBUG - Rank 4: Epoch 77/200 | Batch 50/65 | Loss: 0.053279 (seg: 0.044948, rec: 0.008331)
2025-10-10 14:16:30,582 - DEBUG - Rank 4: Epoch 77/200 | Batch 60/65 | Loss: 0.045854 (seg: 0.039215, rec: 0.006639)
2025-10-10 14:16:38,276 - INFO - Rank 4: Epoch 77/200 | Avg Train Loss: 0.047496 (seg: 0.040018, rec: 0.007478)
2025-10-10 14:16:48,437 - INFO - Rank 4: Epoch 77/200 | Avg Val Loss: 0.044859 (seg: 0.040890, rec: 0.003969)
2025-10-10 14:16:53,133 - DEBUG - Rank 4: Epoch 78/200 | Batch 0/65 | Loss: 0.038378 (seg: 0.031472, rec: 0.006905)
2025-10-10 14:17:10,869 - DEBUG - Rank 4: Epoch 78/200 | Batch 10/65 | Loss: 0.037341 (seg: 0.030378, rec: 0.006963)
2025-10-10 14:17:28,993 - DEBUG - Rank 4: Epoch 78/200 | Batch 20/65 | Loss: 0.053147 (seg: 0.045678, rec: 0.007469)
2025-10-10 14:17:47,529 - DEBUG - Rank 4: Epoch 78/200 | Batch 30/65 | Loss: 0.055199 (seg: 0.048737, rec: 0.006462)
2025-10-10 14:18:05,801 - DEBUG - Rank 4: Epoch 78/200 | Batch 40/65 | Loss: 0.053478 (seg: 0.045948, rec: 0.007529)
2025-10-10 14:18:24,074 - DEBUG - Rank 4: Epoch 78/200 | Batch 50/65 | Loss: 0.045380 (seg: 0.038179, rec: 0.007201)
2025-10-10 14:18:42,307 - DEBUG - Rank 4: Epoch 78/200 | Batch 60/65 | Loss: 0.048063 (seg: 0.039619, rec: 0.008443)
2025-10-10 14:18:49,734 - INFO - Rank 4: Epoch 78/200 | Avg Train Loss: 0.047189 (seg: 0.039754, rec: 0.007435)
2025-10-10 14:19:00,483 - INFO - Rank 4: Epoch 78/200 | Avg Val Loss: 0.044573 (seg: 0.040709, rec: 0.003864)
2025-10-10 14:19:05,567 - DEBUG - Rank 4: Epoch 79/200 | Batch 0/65 | Loss: 0.035539 (seg: 0.028804, rec: 0.006735)
2025-10-10 14:19:23,460 - DEBUG - Rank 4: Epoch 79/200 | Batch 10/65 | Loss: 0.069676 (seg: 0.063002, rec: 0.006673)
2025-10-10 14:19:41,766 - DEBUG - Rank 4: Epoch 79/200 | Batch 20/65 | Loss: 0.048902 (seg: 0.041364, rec: 0.007538)
2025-10-10 14:20:00,054 - DEBUG - Rank 4: Epoch 79/200 | Batch 30/65 | Loss: 0.052556 (seg: 0.044955, rec: 0.007601)
2025-10-10 14:20:18,269 - DEBUG - Rank 4: Epoch 79/200 | Batch 40/65 | Loss: 0.047312 (seg: 0.039487, rec: 0.007825)
2025-10-10 14:20:36,576 - DEBUG - Rank 4: Epoch 79/200 | Batch 50/65 | Loss: 0.039065 (seg: 0.030149, rec: 0.008916)
2025-10-10 14:20:54,824 - DEBUG - Rank 4: Epoch 79/200 | Batch 60/65 | Loss: 0.036151 (seg: 0.027067, rec: 0.009084)
2025-10-10 14:21:02,249 - INFO - Rank 4: Epoch 79/200 | Avg Train Loss: 0.049020 (seg: 0.041472, rec: 0.007548)
2025-10-10 14:21:13,276 - INFO - Rank 4: Epoch 79/200 | Avg Val Loss: 0.045924 (seg: 0.041553, rec: 0.004372)
2025-10-10 14:21:18,180 - DEBUG - Rank 4: Epoch 80/200 | Batch 0/65 | Loss: 0.051196 (seg: 0.042727, rec: 0.008469)
2025-10-10 14:21:36,052 - DEBUG - Rank 4: Epoch 80/200 | Batch 10/65 | Loss: 0.033887 (seg: 0.027052, rec: 0.006835)
2025-10-10 14:21:54,287 - DEBUG - Rank 4: Epoch 80/200 | Batch 20/65 | Loss: 0.044414 (seg: 0.037773, rec: 0.006642)
2025-10-10 14:22:12,580 - DEBUG - Rank 4: Epoch 80/200 | Batch 30/65 | Loss: 0.056851 (seg: 0.049999, rec: 0.006852)
2025-10-10 14:22:31,104 - DEBUG - Rank 4: Epoch 80/200 | Batch 40/65 | Loss: 0.046661 (seg: 0.038076, rec: 0.008585)
2025-10-10 14:22:49,468 - DEBUG - Rank 4: Epoch 80/200 | Batch 50/65 | Loss: 0.043801 (seg: 0.037061, rec: 0.006740)
2025-10-10 14:23:07,863 - DEBUG - Rank 4: Epoch 80/200 | Batch 60/65 | Loss: 0.046434 (seg: 0.039160, rec: 0.007274)
2025-10-10 14:23:15,281 - INFO - Rank 4: Epoch 80/200 | Avg Train Loss: 0.047315 (seg: 0.040035, rec: 0.007281)
2025-10-10 14:23:25,800 - INFO - Rank 4: Epoch 80/200 | Avg Val Loss: 0.043797 (seg: 0.040468, rec: 0.003329)
2025-10-10 14:23:30,844 - DEBUG - Rank 4: Epoch 81/200 | Batch 0/65 | Loss: 0.060168 (seg: 0.052811, rec: 0.007356)
2025-10-10 14:23:48,649 - DEBUG - Rank 4: Epoch 81/200 | Batch 10/65 | Loss: 0.038562 (seg: 0.031562, rec: 0.007001)
2025-10-10 14:24:06,824 - DEBUG - Rank 4: Epoch 81/200 | Batch 20/65 | Loss: 0.045659 (seg: 0.038913, rec: 0.006746)
2025-10-10 14:24:25,296 - DEBUG - Rank 4: Epoch 81/200 | Batch 30/65 | Loss: 0.042537 (seg: 0.034577, rec: 0.007959)
2025-10-10 14:24:43,750 - DEBUG - Rank 4: Epoch 81/200 | Batch 40/65 | Loss: 0.069752 (seg: 0.062669, rec: 0.007083)
2025-10-10 14:25:02,219 - DEBUG - Rank 4: Epoch 81/200 | Batch 50/65 | Loss: 0.055224 (seg: 0.046587, rec: 0.008637)
2025-10-10 14:25:20,580 - DEBUG - Rank 4: Epoch 81/200 | Batch 60/65 | Loss: 0.097375 (seg: 0.091206, rec: 0.006169)
2025-10-10 14:25:28,072 - INFO - Rank 4: Epoch 81/200 | Avg Train Loss: 0.049896 (seg: 0.042280, rec: 0.007616)
2025-10-10 14:25:38,264 - INFO - Rank 4: Epoch 81/200 | Avg Val Loss: 0.045033 (seg: 0.040891, rec: 0.004143)
2025-10-10 14:25:42,728 - DEBUG - Rank 4: Epoch 82/200 | Batch 0/65 | Loss: 0.055596 (seg: 0.048695, rec: 0.006901)
2025-10-10 14:26:00,687 - DEBUG - Rank 4: Epoch 82/200 | Batch 10/65 | Loss: 0.057093 (seg: 0.048292, rec: 0.008801)
2025-10-10 14:26:19,089 - DEBUG - Rank 4: Epoch 82/200 | Batch 20/65 | Loss: 0.040974 (seg: 0.033780, rec: 0.007194)
2025-10-10 14:26:37,501 - DEBUG - Rank 4: Epoch 82/200 | Batch 30/65 | Loss: 0.041747 (seg: 0.033920, rec: 0.007827)
2025-10-10 14:26:55,962 - DEBUG - Rank 4: Epoch 82/200 | Batch 40/65 | Loss: 0.044058 (seg: 0.036408, rec: 0.007650)
2025-10-10 14:27:14,390 - DEBUG - Rank 4: Epoch 82/200 | Batch 50/65 | Loss: 0.041809 (seg: 0.034606, rec: 0.007202)
2025-10-10 14:27:35,838 - DEBUG - Rank 4: Epoch 82/200 | Batch 60/65 | Loss: 0.035247 (seg: 0.029074, rec: 0.006173)
2025-10-10 14:27:43,223 - INFO - Rank 4: Epoch 82/200 | Avg Train Loss: 0.045106 (seg: 0.037671, rec: 0.007435)
2025-10-10 14:27:53,220 - INFO - Rank 4: Epoch 82/200 | Avg Val Loss: 0.043824 (seg: 0.040076, rec: 0.003748)
2025-10-10 14:27:57,731 - DEBUG - Rank 4: Epoch 83/200 | Batch 0/65 | Loss: 0.035474 (seg: 0.029113, rec: 0.006362)
2025-10-10 14:28:15,552 - DEBUG - Rank 4: Epoch 83/200 | Batch 10/65 | Loss: 0.075905 (seg: 0.069013, rec: 0.006891)
2025-10-10 14:28:33,916 - DEBUG - Rank 4: Epoch 83/200 | Batch 20/65 | Loss: 0.048134 (seg: 0.038958, rec: 0.009176)
2025-10-10 14:28:52,290 - DEBUG - Rank 4: Epoch 83/200 | Batch 30/65 | Loss: 0.041178 (seg: 0.033680, rec: 0.007498)
2025-10-10 14:29:10,709 - DEBUG - Rank 4: Epoch 83/200 | Batch 40/65 | Loss: 0.041221 (seg: 0.033920, rec: 0.007301)
2025-10-10 14:29:29,161 - DEBUG - Rank 4: Epoch 83/200 | Batch 50/65 | Loss: 0.041099 (seg: 0.033759, rec: 0.007340)
2025-10-10 14:29:47,586 - DEBUG - Rank 4: Epoch 83/200 | Batch 60/65 | Loss: 0.059495 (seg: 0.052322, rec: 0.007174)
2025-10-10 14:29:55,084 - INFO - Rank 4: Epoch 83/200 | Avg Train Loss: 0.047542 (seg: 0.040291, rec: 0.007251)
2025-10-10 14:30:05,146 - INFO - Rank 4: Epoch 83/200 | Avg Val Loss: 0.044756 (seg: 0.040702, rec: 0.004054)
2025-10-10 14:30:09,611 - DEBUG - Rank 4: Epoch 84/200 | Batch 0/65 | Loss: 0.051596 (seg: 0.043590, rec: 0.008006)
2025-10-10 14:30:27,545 - DEBUG - Rank 4: Epoch 84/200 | Batch 10/65 | Loss: 0.048096 (seg: 0.041523, rec: 0.006574)
2025-10-10 14:30:45,984 - DEBUG - Rank 4: Epoch 84/200 | Batch 20/65 | Loss: 0.036519 (seg: 0.029524, rec: 0.006995)
2025-10-10 14:31:04,605 - DEBUG - Rank 4: Epoch 84/200 | Batch 30/65 | Loss: 0.039903 (seg: 0.032872, rec: 0.007031)
2025-10-10 14:31:23,287 - DEBUG - Rank 4: Epoch 84/200 | Batch 40/65 | Loss: 0.052996 (seg: 0.046217, rec: 0.006778)
2025-10-10 14:31:41,791 - DEBUG - Rank 4: Epoch 84/200 | Batch 50/65 | Loss: 0.041712 (seg: 0.033947, rec: 0.007765)
2025-10-10 14:32:00,195 - DEBUG - Rank 4: Epoch 84/200 | Batch 60/65 | Loss: 0.047453 (seg: 0.040548, rec: 0.006905)
2025-10-10 14:32:07,719 - INFO - Rank 4: Epoch 84/200 | Avg Train Loss: 0.045112 (seg: 0.037980, rec: 0.007132)
2025-10-10 14:32:18,686 - INFO - Rank 4: Epoch 84/200 | Avg Val Loss: 0.044909 (seg: 0.041054, rec: 0.003855)
2025-10-10 14:32:23,592 - DEBUG - Rank 4: Epoch 85/200 | Batch 0/65 | Loss: 0.053211 (seg: 0.045558, rec: 0.007653)
2025-10-10 14:32:41,633 - DEBUG - Rank 4: Epoch 85/200 | Batch 10/65 | Loss: 0.039229 (seg: 0.032161, rec: 0.007069)
2025-10-10 14:32:59,998 - DEBUG - Rank 4: Epoch 85/200 | Batch 20/65 | Loss: 0.046794 (seg: 0.040014, rec: 0.006781)
2025-10-10 14:33:18,346 - DEBUG - Rank 4: Epoch 85/200 | Batch 30/65 | Loss: 0.038683 (seg: 0.031053, rec: 0.007631)
2025-10-10 14:33:36,757 - DEBUG - Rank 4: Epoch 85/200 | Batch 40/65 | Loss: 0.045785 (seg: 0.038120, rec: 0.007665)
2025-10-10 14:33:55,209 - DEBUG - Rank 4: Epoch 85/200 | Batch 50/65 | Loss: 0.051296 (seg: 0.044732, rec: 0.006564)
2025-10-10 14:34:13,545 - DEBUG - Rank 4: Epoch 85/200 | Batch 60/65 | Loss: 0.034391 (seg: 0.027934, rec: 0.006457)
2025-10-10 14:34:21,015 - INFO - Rank 4: Epoch 85/200 | Avg Train Loss: 0.047118 (seg: 0.039952, rec: 0.007166)
2025-10-10 14:34:32,568 - INFO - Rank 4: Epoch 85/200 | Avg Val Loss: 0.044458 (seg: 0.040393, rec: 0.004065)
2025-10-10 14:34:37,528 - DEBUG - Rank 4: Epoch 86/200 | Batch 0/65 | Loss: 0.039021 (seg: 0.031368, rec: 0.007653)
2025-10-10 14:34:55,450 - DEBUG - Rank 4: Epoch 86/200 | Batch 10/65 | Loss: 0.067364 (seg: 0.061053, rec: 0.006311)
2025-10-10 14:35:13,566 - DEBUG - Rank 4: Epoch 86/200 | Batch 20/65 | Loss: 0.044008 (seg: 0.036860, rec: 0.007148)
2025-10-10 14:35:31,770 - DEBUG - Rank 4: Epoch 86/200 | Batch 30/65 | Loss: 0.047567 (seg: 0.040544, rec: 0.007023)
2025-10-10 14:35:50,130 - DEBUG - Rank 4: Epoch 86/200 | Batch 40/65 | Loss: 0.043349 (seg: 0.032443, rec: 0.010906)
2025-10-10 14:36:08,494 - DEBUG - Rank 4: Epoch 86/200 | Batch 50/65 | Loss: 0.049133 (seg: 0.043182, rec: 0.005951)
2025-10-10 14:36:26,784 - DEBUG - Rank 4: Epoch 86/200 | Batch 60/65 | Loss: 0.051680 (seg: 0.044030, rec: 0.007650)
2025-10-10 14:36:34,214 - INFO - Rank 4: Epoch 86/200 | Avg Train Loss: 0.045911 (seg: 0.038427, rec: 0.007483)
2025-10-10 14:36:45,454 - INFO - Rank 4: Epoch 86/200 | Avg Val Loss: 0.045257 (seg: 0.041953, rec: 0.003304)
2025-10-10 14:36:51,282 - DEBUG - Rank 4: Epoch 87/200 | Batch 0/65 | Loss: 0.065695 (seg: 0.057888, rec: 0.007806)
2025-10-10 14:37:08,989 - DEBUG - Rank 4: Epoch 87/200 | Batch 10/65 | Loss: 0.067052 (seg: 0.059683, rec: 0.007369)
2025-10-10 14:37:27,081 - DEBUG - Rank 4: Epoch 87/200 | Batch 20/65 | Loss: 0.037402 (seg: 0.028804, rec: 0.008598)
2025-10-10 14:37:45,222 - DEBUG - Rank 4: Epoch 87/200 | Batch 30/65 | Loss: 0.057021 (seg: 0.049465, rec: 0.007557)
2025-10-10 14:38:03,426 - DEBUG - Rank 4: Epoch 87/200 | Batch 40/65 | Loss: 0.030705 (seg: 0.024446, rec: 0.006259)
2025-10-10 14:38:21,562 - DEBUG - Rank 4: Epoch 87/200 | Batch 50/65 | Loss: 0.045856 (seg: 0.038791, rec: 0.007065)
2025-10-10 14:38:39,705 - DEBUG - Rank 4: Epoch 87/200 | Batch 60/65 | Loss: 0.043066 (seg: 0.036011, rec: 0.007055)
2025-10-10 14:38:47,105 - INFO - Rank 4: Epoch 87/200 | Avg Train Loss: 0.045426 (seg: 0.037980, rec: 0.007446)
2025-10-10 14:38:57,249 - INFO - Rank 4: Epoch 87/200 | Avg Val Loss: 0.044175 (seg: 0.040978, rec: 0.003197)
2025-10-10 14:39:01,991 - DEBUG - Rank 4: Epoch 88/200 | Batch 0/65 | Loss: 0.035621 (seg: 0.028627, rec: 0.006994)
2025-10-10 14:39:19,707 - DEBUG - Rank 4: Epoch 88/200 | Batch 10/65 | Loss: 0.048712 (seg: 0.042443, rec: 0.006269)
2025-10-10 14:39:37,823 - DEBUG - Rank 4: Epoch 88/200 | Batch 20/65 | Loss: 0.039405 (seg: 0.031806, rec: 0.007599)
2025-10-10 14:39:56,736 - DEBUG - Rank 4: Epoch 88/200 | Batch 30/65 | Loss: 0.036604 (seg: 0.030068, rec: 0.006536)
2025-10-10 14:40:14,933 - DEBUG - Rank 4: Epoch 88/200 | Batch 40/65 | Loss: 0.039320 (seg: 0.032447, rec: 0.006874)
2025-10-10 14:40:33,264 - DEBUG - Rank 4: Epoch 88/200 | Batch 50/65 | Loss: 0.055304 (seg: 0.048034, rec: 0.007270)
2025-10-10 14:40:51,577 - DEBUG - Rank 4: Epoch 88/200 | Batch 60/65 | Loss: 0.038064 (seg: 0.030580, rec: 0.007484)
2025-10-10 14:40:59,032 - INFO - Rank 4: Epoch 88/200 | Avg Train Loss: 0.046043 (seg: 0.038892, rec: 0.007151)
2025-10-10 14:41:09,917 - INFO - Rank 4: Epoch 88/200 | Avg Val Loss: 0.044407 (seg: 0.040453, rec: 0.003955)
2025-10-10 14:41:15,015 - DEBUG - Rank 4: Epoch 89/200 | Batch 0/65 | Loss: 0.046247 (seg: 0.038870, rec: 0.007376)
2025-10-10 14:41:32,772 - DEBUG - Rank 4: Epoch 89/200 | Batch 10/65 | Loss: 0.037415 (seg: 0.030184, rec: 0.007231)
2025-10-10 14:41:50,969 - DEBUG - Rank 4: Epoch 89/200 | Batch 20/65 | Loss: 0.041152 (seg: 0.034792, rec: 0.006360)
2025-10-10 14:42:09,311 - DEBUG - Rank 4: Epoch 89/200 | Batch 30/65 | Loss: 0.037236 (seg: 0.030505, rec: 0.006731)
2025-10-10 14:42:27,779 - DEBUG - Rank 4: Epoch 89/200 | Batch 40/65 | Loss: 0.053607 (seg: 0.046140, rec: 0.007467)
2025-10-10 14:42:46,384 - DEBUG - Rank 4: Epoch 89/200 | Batch 50/65 | Loss: 0.047723 (seg: 0.041205, rec: 0.006518)
2025-10-10 14:43:04,980 - DEBUG - Rank 4: Epoch 89/200 | Batch 60/65 | Loss: 0.049368 (seg: 0.043300, rec: 0.006068)
2025-10-10 14:43:12,473 - INFO - Rank 4: Epoch 89/200 | Avg Train Loss: 0.044505 (seg: 0.037339, rec: 0.007166)
2025-10-10 14:43:23,692 - INFO - Rank 4: Epoch 89/200 | Avg Val Loss: 0.044578 (seg: 0.040644, rec: 0.003934)
2025-10-10 14:43:28,549 - DEBUG - Rank 4: Epoch 90/200 | Batch 0/65 | Loss: 0.041461 (seg: 0.034381, rec: 0.007080)
2025-10-10 14:43:46,573 - DEBUG - Rank 4: Epoch 90/200 | Batch 10/65 | Loss: 0.043923 (seg: 0.034822, rec: 0.009101)
2025-10-10 14:44:05,004 - DEBUG - Rank 4: Epoch 90/200 | Batch 20/65 | Loss: 0.041646 (seg: 0.035088, rec: 0.006557)
2025-10-10 14:44:23,647 - DEBUG - Rank 4: Epoch 90/200 | Batch 30/65 | Loss: 0.031602 (seg: 0.024482, rec: 0.007120)
2025-10-10 14:44:42,554 - DEBUG - Rank 4: Epoch 90/200 | Batch 40/65 | Loss: 0.063366 (seg: 0.056643, rec: 0.006724)
2025-10-10 14:45:01,124 - DEBUG - Rank 4: Epoch 90/200 | Batch 50/65 | Loss: 0.043553 (seg: 0.035747, rec: 0.007806)
2025-10-10 14:45:19,669 - DEBUG - Rank 4: Epoch 90/200 | Batch 60/65 | Loss: 0.051239 (seg: 0.043136, rec: 0.008102)
2025-10-10 14:45:27,224 - INFO - Rank 4: Epoch 90/200 | Avg Train Loss: 0.044667 (seg: 0.037444, rec: 0.007223)
2025-10-10 14:45:37,826 - INFO - Rank 4: Epoch 90/200 | Avg Val Loss: 0.043608 (seg: 0.040536, rec: 0.003073)
2025-10-10 14:45:42,539 - DEBUG - Rank 4: Epoch 91/200 | Batch 0/65 | Loss: 0.047236 (seg: 0.040431, rec: 0.006804)
2025-10-10 14:46:00,721 - DEBUG - Rank 4: Epoch 91/200 | Batch 10/65 | Loss: 0.046582 (seg: 0.039670, rec: 0.006912)
2025-10-10 14:46:19,233 - DEBUG - Rank 4: Epoch 91/200 | Batch 20/65 | Loss: 0.044773 (seg: 0.037100, rec: 0.007673)
2025-10-10 14:46:38,081 - DEBUG - Rank 4: Epoch 91/200 | Batch 30/65 | Loss: 0.041448 (seg: 0.034343, rec: 0.007106)
2025-10-10 14:46:56,766 - DEBUG - Rank 4: Epoch 91/200 | Batch 40/65 | Loss: 0.037325 (seg: 0.031239, rec: 0.006086)
2025-10-10 14:47:15,407 - DEBUG - Rank 4: Epoch 91/200 | Batch 50/65 | Loss: 0.032028 (seg: 0.024683, rec: 0.007346)
2025-10-10 14:47:34,248 - DEBUG - Rank 4: Epoch 91/200 | Batch 60/65 | Loss: 0.041084 (seg: 0.032839, rec: 0.008244)
2025-10-10 14:47:41,916 - INFO - Rank 4: Epoch 91/200 | Avg Train Loss: 0.043627 (seg: 0.036596, rec: 0.007031)
2025-10-10 14:47:52,622 - INFO - Rank 4: Epoch 91/200 | Avg Val Loss: 0.043618 (seg: 0.039887, rec: 0.003731)
2025-10-10 14:47:57,465 - DEBUG - Rank 4: Epoch 92/200 | Batch 0/65 | Loss: 0.041429 (seg: 0.033088, rec: 0.008341)
2025-10-10 14:48:15,524 - DEBUG - Rank 4: Epoch 92/200 | Batch 10/65 | Loss: 0.047889 (seg: 0.039526, rec: 0.008363)
2025-10-10 14:48:34,089 - DEBUG - Rank 4: Epoch 92/200 | Batch 20/65 | Loss: 0.040091 (seg: 0.032986, rec: 0.007104)
2025-10-10 14:48:52,611 - DEBUG - Rank 4: Epoch 92/200 | Batch 30/65 | Loss: 0.042912 (seg: 0.036787, rec: 0.006126)
2025-10-10 14:49:11,242 - DEBUG - Rank 4: Epoch 92/200 | Batch 40/65 | Loss: 0.044968 (seg: 0.038696, rec: 0.006271)
2025-10-10 14:49:29,746 - DEBUG - Rank 4: Epoch 92/200 | Batch 50/65 | Loss: 0.042284 (seg: 0.035346, rec: 0.006938)
2025-10-10 14:49:48,279 - DEBUG - Rank 4: Epoch 92/200 | Batch 60/65 | Loss: 0.046323 (seg: 0.037811, rec: 0.008512)
2025-10-10 14:49:55,754 - INFO - Rank 4: Epoch 92/200 | Avg Train Loss: 0.044489 (seg: 0.037271, rec: 0.007218)
2025-10-10 14:50:06,589 - INFO - Rank 4: Epoch 92/200 | Avg Val Loss: 0.043911 (seg: 0.039785, rec: 0.004127)
2025-10-10 14:50:11,455 - DEBUG - Rank 4: Epoch 93/200 | Batch 0/65 | Loss: 0.045530 (seg: 0.038195, rec: 0.007335)
2025-10-10 14:50:29,213 - DEBUG - Rank 4: Epoch 93/200 | Batch 10/65 | Loss: 0.037377 (seg: 0.029806, rec: 0.007571)
2025-10-10 14:50:48,775 - DEBUG - Rank 4: Epoch 93/200 | Batch 20/65 | Loss: 0.044545 (seg: 0.036649, rec: 0.007896)
2025-10-10 14:51:06,937 - DEBUG - Rank 4: Epoch 93/200 | Batch 30/65 | Loss: 0.045951 (seg: 0.039358, rec: 0.006593)
2025-10-10 14:51:25,275 - DEBUG - Rank 4: Epoch 93/200 | Batch 40/65 | Loss: 0.040183 (seg: 0.033267, rec: 0.006916)
2025-10-10 14:51:43,574 - DEBUG - Rank 4: Epoch 93/200 | Batch 50/65 | Loss: 0.035072 (seg: 0.028326, rec: 0.006746)
2025-10-10 14:52:01,842 - DEBUG - Rank 4: Epoch 93/200 | Batch 60/65 | Loss: 0.035373 (seg: 0.027902, rec: 0.007471)
2025-10-10 14:52:09,240 - INFO - Rank 4: Epoch 93/200 | Avg Train Loss: 0.043101 (seg: 0.035905, rec: 0.007197)
2025-10-10 14:52:18,695 - INFO - Rank 4: Epoch 93/200 | Avg Val Loss: 0.043625 (seg: 0.040067, rec: 0.003558)
2025-10-10 14:52:23,107 - DEBUG - Rank 4: Epoch 94/200 | Batch 0/65 | Loss: 0.036236 (seg: 0.028818, rec: 0.007418)
2025-10-10 14:52:41,041 - DEBUG - Rank 4: Epoch 94/200 | Batch 10/65 | Loss: 0.045728 (seg: 0.038861, rec: 0.006866)
2025-10-10 14:52:59,196 - DEBUG - Rank 4: Epoch 94/200 | Batch 20/65 | Loss: 0.047409 (seg: 0.039278, rec: 0.008131)
2025-10-10 14:53:17,358 - DEBUG - Rank 4: Epoch 94/200 | Batch 30/65 | Loss: 0.036113 (seg: 0.029636, rec: 0.006477)
2025-10-10 14:53:35,630 - DEBUG - Rank 4: Epoch 94/200 | Batch 40/65 | Loss: 0.038318 (seg: 0.031798, rec: 0.006519)
2025-10-10 14:53:53,824 - DEBUG - Rank 4: Epoch 94/200 | Batch 50/65 | Loss: 0.034327 (seg: 0.027859, rec: 0.006467)
2025-10-10 14:54:11,945 - DEBUG - Rank 4: Epoch 94/200 | Batch 60/65 | Loss: 0.040588 (seg: 0.033493, rec: 0.007094)
2025-10-10 14:54:19,327 - INFO - Rank 4: Epoch 94/200 | Avg Train Loss: 0.042062 (seg: 0.035127, rec: 0.006936)
2025-10-10 14:55:06,228 - INFO - Rank 4: Epoch 94/200 | Avg Val Loss: 0.042644 (seg: 0.039493, rec: 0.003151)
2025-10-10 14:55:21,806 - DEBUG - Rank 4: Epoch 95/200 | Batch 0/65 | Loss: 0.050417 (seg: 0.043312, rec: 0.007104)
2025-10-10 14:55:52,133 - DEBUG - Rank 4: Epoch 95/200 | Batch 10/65 | Loss: 0.051313 (seg: 0.042954, rec: 0.008359)
2025-10-10 14:56:32,368 - DEBUG - Rank 4: Epoch 95/200 | Batch 20/65 | Loss: 0.047528 (seg: 0.041039, rec: 0.006489)
2025-10-10 14:57:01,187 - DEBUG - Rank 4: Epoch 95/200 | Batch 30/65 | Loss: 0.049722 (seg: 0.042597, rec: 0.007125)
2025-10-10 14:57:38,538 - DEBUG - Rank 4: Epoch 95/200 | Batch 40/65 | Loss: 0.040653 (seg: 0.033096, rec: 0.007556)
2025-10-10 14:58:09,696 - DEBUG - Rank 4: Epoch 95/200 | Batch 50/65 | Loss: 0.039879 (seg: 0.032931, rec: 0.006948)
2025-10-10 14:58:42,208 - DEBUG - Rank 4: Epoch 95/200 | Batch 60/65 | Loss: 0.039524 (seg: 0.032038, rec: 0.007487)
2025-10-10 14:58:49,510 - INFO - Rank 4: Epoch 95/200 | Avg Train Loss: 0.044719 (seg: 0.037532, rec: 0.007187)
2025-10-10 14:59:03,531 - INFO - Rank 4: Epoch 95/200 | Avg Val Loss: 0.042757 (seg: 0.039338, rec: 0.003419)
2025-10-10 14:59:08,293 - DEBUG - Rank 4: Epoch 96/200 | Batch 0/65 | Loss: 0.034897 (seg: 0.027848, rec: 0.007049)
2025-10-10 14:59:26,457 - DEBUG - Rank 4: Epoch 96/200 | Batch 10/65 | Loss: 0.040848 (seg: 0.031619, rec: 0.009229)
2025-10-10 14:59:44,694 - DEBUG - Rank 4: Epoch 96/200 | Batch 20/65 | Loss: 0.046207 (seg: 0.036789, rec: 0.009419)
2025-10-10 15:00:02,986 - DEBUG - Rank 4: Epoch 96/200 | Batch 30/65 | Loss: 0.042384 (seg: 0.035418, rec: 0.006967)
2025-10-10 15:00:21,467 - DEBUG - Rank 4: Epoch 96/200 | Batch 40/65 | Loss: 0.033314 (seg: 0.026661, rec: 0.006653)
2025-10-10 15:00:39,617 - DEBUG - Rank 4: Epoch 96/200 | Batch 50/65 | Loss: 0.039051 (seg: 0.031181, rec: 0.007870)
2025-10-10 15:00:57,766 - DEBUG - Rank 4: Epoch 96/200 | Batch 60/65 | Loss: 0.043661 (seg: 0.035698, rec: 0.007964)
2025-10-10 15:01:05,148 - INFO - Rank 4: Epoch 96/200 | Avg Train Loss: 0.042754 (seg: 0.035379, rec: 0.007375)
2025-10-10 15:01:15,443 - INFO - Rank 4: Epoch 96/200 | Avg Val Loss: 0.044268 (seg: 0.040436, rec: 0.003832)
2025-10-10 15:01:20,066 - DEBUG - Rank 4: Epoch 97/200 | Batch 0/65 | Loss: 0.040356 (seg: 0.031322, rec: 0.009034)
2025-10-10 15:01:37,695 - DEBUG - Rank 4: Epoch 97/200 | Batch 10/65 | Loss: 0.034892 (seg: 0.027859, rec: 0.007033)
2025-10-10 15:01:55,681 - DEBUG - Rank 4: Epoch 97/200 | Batch 20/65 | Loss: 0.042364 (seg: 0.034919, rec: 0.007445)
2025-10-10 15:02:13,849 - DEBUG - Rank 4: Epoch 97/200 | Batch 30/65 | Loss: 0.042078 (seg: 0.035836, rec: 0.006241)
2025-10-10 15:02:32,081 - DEBUG - Rank 4: Epoch 97/200 | Batch 40/65 | Loss: 0.041407 (seg: 0.033168, rec: 0.008239)
2025-10-10 15:02:50,375 - DEBUG - Rank 4: Epoch 97/200 | Batch 50/65 | Loss: 0.041521 (seg: 0.033789, rec: 0.007731)
2025-10-10 15:03:08,709 - DEBUG - Rank 4: Epoch 97/200 | Batch 60/65 | Loss: 0.042492 (seg: 0.034340, rec: 0.008152)
2025-10-10 15:03:16,101 - INFO - Rank 4: Epoch 97/200 | Avg Train Loss: 0.044686 (seg: 0.037476, rec: 0.007210)
2025-10-10 15:03:26,170 - INFO - Rank 4: Epoch 97/200 | Avg Val Loss: 0.043025 (seg: 0.040004, rec: 0.003021)
2025-10-10 15:03:30,528 - DEBUG - Rank 4: Epoch 98/200 | Batch 0/65 | Loss: 0.051616 (seg: 0.044091, rec: 0.007525)
2025-10-10 15:03:48,322 - DEBUG - Rank 4: Epoch 98/200 | Batch 10/65 | Loss: 0.040106 (seg: 0.033149, rec: 0.006957)
2025-10-10 15:04:06,410 - DEBUG - Rank 4: Epoch 98/200 | Batch 20/65 | Loss: 0.048155 (seg: 0.040431, rec: 0.007724)
2025-10-10 15:04:24,732 - DEBUG - Rank 4: Epoch 98/200 | Batch 30/65 | Loss: 0.036410 (seg: 0.029751, rec: 0.006659)
2025-10-10 15:04:43,038 - DEBUG - Rank 4: Epoch 98/200 | Batch 40/65 | Loss: 0.033290 (seg: 0.026209, rec: 0.007081)
2025-10-10 15:05:01,316 - DEBUG - Rank 4: Epoch 98/200 | Batch 50/65 | Loss: 0.040020 (seg: 0.033108, rec: 0.006912)
2025-10-10 15:05:19,566 - DEBUG - Rank 4: Epoch 98/200 | Batch 60/65 | Loss: 0.042925 (seg: 0.036279, rec: 0.006646)
2025-10-10 15:05:26,967 - INFO - Rank 4: Epoch 98/200 | Avg Train Loss: 0.043853 (seg: 0.036739, rec: 0.007113)
2025-10-10 15:05:37,565 - INFO - Rank 4: Epoch 98/200 | Avg Val Loss: 0.043784 (seg: 0.039909, rec: 0.003875)
2025-10-10 15:05:42,561 - DEBUG - Rank 4: Epoch 99/200 | Batch 0/65 | Loss: 0.047214 (seg: 0.039583, rec: 0.007631)
2025-10-10 15:06:00,723 - DEBUG - Rank 4: Epoch 99/200 | Batch 10/65 | Loss: 0.034268 (seg: 0.027417, rec: 0.006850)
2025-10-10 15:06:19,141 - DEBUG - Rank 4: Epoch 99/200 | Batch 20/65 | Loss: 0.053515 (seg: 0.046414, rec: 0.007101)
2025-10-10 15:06:37,592 - DEBUG - Rank 4: Epoch 99/200 | Batch 30/65 | Loss: 0.041439 (seg: 0.034936, rec: 0.006503)
2025-10-10 15:06:56,081 - DEBUG - Rank 4: Epoch 99/200 | Batch 40/65 | Loss: 0.037743 (seg: 0.031255, rec: 0.006488)
2025-10-10 15:07:14,620 - DEBUG - Rank 4: Epoch 99/200 | Batch 50/65 | Loss: 0.042378 (seg: 0.035548, rec: 0.006830)
2025-10-10 15:07:33,075 - DEBUG - Rank 4: Epoch 99/200 | Batch 60/65 | Loss: 0.042965 (seg: 0.036399, rec: 0.006566)
2025-10-10 15:07:40,611 - INFO - Rank 4: Epoch 99/200 | Avg Train Loss: 0.042495 (seg: 0.035373, rec: 0.007122)
2025-10-10 15:07:51,921 - INFO - Rank 4: Epoch 99/200 | Avg Val Loss: 0.043140 (seg: 0.039763, rec: 0.003377)
2025-10-10 15:07:56,892 - DEBUG - Rank 4: Epoch 100/200 | Batch 0/65 | Loss: 0.039992 (seg: 0.033714, rec: 0.006279)
2025-10-10 15:08:14,686 - DEBUG - Rank 4: Epoch 100/200 | Batch 10/65 | Loss: 0.040564 (seg: 0.034420, rec: 0.006144)
2025-10-10 15:08:32,991 - DEBUG - Rank 4: Epoch 100/200 | Batch 20/65 | Loss: 0.032402 (seg: 0.026069, rec: 0.006333)
2025-10-10 15:08:51,460 - DEBUG - Rank 4: Epoch 100/200 | Batch 30/65 | Loss: 0.040552 (seg: 0.033985, rec: 0.006568)
2025-10-10 15:09:09,943 - DEBUG - Rank 4: Epoch 100/200 | Batch 40/65 | Loss: 0.041266 (seg: 0.033723, rec: 0.007543)
2025-10-10 15:09:28,214 - DEBUG - Rank 4: Epoch 100/200 | Batch 50/65 | Loss: 0.040221 (seg: 0.033874, rec: 0.006347)
2025-10-10 15:09:46,581 - DEBUG - Rank 4: Epoch 100/200 | Batch 60/65 | Loss: 0.041830 (seg: 0.034368, rec: 0.007462)
2025-10-10 15:09:53,972 - INFO - Rank 4: Epoch 100/200 | Avg Train Loss: 0.043444 (seg: 0.036416, rec: 0.007028)
2025-10-10 15:10:04,219 - INFO - Rank 4: Epoch 100/200 | Avg Val Loss: 0.044014 (seg: 0.040351, rec: 0.003663)
2025-10-10 15:10:08,616 - DEBUG - Rank 4: Epoch 101/200 | Batch 0/65 | Loss: 0.036066 (seg: 0.029345, rec: 0.006722)
2025-10-10 15:10:26,515 - DEBUG - Rank 4: Epoch 101/200 | Batch 10/65 | Loss: 0.039058 (seg: 0.032641, rec: 0.006417)
2025-10-10 15:10:44,784 - DEBUG - Rank 4: Epoch 101/200 | Batch 20/65 | Loss: 0.034853 (seg: 0.028538, rec: 0.006315)
2025-10-10 15:11:03,150 - DEBUG - Rank 4: Epoch 101/200 | Batch 30/65 | Loss: 0.046868 (seg: 0.040346, rec: 0.006522)
2025-10-10 15:11:21,430 - DEBUG - Rank 4: Epoch 101/200 | Batch 40/65 | Loss: 0.041856 (seg: 0.035358, rec: 0.006499)
2025-10-10 15:11:39,819 - DEBUG - Rank 4: Epoch 101/200 | Batch 50/65 | Loss: 0.044892 (seg: 0.038142, rec: 0.006750)
2025-10-10 15:11:58,060 - DEBUG - Rank 4: Epoch 101/200 | Batch 60/65 | Loss: 0.040021 (seg: 0.032760, rec: 0.007261)
2025-10-10 15:12:05,476 - INFO - Rank 4: Epoch 101/200 | Avg Train Loss: 0.041108 (seg: 0.034142, rec: 0.006966)
2025-10-10 15:12:15,884 - INFO - Rank 4: Epoch 101/200 | Avg Val Loss: 0.043667 (seg: 0.039985, rec: 0.003682)
2025-10-10 15:12:20,294 - DEBUG - Rank 4: Epoch 102/200 | Batch 0/65 | Loss: 0.068369 (seg: 0.061335, rec: 0.007033)
2025-10-10 15:12:38,969 - DEBUG - Rank 4: Epoch 102/200 | Batch 10/65 | Loss: 0.048173 (seg: 0.040691, rec: 0.007481)
2025-10-10 15:12:58,254 - DEBUG - Rank 4: Epoch 102/200 | Batch 20/65 | Loss: 0.063857 (seg: 0.055852, rec: 0.008006)
2025-10-10 15:13:16,445 - DEBUG - Rank 4: Epoch 102/200 | Batch 30/65 | Loss: 0.043638 (seg: 0.036541, rec: 0.007098)
2025-10-10 15:13:35,942 - DEBUG - Rank 4: Epoch 102/200 | Batch 40/65 | Loss: 0.043709 (seg: 0.036794, rec: 0.006915)
2025-10-10 15:13:54,285 - DEBUG - Rank 4: Epoch 102/200 | Batch 50/65 | Loss: 0.035380 (seg: 0.029016, rec: 0.006364)
2025-10-10 15:14:12,734 - DEBUG - Rank 4: Epoch 102/200 | Batch 60/65 | Loss: 0.037704 (seg: 0.031019, rec: 0.006686)
2025-10-10 15:14:20,239 - INFO - Rank 4: Epoch 102/200 | Avg Train Loss: 0.043641 (seg: 0.036534, rec: 0.007106)
2025-10-10 15:14:30,861 - INFO - Rank 4: Epoch 102/200 | Avg Val Loss: 0.043916 (seg: 0.040292, rec: 0.003625)
2025-10-10 15:14:35,640 - DEBUG - Rank 4: Epoch 103/200 | Batch 0/65 | Loss: 0.049439 (seg: 0.040441, rec: 0.008998)
2025-10-10 15:14:53,453 - DEBUG - Rank 4: Epoch 103/200 | Batch 10/65 | Loss: 0.041645 (seg: 0.033950, rec: 0.007695)
2025-10-10 15:15:11,656 - DEBUG - Rank 4: Epoch 103/200 | Batch 20/65 | Loss: 0.033756 (seg: 0.027274, rec: 0.006482)
2025-10-10 15:15:29,927 - DEBUG - Rank 4: Epoch 103/200 | Batch 30/65 | Loss: 0.036062 (seg: 0.029638, rec: 0.006425)
2025-10-10 15:15:48,451 - DEBUG - Rank 4: Epoch 103/200 | Batch 40/65 | Loss: 0.036548 (seg: 0.030149, rec: 0.006399)
2025-10-10 15:16:06,772 - DEBUG - Rank 4: Epoch 103/200 | Batch 50/65 | Loss: 0.060615 (seg: 0.051766, rec: 0.008849)
2025-10-10 15:16:25,163 - DEBUG - Rank 4: Epoch 103/200 | Batch 60/65 | Loss: 0.037973 (seg: 0.031666, rec: 0.006307)
2025-10-10 15:16:32,650 - INFO - Rank 4: Epoch 103/200 | Avg Train Loss: 0.043547 (seg: 0.036527, rec: 0.007019)
2025-10-10 15:16:44,175 - INFO - Rank 4: Epoch 103/200 | Avg Val Loss: 0.044446 (seg: 0.040405, rec: 0.004040)
2025-10-10 15:16:50,778 - DEBUG - Rank 4: Epoch 104/200 | Batch 0/65 | Loss: 0.038807 (seg: 0.033270, rec: 0.005537)
2025-10-10 15:17:08,445 - DEBUG - Rank 4: Epoch 104/200 | Batch 10/65 | Loss: 0.046136 (seg: 0.039262, rec: 0.006874)
2025-10-10 15:17:26,982 - DEBUG - Rank 4: Epoch 104/200 | Batch 20/65 | Loss: 0.039202 (seg: 0.029840, rec: 0.009361)
2025-10-10 15:17:45,512 - DEBUG - Rank 4: Epoch 104/200 | Batch 30/65 | Loss: 0.045534 (seg: 0.038397, rec: 0.007137)
2025-10-10 15:18:04,048 - DEBUG - Rank 4: Epoch 104/200 | Batch 40/65 | Loss: 0.040015 (seg: 0.032641, rec: 0.007374)
2025-10-10 15:18:22,741 - DEBUG - Rank 4: Epoch 104/200 | Batch 50/65 | Loss: 0.031670 (seg: 0.025653, rec: 0.006017)
2025-10-10 15:18:41,384 - DEBUG - Rank 4: Epoch 104/200 | Batch 60/65 | Loss: 0.041699 (seg: 0.034581, rec: 0.007117)
2025-10-10 15:18:48,926 - INFO - Rank 4: Epoch 104/200 | Avg Train Loss: 0.041332 (seg: 0.034307, rec: 0.007025)
2025-10-10 15:18:59,920 - INFO - Rank 4: Epoch 104/200 | Avg Val Loss: 0.042790 (seg: 0.039259, rec: 0.003531)
2025-10-10 15:19:04,820 - DEBUG - Rank 4: Epoch 105/200 | Batch 0/65 | Loss: 0.034691 (seg: 0.027731, rec: 0.006961)
2025-10-10 15:19:23,251 - DEBUG - Rank 4: Epoch 105/200 | Batch 10/65 | Loss: 0.037666 (seg: 0.030637, rec: 0.007029)
2025-10-10 15:19:41,805 - DEBUG - Rank 4: Epoch 105/200 | Batch 20/65 | Loss: 0.034785 (seg: 0.028116, rec: 0.006668)
2025-10-10 15:20:00,438 - DEBUG - Rank 4: Epoch 105/200 | Batch 30/65 | Loss: 0.030551 (seg: 0.024149, rec: 0.006402)
2025-10-10 15:20:19,168 - DEBUG - Rank 4: Epoch 105/200 | Batch 40/65 | Loss: 0.047426 (seg: 0.041200, rec: 0.006226)
2025-10-10 15:20:37,744 - DEBUG - Rank 4: Epoch 105/200 | Batch 50/65 | Loss: 0.047800 (seg: 0.040923, rec: 0.006878)
2025-10-10 15:20:56,446 - DEBUG - Rank 4: Epoch 105/200 | Batch 60/65 | Loss: 0.058896 (seg: 0.052022, rec: 0.006874)
2025-10-10 15:21:04,030 - INFO - Rank 4: Epoch 105/200 | Avg Train Loss: 0.042493 (seg: 0.035485, rec: 0.007008)
2025-10-10 15:21:14,220 - INFO - Rank 4: Epoch 105/200 | Avg Val Loss: 0.042533 (seg: 0.039353, rec: 0.003180)
2025-10-10 15:21:18,502 - DEBUG - Rank 4: Epoch 106/200 | Batch 0/65 | Loss: 0.040756 (seg: 0.034385, rec: 0.006372)
2025-10-10 15:21:36,631 - DEBUG - Rank 4: Epoch 106/200 | Batch 10/65 | Loss: 0.029073 (seg: 0.022614, rec: 0.006460)
2025-10-10 15:21:55,029 - DEBUG - Rank 4: Epoch 106/200 | Batch 20/65 | Loss: 0.038646 (seg: 0.032406, rec: 0.006240)
2025-10-10 15:22:13,528 - DEBUG - Rank 4: Epoch 106/200 | Batch 30/65 | Loss: 0.040219 (seg: 0.032744, rec: 0.007475)
2025-10-10 15:22:31,927 - DEBUG - Rank 4: Epoch 106/200 | Batch 40/65 | Loss: 0.044859 (seg: 0.038029, rec: 0.006830)
2025-10-10 15:22:50,375 - DEBUG - Rank 4: Epoch 106/200 | Batch 50/65 | Loss: 0.043279 (seg: 0.037258, rec: 0.006021)
2025-10-10 15:23:08,729 - DEBUG - Rank 4: Epoch 106/200 | Batch 60/65 | Loss: 0.052597 (seg: 0.045434, rec: 0.007163)
2025-10-10 15:23:16,208 - INFO - Rank 4: Epoch 106/200 | Avg Train Loss: 0.041240 (seg: 0.034433, rec: 0.006807)
2025-10-10 15:23:26,153 - INFO - Rank 4: Epoch 106/200 | Avg Val Loss: 0.042007 (seg: 0.038722, rec: 0.003285)
2025-10-10 15:23:30,772 - DEBUG - Rank 4: Epoch 107/200 | Batch 0/65 | Loss: 0.047517 (seg: 0.041148, rec: 0.006368)
2025-10-10 15:23:48,531 - DEBUG - Rank 4: Epoch 107/200 | Batch 10/65 | Loss: 0.030758 (seg: 0.024486, rec: 0.006273)
2025-10-10 15:24:06,766 - DEBUG - Rank 4: Epoch 107/200 | Batch 20/65 | Loss: 0.060832 (seg: 0.054114, rec: 0.006718)
2025-10-10 15:24:25,118 - DEBUG - Rank 4: Epoch 107/200 | Batch 30/65 | Loss: 0.043220 (seg: 0.036683, rec: 0.006538)
2025-10-10 15:24:43,500 - DEBUG - Rank 4: Epoch 107/200 | Batch 40/65 | Loss: 0.033862 (seg: 0.026654, rec: 0.007208)
2025-10-10 15:25:01,884 - DEBUG - Rank 4: Epoch 107/200 | Batch 50/65 | Loss: 0.033160 (seg: 0.026500, rec: 0.006660)
2025-10-10 15:25:20,681 - DEBUG - Rank 4: Epoch 107/200 | Batch 60/65 | Loss: 0.040021 (seg: 0.033653, rec: 0.006368)
2025-10-10 15:25:28,144 - INFO - Rank 4: Epoch 107/200 | Avg Train Loss: 0.040966 (seg: 0.033965, rec: 0.007000)
2025-10-10 15:25:38,730 - INFO - Rank 4: Epoch 107/200 | Avg Val Loss: 0.043617 (seg: 0.039579, rec: 0.004038)
2025-10-10 15:25:44,231 - DEBUG - Rank 4: Epoch 108/200 | Batch 0/65 | Loss: 0.042095 (seg: 0.035254, rec: 0.006841)
2025-10-10 15:26:02,259 - DEBUG - Rank 4: Epoch 108/200 | Batch 10/65 | Loss: 0.040818 (seg: 0.034098, rec: 0.006720)
2025-10-10 15:26:20,428 - DEBUG - Rank 4: Epoch 108/200 | Batch 20/65 | Loss: 0.038908 (seg: 0.032357, rec: 0.006551)
2025-10-10 15:26:38,762 - DEBUG - Rank 4: Epoch 108/200 | Batch 30/65 | Loss: 0.042357 (seg: 0.035221, rec: 0.007136)
2025-10-10 15:26:57,066 - DEBUG - Rank 4: Epoch 108/200 | Batch 40/65 | Loss: 0.041305 (seg: 0.034909, rec: 0.006395)
2025-10-10 15:27:15,445 - DEBUG - Rank 4: Epoch 108/200 | Batch 50/65 | Loss: 0.032677 (seg: 0.026386, rec: 0.006291)
2025-10-10 15:27:33,858 - DEBUG - Rank 4: Epoch 108/200 | Batch 60/65 | Loss: 0.051940 (seg: 0.045235, rec: 0.006704)
2025-10-10 15:27:41,387 - INFO - Rank 4: Epoch 108/200 | Avg Train Loss: 0.041961 (seg: 0.035014, rec: 0.006947)
2025-10-10 15:27:52,358 - INFO - Rank 4: Epoch 108/200 | Avg Val Loss: 0.042795 (seg: 0.039377, rec: 0.003418)
2025-10-10 15:27:57,104 - DEBUG - Rank 4: Epoch 109/200 | Batch 0/65 | Loss: 0.045231 (seg: 0.038922, rec: 0.006309)
2025-10-10 15:28:15,009 - DEBUG - Rank 4: Epoch 109/200 | Batch 10/65 | Loss: 0.044589 (seg: 0.037812, rec: 0.006777)
2025-10-10 15:28:33,249 - DEBUG - Rank 4: Epoch 109/200 | Batch 20/65 | Loss: 0.040751 (seg: 0.035045, rec: 0.005706)
2025-10-10 15:28:51,550 - DEBUG - Rank 4: Epoch 109/200 | Batch 30/65 | Loss: 0.039836 (seg: 0.033522, rec: 0.006314)
2025-10-10 15:29:09,921 - DEBUG - Rank 4: Epoch 109/200 | Batch 40/65 | Loss: 0.030192 (seg: 0.023783, rec: 0.006409)
2025-10-10 15:29:28,356 - DEBUG - Rank 4: Epoch 109/200 | Batch 50/65 | Loss: 0.036008 (seg: 0.029554, rec: 0.006454)
2025-10-10 15:29:46,770 - DEBUG - Rank 4: Epoch 109/200 | Batch 60/65 | Loss: 0.040221 (seg: 0.033561, rec: 0.006660)
2025-10-10 15:29:54,231 - INFO - Rank 4: Epoch 109/200 | Avg Train Loss: 0.040955 (seg: 0.034026, rec: 0.006930)
2025-10-10 15:30:05,450 - INFO - Rank 4: Epoch 109/200 | Avg Val Loss: 0.041895 (seg: 0.038571, rec: 0.003324)
2025-10-10 15:30:05,451 - INFO - Rank 4: Received early stop signal
2025-10-10 15:30:05,451 - INFO - Rank 4: Early stopping triggered. Exiting training at epoch 109.
2025-10-10 15:30:05,451 - INFO - Rank 4: Training process completed
2025-10-10 15:30:05,666 - INFO - Rank 4: Process group destroyed
