2025-10-10 11:19:10,169 - INFO - Rank 3: Process group initialized by torchrun, world_size=5
2025-10-10 11:19:10,184 - INFO - Rank 3/5 using device: cuda:3 (local_rank=3)
2025-10-10 11:19:32,100 - INFO - Rank 3: Data loaders created | Train batches: 65, Val batches: 13
2025-10-10 11:20:09,332 - DEBUG - Rank 3: Epoch 1/200 | Batch 0/65 | Loss: 1.136106 (seg: 0.717593, rec: 0.418513)
2025-10-10 11:21:10,822 - DEBUG - Rank 3: Epoch 1/200 | Batch 10/65 | Loss: 0.906713 (seg: 0.712787, rec: 0.193925)
2025-10-10 11:22:33,760 - DEBUG - Rank 3: Epoch 1/200 | Batch 20/65 | Loss: 0.798703 (seg: 0.709917, rec: 0.088786)
2025-10-10 11:23:31,760 - DEBUG - Rank 3: Epoch 1/200 | Batch 30/65 | Loss: 0.764077 (seg: 0.708601, rec: 0.055475)
2025-10-10 11:24:56,565 - DEBUG - Rank 3: Epoch 1/200 | Batch 40/65 | Loss: 0.755983 (seg: 0.707926, rec: 0.048057)
2025-10-10 11:25:52,807 - DEBUG - Rank 3: Epoch 1/200 | Batch 50/65 | Loss: 0.745668 (seg: 0.707544, rec: 0.038124)
2025-10-10 11:27:07,114 - DEBUG - Rank 3: Epoch 1/200 | Batch 60/65 | Loss: 0.741831 (seg: 0.706605, rec: 0.035226)
2025-10-10 11:27:14,091 - INFO - Rank 3: Epoch 1/200 | Avg Train Loss: 0.810479 (seg: 0.709715, rec: 0.100764)
2025-10-10 11:28:52,621 - INFO - Rank 3: Epoch 1/200 | Avg Val Loss: 0.749615 (seg: 0.706792, rec: 0.042823)
2025-10-10 11:28:57,857 - DEBUG - Rank 3: Epoch 2/200 | Batch 0/65 | Loss: 0.740528 (seg: 0.706455, rec: 0.034073)
2025-10-10 11:29:15,279 - DEBUG - Rank 3: Epoch 2/200 | Batch 10/65 | Loss: 0.741205 (seg: 0.706754, rec: 0.034451)
2025-10-10 11:29:33,098 - DEBUG - Rank 3: Epoch 2/200 | Batch 20/65 | Loss: 0.740552 (seg: 0.706304, rec: 0.034248)
2025-10-10 11:29:51,220 - DEBUG - Rank 3: Epoch 2/200 | Batch 30/65 | Loss: 0.737191 (seg: 0.705632, rec: 0.031559)
2025-10-10 11:30:09,257 - DEBUG - Rank 3: Epoch 2/200 | Batch 40/65 | Loss: 0.735964 (seg: 0.704967, rec: 0.030997)
2025-10-10 11:30:27,271 - DEBUG - Rank 3: Epoch 2/200 | Batch 50/65 | Loss: 0.735499 (seg: 0.705726, rec: 0.029773)
2025-10-10 11:30:45,226 - DEBUG - Rank 3: Epoch 2/200 | Batch 60/65 | Loss: 0.734328 (seg: 0.705171, rec: 0.029157)
2025-10-10 11:30:52,560 - INFO - Rank 3: Epoch 2/200 | Avg Train Loss: 0.739248 (seg: 0.705921, rec: 0.033326)
2025-10-10 11:31:03,333 - INFO - Rank 3: Epoch 2/200 | Avg Val Loss: 0.721189 (seg: 0.704910, rec: 0.016279)
2025-10-10 11:31:08,107 - DEBUG - Rank 3: Epoch 3/200 | Batch 0/65 | Loss: 0.734041 (seg: 0.704640, rec: 0.029401)
2025-10-10 11:31:25,895 - DEBUG - Rank 3: Epoch 3/200 | Batch 10/65 | Loss: 0.733750 (seg: 0.705046, rec: 0.028704)
2025-10-10 11:31:43,860 - DEBUG - Rank 3: Epoch 3/200 | Batch 20/65 | Loss: 0.734106 (seg: 0.704679, rec: 0.029427)
2025-10-10 11:32:01,931 - DEBUG - Rank 3: Epoch 3/200 | Batch 30/65 | Loss: 0.730967 (seg: 0.704222, rec: 0.026745)
2025-10-10 11:32:19,912 - DEBUG - Rank 3: Epoch 3/200 | Batch 40/65 | Loss: 0.729299 (seg: 0.703402, rec: 0.025898)
2025-10-10 11:32:37,953 - DEBUG - Rank 3: Epoch 3/200 | Batch 50/65 | Loss: 0.730689 (seg: 0.704017, rec: 0.026671)
2025-10-10 11:32:55,908 - DEBUG - Rank 3: Epoch 3/200 | Batch 60/65 | Loss: 0.733684 (seg: 0.703911, rec: 0.029773)
2025-10-10 11:33:03,228 - INFO - Rank 3: Epoch 3/200 | Avg Train Loss: 0.732321 (seg: 0.704311, rec: 0.028010)
2025-10-10 11:33:14,005 - INFO - Rank 3: Epoch 3/200 | Avg Val Loss: 0.717769 (seg: 0.703461, rec: 0.014308)
2025-10-10 11:33:18,738 - DEBUG - Rank 3: Epoch 4/200 | Batch 0/65 | Loss: 0.732023 (seg: 0.702768, rec: 0.029255)
2025-10-10 11:33:36,541 - DEBUG - Rank 3: Epoch 4/200 | Batch 10/65 | Loss: 0.728425 (seg: 0.703372, rec: 0.025054)
2025-10-10 11:33:54,398 - DEBUG - Rank 3: Epoch 4/200 | Batch 20/65 | Loss: 0.730478 (seg: 0.703441, rec: 0.027037)
2025-10-10 11:34:12,195 - DEBUG - Rank 3: Epoch 4/200 | Batch 30/65 | Loss: 0.730190 (seg: 0.702928, rec: 0.027261)
2025-10-10 11:34:29,967 - DEBUG - Rank 3: Epoch 4/200 | Batch 40/65 | Loss: 0.729395 (seg: 0.703036, rec: 0.026359)
2025-10-10 11:34:47,880 - DEBUG - Rank 3: Epoch 4/200 | Batch 50/65 | Loss: 0.726860 (seg: 0.702527, rec: 0.024333)
2025-10-10 11:35:05,764 - DEBUG - Rank 3: Epoch 4/200 | Batch 60/65 | Loss: 0.728766 (seg: 0.702474, rec: 0.026292)
2025-10-10 11:35:13,098 - INFO - Rank 3: Epoch 4/200 | Avg Train Loss: 0.728652 (seg: 0.702998, rec: 0.025654)
2025-10-10 11:35:24,207 - INFO - Rank 3: Epoch 4/200 | Avg Val Loss: 0.715046 (seg: 0.702392, rec: 0.012654)
2025-10-10 11:35:29,281 - DEBUG - Rank 3: Epoch 5/200 | Batch 0/65 | Loss: 0.730303 (seg: 0.702807, rec: 0.027496)
2025-10-10 11:35:46,989 - DEBUG - Rank 3: Epoch 5/200 | Batch 10/65 | Loss: 0.728305 (seg: 0.702391, rec: 0.025915)
2025-10-10 11:36:04,878 - DEBUG - Rank 3: Epoch 5/200 | Batch 20/65 | Loss: 0.726729 (seg: 0.702354, rec: 0.024375)
2025-10-10 11:36:22,805 - DEBUG - Rank 3: Epoch 5/200 | Batch 30/65 | Loss: 0.726636 (seg: 0.702340, rec: 0.024297)
2025-10-10 11:36:40,784 - DEBUG - Rank 3: Epoch 5/200 | Batch 40/65 | Loss: 0.728799 (seg: 0.702241, rec: 0.026558)
2025-10-10 11:36:58,717 - DEBUG - Rank 3: Epoch 5/200 | Batch 50/65 | Loss: 0.728369 (seg: 0.701817, rec: 0.026552)
2025-10-10 11:37:16,703 - DEBUG - Rank 3: Epoch 5/200 | Batch 60/65 | Loss: 0.726852 (seg: 0.701707, rec: 0.025145)
2025-10-10 11:37:24,038 - INFO - Rank 3: Epoch 5/200 | Avg Train Loss: 0.726608 (seg: 0.702017, rec: 0.024591)
2025-10-10 11:37:34,617 - INFO - Rank 3: Epoch 5/200 | Avg Val Loss: 0.714837 (seg: 0.701511, rec: 0.013326)
2025-10-10 11:37:39,729 - DEBUG - Rank 3: Epoch 6/200 | Batch 0/65 | Loss: 0.726406 (seg: 0.701304, rec: 0.025102)
2025-10-10 11:37:57,376 - DEBUG - Rank 3: Epoch 6/200 | Batch 10/65 | Loss: 0.721774 (seg: 0.701541, rec: 0.020234)
2025-10-10 11:38:15,194 - DEBUG - Rank 3: Epoch 6/200 | Batch 20/65 | Loss: 0.723697 (seg: 0.701070, rec: 0.022627)
2025-10-10 11:38:33,172 - DEBUG - Rank 3: Epoch 6/200 | Batch 30/65 | Loss: 0.726069 (seg: 0.701095, rec: 0.024974)
2025-10-10 11:38:51,176 - DEBUG - Rank 3: Epoch 6/200 | Batch 40/65 | Loss: 0.720622 (seg: 0.701085, rec: 0.019538)
2025-10-10 11:39:08,937 - DEBUG - Rank 3: Epoch 6/200 | Batch 50/65 | Loss: 0.721478 (seg: 0.701024, rec: 0.020454)
2025-10-10 11:39:26,792 - DEBUG - Rank 3: Epoch 6/200 | Batch 60/65 | Loss: 0.722275 (seg: 0.700687, rec: 0.021588)
2025-10-10 11:39:34,050 - INFO - Rank 3: Epoch 6/200 | Avg Train Loss: 0.723239 (seg: 0.701114, rec: 0.022125)
2025-10-10 11:39:44,952 - INFO - Rank 3: Epoch 6/200 | Avg Val Loss: 0.710701 (seg: 0.700421, rec: 0.010280)
2025-10-10 11:39:50,383 - DEBUG - Rank 3: Epoch 7/200 | Batch 0/65 | Loss: 0.722577 (seg: 0.701122, rec: 0.021455)
2025-10-10 11:40:08,197 - DEBUG - Rank 3: Epoch 7/200 | Batch 10/65 | Loss: 0.719789 (seg: 0.699904, rec: 0.019886)
2025-10-10 11:40:26,211 - DEBUG - Rank 3: Epoch 7/200 | Batch 20/65 | Loss: 0.725160 (seg: 0.700251, rec: 0.024909)
2025-10-10 11:40:44,353 - DEBUG - Rank 3: Epoch 7/200 | Batch 30/65 | Loss: 0.720158 (seg: 0.698924, rec: 0.021234)
2025-10-10 11:41:02,505 - DEBUG - Rank 3: Epoch 7/200 | Batch 40/65 | Loss: 0.724247 (seg: 0.699720, rec: 0.024526)
2025-10-10 11:41:20,608 - DEBUG - Rank 3: Epoch 7/200 | Batch 50/65 | Loss: 0.721099 (seg: 0.700531, rec: 0.020568)
2025-10-10 11:41:38,733 - DEBUG - Rank 3: Epoch 7/200 | Batch 60/65 | Loss: 0.720552 (seg: 0.700340, rec: 0.020212)
2025-10-10 11:41:46,049 - INFO - Rank 3: Epoch 7/200 | Avg Train Loss: 0.721367 (seg: 0.700141, rec: 0.021227)
2025-10-10 11:41:59,372 - INFO - Rank 3: Epoch 7/200 | Avg Val Loss: 0.708951 (seg: 0.699690, rec: 0.009260)
2025-10-10 11:42:04,180 - DEBUG - Rank 3: Epoch 8/200 | Batch 0/65 | Loss: 0.717719 (seg: 0.699399, rec: 0.018320)
2025-10-10 11:42:21,730 - DEBUG - Rank 3: Epoch 8/200 | Batch 10/65 | Loss: 0.722022 (seg: 0.700319, rec: 0.021703)
2025-10-10 11:42:39,677 - DEBUG - Rank 3: Epoch 8/200 | Batch 20/65 | Loss: 0.717450 (seg: 0.700034, rec: 0.017417)
2025-10-10 11:42:57,652 - DEBUG - Rank 3: Epoch 8/200 | Batch 30/65 | Loss: 0.716737 (seg: 0.699295, rec: 0.017442)
2025-10-10 11:43:15,682 - DEBUG - Rank 3: Epoch 8/200 | Batch 40/65 | Loss: 0.716590 (seg: 0.698316, rec: 0.018274)
2025-10-10 11:43:33,668 - DEBUG - Rank 3: Epoch 8/200 | Batch 50/65 | Loss: 0.718706 (seg: 0.699648, rec: 0.019058)
2025-10-10 11:43:51,644 - DEBUG - Rank 3: Epoch 8/200 | Batch 60/65 | Loss: 0.719907 (seg: 0.698865, rec: 0.021042)
2025-10-10 11:43:58,929 - INFO - Rank 3: Epoch 8/200 | Avg Train Loss: 0.718789 (seg: 0.699477, rec: 0.019311)
2025-10-10 11:44:09,136 - INFO - Rank 3: Epoch 8/200 | Avg Val Loss: 0.708139 (seg: 0.698848, rec: 0.009291)
2025-10-10 11:44:13,579 - DEBUG - Rank 3: Epoch 9/200 | Batch 0/65 | Loss: 0.720494 (seg: 0.699071, rec: 0.021423)
2025-10-10 11:44:31,248 - DEBUG - Rank 3: Epoch 9/200 | Batch 10/65 | Loss: 0.718549 (seg: 0.699165, rec: 0.019384)
2025-10-10 11:44:49,207 - DEBUG - Rank 3: Epoch 9/200 | Batch 20/65 | Loss: 0.716704 (seg: 0.698104, rec: 0.018600)
2025-10-10 11:45:07,262 - DEBUG - Rank 3: Epoch 9/200 | Batch 30/65 | Loss: 0.715317 (seg: 0.696482, rec: 0.018834)
2025-10-10 11:45:25,291 - DEBUG - Rank 3: Epoch 9/200 | Batch 40/65 | Loss: 0.716072 (seg: 0.698988, rec: 0.017084)
2025-10-10 11:45:43,355 - DEBUG - Rank 3: Epoch 9/200 | Batch 50/65 | Loss: 0.714452 (seg: 0.696857, rec: 0.017595)
2025-10-10 11:46:01,409 - DEBUG - Rank 3: Epoch 9/200 | Batch 60/65 | Loss: 0.715121 (seg: 0.698616, rec: 0.016505)
2025-10-10 11:46:08,748 - INFO - Rank 3: Epoch 9/200 | Avg Train Loss: 0.717156 (seg: 0.698728, rec: 0.018427)
2025-10-10 11:46:18,261 - INFO - Rank 3: Epoch 9/200 | Avg Val Loss: 0.707316 (seg: 0.698040, rec: 0.009277)
2025-10-10 11:46:23,139 - DEBUG - Rank 3: Epoch 10/200 | Batch 0/65 | Loss: 0.716257 (seg: 0.698168, rec: 0.018089)
2025-10-10 11:46:40,838 - DEBUG - Rank 3: Epoch 10/200 | Batch 10/65 | Loss: 0.716967 (seg: 0.697735, rec: 0.019232)
2025-10-10 11:46:59,242 - DEBUG - Rank 3: Epoch 10/200 | Batch 20/65 | Loss: 0.715585 (seg: 0.698247, rec: 0.017339)
2025-10-10 11:47:17,465 - DEBUG - Rank 3: Epoch 10/200 | Batch 30/65 | Loss: 0.713838 (seg: 0.698018, rec: 0.015820)
2025-10-10 11:47:35,617 - DEBUG - Rank 3: Epoch 10/200 | Batch 40/65 | Loss: 0.717195 (seg: 0.698788, rec: 0.018407)
2025-10-10 11:47:53,760 - DEBUG - Rank 3: Epoch 10/200 | Batch 50/65 | Loss: 0.713659 (seg: 0.697582, rec: 0.016076)
2025-10-10 11:48:11,821 - DEBUG - Rank 3: Epoch 10/200 | Batch 60/65 | Loss: 0.712737 (seg: 0.698408, rec: 0.014329)
2025-10-10 11:48:19,171 - INFO - Rank 3: Epoch 10/200 | Avg Train Loss: 0.715137 (seg: 0.697813, rec: 0.017324)
2025-10-10 11:48:29,869 - INFO - Rank 3: Epoch 10/200 | Avg Val Loss: 0.703991 (seg: 0.697020, rec: 0.006971)
2025-10-10 11:48:34,689 - DEBUG - Rank 3: Epoch 11/200 | Batch 0/65 | Loss: 0.714116 (seg: 0.697377, rec: 0.016739)
2025-10-10 11:48:52,142 - DEBUG - Rank 3: Epoch 11/200 | Batch 10/65 | Loss: 0.718111 (seg: 0.698947, rec: 0.019165)
2025-10-10 11:49:10,092 - DEBUG - Rank 3: Epoch 11/200 | Batch 20/65 | Loss: 0.709711 (seg: 0.694555, rec: 0.015156)
2025-10-10 11:49:28,114 - DEBUG - Rank 3: Epoch 11/200 | Batch 30/65 | Loss: 0.709744 (seg: 0.692955, rec: 0.016789)
2025-10-10 11:49:46,155 - DEBUG - Rank 3: Epoch 11/200 | Batch 40/65 | Loss: 0.713789 (seg: 0.696271, rec: 0.017519)
2025-10-10 11:50:04,218 - DEBUG - Rank 3: Epoch 11/200 | Batch 50/65 | Loss: 0.711140 (seg: 0.696766, rec: 0.014374)
2025-10-10 11:50:22,294 - DEBUG - Rank 3: Epoch 11/200 | Batch 60/65 | Loss: 0.710707 (seg: 0.696203, rec: 0.014503)
2025-10-10 11:50:29,597 - INFO - Rank 3: Epoch 11/200 | Avg Train Loss: 0.712647 (seg: 0.696625, rec: 0.016022)
2025-10-10 11:50:40,239 - INFO - Rank 3: Epoch 11/200 | Avg Val Loss: 0.702102 (seg: 0.695693, rec: 0.006410)
2025-10-10 11:50:44,992 - DEBUG - Rank 3: Epoch 12/200 | Batch 0/65 | Loss: 0.712478 (seg: 0.696785, rec: 0.015693)
2025-10-10 11:51:02,640 - DEBUG - Rank 3: Epoch 12/200 | Batch 10/65 | Loss: 0.710493 (seg: 0.697087, rec: 0.013405)
2025-10-10 11:51:20,612 - DEBUG - Rank 3: Epoch 12/200 | Batch 20/65 | Loss: 0.713557 (seg: 0.695785, rec: 0.017772)
2025-10-10 11:51:38,673 - DEBUG - Rank 3: Epoch 12/200 | Batch 30/65 | Loss: 0.709904 (seg: 0.693771, rec: 0.016132)
2025-10-10 11:51:56,761 - DEBUG - Rank 3: Epoch 12/200 | Batch 40/65 | Loss: 0.709156 (seg: 0.693313, rec: 0.015842)
2025-10-10 11:52:14,843 - DEBUG - Rank 3: Epoch 12/200 | Batch 50/65 | Loss: 0.704014 (seg: 0.689098, rec: 0.014915)
2025-10-10 11:52:32,907 - DEBUG - Rank 3: Epoch 12/200 | Batch 60/65 | Loss: 0.710161 (seg: 0.693261, rec: 0.016900)
2025-10-10 11:52:40,244 - INFO - Rank 3: Epoch 12/200 | Avg Train Loss: 0.710477 (seg: 0.695076, rec: 0.015401)
2025-10-10 11:52:50,124 - INFO - Rank 3: Epoch 12/200 | Avg Val Loss: 0.699964 (seg: 0.693018, rec: 0.006946)
2025-10-10 11:52:54,638 - DEBUG - Rank 3: Epoch 13/200 | Batch 0/65 | Loss: 0.709545 (seg: 0.692272, rec: 0.017273)
2025-10-10 11:53:12,202 - DEBUG - Rank 3: Epoch 13/200 | Batch 10/65 | Loss: 0.710692 (seg: 0.694498, rec: 0.016193)
2025-10-10 11:53:30,805 - DEBUG - Rank 3: Epoch 13/200 | Batch 20/65 | Loss: 0.709407 (seg: 0.695170, rec: 0.014238)
2025-10-10 11:53:48,865 - DEBUG - Rank 3: Epoch 13/200 | Batch 30/65 | Loss: 0.707954 (seg: 0.692027, rec: 0.015927)
2025-10-10 11:54:06,982 - DEBUG - Rank 3: Epoch 13/200 | Batch 40/65 | Loss: 0.701779 (seg: 0.688323, rec: 0.013456)
2025-10-10 11:54:25,067 - DEBUG - Rank 3: Epoch 13/200 | Batch 50/65 | Loss: 0.702151 (seg: 0.687942, rec: 0.014209)
2025-10-10 11:54:43,252 - DEBUG - Rank 3: Epoch 13/200 | Batch 60/65 | Loss: 0.706796 (seg: 0.692241, rec: 0.014555)
2025-10-10 11:54:50,641 - INFO - Rank 3: Epoch 13/200 | Avg Train Loss: 0.707049 (seg: 0.692452, rec: 0.014596)
2025-10-10 11:55:00,594 - INFO - Rank 3: Epoch 13/200 | Avg Val Loss: 0.694826 (seg: 0.687621, rec: 0.007205)
2025-10-10 11:55:05,882 - DEBUG - Rank 3: Epoch 14/200 | Batch 0/65 | Loss: 0.703199 (seg: 0.687698, rec: 0.015502)
2025-10-10 11:55:23,521 - DEBUG - Rank 3: Epoch 14/200 | Batch 10/65 | Loss: 0.700395 (seg: 0.686884, rec: 0.013511)
2025-10-10 11:55:41,845 - DEBUG - Rank 3: Epoch 14/200 | Batch 20/65 | Loss: 0.701556 (seg: 0.686830, rec: 0.014726)
2025-10-10 11:55:59,964 - DEBUG - Rank 3: Epoch 14/200 | Batch 30/65 | Loss: 0.699923 (seg: 0.685704, rec: 0.014219)
2025-10-10 11:56:18,102 - DEBUG - Rank 3: Epoch 14/200 | Batch 40/65 | Loss: 0.703395 (seg: 0.690559, rec: 0.012836)
2025-10-10 11:56:36,369 - DEBUG - Rank 3: Epoch 14/200 | Batch 50/65 | Loss: 0.702644 (seg: 0.687463, rec: 0.015181)
2025-10-10 11:56:54,774 - DEBUG - Rank 3: Epoch 14/200 | Batch 60/65 | Loss: 0.696297 (seg: 0.683271, rec: 0.013026)
2025-10-10 11:57:02,199 - INFO - Rank 3: Epoch 14/200 | Avg Train Loss: 0.698336 (seg: 0.684405, rec: 0.013930)
2025-10-10 11:57:13,513 - INFO - Rank 3: Epoch 14/200 | Avg Val Loss: 0.670793 (seg: 0.663344, rec: 0.007449)
2025-10-10 11:57:18,385 - DEBUG - Rank 3: Epoch 15/200 | Batch 0/65 | Loss: 0.690116 (seg: 0.676696, rec: 0.013420)
2025-10-10 11:57:36,258 - DEBUG - Rank 3: Epoch 15/200 | Batch 10/65 | Loss: 0.678156 (seg: 0.664474, rec: 0.013683)
2025-10-10 11:57:54,546 - DEBUG - Rank 3: Epoch 15/200 | Batch 20/65 | Loss: 0.689944 (seg: 0.676402, rec: 0.013543)
2025-10-10 11:58:13,016 - DEBUG - Rank 3: Epoch 15/200 | Batch 30/65 | Loss: 0.675078 (seg: 0.663784, rec: 0.011294)
2025-10-10 11:58:31,547 - DEBUG - Rank 3: Epoch 15/200 | Batch 40/65 | Loss: 0.664376 (seg: 0.651907, rec: 0.012469)
2025-10-10 11:58:50,073 - DEBUG - Rank 3: Epoch 15/200 | Batch 50/65 | Loss: 0.654574 (seg: 0.641777, rec: 0.012796)
2025-10-10 11:59:08,406 - DEBUG - Rank 3: Epoch 15/200 | Batch 60/65 | Loss: 0.650098 (seg: 0.638433, rec: 0.011665)
2025-10-10 11:59:15,934 - INFO - Rank 3: Epoch 15/200 | Avg Train Loss: 0.669523 (seg: 0.656509, rec: 0.013015)
2025-10-10 11:59:26,499 - INFO - Rank 3: Epoch 15/200 | Avg Val Loss: 0.599073 (seg: 0.590969, rec: 0.008104)
2025-10-10 11:59:31,578 - DEBUG - Rank 3: Epoch 16/200 | Batch 0/65 | Loss: 0.675169 (seg: 0.662586, rec: 0.012582)
2025-10-10 11:59:49,616 - DEBUG - Rank 3: Epoch 16/200 | Batch 10/65 | Loss: 0.644499 (seg: 0.630230, rec: 0.014270)
2025-10-10 12:00:07,947 - DEBUG - Rank 3: Epoch 16/200 | Batch 20/65 | Loss: 0.602491 (seg: 0.585386, rec: 0.017105)
2025-10-10 12:00:26,323 - DEBUG - Rank 3: Epoch 16/200 | Batch 30/65 | Loss: 0.567095 (seg: 0.552143, rec: 0.014952)
2025-10-10 12:00:44,745 - DEBUG - Rank 3: Epoch 16/200 | Batch 40/65 | Loss: 0.468377 (seg: 0.455521, rec: 0.012856)
2025-10-10 12:01:02,992 - DEBUG - Rank 3: Epoch 16/200 | Batch 50/65 | Loss: 0.499222 (seg: 0.484556, rec: 0.014666)
2025-10-10 12:01:21,255 - DEBUG - Rank 3: Epoch 16/200 | Batch 60/65 | Loss: 0.532569 (seg: 0.520920, rec: 0.011650)
2025-10-10 12:01:28,688 - INFO - Rank 3: Epoch 16/200 | Avg Train Loss: 0.566929 (seg: 0.553945, rec: 0.012985)
2025-10-10 12:01:38,693 - INFO - Rank 3: Epoch 16/200 | Avg Val Loss: 0.388434 (seg: 0.381689, rec: 0.006745)
2025-10-10 12:01:43,537 - DEBUG - Rank 3: Epoch 17/200 | Batch 0/65 | Loss: 0.560457 (seg: 0.548285, rec: 0.012172)
2025-10-10 12:02:01,308 - DEBUG - Rank 3: Epoch 17/200 | Batch 10/65 | Loss: 0.497178 (seg: 0.482792, rec: 0.014386)
2025-10-10 12:02:19,472 - DEBUG - Rank 3: Epoch 17/200 | Batch 20/65 | Loss: 0.418591 (seg: 0.404861, rec: 0.013730)
2025-10-10 12:02:37,659 - DEBUG - Rank 3: Epoch 17/200 | Batch 30/65 | Loss: 0.441085 (seg: 0.428644, rec: 0.012441)
2025-10-10 12:02:55,840 - DEBUG - Rank 3: Epoch 17/200 | Batch 40/65 | Loss: 0.419420 (seg: 0.406216, rec: 0.013204)
2025-10-10 12:03:14,151 - DEBUG - Rank 3: Epoch 17/200 | Batch 50/65 | Loss: 0.276588 (seg: 0.263016, rec: 0.013572)
2025-10-10 12:03:33,393 - DEBUG - Rank 3: Epoch 17/200 | Batch 60/65 | Loss: 0.220458 (seg: 0.207383, rec: 0.013075)
2025-10-10 12:03:41,317 - INFO - Rank 3: Epoch 17/200 | Avg Train Loss: 0.380127 (seg: 0.367062, rec: 0.013065)
2025-10-10 12:03:51,944 - INFO - Rank 3: Epoch 17/200 | Avg Val Loss: 0.220723 (seg: 0.212836, rec: 0.007887)
2025-10-10 12:03:56,781 - DEBUG - Rank 3: Epoch 18/200 | Batch 0/65 | Loss: 0.348762 (seg: 0.335525, rec: 0.013238)
2025-10-10 12:04:14,551 - DEBUG - Rank 3: Epoch 18/200 | Batch 10/65 | Loss: 0.366787 (seg: 0.350379, rec: 0.016408)
2025-10-10 12:04:32,823 - DEBUG - Rank 3: Epoch 18/200 | Batch 20/65 | Loss: 0.198457 (seg: 0.187571, rec: 0.010886)
2025-10-10 12:04:51,187 - DEBUG - Rank 3: Epoch 18/200 | Batch 30/65 | Loss: 0.229627 (seg: 0.214670, rec: 0.014958)
2025-10-10 12:05:09,372 - DEBUG - Rank 3: Epoch 18/200 | Batch 40/65 | Loss: 0.170694 (seg: 0.158155, rec: 0.012540)
2025-10-10 12:05:27,510 - DEBUG - Rank 3: Epoch 18/200 | Batch 50/65 | Loss: 0.174321 (seg: 0.162049, rec: 0.012272)
2025-10-10 12:05:45,612 - DEBUG - Rank 3: Epoch 18/200 | Batch 60/65 | Loss: 0.173148 (seg: 0.157926, rec: 0.015222)
2025-10-10 12:05:52,964 - INFO - Rank 3: Epoch 18/200 | Avg Train Loss: 0.259977 (seg: 0.247605, rec: 0.012372)
2025-10-10 12:06:03,377 - INFO - Rank 3: Epoch 18/200 | Avg Val Loss: 0.143759 (seg: 0.137350, rec: 0.006409)
2025-10-10 12:06:08,224 - DEBUG - Rank 3: Epoch 19/200 | Batch 0/65 | Loss: 0.218705 (seg: 0.207493, rec: 0.011212)
2025-10-10 12:06:26,141 - DEBUG - Rank 3: Epoch 19/200 | Batch 10/65 | Loss: 0.210332 (seg: 0.197256, rec: 0.013076)
2025-10-10 12:06:44,576 - DEBUG - Rank 3: Epoch 19/200 | Batch 20/65 | Loss: 0.188234 (seg: 0.174924, rec: 0.013309)
2025-10-10 12:07:02,763 - DEBUG - Rank 3: Epoch 19/200 | Batch 30/65 | Loss: 0.172227 (seg: 0.160943, rec: 0.011284)
2025-10-10 12:07:21,079 - DEBUG - Rank 3: Epoch 19/200 | Batch 40/65 | Loss: 0.182561 (seg: 0.171329, rec: 0.011232)
2025-10-10 12:07:39,493 - DEBUG - Rank 3: Epoch 19/200 | Batch 50/65 | Loss: 0.210400 (seg: 0.198642, rec: 0.011758)
2025-10-10 12:07:57,783 - DEBUG - Rank 3: Epoch 19/200 | Batch 60/65 | Loss: 0.245007 (seg: 0.233238, rec: 0.011769)
2025-10-10 12:08:05,265 - INFO - Rank 3: Epoch 19/200 | Avg Train Loss: 0.183481 (seg: 0.171546, rec: 0.011935)
2025-10-10 12:08:16,172 - INFO - Rank 3: Epoch 19/200 | Avg Val Loss: 0.110116 (seg: 0.103622, rec: 0.006494)
2025-10-10 12:08:21,152 - DEBUG - Rank 3: Epoch 20/200 | Batch 0/65 | Loss: 0.140159 (seg: 0.129109, rec: 0.011050)
2025-10-10 12:08:38,860 - DEBUG - Rank 3: Epoch 20/200 | Batch 10/65 | Loss: 0.145169 (seg: 0.132275, rec: 0.012893)
2025-10-10 12:08:57,021 - DEBUG - Rank 3: Epoch 20/200 | Batch 20/65 | Loss: 0.155108 (seg: 0.143727, rec: 0.011381)
2025-10-10 12:09:15,351 - DEBUG - Rank 3: Epoch 20/200 | Batch 30/65 | Loss: 0.196944 (seg: 0.186082, rec: 0.010862)
2025-10-10 12:09:33,688 - DEBUG - Rank 3: Epoch 20/200 | Batch 40/65 | Loss: 0.131456 (seg: 0.119550, rec: 0.011905)
2025-10-10 12:09:51,945 - DEBUG - Rank 3: Epoch 20/200 | Batch 50/65 | Loss: 0.112034 (seg: 0.098461, rec: 0.013574)
2025-10-10 12:10:10,249 - DEBUG - Rank 3: Epoch 20/200 | Batch 60/65 | Loss: 0.142652 (seg: 0.130985, rec: 0.011668)
2025-10-10 12:10:17,723 - INFO - Rank 3: Epoch 20/200 | Avg Train Loss: 0.148325 (seg: 0.136265, rec: 0.012061)
2025-10-10 12:10:28,527 - INFO - Rank 3: Epoch 20/200 | Avg Val Loss: 0.093316 (seg: 0.087439, rec: 0.005877)
2025-10-10 12:10:33,395 - DEBUG - Rank 3: Epoch 21/200 | Batch 0/65 | Loss: 0.121700 (seg: 0.110176, rec: 0.011524)
2025-10-10 12:10:51,918 - DEBUG - Rank 3: Epoch 21/200 | Batch 10/65 | Loss: 0.157838 (seg: 0.143906, rec: 0.013932)
2025-10-10 12:11:10,581 - DEBUG - Rank 3: Epoch 21/200 | Batch 20/65 | Loss: 0.174397 (seg: 0.162385, rec: 0.012012)
2025-10-10 12:11:28,870 - DEBUG - Rank 3: Epoch 21/200 | Batch 30/65 | Loss: 0.097661 (seg: 0.087125, rec: 0.010536)
2025-10-10 12:11:47,827 - DEBUG - Rank 3: Epoch 21/200 | Batch 40/65 | Loss: 0.130645 (seg: 0.119720, rec: 0.010925)
2025-10-10 12:12:06,167 - DEBUG - Rank 3: Epoch 21/200 | Batch 50/65 | Loss: 0.132096 (seg: 0.119379, rec: 0.012716)
2025-10-10 12:12:24,454 - DEBUG - Rank 3: Epoch 21/200 | Batch 60/65 | Loss: 0.138181 (seg: 0.126612, rec: 0.011569)
2025-10-10 12:12:31,906 - INFO - Rank 3: Epoch 21/200 | Avg Train Loss: 0.128073 (seg: 0.116415, rec: 0.011658)
2025-10-10 12:12:41,529 - INFO - Rank 3: Epoch 21/200 | Avg Val Loss: 0.086282 (seg: 0.079898, rec: 0.006384)
2025-10-10 12:12:46,008 - DEBUG - Rank 3: Epoch 22/200 | Batch 0/65 | Loss: 0.102077 (seg: 0.091221, rec: 0.010856)
2025-10-10 12:13:03,781 - DEBUG - Rank 3: Epoch 22/200 | Batch 10/65 | Loss: 0.096316 (seg: 0.085664, rec: 0.010652)
2025-10-10 12:13:22,104 - DEBUG - Rank 3: Epoch 22/200 | Batch 20/65 | Loss: 0.135328 (seg: 0.124280, rec: 0.011048)
2025-10-10 12:13:40,538 - DEBUG - Rank 3: Epoch 22/200 | Batch 30/65 | Loss: 0.083285 (seg: 0.072171, rec: 0.011114)
2025-10-10 12:13:59,038 - DEBUG - Rank 3: Epoch 22/200 | Batch 40/65 | Loss: 0.093124 (seg: 0.081617, rec: 0.011508)
2025-10-10 12:14:17,481 - DEBUG - Rank 3: Epoch 22/200 | Batch 50/65 | Loss: 0.108626 (seg: 0.097879, rec: 0.010747)
2025-10-10 12:14:35,926 - DEBUG - Rank 3: Epoch 22/200 | Batch 60/65 | Loss: 0.104076 (seg: 0.092659, rec: 0.011418)
2025-10-10 12:14:43,413 - INFO - Rank 3: Epoch 22/200 | Avg Train Loss: 0.112777 (seg: 0.101626, rec: 0.011152)
2025-10-10 12:15:01,937 - INFO - Rank 3: Epoch 22/200 | Avg Val Loss: 0.077110 (seg: 0.071995, rec: 0.005115)
2025-10-10 12:15:08,189 - DEBUG - Rank 3: Epoch 23/200 | Batch 0/65 | Loss: 0.114950 (seg: 0.104595, rec: 0.010354)
2025-10-10 12:15:25,927 - DEBUG - Rank 3: Epoch 23/200 | Batch 10/65 | Loss: 0.076053 (seg: 0.064921, rec: 0.011132)
2025-10-10 12:15:44,344 - DEBUG - Rank 3: Epoch 23/200 | Batch 20/65 | Loss: 0.086474 (seg: 0.075580, rec: 0.010894)
2025-10-10 12:16:02,715 - DEBUG - Rank 3: Epoch 23/200 | Batch 30/65 | Loss: 0.109073 (seg: 0.097073, rec: 0.012000)
2025-10-10 12:16:21,224 - DEBUG - Rank 3: Epoch 23/200 | Batch 40/65 | Loss: 0.086522 (seg: 0.072875, rec: 0.013646)
2025-10-10 12:16:39,560 - DEBUG - Rank 3: Epoch 23/200 | Batch 50/65 | Loss: 0.082699 (seg: 0.071000, rec: 0.011700)
2025-10-10 12:16:57,696 - DEBUG - Rank 3: Epoch 23/200 | Batch 60/65 | Loss: 0.106998 (seg: 0.097237, rec: 0.009761)
2025-10-10 12:17:05,122 - INFO - Rank 3: Epoch 23/200 | Avg Train Loss: 0.104602 (seg: 0.093097, rec: 0.011505)
2025-10-10 12:17:16,062 - INFO - Rank 3: Epoch 23/200 | Avg Val Loss: 0.072058 (seg: 0.067013, rec: 0.005045)
2025-10-10 12:17:20,605 - DEBUG - Rank 3: Epoch 24/200 | Batch 0/65 | Loss: 0.089738 (seg: 0.078614, rec: 0.011124)
2025-10-10 12:17:38,211 - DEBUG - Rank 3: Epoch 24/200 | Batch 10/65 | Loss: 0.129661 (seg: 0.118080, rec: 0.011581)
2025-10-10 12:17:56,326 - DEBUG - Rank 3: Epoch 24/200 | Batch 20/65 | Loss: 0.092023 (seg: 0.081161, rec: 0.010862)
2025-10-10 12:18:14,502 - DEBUG - Rank 3: Epoch 24/200 | Batch 30/65 | Loss: 0.066420 (seg: 0.056832, rec: 0.009588)
2025-10-10 12:18:32,778 - DEBUG - Rank 3: Epoch 24/200 | Batch 40/65 | Loss: 0.080493 (seg: 0.068244, rec: 0.012249)
2025-10-10 12:18:50,973 - DEBUG - Rank 3: Epoch 24/200 | Batch 50/65 | Loss: 0.126957 (seg: 0.115919, rec: 0.011038)
2025-10-10 12:19:09,322 - DEBUG - Rank 3: Epoch 24/200 | Batch 60/65 | Loss: 0.087474 (seg: 0.075666, rec: 0.011808)
2025-10-10 12:19:16,677 - INFO - Rank 3: Epoch 24/200 | Avg Train Loss: 0.098859 (seg: 0.087651, rec: 0.011208)
2025-10-10 12:19:26,967 - INFO - Rank 3: Epoch 24/200 | Avg Val Loss: 0.074079 (seg: 0.068459, rec: 0.005620)
2025-10-10 12:19:31,608 - DEBUG - Rank 3: Epoch 25/200 | Batch 0/65 | Loss: 0.081993 (seg: 0.071362, rec: 0.010632)
2025-10-10 12:19:49,362 - DEBUG - Rank 3: Epoch 25/200 | Batch 10/65 | Loss: 0.086032 (seg: 0.075011, rec: 0.011021)
2025-10-10 12:20:07,437 - DEBUG - Rank 3: Epoch 25/200 | Batch 20/65 | Loss: 0.070917 (seg: 0.060157, rec: 0.010761)
2025-10-10 12:20:25,757 - DEBUG - Rank 3: Epoch 25/200 | Batch 30/65 | Loss: 0.097127 (seg: 0.086837, rec: 0.010290)
2025-10-10 12:20:44,070 - DEBUG - Rank 3: Epoch 25/200 | Batch 40/65 | Loss: 0.091137 (seg: 0.080730, rec: 0.010407)
2025-10-10 12:21:02,247 - DEBUG - Rank 3: Epoch 25/200 | Batch 50/65 | Loss: 0.099815 (seg: 0.088440, rec: 0.011375)
2025-10-10 12:21:20,452 - DEBUG - Rank 3: Epoch 25/200 | Batch 60/65 | Loss: 0.098831 (seg: 0.088291, rec: 0.010540)
2025-10-10 12:21:27,907 - INFO - Rank 3: Epoch 25/200 | Avg Train Loss: 0.096233 (seg: 0.085565, rec: 0.010668)
2025-10-10 12:21:38,014 - INFO - Rank 3: Epoch 25/200 | Avg Val Loss: 0.070756 (seg: 0.065039, rec: 0.005717)
2025-10-10 12:21:43,010 - DEBUG - Rank 3: Epoch 26/200 | Batch 0/65 | Loss: 0.078120 (seg: 0.067563, rec: 0.010558)
2025-10-10 12:22:00,558 - DEBUG - Rank 3: Epoch 26/200 | Batch 10/65 | Loss: 0.085214 (seg: 0.073737, rec: 0.011477)
2025-10-10 12:22:18,614 - DEBUG - Rank 3: Epoch 26/200 | Batch 20/65 | Loss: 0.109170 (seg: 0.098990, rec: 0.010180)
2025-10-10 12:22:36,818 - DEBUG - Rank 3: Epoch 26/200 | Batch 30/65 | Loss: 0.080070 (seg: 0.070424, rec: 0.009647)
2025-10-10 12:22:55,111 - DEBUG - Rank 3: Epoch 26/200 | Batch 40/65 | Loss: 0.158667 (seg: 0.148991, rec: 0.009676)
2025-10-10 12:23:13,464 - DEBUG - Rank 3: Epoch 26/200 | Batch 50/65 | Loss: 0.078805 (seg: 0.069091, rec: 0.009714)
2025-10-10 12:23:32,288 - DEBUG - Rank 3: Epoch 26/200 | Batch 60/65 | Loss: 0.066806 (seg: 0.056373, rec: 0.010433)
2025-10-10 12:23:39,677 - INFO - Rank 3: Epoch 26/200 | Avg Train Loss: 0.091303 (seg: 0.080669, rec: 0.010634)
2025-10-10 12:23:49,741 - INFO - Rank 3: Epoch 26/200 | Avg Val Loss: 0.066664 (seg: 0.061006, rec: 0.005658)
2025-10-10 12:23:54,484 - DEBUG - Rank 3: Epoch 27/200 | Batch 0/65 | Loss: 0.098423 (seg: 0.088459, rec: 0.009963)
2025-10-10 12:24:12,218 - DEBUG - Rank 3: Epoch 27/200 | Batch 10/65 | Loss: 0.081319 (seg: 0.071690, rec: 0.009629)
2025-10-10 12:24:30,503 - DEBUG - Rank 3: Epoch 27/200 | Batch 20/65 | Loss: 0.096520 (seg: 0.086506, rec: 0.010014)
2025-10-10 12:24:48,962 - DEBUG - Rank 3: Epoch 27/200 | Batch 30/65 | Loss: 0.126392 (seg: 0.116063, rec: 0.010329)
2025-10-10 12:25:07,457 - DEBUG - Rank 3: Epoch 27/200 | Batch 40/65 | Loss: 0.080168 (seg: 0.068081, rec: 0.012087)
2025-10-10 12:25:25,953 - DEBUG - Rank 3: Epoch 27/200 | Batch 50/65 | Loss: 0.089656 (seg: 0.079761, rec: 0.009894)
2025-10-10 12:25:44,485 - DEBUG - Rank 3: Epoch 27/200 | Batch 60/65 | Loss: 0.082726 (seg: 0.073185, rec: 0.009541)
2025-10-10 12:25:51,995 - INFO - Rank 3: Epoch 27/200 | Avg Train Loss: 0.084964 (seg: 0.074648, rec: 0.010317)
2025-10-10 12:26:02,866 - INFO - Rank 3: Epoch 27/200 | Avg Val Loss: 0.064401 (seg: 0.059676, rec: 0.004726)
2025-10-10 12:26:07,628 - DEBUG - Rank 3: Epoch 28/200 | Batch 0/65 | Loss: 0.083902 (seg: 0.073105, rec: 0.010797)
2025-10-10 12:26:25,612 - DEBUG - Rank 3: Epoch 28/200 | Batch 10/65 | Loss: 0.078169 (seg: 0.067516, rec: 0.010653)
2025-10-10 12:26:44,060 - DEBUG - Rank 3: Epoch 28/200 | Batch 20/65 | Loss: 0.081229 (seg: 0.070826, rec: 0.010403)
2025-10-10 12:27:02,737 - DEBUG - Rank 3: Epoch 28/200 | Batch 30/65 | Loss: 0.086437 (seg: 0.075844, rec: 0.010593)
2025-10-10 12:27:21,236 - DEBUG - Rank 3: Epoch 28/200 | Batch 40/65 | Loss: 0.100918 (seg: 0.091736, rec: 0.009182)
2025-10-10 12:27:39,792 - DEBUG - Rank 3: Epoch 28/200 | Batch 50/65 | Loss: 0.085858 (seg: 0.076722, rec: 0.009136)
2025-10-10 12:27:58,279 - DEBUG - Rank 3: Epoch 28/200 | Batch 60/65 | Loss: 0.090612 (seg: 0.081490, rec: 0.009122)
2025-10-10 12:28:05,736 - INFO - Rank 3: Epoch 28/200 | Avg Train Loss: 0.084142 (seg: 0.073903, rec: 0.010240)
2025-10-10 12:28:16,546 - INFO - Rank 3: Epoch 28/200 | Avg Val Loss: 0.062786 (seg: 0.058184, rec: 0.004602)
2025-10-10 12:28:21,772 - DEBUG - Rank 3: Epoch 29/200 | Batch 0/65 | Loss: 0.080038 (seg: 0.067389, rec: 0.012649)
2025-10-10 12:28:39,789 - DEBUG - Rank 3: Epoch 29/200 | Batch 10/65 | Loss: 0.054147 (seg: 0.045332, rec: 0.008815)
2025-10-10 12:28:58,075 - DEBUG - Rank 3: Epoch 29/200 | Batch 20/65 | Loss: 0.077332 (seg: 0.067400, rec: 0.009933)
2025-10-10 12:29:16,550 - DEBUG - Rank 3: Epoch 29/200 | Batch 30/65 | Loss: 0.093081 (seg: 0.083652, rec: 0.009428)
2025-10-10 12:29:34,852 - DEBUG - Rank 3: Epoch 29/200 | Batch 40/65 | Loss: 0.080231 (seg: 0.070388, rec: 0.009843)
2025-10-10 12:29:53,118 - DEBUG - Rank 3: Epoch 29/200 | Batch 50/65 | Loss: 0.083261 (seg: 0.073162, rec: 0.010099)
2025-10-10 12:30:11,374 - DEBUG - Rank 3: Epoch 29/200 | Batch 60/65 | Loss: 0.084629 (seg: 0.075184, rec: 0.009444)
2025-10-10 12:30:18,744 - INFO - Rank 3: Epoch 29/200 | Avg Train Loss: 0.081641 (seg: 0.071716, rec: 0.009925)
2025-10-10 12:30:28,653 - INFO - Rank 3: Epoch 29/200 | Avg Val Loss: 0.060984 (seg: 0.056095, rec: 0.004889)
2025-10-10 12:30:33,334 - DEBUG - Rank 3: Epoch 30/200 | Batch 0/65 | Loss: 0.081300 (seg: 0.072077, rec: 0.009223)
2025-10-10 12:30:50,986 - DEBUG - Rank 3: Epoch 30/200 | Batch 10/65 | Loss: 0.083685 (seg: 0.073384, rec: 0.010301)
2025-10-10 12:31:09,076 - DEBUG - Rank 3: Epoch 30/200 | Batch 20/65 | Loss: 0.139080 (seg: 0.129746, rec: 0.009334)
2025-10-10 12:31:27,243 - DEBUG - Rank 3: Epoch 30/200 | Batch 30/65 | Loss: 0.099831 (seg: 0.088264, rec: 0.011567)
2025-10-10 12:31:45,379 - DEBUG - Rank 3: Epoch 30/200 | Batch 40/65 | Loss: 0.063373 (seg: 0.054757, rec: 0.008616)
2025-10-10 12:32:03,677 - DEBUG - Rank 3: Epoch 30/200 | Batch 50/65 | Loss: 0.074449 (seg: 0.063051, rec: 0.011398)
2025-10-10 12:32:21,797 - DEBUG - Rank 3: Epoch 30/200 | Batch 60/65 | Loss: 0.082575 (seg: 0.072738, rec: 0.009837)
2025-10-10 12:32:29,160 - INFO - Rank 3: Epoch 30/200 | Avg Train Loss: 0.078983 (seg: 0.069287, rec: 0.009695)
2025-10-10 12:32:39,769 - INFO - Rank 3: Epoch 30/200 | Avg Val Loss: 0.060000 (seg: 0.054674, rec: 0.005326)
2025-10-10 12:32:44,364 - DEBUG - Rank 3: Epoch 31/200 | Batch 0/65 | Loss: 0.088101 (seg: 0.078101, rec: 0.009999)
2025-10-10 12:33:02,142 - DEBUG - Rank 3: Epoch 31/200 | Batch 10/65 | Loss: 0.057840 (seg: 0.047080, rec: 0.010760)
2025-10-10 12:33:20,348 - DEBUG - Rank 3: Epoch 31/200 | Batch 20/65 | Loss: 0.077746 (seg: 0.066950, rec: 0.010795)
2025-10-10 12:33:38,645 - DEBUG - Rank 3: Epoch 31/200 | Batch 30/65 | Loss: 0.065777 (seg: 0.056083, rec: 0.009694)
2025-10-10 12:33:57,003 - DEBUG - Rank 3: Epoch 31/200 | Batch 40/65 | Loss: 0.060305 (seg: 0.050296, rec: 0.010009)
2025-10-10 12:34:15,388 - DEBUG - Rank 3: Epoch 31/200 | Batch 50/65 | Loss: 0.085259 (seg: 0.071283, rec: 0.013976)
2025-10-10 12:34:33,714 - DEBUG - Rank 3: Epoch 31/200 | Batch 60/65 | Loss: 0.058745 (seg: 0.050235, rec: 0.008509)
2025-10-10 12:34:41,216 - INFO - Rank 3: Epoch 31/200 | Avg Train Loss: 0.074857 (seg: 0.064883, rec: 0.009975)
2025-10-10 12:34:51,286 - INFO - Rank 3: Epoch 31/200 | Avg Val Loss: 0.059768 (seg: 0.054022, rec: 0.005747)
2025-10-10 12:34:55,925 - DEBUG - Rank 3: Epoch 32/200 | Batch 0/65 | Loss: 0.077161 (seg: 0.067666, rec: 0.009495)
2025-10-10 12:35:13,706 - DEBUG - Rank 3: Epoch 32/200 | Batch 10/65 | Loss: 0.087587 (seg: 0.078577, rec: 0.009010)
2025-10-10 12:35:31,811 - DEBUG - Rank 3: Epoch 32/200 | Batch 20/65 | Loss: 0.068545 (seg: 0.059045, rec: 0.009500)
2025-10-10 12:35:50,130 - DEBUG - Rank 3: Epoch 32/200 | Batch 30/65 | Loss: 0.067278 (seg: 0.057526, rec: 0.009751)
2025-10-10 12:36:08,704 - DEBUG - Rank 3: Epoch 32/200 | Batch 40/65 | Loss: 0.081452 (seg: 0.071527, rec: 0.009926)
2025-10-10 12:36:27,075 - DEBUG - Rank 3: Epoch 32/200 | Batch 50/65 | Loss: 0.100696 (seg: 0.091663, rec: 0.009033)
2025-10-10 12:36:45,472 - DEBUG - Rank 3: Epoch 32/200 | Batch 60/65 | Loss: 0.054582 (seg: 0.045692, rec: 0.008891)
2025-10-10 12:36:52,944 - INFO - Rank 3: Epoch 32/200 | Avg Train Loss: 0.072704 (seg: 0.063161, rec: 0.009542)
2025-10-10 12:37:04,482 - INFO - Rank 3: Epoch 32/200 | Avg Val Loss: 0.059066 (seg: 0.053377, rec: 0.005689)
2025-10-10 12:37:09,075 - DEBUG - Rank 3: Epoch 33/200 | Batch 0/65 | Loss: 0.083230 (seg: 0.073196, rec: 0.010033)
2025-10-10 12:37:26,873 - DEBUG - Rank 3: Epoch 33/200 | Batch 10/65 | Loss: 0.063997 (seg: 0.054822, rec: 0.009175)
2025-10-10 12:37:45,140 - DEBUG - Rank 3: Epoch 33/200 | Batch 20/65 | Loss: 0.067547 (seg: 0.059124, rec: 0.008423)
2025-10-10 12:38:03,679 - DEBUG - Rank 3: Epoch 33/200 | Batch 30/65 | Loss: 0.076908 (seg: 0.065958, rec: 0.010950)
2025-10-10 12:38:22,264 - DEBUG - Rank 3: Epoch 33/200 | Batch 40/65 | Loss: 0.068437 (seg: 0.059871, rec: 0.008566)
2025-10-10 12:38:40,827 - DEBUG - Rank 3: Epoch 33/200 | Batch 50/65 | Loss: 0.053182 (seg: 0.042924, rec: 0.010258)
2025-10-10 12:38:59,283 - DEBUG - Rank 3: Epoch 33/200 | Batch 60/65 | Loss: 0.070311 (seg: 0.061414, rec: 0.008898)
2025-10-10 12:39:06,842 - INFO - Rank 3: Epoch 33/200 | Avg Train Loss: 0.068465 (seg: 0.059085, rec: 0.009380)
2025-10-10 12:39:16,840 - INFO - Rank 3: Epoch 33/200 | Avg Val Loss: 0.057736 (seg: 0.053469, rec: 0.004267)
2025-10-10 12:39:21,675 - DEBUG - Rank 3: Epoch 34/200 | Batch 0/65 | Loss: 0.054720 (seg: 0.044203, rec: 0.010517)
2025-10-10 12:39:39,693 - DEBUG - Rank 3: Epoch 34/200 | Batch 10/65 | Loss: 0.072262 (seg: 0.063965, rec: 0.008297)
2025-10-10 12:39:58,129 - DEBUG - Rank 3: Epoch 34/200 | Batch 20/65 | Loss: 0.056588 (seg: 0.046766, rec: 0.009822)
2025-10-10 12:40:16,646 - DEBUG - Rank 3: Epoch 34/200 | Batch 30/65 | Loss: 0.056835 (seg: 0.046953, rec: 0.009881)
2025-10-10 12:40:35,307 - DEBUG - Rank 3: Epoch 34/200 | Batch 40/65 | Loss: 0.057234 (seg: 0.048979, rec: 0.008255)
2025-10-10 12:40:53,771 - DEBUG - Rank 3: Epoch 34/200 | Batch 50/65 | Loss: 0.059056 (seg: 0.048363, rec: 0.010694)
2025-10-10 12:41:12,282 - DEBUG - Rank 3: Epoch 34/200 | Batch 60/65 | Loss: 0.063741 (seg: 0.054457, rec: 0.009285)
2025-10-10 12:41:19,830 - INFO - Rank 3: Epoch 34/200 | Avg Train Loss: 0.070605 (seg: 0.061314, rec: 0.009291)
2025-10-10 12:41:30,441 - INFO - Rank 3: Epoch 34/200 | Avg Val Loss: 0.058624 (seg: 0.052583, rec: 0.006041)
2025-10-10 12:41:34,791 - DEBUG - Rank 3: Epoch 35/200 | Batch 0/65 | Loss: 0.075251 (seg: 0.066302, rec: 0.008949)
2025-10-10 12:41:52,643 - DEBUG - Rank 3: Epoch 35/200 | Batch 10/65 | Loss: 0.054456 (seg: 0.044876, rec: 0.009579)
2025-10-10 12:42:11,011 - DEBUG - Rank 3: Epoch 35/200 | Batch 20/65 | Loss: 0.091280 (seg: 0.079818, rec: 0.011462)
2025-10-10 12:42:29,374 - DEBUG - Rank 3: Epoch 35/200 | Batch 30/65 | Loss: 0.073946 (seg: 0.062366, rec: 0.011580)
2025-10-10 12:42:47,792 - DEBUG - Rank 3: Epoch 35/200 | Batch 40/65 | Loss: 0.105396 (seg: 0.096595, rec: 0.008801)
2025-10-10 12:43:06,237 - DEBUG - Rank 3: Epoch 35/200 | Batch 50/65 | Loss: 0.054730 (seg: 0.046243, rec: 0.008487)
2025-10-10 12:43:24,632 - DEBUG - Rank 3: Epoch 35/200 | Batch 60/65 | Loss: 0.092850 (seg: 0.082706, rec: 0.010145)
2025-10-10 12:43:32,091 - INFO - Rank 3: Epoch 35/200 | Avg Train Loss: 0.068039 (seg: 0.058465, rec: 0.009574)
2025-10-10 12:43:42,802 - INFO - Rank 3: Epoch 35/200 | Avg Val Loss: 0.055921 (seg: 0.051169, rec: 0.004752)
2025-10-10 12:43:48,018 - DEBUG - Rank 3: Epoch 36/200 | Batch 0/65 | Loss: 0.066162 (seg: 0.055843, rec: 0.010319)
2025-10-10 12:44:06,018 - DEBUG - Rank 3: Epoch 36/200 | Batch 10/65 | Loss: 0.070167 (seg: 0.061115, rec: 0.009052)
2025-10-10 12:44:24,359 - DEBUG - Rank 3: Epoch 36/200 | Batch 20/65 | Loss: 0.067787 (seg: 0.054202, rec: 0.013586)
2025-10-10 12:44:42,821 - DEBUG - Rank 3: Epoch 36/200 | Batch 30/65 | Loss: 0.072853 (seg: 0.061407, rec: 0.011446)
2025-10-10 12:45:01,350 - DEBUG - Rank 3: Epoch 36/200 | Batch 40/65 | Loss: 0.069777 (seg: 0.061158, rec: 0.008619)
2025-10-10 12:45:19,651 - DEBUG - Rank 3: Epoch 36/200 | Batch 50/65 | Loss: 0.043002 (seg: 0.035217, rec: 0.007785)
2025-10-10 12:45:37,938 - DEBUG - Rank 3: Epoch 36/200 | Batch 60/65 | Loss: 0.075669 (seg: 0.066452, rec: 0.009218)
2025-10-10 12:45:45,358 - INFO - Rank 3: Epoch 36/200 | Avg Train Loss: 0.069712 (seg: 0.059312, rec: 0.010400)
2025-10-10 12:45:55,851 - INFO - Rank 3: Epoch 36/200 | Avg Val Loss: 0.055397 (seg: 0.050705, rec: 0.004692)
2025-10-10 12:46:00,360 - DEBUG - Rank 3: Epoch 37/200 | Batch 0/65 | Loss: 0.080065 (seg: 0.070678, rec: 0.009388)
2025-10-10 12:46:18,111 - DEBUG - Rank 3: Epoch 37/200 | Batch 10/65 | Loss: 0.076824 (seg: 0.064508, rec: 0.012315)
2025-10-10 12:46:36,157 - DEBUG - Rank 3: Epoch 37/200 | Batch 20/65 | Loss: 0.069640 (seg: 0.059985, rec: 0.009655)
2025-10-10 12:46:54,352 - DEBUG - Rank 3: Epoch 37/200 | Batch 30/65 | Loss: 0.072231 (seg: 0.063797, rec: 0.008434)
2025-10-10 12:47:13,450 - DEBUG - Rank 3: Epoch 37/200 | Batch 40/65 | Loss: 0.060121 (seg: 0.051716, rec: 0.008405)
2025-10-10 12:47:31,784 - DEBUG - Rank 3: Epoch 37/200 | Batch 50/65 | Loss: 0.073708 (seg: 0.062674, rec: 0.011033)
2025-10-10 12:47:51,097 - DEBUG - Rank 3: Epoch 37/200 | Batch 60/65 | Loss: 0.053724 (seg: 0.044508, rec: 0.009217)
2025-10-10 12:47:58,525 - INFO - Rank 3: Epoch 37/200 | Avg Train Loss: 0.069648 (seg: 0.059770, rec: 0.009878)
2025-10-10 12:48:09,049 - INFO - Rank 3: Epoch 37/200 | Avg Val Loss: 0.058245 (seg: 0.053315, rec: 0.004930)
2025-10-10 12:48:13,916 - DEBUG - Rank 3: Epoch 38/200 | Batch 0/65 | Loss: 0.095638 (seg: 0.087262, rec: 0.008376)
2025-10-10 12:48:32,782 - DEBUG - Rank 3: Epoch 38/200 | Batch 10/65 | Loss: 0.054811 (seg: 0.045950, rec: 0.008860)
2025-10-10 12:48:50,988 - DEBUG - Rank 3: Epoch 38/200 | Batch 20/65 | Loss: 0.070368 (seg: 0.061727, rec: 0.008641)
2025-10-10 12:49:09,343 - DEBUG - Rank 3: Epoch 38/200 | Batch 30/65 | Loss: 0.070616 (seg: 0.062748, rec: 0.007869)
2025-10-10 12:49:27,790 - DEBUG - Rank 3: Epoch 38/200 | Batch 40/65 | Loss: 0.052044 (seg: 0.040544, rec: 0.011500)
2025-10-10 12:49:46,528 - DEBUG - Rank 3: Epoch 38/200 | Batch 50/65 | Loss: 0.085376 (seg: 0.077360, rec: 0.008016)
2025-10-10 12:50:04,969 - DEBUG - Rank 3: Epoch 38/200 | Batch 60/65 | Loss: 0.059581 (seg: 0.049721, rec: 0.009860)
2025-10-10 12:50:12,471 - INFO - Rank 3: Epoch 38/200 | Avg Train Loss: 0.063943 (seg: 0.054997, rec: 0.008946)
2025-10-10 12:50:22,859 - INFO - Rank 3: Epoch 38/200 | Avg Val Loss: 0.054709 (seg: 0.049981, rec: 0.004728)
2025-10-10 12:50:27,967 - DEBUG - Rank 3: Epoch 39/200 | Batch 0/65 | Loss: 0.062848 (seg: 0.054718, rec: 0.008130)
2025-10-10 12:50:45,875 - DEBUG - Rank 3: Epoch 39/200 | Batch 10/65 | Loss: 0.071492 (seg: 0.062950, rec: 0.008542)
2025-10-10 12:51:04,308 - DEBUG - Rank 3: Epoch 39/200 | Batch 20/65 | Loss: 0.052296 (seg: 0.044221, rec: 0.008075)
2025-10-10 12:51:23,322 - DEBUG - Rank 3: Epoch 39/200 | Batch 30/65 | Loss: 0.048236 (seg: 0.040720, rec: 0.007515)
2025-10-10 12:51:41,911 - DEBUG - Rank 3: Epoch 39/200 | Batch 40/65 | Loss: 0.067967 (seg: 0.059267, rec: 0.008699)
2025-10-10 12:52:00,485 - DEBUG - Rank 3: Epoch 39/200 | Batch 50/65 | Loss: 0.049980 (seg: 0.041768, rec: 0.008212)
2025-10-10 12:52:18,974 - DEBUG - Rank 3: Epoch 39/200 | Batch 60/65 | Loss: 0.062827 (seg: 0.053643, rec: 0.009184)
2025-10-10 12:52:26,510 - INFO - Rank 3: Epoch 39/200 | Avg Train Loss: 0.062160 (seg: 0.053314, rec: 0.008846)
2025-10-10 12:52:37,451 - INFO - Rank 3: Epoch 39/200 | Avg Val Loss: 0.060960 (seg: 0.056515, rec: 0.004446)
2025-10-10 12:52:42,205 - DEBUG - Rank 3: Epoch 40/200 | Batch 0/65 | Loss: 0.075153 (seg: 0.067407, rec: 0.007746)
2025-10-10 12:53:00,261 - DEBUG - Rank 3: Epoch 40/200 | Batch 10/65 | Loss: 0.063834 (seg: 0.054973, rec: 0.008861)
2025-10-10 12:53:18,722 - DEBUG - Rank 3: Epoch 40/200 | Batch 20/65 | Loss: 0.057480 (seg: 0.048484, rec: 0.008997)
2025-10-10 12:53:37,273 - DEBUG - Rank 3: Epoch 40/200 | Batch 30/65 | Loss: 0.069948 (seg: 0.061095, rec: 0.008853)
2025-10-10 12:53:55,894 - DEBUG - Rank 3: Epoch 40/200 | Batch 40/65 | Loss: 0.057519 (seg: 0.048996, rec: 0.008523)
2025-10-10 12:54:14,464 - DEBUG - Rank 3: Epoch 40/200 | Batch 50/65 | Loss: 0.044879 (seg: 0.036685, rec: 0.008193)
2025-10-10 12:54:32,998 - DEBUG - Rank 3: Epoch 40/200 | Batch 60/65 | Loss: 0.059107 (seg: 0.050167, rec: 0.008940)
2025-10-10 12:54:40,516 - INFO - Rank 3: Epoch 40/200 | Avg Train Loss: 0.064589 (seg: 0.055829, rec: 0.008761)
2025-10-10 12:54:50,594 - INFO - Rank 3: Epoch 40/200 | Avg Val Loss: 0.055779 (seg: 0.049972, rec: 0.005808)
2025-10-10 12:54:54,984 - DEBUG - Rank 3: Epoch 41/200 | Batch 0/65 | Loss: 0.066310 (seg: 0.057665, rec: 0.008645)
2025-10-10 12:55:12,833 - DEBUG - Rank 3: Epoch 41/200 | Batch 10/65 | Loss: 0.052732 (seg: 0.043614, rec: 0.009118)
2025-10-10 12:55:31,078 - DEBUG - Rank 3: Epoch 41/200 | Batch 20/65 | Loss: 0.056422 (seg: 0.046777, rec: 0.009645)
2025-10-10 12:55:49,442 - DEBUG - Rank 3: Epoch 41/200 | Batch 30/65 | Loss: 0.056882 (seg: 0.048415, rec: 0.008467)
2025-10-10 12:56:07,801 - DEBUG - Rank 3: Epoch 41/200 | Batch 40/65 | Loss: 0.055003 (seg: 0.046855, rec: 0.008147)
2025-10-10 12:56:26,079 - DEBUG - Rank 3: Epoch 41/200 | Batch 50/65 | Loss: 0.051402 (seg: 0.042446, rec: 0.008957)
2025-10-10 12:56:44,378 - DEBUG - Rank 3: Epoch 41/200 | Batch 60/65 | Loss: 0.059591 (seg: 0.051084, rec: 0.008507)
2025-10-10 12:56:51,740 - INFO - Rank 3: Epoch 41/200 | Avg Train Loss: 0.061640 (seg: 0.052789, rec: 0.008852)
2025-10-10 12:57:01,417 - INFO - Rank 3: Epoch 41/200 | Avg Val Loss: 0.056007 (seg: 0.049845, rec: 0.006162)
2025-10-10 12:57:05,825 - DEBUG - Rank 3: Epoch 42/200 | Batch 0/65 | Loss: 0.062754 (seg: 0.053137, rec: 0.009616)
2025-10-10 12:57:23,746 - DEBUG - Rank 3: Epoch 42/200 | Batch 10/65 | Loss: 0.049378 (seg: 0.040530, rec: 0.008848)
2025-10-10 12:57:42,031 - DEBUG - Rank 3: Epoch 42/200 | Batch 20/65 | Loss: 0.057316 (seg: 0.049492, rec: 0.007824)
2025-10-10 12:58:00,836 - DEBUG - Rank 3: Epoch 42/200 | Batch 30/65 | Loss: 0.072468 (seg: 0.064251, rec: 0.008218)
2025-10-10 12:58:19,207 - DEBUG - Rank 3: Epoch 42/200 | Batch 40/65 | Loss: 0.076561 (seg: 0.065473, rec: 0.011088)
2025-10-10 12:58:37,550 - DEBUG - Rank 3: Epoch 42/200 | Batch 50/65 | Loss: 0.095510 (seg: 0.084927, rec: 0.010583)
2025-10-10 12:58:55,850 - DEBUG - Rank 3: Epoch 42/200 | Batch 60/65 | Loss: 0.065964 (seg: 0.058448, rec: 0.007516)
2025-10-10 12:59:03,325 - INFO - Rank 3: Epoch 42/200 | Avg Train Loss: 0.063178 (seg: 0.054320, rec: 0.008858)
2025-10-10 12:59:13,891 - INFO - Rank 3: Epoch 42/200 | Avg Val Loss: 0.053092 (seg: 0.048758, rec: 0.004335)
2025-10-10 12:59:19,096 - DEBUG - Rank 3: Epoch 43/200 | Batch 0/65 | Loss: 0.068192 (seg: 0.058239, rec: 0.009953)
2025-10-10 12:59:36,989 - DEBUG - Rank 3: Epoch 43/200 | Batch 10/65 | Loss: 0.050876 (seg: 0.042375, rec: 0.008501)
2025-10-10 12:59:55,175 - DEBUG - Rank 3: Epoch 43/200 | Batch 20/65 | Loss: 0.051169 (seg: 0.042693, rec: 0.008476)
2025-10-10 13:00:13,494 - DEBUG - Rank 3: Epoch 43/200 | Batch 30/65 | Loss: 0.058553 (seg: 0.049741, rec: 0.008813)
2025-10-10 13:00:31,959 - DEBUG - Rank 3: Epoch 43/200 | Batch 40/65 | Loss: 0.076314 (seg: 0.066810, rec: 0.009504)
2025-10-10 13:00:50,369 - DEBUG - Rank 3: Epoch 43/200 | Batch 50/65 | Loss: 0.040483 (seg: 0.032608, rec: 0.007876)
2025-10-10 13:01:08,811 - DEBUG - Rank 3: Epoch 43/200 | Batch 60/65 | Loss: 0.061782 (seg: 0.052862, rec: 0.008920)
2025-10-10 13:01:16,209 - INFO - Rank 3: Epoch 43/200 | Avg Train Loss: 0.062704 (seg: 0.054150, rec: 0.008553)
2025-10-10 13:01:27,424 - INFO - Rank 3: Epoch 43/200 | Avg Val Loss: 0.053598 (seg: 0.048946, rec: 0.004652)
2025-10-10 13:01:32,350 - DEBUG - Rank 3: Epoch 44/200 | Batch 0/65 | Loss: 0.073417 (seg: 0.064662, rec: 0.008755)
2025-10-10 13:01:50,186 - DEBUG - Rank 3: Epoch 44/200 | Batch 10/65 | Loss: 0.043534 (seg: 0.035602, rec: 0.007932)
2025-10-10 13:02:08,420 - DEBUG - Rank 3: Epoch 44/200 | Batch 20/65 | Loss: 0.045421 (seg: 0.037163, rec: 0.008258)
2025-10-10 13:02:26,763 - DEBUG - Rank 3: Epoch 44/200 | Batch 30/65 | Loss: 0.060316 (seg: 0.050251, rec: 0.010064)
2025-10-10 13:02:45,273 - DEBUG - Rank 3: Epoch 44/200 | Batch 40/65 | Loss: 0.062011 (seg: 0.053906, rec: 0.008105)
2025-10-10 13:03:03,664 - DEBUG - Rank 3: Epoch 44/200 | Batch 50/65 | Loss: 0.060180 (seg: 0.050965, rec: 0.009214)
2025-10-10 13:03:22,015 - DEBUG - Rank 3: Epoch 44/200 | Batch 60/65 | Loss: 0.065124 (seg: 0.056979, rec: 0.008144)
2025-10-10 13:03:29,475 - INFO - Rank 3: Epoch 44/200 | Avg Train Loss: 0.058552 (seg: 0.049962, rec: 0.008589)
2025-10-10 13:03:40,049 - INFO - Rank 3: Epoch 44/200 | Avg Val Loss: 0.053533 (seg: 0.048957, rec: 0.004576)
2025-10-10 13:03:45,144 - DEBUG - Rank 3: Epoch 45/200 | Batch 0/65 | Loss: 0.068441 (seg: 0.060752, rec: 0.007689)
2025-10-10 13:04:03,042 - DEBUG - Rank 3: Epoch 45/200 | Batch 10/65 | Loss: 0.070177 (seg: 0.061193, rec: 0.008985)
2025-10-10 13:04:21,394 - DEBUG - Rank 3: Epoch 45/200 | Batch 20/65 | Loss: 0.060410 (seg: 0.052748, rec: 0.007662)
2025-10-10 13:04:41,223 - DEBUG - Rank 3: Epoch 45/200 | Batch 30/65 | Loss: 0.059723 (seg: 0.051548, rec: 0.008175)
2025-10-10 13:04:59,646 - DEBUG - Rank 3: Epoch 45/200 | Batch 40/65 | Loss: 0.044595 (seg: 0.035331, rec: 0.009264)
2025-10-10 13:05:18,106 - DEBUG - Rank 3: Epoch 45/200 | Batch 50/65 | Loss: 0.070958 (seg: 0.063490, rec: 0.007468)
2025-10-10 13:05:36,717 - DEBUG - Rank 3: Epoch 45/200 | Batch 60/65 | Loss: 0.046618 (seg: 0.039170, rec: 0.007448)
2025-10-10 13:05:44,197 - INFO - Rank 3: Epoch 45/200 | Avg Train Loss: 0.058853 (seg: 0.050427, rec: 0.008426)
2025-10-10 13:05:53,952 - INFO - Rank 3: Epoch 45/200 | Avg Val Loss: 0.051064 (seg: 0.046744, rec: 0.004321)
2025-10-10 13:05:58,659 - DEBUG - Rank 3: Epoch 46/200 | Batch 0/65 | Loss: 0.071836 (seg: 0.064052, rec: 0.007783)
2025-10-10 13:06:16,780 - DEBUG - Rank 3: Epoch 46/200 | Batch 10/65 | Loss: 0.075588 (seg: 0.066081, rec: 0.009507)
2025-10-10 13:06:35,411 - DEBUG - Rank 3: Epoch 46/200 | Batch 20/65 | Loss: 0.059709 (seg: 0.051392, rec: 0.008317)
2025-10-10 13:06:54,066 - DEBUG - Rank 3: Epoch 46/200 | Batch 30/65 | Loss: 0.049927 (seg: 0.039272, rec: 0.010655)
2025-10-10 13:07:12,868 - DEBUG - Rank 3: Epoch 46/200 | Batch 40/65 | Loss: 0.076951 (seg: 0.067882, rec: 0.009069)
2025-10-10 13:07:31,448 - DEBUG - Rank 3: Epoch 46/200 | Batch 50/65 | Loss: 0.059036 (seg: 0.050481, rec: 0.008554)
2025-10-10 13:07:50,111 - DEBUG - Rank 3: Epoch 46/200 | Batch 60/65 | Loss: 0.050347 (seg: 0.039138, rec: 0.011209)
2025-10-10 13:07:57,678 - INFO - Rank 3: Epoch 46/200 | Avg Train Loss: 0.056901 (seg: 0.048473, rec: 0.008428)
2025-10-10 13:08:07,193 - INFO - Rank 3: Epoch 46/200 | Avg Val Loss: 0.056113 (seg: 0.049597, rec: 0.006516)
2025-10-10 13:08:11,517 - DEBUG - Rank 3: Epoch 47/200 | Batch 0/65 | Loss: 0.074783 (seg: 0.065536, rec: 0.009247)
2025-10-10 13:08:29,484 - DEBUG - Rank 3: Epoch 47/200 | Batch 10/65 | Loss: 0.064048 (seg: 0.052136, rec: 0.011913)
2025-10-10 13:08:47,914 - DEBUG - Rank 3: Epoch 47/200 | Batch 20/65 | Loss: 0.070436 (seg: 0.062019, rec: 0.008418)
2025-10-10 13:09:06,300 - DEBUG - Rank 3: Epoch 47/200 | Batch 30/65 | Loss: 0.063158 (seg: 0.054477, rec: 0.008681)
2025-10-10 13:09:24,739 - DEBUG - Rank 3: Epoch 47/200 | Batch 40/65 | Loss: 0.040864 (seg: 0.031442, rec: 0.009422)
2025-10-10 13:09:43,156 - DEBUG - Rank 3: Epoch 47/200 | Batch 50/65 | Loss: 0.045629 (seg: 0.036809, rec: 0.008820)
2025-10-10 13:10:01,628 - DEBUG - Rank 3: Epoch 47/200 | Batch 60/65 | Loss: 0.048572 (seg: 0.040803, rec: 0.007769)
2025-10-10 13:10:09,079 - INFO - Rank 3: Epoch 47/200 | Avg Train Loss: 0.060711 (seg: 0.052035, rec: 0.008676)
2025-10-10 13:10:19,997 - INFO - Rank 3: Epoch 47/200 | Avg Val Loss: 0.052542 (seg: 0.048779, rec: 0.003763)
2025-10-10 13:10:24,712 - DEBUG - Rank 3: Epoch 48/200 | Batch 0/65 | Loss: 0.057493 (seg: 0.048761, rec: 0.008732)
2025-10-10 13:10:42,544 - DEBUG - Rank 3: Epoch 48/200 | Batch 10/65 | Loss: 0.055755 (seg: 0.047157, rec: 0.008598)
2025-10-10 13:11:01,092 - DEBUG - Rank 3: Epoch 48/200 | Batch 20/65 | Loss: 0.050208 (seg: 0.042690, rec: 0.007519)
2025-10-10 13:11:19,516 - DEBUG - Rank 3: Epoch 48/200 | Batch 30/65 | Loss: 0.055953 (seg: 0.048735, rec: 0.007218)
2025-10-10 13:11:37,842 - DEBUG - Rank 3: Epoch 48/200 | Batch 40/65 | Loss: 0.068262 (seg: 0.059231, rec: 0.009032)
2025-10-10 13:11:56,226 - DEBUG - Rank 3: Epoch 48/200 | Batch 50/65 | Loss: 0.066381 (seg: 0.057372, rec: 0.009008)
2025-10-10 13:12:14,458 - DEBUG - Rank 3: Epoch 48/200 | Batch 60/65 | Loss: 0.061650 (seg: 0.053122, rec: 0.008528)
2025-10-10 13:12:21,905 - INFO - Rank 3: Epoch 48/200 | Avg Train Loss: 0.056562 (seg: 0.048406, rec: 0.008156)
2025-10-10 13:12:32,309 - INFO - Rank 3: Epoch 48/200 | Avg Val Loss: 0.053592 (seg: 0.047633, rec: 0.005959)
2025-10-10 13:12:36,975 - DEBUG - Rank 3: Epoch 49/200 | Batch 0/65 | Loss: 0.063083 (seg: 0.053141, rec: 0.009942)
2025-10-10 13:12:54,775 - DEBUG - Rank 3: Epoch 49/200 | Batch 10/65 | Loss: 0.051734 (seg: 0.044017, rec: 0.007717)
2025-10-10 13:13:12,954 - DEBUG - Rank 3: Epoch 49/200 | Batch 20/65 | Loss: 0.046576 (seg: 0.039100, rec: 0.007476)
2025-10-10 13:13:31,290 - DEBUG - Rank 3: Epoch 49/200 | Batch 30/65 | Loss: 0.052834 (seg: 0.045761, rec: 0.007073)
2025-10-10 13:13:49,861 - DEBUG - Rank 3: Epoch 49/200 | Batch 40/65 | Loss: 0.056157 (seg: 0.048412, rec: 0.007744)
2025-10-10 13:14:08,251 - DEBUG - Rank 3: Epoch 49/200 | Batch 50/65 | Loss: 0.056301 (seg: 0.047205, rec: 0.009096)
2025-10-10 13:14:26,631 - DEBUG - Rank 3: Epoch 49/200 | Batch 60/65 | Loss: 0.053147 (seg: 0.044907, rec: 0.008239)
2025-10-10 13:14:34,108 - INFO - Rank 3: Epoch 49/200 | Avg Train Loss: 0.056305 (seg: 0.048079, rec: 0.008226)
2025-10-10 13:14:44,178 - INFO - Rank 3: Epoch 49/200 | Avg Val Loss: 0.052323 (seg: 0.048209, rec: 0.004114)
2025-10-10 13:14:49,352 - DEBUG - Rank 3: Epoch 50/200 | Batch 0/65 | Loss: 0.054521 (seg: 0.046150, rec: 0.008371)
2025-10-10 13:15:06,979 - DEBUG - Rank 3: Epoch 50/200 | Batch 10/65 | Loss: 0.052258 (seg: 0.044624, rec: 0.007635)
2025-10-10 13:15:25,093 - DEBUG - Rank 3: Epoch 50/200 | Batch 20/65 | Loss: 0.056369 (seg: 0.046182, rec: 0.010188)
2025-10-10 13:15:43,447 - DEBUG - Rank 3: Epoch 50/200 | Batch 30/65 | Loss: 0.068036 (seg: 0.058549, rec: 0.009486)
2025-10-10 13:16:01,704 - DEBUG - Rank 3: Epoch 50/200 | Batch 40/65 | Loss: 0.055039 (seg: 0.046688, rec: 0.008351)
2025-10-10 13:16:19,984 - DEBUG - Rank 3: Epoch 50/200 | Batch 50/65 | Loss: 0.047684 (seg: 0.039474, rec: 0.008210)
2025-10-10 13:16:38,251 - DEBUG - Rank 3: Epoch 50/200 | Batch 60/65 | Loss: 0.043079 (seg: 0.035091, rec: 0.007988)
2025-10-10 13:16:45,722 - INFO - Rank 3: Epoch 50/200 | Avg Train Loss: 0.056734 (seg: 0.048199, rec: 0.008534)
2025-10-10 13:16:55,907 - INFO - Rank 3: Epoch 50/200 | Avg Val Loss: 0.051405 (seg: 0.046990, rec: 0.004415)
2025-10-10 13:17:00,524 - DEBUG - Rank 3: Epoch 51/200 | Batch 0/65 | Loss: 0.059903 (seg: 0.051439, rec: 0.008464)
2025-10-10 13:17:18,465 - DEBUG - Rank 3: Epoch 51/200 | Batch 10/65 | Loss: 0.052693 (seg: 0.045081, rec: 0.007612)
2025-10-10 13:17:37,039 - DEBUG - Rank 3: Epoch 51/200 | Batch 20/65 | Loss: 0.062747 (seg: 0.054014, rec: 0.008733)
2025-10-10 13:17:55,453 - DEBUG - Rank 3: Epoch 51/200 | Batch 30/65 | Loss: 0.056291 (seg: 0.048484, rec: 0.007807)
2025-10-10 13:18:13,861 - DEBUG - Rank 3: Epoch 51/200 | Batch 40/65 | Loss: 0.050707 (seg: 0.042498, rec: 0.008210)
2025-10-10 13:18:32,311 - DEBUG - Rank 3: Epoch 51/200 | Batch 50/65 | Loss: 0.052069 (seg: 0.043167, rec: 0.008902)
2025-10-10 13:18:50,829 - DEBUG - Rank 3: Epoch 51/200 | Batch 60/65 | Loss: 0.059784 (seg: 0.050715, rec: 0.009068)
2025-10-10 13:18:58,325 - INFO - Rank 3: Epoch 51/200 | Avg Train Loss: 0.056807 (seg: 0.048458, rec: 0.008350)
2025-10-10 13:19:08,950 - INFO - Rank 3: Epoch 51/200 | Avg Val Loss: 0.050031 (seg: 0.045430, rec: 0.004601)
2025-10-10 13:19:14,412 - DEBUG - Rank 3: Epoch 52/200 | Batch 0/65 | Loss: 0.041773 (seg: 0.033781, rec: 0.007992)
2025-10-10 13:19:32,379 - DEBUG - Rank 3: Epoch 52/200 | Batch 10/65 | Loss: 0.044476 (seg: 0.035492, rec: 0.008983)
2025-10-10 13:19:50,820 - DEBUG - Rank 3: Epoch 52/200 | Batch 20/65 | Loss: 0.038445 (seg: 0.030125, rec: 0.008321)
2025-10-10 13:20:09,349 - DEBUG - Rank 3: Epoch 52/200 | Batch 30/65 | Loss: 0.066403 (seg: 0.058835, rec: 0.007569)
2025-10-10 13:20:27,947 - DEBUG - Rank 3: Epoch 52/200 | Batch 40/65 | Loss: 0.063344 (seg: 0.055909, rec: 0.007436)
2025-10-10 13:20:46,557 - DEBUG - Rank 3: Epoch 52/200 | Batch 50/65 | Loss: 0.048510 (seg: 0.041584, rec: 0.006926)
2025-10-10 13:21:05,186 - DEBUG - Rank 3: Epoch 52/200 | Batch 60/65 | Loss: 0.052211 (seg: 0.044665, rec: 0.007546)
2025-10-10 13:21:12,741 - INFO - Rank 3: Epoch 52/200 | Avg Train Loss: 0.056045 (seg: 0.047937, rec: 0.008108)
2025-10-10 13:21:23,633 - INFO - Rank 3: Epoch 52/200 | Avg Val Loss: 0.049260 (seg: 0.045340, rec: 0.003919)
2025-10-10 13:21:28,509 - DEBUG - Rank 3: Epoch 53/200 | Batch 0/65 | Loss: 0.055945 (seg: 0.047463, rec: 0.008482)
2025-10-10 13:21:46,677 - DEBUG - Rank 3: Epoch 53/200 | Batch 10/65 | Loss: 0.055462 (seg: 0.048412, rec: 0.007050)
2025-10-10 13:22:05,130 - DEBUG - Rank 3: Epoch 53/200 | Batch 20/65 | Loss: 0.060007 (seg: 0.051174, rec: 0.008833)
2025-10-10 13:22:23,654 - DEBUG - Rank 3: Epoch 53/200 | Batch 30/65 | Loss: 0.045755 (seg: 0.038144, rec: 0.007611)
2025-10-10 13:22:42,174 - DEBUG - Rank 3: Epoch 53/200 | Batch 40/65 | Loss: 0.055635 (seg: 0.045817, rec: 0.009818)
2025-10-10 13:23:00,663 - DEBUG - Rank 3: Epoch 53/200 | Batch 50/65 | Loss: 0.051740 (seg: 0.042545, rec: 0.009195)
2025-10-10 13:23:19,135 - DEBUG - Rank 3: Epoch 53/200 | Batch 60/65 | Loss: 0.083003 (seg: 0.076020, rec: 0.006983)
2025-10-10 13:23:26,684 - INFO - Rank 3: Epoch 53/200 | Avg Train Loss: 0.055175 (seg: 0.046968, rec: 0.008207)
2025-10-10 13:23:37,495 - INFO - Rank 3: Epoch 53/200 | Avg Val Loss: 0.055022 (seg: 0.050902, rec: 0.004120)
2025-10-10 13:23:42,119 - DEBUG - Rank 3: Epoch 54/200 | Batch 0/65 | Loss: 0.081446 (seg: 0.073604, rec: 0.007842)
2025-10-10 13:24:00,258 - DEBUG - Rank 3: Epoch 54/200 | Batch 10/65 | Loss: 0.064647 (seg: 0.056446, rec: 0.008201)
2025-10-10 13:24:18,596 - DEBUG - Rank 3: Epoch 54/200 | Batch 20/65 | Loss: 0.055300 (seg: 0.044421, rec: 0.010880)
2025-10-10 13:24:37,061 - DEBUG - Rank 3: Epoch 54/200 | Batch 30/65 | Loss: 0.039798 (seg: 0.032727, rec: 0.007072)
2025-10-10 13:24:55,370 - DEBUG - Rank 3: Epoch 54/200 | Batch 40/65 | Loss: 0.056645 (seg: 0.049983, rec: 0.006662)
2025-10-10 13:25:13,749 - DEBUG - Rank 3: Epoch 54/200 | Batch 50/65 | Loss: 0.062397 (seg: 0.053477, rec: 0.008919)
2025-10-10 13:25:32,112 - DEBUG - Rank 3: Epoch 54/200 | Batch 60/65 | Loss: 0.037648 (seg: 0.030000, rec: 0.007648)
2025-10-10 13:25:40,088 - INFO - Rank 3: Epoch 54/200 | Avg Train Loss: 0.054358 (seg: 0.046253, rec: 0.008104)
2025-10-10 13:25:49,505 - INFO - Rank 3: Epoch 54/200 | Avg Val Loss: 0.049349 (seg: 0.044647, rec: 0.004702)
2025-10-10 13:25:54,185 - DEBUG - Rank 3: Epoch 55/200 | Batch 0/65 | Loss: 0.056057 (seg: 0.047232, rec: 0.008825)
2025-10-10 13:26:12,046 - DEBUG - Rank 3: Epoch 55/200 | Batch 10/65 | Loss: 0.041971 (seg: 0.033532, rec: 0.008439)
2025-10-10 13:26:30,380 - DEBUG - Rank 3: Epoch 55/200 | Batch 20/65 | Loss: 0.036734 (seg: 0.028790, rec: 0.007944)
2025-10-10 13:26:48,705 - DEBUG - Rank 3: Epoch 55/200 | Batch 30/65 | Loss: 0.055707 (seg: 0.047885, rec: 0.007822)
2025-10-10 13:27:07,170 - DEBUG - Rank 3: Epoch 55/200 | Batch 40/65 | Loss: 0.062250 (seg: 0.054814, rec: 0.007437)
2025-10-10 13:27:25,554 - DEBUG - Rank 3: Epoch 55/200 | Batch 50/65 | Loss: 0.053723 (seg: 0.043819, rec: 0.009904)
2025-10-10 13:27:43,862 - DEBUG - Rank 3: Epoch 55/200 | Batch 60/65 | Loss: 0.063526 (seg: 0.055695, rec: 0.007831)
2025-10-10 13:27:51,398 - INFO - Rank 3: Epoch 55/200 | Avg Train Loss: 0.055261 (seg: 0.046988, rec: 0.008273)
2025-10-10 13:28:01,583 - INFO - Rank 3: Epoch 55/200 | Avg Val Loss: 0.050499 (seg: 0.045523, rec: 0.004976)
2025-10-10 13:28:06,210 - DEBUG - Rank 3: Epoch 56/200 | Batch 0/65 | Loss: 0.067033 (seg: 0.059339, rec: 0.007694)
2025-10-10 13:28:24,195 - DEBUG - Rank 3: Epoch 56/200 | Batch 10/65 | Loss: 0.046304 (seg: 0.038598, rec: 0.007706)
2025-10-10 13:28:42,665 - DEBUG - Rank 3: Epoch 56/200 | Batch 20/65 | Loss: 0.046426 (seg: 0.039062, rec: 0.007364)
2025-10-10 13:29:01,122 - DEBUG - Rank 3: Epoch 56/200 | Batch 30/65 | Loss: 0.054002 (seg: 0.044626, rec: 0.009376)
2025-10-10 13:29:19,569 - DEBUG - Rank 3: Epoch 56/200 | Batch 40/65 | Loss: 0.050981 (seg: 0.043509, rec: 0.007473)
2025-10-10 13:29:37,989 - DEBUG - Rank 3: Epoch 56/200 | Batch 50/65 | Loss: 0.047278 (seg: 0.040666, rec: 0.006612)
2025-10-10 13:29:56,456 - DEBUG - Rank 3: Epoch 56/200 | Batch 60/65 | Loss: 0.040348 (seg: 0.032610, rec: 0.007739)
2025-10-10 13:30:03,945 - INFO - Rank 3: Epoch 56/200 | Avg Train Loss: 0.053399 (seg: 0.045501, rec: 0.007898)
2025-10-10 13:30:15,093 - INFO - Rank 3: Epoch 56/200 | Avg Val Loss: 0.048763 (seg: 0.044464, rec: 0.004299)
2025-10-10 13:30:19,603 - DEBUG - Rank 3: Epoch 57/200 | Batch 0/65 | Loss: 0.058160 (seg: 0.046724, rec: 0.011436)
2025-10-10 13:30:37,459 - DEBUG - Rank 3: Epoch 57/200 | Batch 10/65 | Loss: 0.051191 (seg: 0.041988, rec: 0.009203)
2025-10-10 13:30:55,805 - DEBUG - Rank 3: Epoch 57/200 | Batch 20/65 | Loss: 0.046328 (seg: 0.038243, rec: 0.008085)
2025-10-10 13:31:14,270 - DEBUG - Rank 3: Epoch 57/200 | Batch 30/65 | Loss: 0.060920 (seg: 0.052706, rec: 0.008214)
2025-10-10 13:31:32,807 - DEBUG - Rank 3: Epoch 57/200 | Batch 40/65 | Loss: 0.042465 (seg: 0.034254, rec: 0.008211)
2025-10-10 13:31:51,600 - DEBUG - Rank 3: Epoch 57/200 | Batch 50/65 | Loss: 0.050689 (seg: 0.041508, rec: 0.009181)
2025-10-10 13:32:10,273 - DEBUG - Rank 3: Epoch 57/200 | Batch 60/65 | Loss: 0.039600 (seg: 0.032939, rec: 0.006661)
2025-10-10 13:32:17,813 - INFO - Rank 3: Epoch 57/200 | Avg Train Loss: 0.053936 (seg: 0.045798, rec: 0.008138)
2025-10-10 13:32:29,109 - INFO - Rank 3: Epoch 57/200 | Avg Val Loss: 0.048225 (seg: 0.044229, rec: 0.003996)
2025-10-10 13:32:33,737 - DEBUG - Rank 3: Epoch 58/200 | Batch 0/65 | Loss: 0.046025 (seg: 0.037504, rec: 0.008521)
2025-10-10 13:32:51,960 - DEBUG - Rank 3: Epoch 58/200 | Batch 10/65 | Loss: 0.050739 (seg: 0.042781, rec: 0.007958)
2025-10-10 13:33:10,646 - DEBUG - Rank 3: Epoch 58/200 | Batch 20/65 | Loss: 0.066692 (seg: 0.058041, rec: 0.008651)
2025-10-10 13:33:29,782 - DEBUG - Rank 3: Epoch 58/200 | Batch 30/65 | Loss: 0.054481 (seg: 0.045835, rec: 0.008645)
2025-10-10 13:33:48,538 - DEBUG - Rank 3: Epoch 58/200 | Batch 40/65 | Loss: 0.040897 (seg: 0.033044, rec: 0.007853)
2025-10-10 13:34:07,305 - DEBUG - Rank 3: Epoch 58/200 | Batch 50/65 | Loss: 0.032708 (seg: 0.025503, rec: 0.007204)
2025-10-10 13:34:26,156 - DEBUG - Rank 3: Epoch 58/200 | Batch 60/65 | Loss: 0.044189 (seg: 0.035876, rec: 0.008313)
2025-10-10 13:34:33,774 - INFO - Rank 3: Epoch 58/200 | Avg Train Loss: 0.055575 (seg: 0.047559, rec: 0.008016)
2025-10-10 13:34:44,391 - INFO - Rank 3: Epoch 58/200 | Avg Val Loss: 0.048845 (seg: 0.044884, rec: 0.003961)
2025-10-10 13:34:48,817 - DEBUG - Rank 3: Epoch 59/200 | Batch 0/65 | Loss: 0.058542 (seg: 0.051119, rec: 0.007423)
2025-10-10 13:35:06,940 - DEBUG - Rank 3: Epoch 59/200 | Batch 10/65 | Loss: 0.057262 (seg: 0.049363, rec: 0.007900)
2025-10-10 13:35:25,459 - DEBUG - Rank 3: Epoch 59/200 | Batch 20/65 | Loss: 0.048559 (seg: 0.041585, rec: 0.006974)
2025-10-10 13:35:44,087 - DEBUG - Rank 3: Epoch 59/200 | Batch 30/65 | Loss: 0.053065 (seg: 0.046382, rec: 0.006683)
2025-10-10 13:36:02,611 - DEBUG - Rank 3: Epoch 59/200 | Batch 40/65 | Loss: 0.044247 (seg: 0.036462, rec: 0.007784)
2025-10-10 13:36:21,174 - DEBUG - Rank 3: Epoch 59/200 | Batch 50/65 | Loss: 0.065393 (seg: 0.056698, rec: 0.008694)
2025-10-10 13:36:39,664 - DEBUG - Rank 3: Epoch 59/200 | Batch 60/65 | Loss: 0.047769 (seg: 0.041212, rec: 0.006557)
2025-10-10 13:36:47,196 - INFO - Rank 3: Epoch 59/200 | Avg Train Loss: 0.053093 (seg: 0.045140, rec: 0.007953)
2025-10-10 13:36:57,034 - INFO - Rank 3: Epoch 59/200 | Avg Val Loss: 0.048795 (seg: 0.044665, rec: 0.004130)
2025-10-10 13:37:01,772 - DEBUG - Rank 3: Epoch 60/200 | Batch 0/65 | Loss: 0.045026 (seg: 0.037805, rec: 0.007221)
2025-10-10 13:37:19,693 - DEBUG - Rank 3: Epoch 60/200 | Batch 10/65 | Loss: 0.052447 (seg: 0.044878, rec: 0.007569)
2025-10-10 13:37:38,097 - DEBUG - Rank 3: Epoch 60/200 | Batch 20/65 | Loss: 0.056857 (seg: 0.048793, rec: 0.008064)
2025-10-10 13:37:56,410 - DEBUG - Rank 3: Epoch 60/200 | Batch 30/65 | Loss: 0.053294 (seg: 0.045849, rec: 0.007445)
2025-10-10 13:38:14,831 - DEBUG - Rank 3: Epoch 60/200 | Batch 40/65 | Loss: 0.049617 (seg: 0.041538, rec: 0.008079)
2025-10-10 13:38:33,168 - DEBUG - Rank 3: Epoch 60/200 | Batch 50/65 | Loss: 0.067271 (seg: 0.058622, rec: 0.008649)
2025-10-10 13:38:51,459 - DEBUG - Rank 3: Epoch 60/200 | Batch 60/65 | Loss: 0.056246 (seg: 0.047030, rec: 0.009217)
2025-10-10 13:38:59,052 - INFO - Rank 3: Epoch 60/200 | Avg Train Loss: 0.054470 (seg: 0.046422, rec: 0.008048)
2025-10-10 13:39:08,692 - INFO - Rank 3: Epoch 60/200 | Avg Val Loss: 0.049579 (seg: 0.045424, rec: 0.004155)
2025-10-10 13:39:12,988 - DEBUG - Rank 3: Epoch 61/200 | Batch 0/65 | Loss: 0.049583 (seg: 0.042419, rec: 0.007164)
2025-10-10 13:39:30,860 - DEBUG - Rank 3: Epoch 61/200 | Batch 10/65 | Loss: 0.046050 (seg: 0.037729, rec: 0.008321)
2025-10-10 13:39:49,045 - DEBUG - Rank 3: Epoch 61/200 | Batch 20/65 | Loss: 0.064759 (seg: 0.056887, rec: 0.007872)
2025-10-10 13:40:07,405 - DEBUG - Rank 3: Epoch 61/200 | Batch 30/65 | Loss: 0.043300 (seg: 0.036018, rec: 0.007282)
2025-10-10 13:40:25,671 - DEBUG - Rank 3: Epoch 61/200 | Batch 40/65 | Loss: 0.051908 (seg: 0.044913, rec: 0.006994)
2025-10-10 13:40:43,955 - DEBUG - Rank 3: Epoch 61/200 | Batch 50/65 | Loss: 0.040000 (seg: 0.032397, rec: 0.007603)
2025-10-10 13:41:02,202 - DEBUG - Rank 3: Epoch 61/200 | Batch 60/65 | Loss: 0.058425 (seg: 0.051127, rec: 0.007298)
2025-10-10 13:41:09,620 - INFO - Rank 3: Epoch 61/200 | Avg Train Loss: 0.052918 (seg: 0.045277, rec: 0.007642)
2025-10-10 13:41:19,895 - INFO - Rank 3: Epoch 61/200 | Avg Val Loss: 0.048630 (seg: 0.044555, rec: 0.004075)
2025-10-10 13:41:24,212 - DEBUG - Rank 3: Epoch 62/200 | Batch 0/65 | Loss: 0.055059 (seg: 0.047082, rec: 0.007976)
2025-10-10 13:41:41,816 - DEBUG - Rank 3: Epoch 62/200 | Batch 10/65 | Loss: 0.039248 (seg: 0.029524, rec: 0.009724)
2025-10-10 13:41:59,869 - DEBUG - Rank 3: Epoch 62/200 | Batch 20/65 | Loss: 0.049069 (seg: 0.041838, rec: 0.007231)
2025-10-10 13:42:18,033 - DEBUG - Rank 3: Epoch 62/200 | Batch 30/65 | Loss: 0.050397 (seg: 0.043854, rec: 0.006544)
2025-10-10 13:42:36,547 - DEBUG - Rank 3: Epoch 62/200 | Batch 40/65 | Loss: 0.060456 (seg: 0.050543, rec: 0.009913)
2025-10-10 13:42:55,243 - DEBUG - Rank 3: Epoch 62/200 | Batch 50/65 | Loss: 0.043826 (seg: 0.035968, rec: 0.007858)
2025-10-10 13:43:13,534 - DEBUG - Rank 3: Epoch 62/200 | Batch 60/65 | Loss: 0.063275 (seg: 0.055597, rec: 0.007678)
2025-10-10 13:43:21,004 - INFO - Rank 3: Epoch 62/200 | Avg Train Loss: 0.052258 (seg: 0.044505, rec: 0.007752)
2025-10-10 13:43:32,370 - INFO - Rank 3: Epoch 62/200 | Avg Val Loss: 0.050582 (seg: 0.044820, rec: 0.005762)
2025-10-10 13:43:36,963 - DEBUG - Rank 3: Epoch 63/200 | Batch 0/65 | Loss: 0.061061 (seg: 0.051215, rec: 0.009847)
2025-10-10 13:43:54,641 - DEBUG - Rank 3: Epoch 63/200 | Batch 10/65 | Loss: 0.044586 (seg: 0.036447, rec: 0.008140)
2025-10-10 13:44:12,744 - DEBUG - Rank 3: Epoch 63/200 | Batch 20/65 | Loss: 0.055018 (seg: 0.046145, rec: 0.008873)
2025-10-10 13:44:30,961 - DEBUG - Rank 3: Epoch 63/200 | Batch 30/65 | Loss: 0.050010 (seg: 0.042500, rec: 0.007510)
2025-10-10 13:44:49,343 - DEBUG - Rank 3: Epoch 63/200 | Batch 40/65 | Loss: 0.051086 (seg: 0.042087, rec: 0.008999)
2025-10-10 13:45:07,561 - DEBUG - Rank 3: Epoch 63/200 | Batch 50/65 | Loss: 0.052277 (seg: 0.044813, rec: 0.007464)
2025-10-10 13:45:25,768 - DEBUG - Rank 3: Epoch 63/200 | Batch 60/65 | Loss: 0.039294 (seg: 0.032601, rec: 0.006693)
2025-10-10 13:45:33,183 - INFO - Rank 3: Epoch 63/200 | Avg Train Loss: 0.051564 (seg: 0.043407, rec: 0.008158)
2025-10-10 13:45:44,050 - INFO - Rank 3: Epoch 63/200 | Avg Val Loss: 0.048075 (seg: 0.043747, rec: 0.004328)
2025-10-10 13:45:48,548 - DEBUG - Rank 3: Epoch 64/200 | Batch 0/65 | Loss: 0.035406 (seg: 0.028669, rec: 0.006737)
2025-10-10 13:46:06,245 - DEBUG - Rank 3: Epoch 64/200 | Batch 10/65 | Loss: 0.043129 (seg: 0.033386, rec: 0.009744)
2025-10-10 13:46:24,302 - DEBUG - Rank 3: Epoch 64/200 | Batch 20/65 | Loss: 0.044501 (seg: 0.037304, rec: 0.007196)
2025-10-10 13:46:42,862 - DEBUG - Rank 3: Epoch 64/200 | Batch 30/65 | Loss: 0.045241 (seg: 0.037574, rec: 0.007667)
2025-10-10 13:47:01,148 - DEBUG - Rank 3: Epoch 64/200 | Batch 40/65 | Loss: 0.044919 (seg: 0.035365, rec: 0.009554)
2025-10-10 13:47:19,594 - DEBUG - Rank 3: Epoch 64/200 | Batch 50/65 | Loss: 0.057290 (seg: 0.049122, rec: 0.008169)
2025-10-10 13:47:37,982 - DEBUG - Rank 3: Epoch 64/200 | Batch 60/65 | Loss: 0.054919 (seg: 0.046706, rec: 0.008213)
2025-10-10 13:47:45,452 - INFO - Rank 3: Epoch 64/200 | Avg Train Loss: 0.051926 (seg: 0.043913, rec: 0.008014)
2025-10-10 13:47:56,222 - INFO - Rank 3: Epoch 64/200 | Avg Val Loss: 0.045885 (seg: 0.042161, rec: 0.003725)
2025-10-10 13:48:01,032 - DEBUG - Rank 3: Epoch 65/200 | Batch 0/65 | Loss: 0.047321 (seg: 0.039883, rec: 0.007438)
2025-10-10 13:48:18,904 - DEBUG - Rank 3: Epoch 65/200 | Batch 10/65 | Loss: 0.062422 (seg: 0.055264, rec: 0.007158)
2025-10-10 13:48:37,214 - DEBUG - Rank 3: Epoch 65/200 | Batch 20/65 | Loss: 0.053364 (seg: 0.046323, rec: 0.007040)
2025-10-10 13:48:55,734 - DEBUG - Rank 3: Epoch 65/200 | Batch 30/65 | Loss: 0.053595 (seg: 0.045995, rec: 0.007600)
2025-10-10 13:49:14,221 - DEBUG - Rank 3: Epoch 65/200 | Batch 40/65 | Loss: 0.044020 (seg: 0.036687, rec: 0.007333)
2025-10-10 13:49:32,634 - DEBUG - Rank 3: Epoch 65/200 | Batch 50/65 | Loss: 0.047943 (seg: 0.040209, rec: 0.007734)
2025-10-10 13:49:51,012 - DEBUG - Rank 3: Epoch 65/200 | Batch 60/65 | Loss: 0.052049 (seg: 0.044895, rec: 0.007154)
2025-10-10 13:49:58,540 - INFO - Rank 3: Epoch 65/200 | Avg Train Loss: 0.051149 (seg: 0.043513, rec: 0.007636)
2025-10-10 13:50:10,085 - INFO - Rank 3: Epoch 65/200 | Avg Val Loss: 0.047046 (seg: 0.042774, rec: 0.004272)
2025-10-10 13:50:14,683 - DEBUG - Rank 3: Epoch 66/200 | Batch 0/65 | Loss: 0.034345 (seg: 0.026947, rec: 0.007398)
2025-10-10 13:50:32,773 - DEBUG - Rank 3: Epoch 66/200 | Batch 10/65 | Loss: 0.060270 (seg: 0.052433, rec: 0.007837)
2025-10-10 13:50:51,299 - DEBUG - Rank 3: Epoch 66/200 | Batch 20/65 | Loss: 0.050383 (seg: 0.043168, rec: 0.007215)
2025-10-10 13:51:10,070 - DEBUG - Rank 3: Epoch 66/200 | Batch 30/65 | Loss: 0.049773 (seg: 0.040874, rec: 0.008899)
2025-10-10 13:51:29,137 - DEBUG - Rank 3: Epoch 66/200 | Batch 40/65 | Loss: 0.045332 (seg: 0.036529, rec: 0.008803)
2025-10-10 13:51:47,658 - DEBUG - Rank 3: Epoch 66/200 | Batch 50/65 | Loss: 0.043024 (seg: 0.035619, rec: 0.007405)
2025-10-10 13:52:06,185 - DEBUG - Rank 3: Epoch 66/200 | Batch 60/65 | Loss: 0.043852 (seg: 0.037428, rec: 0.006424)
2025-10-10 13:52:13,753 - INFO - Rank 3: Epoch 66/200 | Avg Train Loss: 0.050919 (seg: 0.043192, rec: 0.007727)
2025-10-10 13:52:24,325 - INFO - Rank 3: Epoch 66/200 | Avg Val Loss: 0.047359 (seg: 0.042842, rec: 0.004516)
2025-10-10 13:52:28,971 - DEBUG - Rank 3: Epoch 67/200 | Batch 0/65 | Loss: 0.062885 (seg: 0.055531, rec: 0.007354)
2025-10-10 13:52:47,215 - DEBUG - Rank 3: Epoch 67/200 | Batch 10/65 | Loss: 0.043461 (seg: 0.035373, rec: 0.008088)
2025-10-10 13:53:05,628 - DEBUG - Rank 3: Epoch 67/200 | Batch 20/65 | Loss: 0.035105 (seg: 0.028048, rec: 0.007057)
2025-10-10 13:53:24,295 - DEBUG - Rank 3: Epoch 67/200 | Batch 30/65 | Loss: 0.055356 (seg: 0.048353, rec: 0.007002)
2025-10-10 13:53:43,545 - DEBUG - Rank 3: Epoch 67/200 | Batch 40/65 | Loss: 0.072741 (seg: 0.065346, rec: 0.007395)
2025-10-10 13:54:02,029 - DEBUG - Rank 3: Epoch 67/200 | Batch 50/65 | Loss: 0.041427 (seg: 0.033009, rec: 0.008418)
2025-10-10 13:54:20,548 - DEBUG - Rank 3: Epoch 67/200 | Batch 60/65 | Loss: 0.044890 (seg: 0.037365, rec: 0.007525)
2025-10-10 13:54:28,052 - INFO - Rank 3: Epoch 67/200 | Avg Train Loss: 0.050494 (seg: 0.042639, rec: 0.007856)
2025-10-10 13:54:38,984 - INFO - Rank 3: Epoch 67/200 | Avg Val Loss: 0.049880 (seg: 0.045985, rec: 0.003895)
2025-10-10 13:54:43,743 - DEBUG - Rank 3: Epoch 68/200 | Batch 0/65 | Loss: 0.037929 (seg: 0.029904, rec: 0.008024)
2025-10-10 13:55:01,675 - DEBUG - Rank 3: Epoch 68/200 | Batch 10/65 | Loss: 0.056202 (seg: 0.048097, rec: 0.008105)
2025-10-10 13:55:20,104 - DEBUG - Rank 3: Epoch 68/200 | Batch 20/65 | Loss: 0.070209 (seg: 0.061982, rec: 0.008227)
2025-10-10 13:55:38,622 - DEBUG - Rank 3: Epoch 68/200 | Batch 30/65 | Loss: 0.060223 (seg: 0.053007, rec: 0.007216)
2025-10-10 13:55:57,033 - DEBUG - Rank 3: Epoch 68/200 | Batch 40/65 | Loss: 0.066632 (seg: 0.058547, rec: 0.008085)
2025-10-10 13:56:15,475 - DEBUG - Rank 3: Epoch 68/200 | Batch 50/65 | Loss: 0.054004 (seg: 0.046297, rec: 0.007707)
2025-10-10 13:56:33,902 - DEBUG - Rank 3: Epoch 68/200 | Batch 60/65 | Loss: 0.159300 (seg: 0.151703, rec: 0.007597)
2025-10-10 13:56:41,457 - INFO - Rank 3: Epoch 68/200 | Avg Train Loss: 0.054245 (seg: 0.046346, rec: 0.007899)
2025-10-10 13:56:51,948 - INFO - Rank 3: Epoch 68/200 | Avg Val Loss: 0.047256 (seg: 0.043521, rec: 0.003735)
2025-10-10 13:56:56,377 - DEBUG - Rank 3: Epoch 69/200 | Batch 0/65 | Loss: 0.052782 (seg: 0.045541, rec: 0.007241)
2025-10-10 13:57:14,447 - DEBUG - Rank 3: Epoch 69/200 | Batch 10/65 | Loss: 0.042001 (seg: 0.034835, rec: 0.007166)
2025-10-10 13:57:32,824 - DEBUG - Rank 3: Epoch 69/200 | Batch 20/65 | Loss: 0.058644 (seg: 0.049257, rec: 0.009386)
2025-10-10 13:57:51,273 - DEBUG - Rank 3: Epoch 69/200 | Batch 30/65 | Loss: 0.067494 (seg: 0.060737, rec: 0.006756)
2025-10-10 13:58:09,639 - DEBUG - Rank 3: Epoch 69/200 | Batch 40/65 | Loss: 0.048882 (seg: 0.041924, rec: 0.006958)
2025-10-10 13:58:28,011 - DEBUG - Rank 3: Epoch 69/200 | Batch 50/65 | Loss: 0.034317 (seg: 0.026728, rec: 0.007589)
2025-10-10 13:58:46,496 - DEBUG - Rank 3: Epoch 69/200 | Batch 60/65 | Loss: 0.050856 (seg: 0.041565, rec: 0.009291)
2025-10-10 13:58:53,928 - INFO - Rank 3: Epoch 69/200 | Avg Train Loss: 0.048598 (seg: 0.040856, rec: 0.007742)
2025-10-10 13:59:04,281 - INFO - Rank 3: Epoch 69/200 | Avg Val Loss: 0.046310 (seg: 0.042675, rec: 0.003635)
2025-10-10 13:59:09,027 - DEBUG - Rank 3: Epoch 70/200 | Batch 0/65 | Loss: 0.045609 (seg: 0.038167, rec: 0.007443)
2025-10-10 13:59:27,015 - DEBUG - Rank 3: Epoch 70/200 | Batch 10/65 | Loss: 0.035307 (seg: 0.027623, rec: 0.007684)
2025-10-10 13:59:45,206 - DEBUG - Rank 3: Epoch 70/200 | Batch 20/65 | Loss: 0.041318 (seg: 0.033951, rec: 0.007366)
2025-10-10 14:00:03,467 - DEBUG - Rank 3: Epoch 70/200 | Batch 30/65 | Loss: 0.048322 (seg: 0.041035, rec: 0.007287)
2025-10-10 14:00:21,750 - DEBUG - Rank 3: Epoch 70/200 | Batch 40/65 | Loss: 0.052813 (seg: 0.046078, rec: 0.006735)
2025-10-10 14:00:40,061 - DEBUG - Rank 3: Epoch 70/200 | Batch 50/65 | Loss: 0.058116 (seg: 0.050618, rec: 0.007498)
2025-10-10 14:00:58,385 - DEBUG - Rank 3: Epoch 70/200 | Batch 60/65 | Loss: 0.053390 (seg: 0.046459, rec: 0.006931)
2025-10-10 14:01:05,860 - INFO - Rank 3: Epoch 70/200 | Avg Train Loss: 0.050855 (seg: 0.043392, rec: 0.007463)
2025-10-10 14:01:16,673 - INFO - Rank 3: Epoch 70/200 | Avg Val Loss: 0.049651 (seg: 0.045196, rec: 0.004455)
2025-10-10 14:01:21,483 - DEBUG - Rank 3: Epoch 71/200 | Batch 0/65 | Loss: 0.062210 (seg: 0.055182, rec: 0.007028)
2025-10-10 14:01:39,104 - DEBUG - Rank 3: Epoch 71/200 | Batch 10/65 | Loss: 0.064809 (seg: 0.057683, rec: 0.007126)
2025-10-10 14:01:57,137 - DEBUG - Rank 3: Epoch 71/200 | Batch 20/65 | Loss: 0.048136 (seg: 0.041191, rec: 0.006945)
2025-10-10 14:02:15,616 - DEBUG - Rank 3: Epoch 71/200 | Batch 30/65 | Loss: 0.030700 (seg: 0.023765, rec: 0.006935)
2025-10-10 14:02:33,833 - DEBUG - Rank 3: Epoch 71/200 | Batch 40/65 | Loss: 0.044225 (seg: 0.036597, rec: 0.007628)
2025-10-10 14:02:52,103 - DEBUG - Rank 3: Epoch 71/200 | Batch 50/65 | Loss: 0.051836 (seg: 0.042676, rec: 0.009160)
2025-10-10 14:03:10,465 - DEBUG - Rank 3: Epoch 71/200 | Batch 60/65 | Loss: 0.034584 (seg: 0.026953, rec: 0.007632)
2025-10-10 14:03:17,951 - INFO - Rank 3: Epoch 71/200 | Avg Train Loss: 0.049469 (seg: 0.041952, rec: 0.007517)
2025-10-10 14:03:29,043 - INFO - Rank 3: Epoch 71/200 | Avg Val Loss: 0.047376 (seg: 0.043058, rec: 0.004318)
2025-10-10 14:03:34,061 - DEBUG - Rank 3: Epoch 72/200 | Batch 0/65 | Loss: 0.044797 (seg: 0.037545, rec: 0.007252)
2025-10-10 14:03:52,005 - DEBUG - Rank 3: Epoch 72/200 | Batch 10/65 | Loss: 0.039106 (seg: 0.031932, rec: 0.007173)
2025-10-10 14:04:10,464 - DEBUG - Rank 3: Epoch 72/200 | Batch 20/65 | Loss: 0.057274 (seg: 0.050515, rec: 0.006759)
2025-10-10 14:04:28,888 - DEBUG - Rank 3: Epoch 72/200 | Batch 30/65 | Loss: 0.051682 (seg: 0.044728, rec: 0.006955)
2025-10-10 14:04:47,388 - DEBUG - Rank 3: Epoch 72/200 | Batch 40/65 | Loss: 0.036096 (seg: 0.028407, rec: 0.007689)
2025-10-10 14:05:05,946 - DEBUG - Rank 3: Epoch 72/200 | Batch 50/65 | Loss: 0.046992 (seg: 0.039097, rec: 0.007895)
2025-10-10 14:05:25,141 - DEBUG - Rank 3: Epoch 72/200 | Batch 60/65 | Loss: 0.041144 (seg: 0.033964, rec: 0.007180)
2025-10-10 14:05:32,658 - INFO - Rank 3: Epoch 72/200 | Avg Train Loss: 0.047678 (seg: 0.040150, rec: 0.007528)
2025-10-10 14:05:42,270 - INFO - Rank 3: Epoch 72/200 | Avg Val Loss: 0.049027 (seg: 0.044997, rec: 0.004030)
2025-10-10 14:05:46,879 - DEBUG - Rank 3: Epoch 73/200 | Batch 0/65 | Loss: 0.049085 (seg: 0.041098, rec: 0.007988)
2025-10-10 14:06:04,884 - DEBUG - Rank 3: Epoch 73/200 | Batch 10/65 | Loss: 0.052087 (seg: 0.042558, rec: 0.009529)
2025-10-10 14:06:23,307 - DEBUG - Rank 3: Epoch 73/200 | Batch 20/65 | Loss: 0.045552 (seg: 0.036175, rec: 0.009377)
2025-10-10 14:06:41,795 - DEBUG - Rank 3: Epoch 73/200 | Batch 30/65 | Loss: 0.061196 (seg: 0.053462, rec: 0.007735)
2025-10-10 14:07:00,301 - DEBUG - Rank 3: Epoch 73/200 | Batch 40/65 | Loss: 0.043607 (seg: 0.037253, rec: 0.006354)
2025-10-10 14:07:18,885 - DEBUG - Rank 3: Epoch 73/200 | Batch 50/65 | Loss: 0.046581 (seg: 0.039069, rec: 0.007512)
2025-10-10 14:07:37,528 - DEBUG - Rank 3: Epoch 73/200 | Batch 60/65 | Loss: 0.042951 (seg: 0.036371, rec: 0.006580)
2025-10-10 14:07:45,092 - INFO - Rank 3: Epoch 73/200 | Avg Train Loss: 0.049917 (seg: 0.042179, rec: 0.007738)
2025-10-10 14:07:55,674 - INFO - Rank 3: Epoch 73/200 | Avg Val Loss: 0.047676 (seg: 0.043695, rec: 0.003981)
2025-10-10 14:08:00,434 - DEBUG - Rank 3: Epoch 74/200 | Batch 0/65 | Loss: 0.059937 (seg: 0.053167, rec: 0.006769)
2025-10-10 14:08:18,531 - DEBUG - Rank 3: Epoch 74/200 | Batch 10/65 | Loss: 0.040389 (seg: 0.032854, rec: 0.007535)
2025-10-10 14:08:36,969 - DEBUG - Rank 3: Epoch 74/200 | Batch 20/65 | Loss: 0.042995 (seg: 0.035667, rec: 0.007328)
2025-10-10 14:08:55,499 - DEBUG - Rank 3: Epoch 74/200 | Batch 30/65 | Loss: 0.060393 (seg: 0.052873, rec: 0.007520)
2025-10-10 14:09:13,963 - DEBUG - Rank 3: Epoch 74/200 | Batch 40/65 | Loss: 0.037451 (seg: 0.031054, rec: 0.006397)
2025-10-10 14:09:32,414 - DEBUG - Rank 3: Epoch 74/200 | Batch 50/65 | Loss: 0.060272 (seg: 0.051736, rec: 0.008536)
2025-10-10 14:09:50,856 - DEBUG - Rank 3: Epoch 74/200 | Batch 60/65 | Loss: 0.041319 (seg: 0.034241, rec: 0.007078)
2025-10-10 14:09:58,371 - INFO - Rank 3: Epoch 74/200 | Avg Train Loss: 0.048716 (seg: 0.041189, rec: 0.007527)
2025-10-10 14:10:09,930 - INFO - Rank 3: Epoch 74/200 | Avg Val Loss: 0.045352 (seg: 0.041431, rec: 0.003921)
2025-10-10 14:10:14,748 - DEBUG - Rank 3: Epoch 75/200 | Batch 0/65 | Loss: 0.045777 (seg: 0.038423, rec: 0.007354)
2025-10-10 14:10:32,777 - DEBUG - Rank 3: Epoch 75/200 | Batch 10/65 | Loss: 0.038567 (seg: 0.031880, rec: 0.006688)
2025-10-10 14:10:51,085 - DEBUG - Rank 3: Epoch 75/200 | Batch 20/65 | Loss: 0.041915 (seg: 0.033815, rec: 0.008100)
2025-10-10 14:11:09,464 - DEBUG - Rank 3: Epoch 75/200 | Batch 30/65 | Loss: 0.055321 (seg: 0.045588, rec: 0.009733)
2025-10-10 14:11:27,731 - DEBUG - Rank 3: Epoch 75/200 | Batch 40/65 | Loss: 0.042186 (seg: 0.035444, rec: 0.006742)
2025-10-10 14:11:46,111 - DEBUG - Rank 3: Epoch 75/200 | Batch 50/65 | Loss: 0.057720 (seg: 0.050769, rec: 0.006952)
2025-10-10 14:12:04,370 - DEBUG - Rank 3: Epoch 75/200 | Batch 60/65 | Loss: 0.052786 (seg: 0.044896, rec: 0.007890)
2025-10-10 14:12:11,721 - INFO - Rank 3: Epoch 75/200 | Avg Train Loss: 0.047101 (seg: 0.039702, rec: 0.007399)
2025-10-10 14:12:22,401 - INFO - Rank 3: Epoch 75/200 | Avg Val Loss: 0.044994 (seg: 0.041534, rec: 0.003460)
2025-10-10 14:12:26,983 - DEBUG - Rank 3: Epoch 76/200 | Batch 0/65 | Loss: 0.037971 (seg: 0.030272, rec: 0.007699)
2025-10-10 14:12:46,434 - DEBUG - Rank 3: Epoch 76/200 | Batch 10/65 | Loss: 0.039978 (seg: 0.032599, rec: 0.007379)
2025-10-10 14:13:04,414 - DEBUG - Rank 3: Epoch 76/200 | Batch 20/65 | Loss: 0.073875 (seg: 0.066268, rec: 0.007608)
2025-10-10 14:13:23,335 - DEBUG - Rank 3: Epoch 76/200 | Batch 30/65 | Loss: 0.043623 (seg: 0.035977, rec: 0.007646)
2025-10-10 14:13:41,669 - DEBUG - Rank 3: Epoch 76/200 | Batch 40/65 | Loss: 0.048393 (seg: 0.039153, rec: 0.009240)
2025-10-10 14:14:00,062 - DEBUG - Rank 3: Epoch 76/200 | Batch 50/65 | Loss: 0.073809 (seg: 0.066517, rec: 0.007292)
2025-10-10 14:14:18,307 - DEBUG - Rank 3: Epoch 76/200 | Batch 60/65 | Loss: 0.042232 (seg: 0.035652, rec: 0.006580)
2025-10-10 14:14:25,722 - INFO - Rank 3: Epoch 76/200 | Avg Train Loss: 0.048275 (seg: 0.040733, rec: 0.007543)
2025-10-10 14:14:36,593 - INFO - Rank 3: Epoch 76/200 | Avg Val Loss: 0.045222 (seg: 0.041202, rec: 0.004020)
2025-10-10 14:14:41,164 - DEBUG - Rank 3: Epoch 77/200 | Batch 0/65 | Loss: 0.042512 (seg: 0.034804, rec: 0.007707)
2025-10-10 14:14:59,107 - DEBUG - Rank 3: Epoch 77/200 | Batch 10/65 | Loss: 0.047672 (seg: 0.040824, rec: 0.006848)
2025-10-10 14:15:17,382 - DEBUG - Rank 3: Epoch 77/200 | Batch 20/65 | Loss: 0.047596 (seg: 0.039169, rec: 0.008427)
2025-10-10 14:15:35,735 - DEBUG - Rank 3: Epoch 77/200 | Batch 30/65 | Loss: 0.036221 (seg: 0.029855, rec: 0.006366)
2025-10-10 14:15:54,054 - DEBUG - Rank 3: Epoch 77/200 | Batch 40/65 | Loss: 0.033917 (seg: 0.027113, rec: 0.006804)
2025-10-10 14:16:12,378 - DEBUG - Rank 3: Epoch 77/200 | Batch 50/65 | Loss: 0.033740 (seg: 0.027091, rec: 0.006650)
2025-10-10 14:16:30,582 - DEBUG - Rank 3: Epoch 77/200 | Batch 60/65 | Loss: 0.041827 (seg: 0.034649, rec: 0.007178)
2025-10-10 14:16:38,033 - INFO - Rank 3: Epoch 77/200 | Avg Train Loss: 0.046724 (seg: 0.039373, rec: 0.007351)
2025-10-10 14:16:48,437 - INFO - Rank 3: Epoch 77/200 | Avg Val Loss: 0.044859 (seg: 0.040890, rec: 0.003969)
2025-10-10 14:16:53,133 - DEBUG - Rank 3: Epoch 78/200 | Batch 0/65 | Loss: 0.049568 (seg: 0.042084, rec: 0.007484)
2025-10-10 14:17:10,869 - DEBUG - Rank 3: Epoch 78/200 | Batch 10/65 | Loss: 0.057807 (seg: 0.050064, rec: 0.007743)
2025-10-10 14:17:28,993 - DEBUG - Rank 3: Epoch 78/200 | Batch 20/65 | Loss: 0.047586 (seg: 0.039393, rec: 0.008193)
2025-10-10 14:17:47,530 - DEBUG - Rank 3: Epoch 78/200 | Batch 30/65 | Loss: 0.035490 (seg: 0.028580, rec: 0.006910)
2025-10-10 14:18:05,801 - DEBUG - Rank 3: Epoch 78/200 | Batch 40/65 | Loss: 0.038649 (seg: 0.030767, rec: 0.007882)
2025-10-10 14:18:24,074 - DEBUG - Rank 3: Epoch 78/200 | Batch 50/65 | Loss: 0.042117 (seg: 0.033349, rec: 0.008768)
2025-10-10 14:18:42,307 - DEBUG - Rank 3: Epoch 78/200 | Batch 60/65 | Loss: 0.039240 (seg: 0.031912, rec: 0.007328)
2025-10-10 14:18:49,950 - INFO - Rank 3: Epoch 78/200 | Avg Train Loss: 0.047346 (seg: 0.039741, rec: 0.007605)
2025-10-10 14:19:00,484 - INFO - Rank 3: Epoch 78/200 | Avg Val Loss: 0.044573 (seg: 0.040709, rec: 0.003864)
2025-10-10 14:19:05,567 - DEBUG - Rank 3: Epoch 79/200 | Batch 0/65 | Loss: 0.046743 (seg: 0.038695, rec: 0.008048)
2025-10-10 14:19:23,460 - DEBUG - Rank 3: Epoch 79/200 | Batch 10/65 | Loss: 0.047969 (seg: 0.039013, rec: 0.008956)
2025-10-10 14:19:41,767 - DEBUG - Rank 3: Epoch 79/200 | Batch 20/65 | Loss: 0.034415 (seg: 0.027841, rec: 0.006574)
2025-10-10 14:20:00,054 - DEBUG - Rank 3: Epoch 79/200 | Batch 30/65 | Loss: 0.058045 (seg: 0.050619, rec: 0.007426)
2025-10-10 14:20:18,270 - DEBUG - Rank 3: Epoch 79/200 | Batch 40/65 | Loss: 0.032987 (seg: 0.026261, rec: 0.006726)
2025-10-10 14:20:36,576 - DEBUG - Rank 3: Epoch 79/200 | Batch 50/65 | Loss: 0.046635 (seg: 0.039277, rec: 0.007357)
2025-10-10 14:20:54,824 - DEBUG - Rank 3: Epoch 79/200 | Batch 60/65 | Loss: 0.053471 (seg: 0.044462, rec: 0.009009)
2025-10-10 14:21:02,252 - INFO - Rank 3: Epoch 79/200 | Avg Train Loss: 0.048143 (seg: 0.040686, rec: 0.007456)
2025-10-10 14:21:13,276 - INFO - Rank 3: Epoch 79/200 | Avg Val Loss: 0.045924 (seg: 0.041553, rec: 0.004372)
2025-10-10 14:21:18,181 - DEBUG - Rank 3: Epoch 80/200 | Batch 0/65 | Loss: 0.047962 (seg: 0.040704, rec: 0.007258)
2025-10-10 14:21:36,052 - DEBUG - Rank 3: Epoch 80/200 | Batch 10/65 | Loss: 0.048932 (seg: 0.041986, rec: 0.006946)
2025-10-10 14:21:54,287 - DEBUG - Rank 3: Epoch 80/200 | Batch 20/65 | Loss: 0.048766 (seg: 0.040788, rec: 0.007978)
2025-10-10 14:22:12,580 - DEBUG - Rank 3: Epoch 80/200 | Batch 30/65 | Loss: 0.038868 (seg: 0.032193, rec: 0.006675)
2025-10-10 14:22:31,104 - DEBUG - Rank 3: Epoch 80/200 | Batch 40/65 | Loss: 0.049125 (seg: 0.041045, rec: 0.008079)
2025-10-10 14:22:49,468 - DEBUG - Rank 3: Epoch 80/200 | Batch 50/65 | Loss: 0.045031 (seg: 0.037807, rec: 0.007224)
2025-10-10 14:23:07,863 - DEBUG - Rank 3: Epoch 80/200 | Batch 60/65 | Loss: 0.037134 (seg: 0.030017, rec: 0.007118)
2025-10-10 14:23:15,322 - INFO - Rank 3: Epoch 80/200 | Avg Train Loss: 0.048552 (seg: 0.041192, rec: 0.007360)
2025-10-10 14:23:25,800 - INFO - Rank 3: Epoch 80/200 | Avg Val Loss: 0.043797 (seg: 0.040468, rec: 0.003329)
2025-10-10 14:23:30,845 - DEBUG - Rank 3: Epoch 81/200 | Batch 0/65 | Loss: 0.031818 (seg: 0.024847, rec: 0.006971)
2025-10-10 14:23:48,649 - DEBUG - Rank 3: Epoch 81/200 | Batch 10/65 | Loss: 0.044178 (seg: 0.036954, rec: 0.007224)
2025-10-10 14:24:06,824 - DEBUG - Rank 3: Epoch 81/200 | Batch 20/65 | Loss: 0.040714 (seg: 0.033176, rec: 0.007538)
2025-10-10 14:24:25,296 - DEBUG - Rank 3: Epoch 81/200 | Batch 30/65 | Loss: 0.047406 (seg: 0.040363, rec: 0.007044)
2025-10-10 14:24:43,750 - DEBUG - Rank 3: Epoch 81/200 | Batch 40/65 | Loss: 0.038750 (seg: 0.030708, rec: 0.008042)
2025-10-10 14:25:02,219 - DEBUG - Rank 3: Epoch 81/200 | Batch 50/65 | Loss: 0.044916 (seg: 0.037370, rec: 0.007546)
2025-10-10 14:25:20,580 - DEBUG - Rank 3: Epoch 81/200 | Batch 60/65 | Loss: 0.040909 (seg: 0.033781, rec: 0.007128)
2025-10-10 14:25:28,097 - INFO - Rank 3: Epoch 81/200 | Avg Train Loss: 0.045247 (seg: 0.038016, rec: 0.007232)
2025-10-10 14:25:38,264 - INFO - Rank 3: Epoch 81/200 | Avg Val Loss: 0.045033 (seg: 0.040891, rec: 0.004143)
2025-10-10 14:25:42,727 - DEBUG - Rank 3: Epoch 82/200 | Batch 0/65 | Loss: 0.045260 (seg: 0.038672, rec: 0.006587)
2025-10-10 14:26:00,687 - DEBUG - Rank 3: Epoch 82/200 | Batch 10/65 | Loss: 0.054437 (seg: 0.047611, rec: 0.006826)
2025-10-10 14:26:19,089 - DEBUG - Rank 3: Epoch 82/200 | Batch 20/65 | Loss: 0.056298 (seg: 0.046740, rec: 0.009559)
2025-10-10 14:26:37,500 - DEBUG - Rank 3: Epoch 82/200 | Batch 30/65 | Loss: 0.047391 (seg: 0.041148, rec: 0.006244)
2025-10-10 14:26:55,962 - DEBUG - Rank 3: Epoch 82/200 | Batch 40/65 | Loss: 0.075115 (seg: 0.066539, rec: 0.008575)
2025-10-10 14:27:14,390 - DEBUG - Rank 3: Epoch 82/200 | Batch 50/65 | Loss: 0.046208 (seg: 0.038165, rec: 0.008043)
2025-10-10 14:27:35,838 - DEBUG - Rank 3: Epoch 82/200 | Batch 60/65 | Loss: 0.042567 (seg: 0.036245, rec: 0.006321)
2025-10-10 14:27:43,224 - INFO - Rank 3: Epoch 82/200 | Avg Train Loss: 0.048791 (seg: 0.041484, rec: 0.007307)
2025-10-10 14:27:53,220 - INFO - Rank 3: Epoch 82/200 | Avg Val Loss: 0.043824 (seg: 0.040076, rec: 0.003748)
2025-10-10 14:27:57,732 - DEBUG - Rank 3: Epoch 83/200 | Batch 0/65 | Loss: 0.057131 (seg: 0.049541, rec: 0.007590)
2025-10-10 14:28:15,553 - DEBUG - Rank 3: Epoch 83/200 | Batch 10/65 | Loss: 0.041777 (seg: 0.035312, rec: 0.006465)
2025-10-10 14:28:33,916 - DEBUG - Rank 3: Epoch 83/200 | Batch 20/65 | Loss: 0.084068 (seg: 0.076003, rec: 0.008065)
2025-10-10 14:28:52,290 - DEBUG - Rank 3: Epoch 83/200 | Batch 30/65 | Loss: 0.044681 (seg: 0.037164, rec: 0.007518)
2025-10-10 14:29:10,709 - DEBUG - Rank 3: Epoch 83/200 | Batch 40/65 | Loss: 0.041367 (seg: 0.034522, rec: 0.006845)
2025-10-10 14:29:29,161 - DEBUG - Rank 3: Epoch 83/200 | Batch 50/65 | Loss: 0.061796 (seg: 0.053574, rec: 0.008222)
2025-10-10 14:29:47,586 - DEBUG - Rank 3: Epoch 83/200 | Batch 60/65 | Loss: 0.043403 (seg: 0.036416, rec: 0.006987)
2025-10-10 14:29:55,089 - INFO - Rank 3: Epoch 83/200 | Avg Train Loss: 0.047158 (seg: 0.039795, rec: 0.007363)
2025-10-10 14:30:05,146 - INFO - Rank 3: Epoch 83/200 | Avg Val Loss: 0.044756 (seg: 0.040702, rec: 0.004054)
2025-10-10 14:30:09,611 - DEBUG - Rank 3: Epoch 84/200 | Batch 0/65 | Loss: 0.047253 (seg: 0.040073, rec: 0.007180)
2025-10-10 14:30:27,545 - DEBUG - Rank 3: Epoch 84/200 | Batch 10/65 | Loss: 0.050967 (seg: 0.044290, rec: 0.006677)
2025-10-10 14:30:45,984 - DEBUG - Rank 3: Epoch 84/200 | Batch 20/65 | Loss: 0.042058 (seg: 0.035438, rec: 0.006619)
2025-10-10 14:31:04,605 - DEBUG - Rank 3: Epoch 84/200 | Batch 30/65 | Loss: 0.039876 (seg: 0.031264, rec: 0.008612)
2025-10-10 14:31:23,287 - DEBUG - Rank 3: Epoch 84/200 | Batch 40/65 | Loss: 0.041581 (seg: 0.034249, rec: 0.007332)
2025-10-10 14:31:41,791 - DEBUG - Rank 3: Epoch 84/200 | Batch 50/65 | Loss: 0.040458 (seg: 0.032393, rec: 0.008064)
2025-10-10 14:32:00,193 - DEBUG - Rank 3: Epoch 84/200 | Batch 60/65 | Loss: 0.048077 (seg: 0.041225, rec: 0.006852)
2025-10-10 14:32:07,687 - INFO - Rank 3: Epoch 84/200 | Avg Train Loss: 0.046401 (seg: 0.039213, rec: 0.007189)
2025-10-10 14:32:18,686 - INFO - Rank 3: Epoch 84/200 | Avg Val Loss: 0.044909 (seg: 0.041054, rec: 0.003855)
2025-10-10 14:32:23,592 - DEBUG - Rank 3: Epoch 85/200 | Batch 0/65 | Loss: 0.040745 (seg: 0.034717, rec: 0.006028)
2025-10-10 14:32:41,633 - DEBUG - Rank 3: Epoch 85/200 | Batch 10/65 | Loss: 0.044954 (seg: 0.038198, rec: 0.006756)
2025-10-10 14:32:59,998 - DEBUG - Rank 3: Epoch 85/200 | Batch 20/65 | Loss: 0.057136 (seg: 0.050597, rec: 0.006539)
2025-10-10 14:33:18,347 - DEBUG - Rank 3: Epoch 85/200 | Batch 30/65 | Loss: 0.046011 (seg: 0.038213, rec: 0.007798)
2025-10-10 14:33:36,756 - DEBUG - Rank 3: Epoch 85/200 | Batch 40/65 | Loss: 0.073053 (seg: 0.065691, rec: 0.007362)
2025-10-10 14:33:55,210 - DEBUG - Rank 3: Epoch 85/200 | Batch 50/65 | Loss: 0.062558 (seg: 0.055009, rec: 0.007549)
2025-10-10 14:34:13,545 - DEBUG - Rank 3: Epoch 85/200 | Batch 60/65 | Loss: 0.041434 (seg: 0.034612, rec: 0.006822)
2025-10-10 14:34:21,041 - INFO - Rank 3: Epoch 85/200 | Avg Train Loss: 0.046707 (seg: 0.039473, rec: 0.007234)
2025-10-10 14:34:32,568 - INFO - Rank 3: Epoch 85/200 | Avg Val Loss: 0.044458 (seg: 0.040393, rec: 0.004065)
2025-10-10 14:34:37,528 - DEBUG - Rank 3: Epoch 86/200 | Batch 0/65 | Loss: 0.037665 (seg: 0.030837, rec: 0.006828)
2025-10-10 14:34:55,450 - DEBUG - Rank 3: Epoch 86/200 | Batch 10/65 | Loss: 0.066692 (seg: 0.058474, rec: 0.008218)
2025-10-10 14:35:13,567 - DEBUG - Rank 3: Epoch 86/200 | Batch 20/65 | Loss: 0.032488 (seg: 0.024635, rec: 0.007853)
2025-10-10 14:35:31,771 - DEBUG - Rank 3: Epoch 86/200 | Batch 30/65 | Loss: 0.051840 (seg: 0.044842, rec: 0.006998)
2025-10-10 14:35:50,131 - DEBUG - Rank 3: Epoch 86/200 | Batch 40/65 | Loss: 0.034892 (seg: 0.028313, rec: 0.006579)
2025-10-10 14:36:08,493 - DEBUG - Rank 3: Epoch 86/200 | Batch 50/65 | Loss: 0.048825 (seg: 0.041489, rec: 0.007336)
2025-10-10 14:36:26,784 - DEBUG - Rank 3: Epoch 86/200 | Batch 60/65 | Loss: 0.044299 (seg: 0.037687, rec: 0.006612)
2025-10-10 14:36:34,239 - INFO - Rank 3: Epoch 86/200 | Avg Train Loss: 0.046142 (seg: 0.038790, rec: 0.007351)
2025-10-10 14:36:45,454 - INFO - Rank 3: Epoch 86/200 | Avg Val Loss: 0.045257 (seg: 0.041953, rec: 0.003304)
2025-10-10 14:36:51,282 - DEBUG - Rank 3: Epoch 87/200 | Batch 0/65 | Loss: 0.043395 (seg: 0.036165, rec: 0.007230)
2025-10-10 14:37:08,989 - DEBUG - Rank 3: Epoch 87/200 | Batch 10/65 | Loss: 0.042397 (seg: 0.034925, rec: 0.007472)
2025-10-10 14:37:27,082 - DEBUG - Rank 3: Epoch 87/200 | Batch 20/65 | Loss: 0.033707 (seg: 0.026569, rec: 0.007138)
2025-10-10 14:37:45,222 - DEBUG - Rank 3: Epoch 87/200 | Batch 30/65 | Loss: 0.056983 (seg: 0.048530, rec: 0.008453)
2025-10-10 14:38:03,426 - DEBUG - Rank 3: Epoch 87/200 | Batch 40/65 | Loss: 0.045431 (seg: 0.034462, rec: 0.010968)
2025-10-10 14:38:21,562 - DEBUG - Rank 3: Epoch 87/200 | Batch 50/65 | Loss: 0.050653 (seg: 0.043391, rec: 0.007262)
2025-10-10 14:38:39,705 - DEBUG - Rank 3: Epoch 87/200 | Batch 60/65 | Loss: 0.033225 (seg: 0.026409, rec: 0.006816)
2025-10-10 14:38:47,108 - INFO - Rank 3: Epoch 87/200 | Avg Train Loss: 0.046524 (seg: 0.039283, rec: 0.007241)
2025-10-10 14:38:57,249 - INFO - Rank 3: Epoch 87/200 | Avg Val Loss: 0.044175 (seg: 0.040978, rec: 0.003197)
2025-10-10 14:39:01,992 - DEBUG - Rank 3: Epoch 88/200 | Batch 0/65 | Loss: 0.054168 (seg: 0.046108, rec: 0.008059)
2025-10-10 14:39:19,707 - DEBUG - Rank 3: Epoch 88/200 | Batch 10/65 | Loss: 0.034977 (seg: 0.027730, rec: 0.007247)
2025-10-10 14:39:37,824 - DEBUG - Rank 3: Epoch 88/200 | Batch 20/65 | Loss: 0.050874 (seg: 0.043568, rec: 0.007306)
2025-10-10 14:39:56,736 - DEBUG - Rank 3: Epoch 88/200 | Batch 30/65 | Loss: 0.029059 (seg: 0.021936, rec: 0.007123)
2025-10-10 14:40:14,933 - DEBUG - Rank 3: Epoch 88/200 | Batch 40/65 | Loss: 0.067841 (seg: 0.061460, rec: 0.006381)
2025-10-10 14:40:33,264 - DEBUG - Rank 3: Epoch 88/200 | Batch 50/65 | Loss: 0.052040 (seg: 0.043651, rec: 0.008389)
2025-10-10 14:40:51,577 - DEBUG - Rank 3: Epoch 88/200 | Batch 60/65 | Loss: 0.041416 (seg: 0.034743, rec: 0.006673)
2025-10-10 14:40:59,020 - INFO - Rank 3: Epoch 88/200 | Avg Train Loss: 0.044614 (seg: 0.037493, rec: 0.007121)
2025-10-10 14:41:09,917 - INFO - Rank 3: Epoch 88/200 | Avg Val Loss: 0.044407 (seg: 0.040453, rec: 0.003955)
2025-10-10 14:41:15,015 - DEBUG - Rank 3: Epoch 89/200 | Batch 0/65 | Loss: 0.036901 (seg: 0.030312, rec: 0.006589)
2025-10-10 14:41:32,772 - DEBUG - Rank 3: Epoch 89/200 | Batch 10/65 | Loss: 0.044569 (seg: 0.036343, rec: 0.008226)
2025-10-10 14:41:50,969 - DEBUG - Rank 3: Epoch 89/200 | Batch 20/65 | Loss: 0.040132 (seg: 0.032868, rec: 0.007264)
2025-10-10 14:42:09,311 - DEBUG - Rank 3: Epoch 89/200 | Batch 30/65 | Loss: 0.041448 (seg: 0.035385, rec: 0.006063)
2025-10-10 14:42:27,778 - DEBUG - Rank 3: Epoch 89/200 | Batch 40/65 | Loss: 0.050895 (seg: 0.043339, rec: 0.007556)
2025-10-10 14:42:46,384 - DEBUG - Rank 3: Epoch 89/200 | Batch 50/65 | Loss: 0.041061 (seg: 0.034626, rec: 0.006435)
2025-10-10 14:43:04,981 - DEBUG - Rank 3: Epoch 89/200 | Batch 60/65 | Loss: 0.045474 (seg: 0.038367, rec: 0.007107)
2025-10-10 14:43:12,495 - INFO - Rank 3: Epoch 89/200 | Avg Train Loss: 0.044302 (seg: 0.037128, rec: 0.007174)
2025-10-10 14:43:23,692 - INFO - Rank 3: Epoch 89/200 | Avg Val Loss: 0.044578 (seg: 0.040644, rec: 0.003934)
2025-10-10 14:43:28,544 - DEBUG - Rank 3: Epoch 90/200 | Batch 0/65 | Loss: 0.033481 (seg: 0.026275, rec: 0.007205)
2025-10-10 14:43:46,573 - DEBUG - Rank 3: Epoch 90/200 | Batch 10/65 | Loss: 0.037888 (seg: 0.031025, rec: 0.006863)
2025-10-10 14:44:05,004 - DEBUG - Rank 3: Epoch 90/200 | Batch 20/65 | Loss: 0.033661 (seg: 0.027126, rec: 0.006534)
2025-10-10 14:44:23,648 - DEBUG - Rank 3: Epoch 90/200 | Batch 30/65 | Loss: 0.039699 (seg: 0.031931, rec: 0.007768)
2025-10-10 14:44:42,554 - DEBUG - Rank 3: Epoch 90/200 | Batch 40/65 | Loss: 0.045544 (seg: 0.038450, rec: 0.007094)
2025-10-10 14:45:01,124 - DEBUG - Rank 3: Epoch 90/200 | Batch 50/65 | Loss: 0.046340 (seg: 0.038995, rec: 0.007345)
2025-10-10 14:45:19,669 - DEBUG - Rank 3: Epoch 90/200 | Batch 60/65 | Loss: 0.055119 (seg: 0.046494, rec: 0.008626)
2025-10-10 14:45:27,213 - INFO - Rank 3: Epoch 90/200 | Avg Train Loss: 0.044464 (seg: 0.037234, rec: 0.007230)
2025-10-10 14:45:37,826 - INFO - Rank 3: Epoch 90/200 | Avg Val Loss: 0.043608 (seg: 0.040536, rec: 0.003073)
2025-10-10 14:45:42,540 - DEBUG - Rank 3: Epoch 91/200 | Batch 0/65 | Loss: 0.057519 (seg: 0.051082, rec: 0.006437)
2025-10-10 14:46:00,722 - DEBUG - Rank 3: Epoch 91/200 | Batch 10/65 | Loss: 0.034049 (seg: 0.027066, rec: 0.006983)
2025-10-10 14:46:19,232 - DEBUG - Rank 3: Epoch 91/200 | Batch 20/65 | Loss: 0.041459 (seg: 0.034322, rec: 0.007137)
2025-10-10 14:46:38,081 - DEBUG - Rank 3: Epoch 91/200 | Batch 30/65 | Loss: 0.047112 (seg: 0.039996, rec: 0.007115)
2025-10-10 14:46:56,765 - DEBUG - Rank 3: Epoch 91/200 | Batch 40/65 | Loss: 0.031283 (seg: 0.023741, rec: 0.007542)
2025-10-10 14:47:15,407 - DEBUG - Rank 3: Epoch 91/200 | Batch 50/65 | Loss: 0.051350 (seg: 0.041671, rec: 0.009679)
2025-10-10 14:47:34,248 - DEBUG - Rank 3: Epoch 91/200 | Batch 60/65 | Loss: 0.046267 (seg: 0.038500, rec: 0.007766)
2025-10-10 14:47:41,923 - INFO - Rank 3: Epoch 91/200 | Avg Train Loss: 0.045246 (seg: 0.037998, rec: 0.007248)
2025-10-10 14:47:52,622 - INFO - Rank 3: Epoch 91/200 | Avg Val Loss: 0.043618 (seg: 0.039887, rec: 0.003731)
2025-10-10 14:47:57,465 - DEBUG - Rank 3: Epoch 92/200 | Batch 0/65 | Loss: 0.035082 (seg: 0.028277, rec: 0.006806)
2025-10-10 14:48:15,524 - DEBUG - Rank 3: Epoch 92/200 | Batch 10/65 | Loss: 0.034882 (seg: 0.027937, rec: 0.006945)
2025-10-10 14:48:34,089 - DEBUG - Rank 3: Epoch 92/200 | Batch 20/65 | Loss: 0.035838 (seg: 0.027906, rec: 0.007933)
2025-10-10 14:48:52,880 - DEBUG - Rank 3: Epoch 92/200 | Batch 30/65 | Loss: 0.045842 (seg: 0.039564, rec: 0.006278)
2025-10-10 14:49:11,242 - DEBUG - Rank 3: Epoch 92/200 | Batch 40/65 | Loss: 0.041902 (seg: 0.033630, rec: 0.008273)
2025-10-10 14:49:29,747 - DEBUG - Rank 3: Epoch 92/200 | Batch 50/65 | Loss: 0.059876 (seg: 0.052517, rec: 0.007359)
2025-10-10 14:49:48,280 - DEBUG - Rank 3: Epoch 92/200 | Batch 60/65 | Loss: 0.044651 (seg: 0.036905, rec: 0.007746)
2025-10-10 14:49:55,773 - INFO - Rank 3: Epoch 92/200 | Avg Train Loss: 0.043319 (seg: 0.036155, rec: 0.007165)
2025-10-10 14:50:06,589 - INFO - Rank 3: Epoch 92/200 | Avg Val Loss: 0.043911 (seg: 0.039785, rec: 0.004127)
2025-10-10 14:50:11,456 - DEBUG - Rank 3: Epoch 93/200 | Batch 0/65 | Loss: 0.053131 (seg: 0.046626, rec: 0.006506)
2025-10-10 14:50:29,213 - DEBUG - Rank 3: Epoch 93/200 | Batch 10/65 | Loss: 0.038525 (seg: 0.032253, rec: 0.006272)
2025-10-10 14:50:48,775 - DEBUG - Rank 3: Epoch 93/200 | Batch 20/65 | Loss: 0.048459 (seg: 0.039024, rec: 0.009435)
2025-10-10 14:51:06,936 - DEBUG - Rank 3: Epoch 93/200 | Batch 30/65 | Loss: 0.044780 (seg: 0.037666, rec: 0.007114)
2025-10-10 14:51:25,275 - DEBUG - Rank 3: Epoch 93/200 | Batch 40/65 | Loss: 0.050990 (seg: 0.042844, rec: 0.008146)
2025-10-10 14:51:43,574 - DEBUG - Rank 3: Epoch 93/200 | Batch 50/65 | Loss: 0.033044 (seg: 0.026104, rec: 0.006940)
2025-10-10 14:52:01,842 - DEBUG - Rank 3: Epoch 93/200 | Batch 60/65 | Loss: 0.041665 (seg: 0.035323, rec: 0.006342)
2025-10-10 14:52:09,235 - INFO - Rank 3: Epoch 93/200 | Avg Train Loss: 0.044617 (seg: 0.037370, rec: 0.007247)
2025-10-10 14:52:18,695 - INFO - Rank 3: Epoch 93/200 | Avg Val Loss: 0.043625 (seg: 0.040067, rec: 0.003558)
2025-10-10 14:52:23,107 - DEBUG - Rank 3: Epoch 94/200 | Batch 0/65 | Loss: 0.036149 (seg: 0.029888, rec: 0.006261)
2025-10-10 14:52:41,042 - DEBUG - Rank 3: Epoch 94/200 | Batch 10/65 | Loss: 0.036660 (seg: 0.028918, rec: 0.007742)
2025-10-10 14:52:59,195 - DEBUG - Rank 3: Epoch 94/200 | Batch 20/65 | Loss: 0.042238 (seg: 0.035673, rec: 0.006565)
2025-10-10 14:53:17,358 - DEBUG - Rank 3: Epoch 94/200 | Batch 30/65 | Loss: 0.040398 (seg: 0.033299, rec: 0.007099)
2025-10-10 14:53:35,630 - DEBUG - Rank 3: Epoch 94/200 | Batch 40/65 | Loss: 0.034087 (seg: 0.026990, rec: 0.007097)
2025-10-10 14:53:53,824 - DEBUG - Rank 3: Epoch 94/200 | Batch 50/65 | Loss: 0.046579 (seg: 0.039212, rec: 0.007367)
2025-10-10 14:54:11,945 - DEBUG - Rank 3: Epoch 94/200 | Batch 60/65 | Loss: 0.041121 (seg: 0.034415, rec: 0.006706)
2025-10-10 14:54:19,323 - INFO - Rank 3: Epoch 94/200 | Avg Train Loss: 0.044386 (seg: 0.037237, rec: 0.007149)
2025-10-10 14:55:06,228 - INFO - Rank 3: Epoch 94/200 | Avg Val Loss: 0.042644 (seg: 0.039493, rec: 0.003151)
2025-10-10 14:55:21,806 - DEBUG - Rank 3: Epoch 95/200 | Batch 0/65 | Loss: 0.046132 (seg: 0.039035, rec: 0.007097)
2025-10-10 14:55:52,133 - DEBUG - Rank 3: Epoch 95/200 | Batch 10/65 | Loss: 0.037424 (seg: 0.029225, rec: 0.008199)
2025-10-10 14:56:32,368 - DEBUG - Rank 3: Epoch 95/200 | Batch 20/65 | Loss: 0.035949 (seg: 0.026591, rec: 0.009358)
2025-10-10 14:57:01,187 - DEBUG - Rank 3: Epoch 95/200 | Batch 30/65 | Loss: 0.034175 (seg: 0.026475, rec: 0.007700)
2025-10-10 14:57:38,538 - DEBUG - Rank 3: Epoch 95/200 | Batch 40/65 | Loss: 0.035543 (seg: 0.026678, rec: 0.008865)
2025-10-10 14:58:09,697 - DEBUG - Rank 3: Epoch 95/200 | Batch 50/65 | Loss: 0.041816 (seg: 0.035907, rec: 0.005909)
2025-10-10 14:58:42,194 - DEBUG - Rank 3: Epoch 95/200 | Batch 60/65 | Loss: 0.095881 (seg: 0.088814, rec: 0.007067)
2025-10-10 14:58:49,542 - INFO - Rank 3: Epoch 95/200 | Avg Train Loss: 0.044755 (seg: 0.037655, rec: 0.007100)
2025-10-10 14:59:03,531 - INFO - Rank 3: Epoch 95/200 | Avg Val Loss: 0.042757 (seg: 0.039338, rec: 0.003419)
2025-10-10 14:59:08,293 - DEBUG - Rank 3: Epoch 96/200 | Batch 0/65 | Loss: 0.040560 (seg: 0.034110, rec: 0.006450)
2025-10-10 14:59:26,457 - DEBUG - Rank 3: Epoch 96/200 | Batch 10/65 | Loss: 0.039604 (seg: 0.032648, rec: 0.006956)
2025-10-10 14:59:44,694 - DEBUG - Rank 3: Epoch 96/200 | Batch 20/65 | Loss: 0.042359 (seg: 0.035497, rec: 0.006861)
2025-10-10 15:00:02,987 - DEBUG - Rank 3: Epoch 96/200 | Batch 30/65 | Loss: 0.050222 (seg: 0.043469, rec: 0.006753)
2025-10-10 15:00:21,467 - DEBUG - Rank 3: Epoch 96/200 | Batch 40/65 | Loss: 0.060604 (seg: 0.053871, rec: 0.006733)
2025-10-10 15:00:39,617 - DEBUG - Rank 3: Epoch 96/200 | Batch 50/65 | Loss: 0.059396 (seg: 0.051568, rec: 0.007828)
2025-10-10 15:00:57,766 - DEBUG - Rank 3: Epoch 96/200 | Batch 60/65 | Loss: 0.047077 (seg: 0.040461, rec: 0.006617)
2025-10-10 15:01:05,167 - INFO - Rank 3: Epoch 96/200 | Avg Train Loss: 0.044425 (seg: 0.037304, rec: 0.007122)
2025-10-10 15:01:15,443 - INFO - Rank 3: Epoch 96/200 | Avg Val Loss: 0.044268 (seg: 0.040436, rec: 0.003832)
2025-10-10 15:01:20,066 - DEBUG - Rank 3: Epoch 97/200 | Batch 0/65 | Loss: 0.037047 (seg: 0.030691, rec: 0.006356)
2025-10-10 15:01:37,695 - DEBUG - Rank 3: Epoch 97/200 | Batch 10/65 | Loss: 0.048516 (seg: 0.041909, rec: 0.006607)
2025-10-10 15:01:55,681 - DEBUG - Rank 3: Epoch 97/200 | Batch 20/65 | Loss: 0.047101 (seg: 0.040941, rec: 0.006160)
2025-10-10 15:02:13,849 - DEBUG - Rank 3: Epoch 97/200 | Batch 30/65 | Loss: 0.071134 (seg: 0.064096, rec: 0.007038)
2025-10-10 15:02:32,081 - DEBUG - Rank 3: Epoch 97/200 | Batch 40/65 | Loss: 0.051158 (seg: 0.044540, rec: 0.006618)
2025-10-10 15:02:50,375 - DEBUG - Rank 3: Epoch 97/200 | Batch 50/65 | Loss: 0.041124 (seg: 0.034885, rec: 0.006239)
2025-10-10 15:03:08,709 - DEBUG - Rank 3: Epoch 97/200 | Batch 60/65 | Loss: 0.049453 (seg: 0.042697, rec: 0.006756)
2025-10-10 15:03:16,116 - INFO - Rank 3: Epoch 97/200 | Avg Train Loss: 0.042655 (seg: 0.035699, rec: 0.006956)
2025-10-10 15:03:26,170 - INFO - Rank 3: Epoch 97/200 | Avg Val Loss: 0.043025 (seg: 0.040004, rec: 0.003021)
2025-10-10 15:03:30,527 - DEBUG - Rank 3: Epoch 98/200 | Batch 0/65 | Loss: 0.035326 (seg: 0.028789, rec: 0.006537)
2025-10-10 15:03:48,322 - DEBUG - Rank 3: Epoch 98/200 | Batch 10/65 | Loss: 0.047543 (seg: 0.040331, rec: 0.007212)
2025-10-10 15:04:06,410 - DEBUG - Rank 3: Epoch 98/200 | Batch 20/65 | Loss: 0.042287 (seg: 0.034586, rec: 0.007701)
2025-10-10 15:04:24,733 - DEBUG - Rank 3: Epoch 98/200 | Batch 30/65 | Loss: 0.088109 (seg: 0.081811, rec: 0.006298)
2025-10-10 15:04:43,038 - DEBUG - Rank 3: Epoch 98/200 | Batch 40/65 | Loss: 0.033287 (seg: 0.026848, rec: 0.006439)
2025-10-10 15:05:01,316 - DEBUG - Rank 3: Epoch 98/200 | Batch 50/65 | Loss: 0.037142 (seg: 0.030008, rec: 0.007134)
2025-10-10 15:05:19,566 - DEBUG - Rank 3: Epoch 98/200 | Batch 60/65 | Loss: 0.036002 (seg: 0.028736, rec: 0.007266)
2025-10-10 15:05:26,959 - INFO - Rank 3: Epoch 98/200 | Avg Train Loss: 0.042635 (seg: 0.035546, rec: 0.007090)
2025-10-10 15:05:37,565 - INFO - Rank 3: Epoch 98/200 | Avg Val Loss: 0.043784 (seg: 0.039909, rec: 0.003875)
2025-10-10 15:05:42,561 - DEBUG - Rank 3: Epoch 99/200 | Batch 0/65 | Loss: 0.043171 (seg: 0.035463, rec: 0.007707)
2025-10-10 15:06:00,723 - DEBUG - Rank 3: Epoch 99/200 | Batch 10/65 | Loss: 0.038811 (seg: 0.031737, rec: 0.007075)
2025-10-10 15:06:19,136 - DEBUG - Rank 3: Epoch 99/200 | Batch 20/65 | Loss: 0.061455 (seg: 0.053541, rec: 0.007913)
2025-10-10 15:06:37,592 - DEBUG - Rank 3: Epoch 99/200 | Batch 30/65 | Loss: 0.042019 (seg: 0.035258, rec: 0.006761)
2025-10-10 15:06:56,080 - DEBUG - Rank 3: Epoch 99/200 | Batch 40/65 | Loss: 0.038416 (seg: 0.032257, rec: 0.006159)
2025-10-10 15:07:14,620 - DEBUG - Rank 3: Epoch 99/200 | Batch 50/65 | Loss: 0.047319 (seg: 0.040037, rec: 0.007282)
2025-10-10 15:07:33,075 - DEBUG - Rank 3: Epoch 99/200 | Batch 60/65 | Loss: 0.038571 (seg: 0.031674, rec: 0.006897)
2025-10-10 15:07:40,600 - INFO - Rank 3: Epoch 99/200 | Avg Train Loss: 0.044231 (seg: 0.037296, rec: 0.006935)
2025-10-10 15:07:51,921 - INFO - Rank 3: Epoch 99/200 | Avg Val Loss: 0.043140 (seg: 0.039763, rec: 0.003377)
2025-10-10 15:07:56,893 - DEBUG - Rank 3: Epoch 100/200 | Batch 0/65 | Loss: 0.046902 (seg: 0.040087, rec: 0.006815)
2025-10-10 15:08:14,686 - DEBUG - Rank 3: Epoch 100/200 | Batch 10/65 | Loss: 0.048257 (seg: 0.040005, rec: 0.008252)
2025-10-10 15:08:32,991 - DEBUG - Rank 3: Epoch 100/200 | Batch 20/65 | Loss: 0.046737 (seg: 0.040035, rec: 0.006702)
2025-10-10 15:08:51,460 - DEBUG - Rank 3: Epoch 100/200 | Batch 30/65 | Loss: 0.041156 (seg: 0.033711, rec: 0.007445)
2025-10-10 15:09:09,943 - DEBUG - Rank 3: Epoch 100/200 | Batch 40/65 | Loss: 0.046129 (seg: 0.038180, rec: 0.007949)
2025-10-10 15:09:28,214 - DEBUG - Rank 3: Epoch 100/200 | Batch 50/65 | Loss: 0.049067 (seg: 0.041858, rec: 0.007209)
2025-10-10 15:09:46,581 - DEBUG - Rank 3: Epoch 100/200 | Batch 60/65 | Loss: 0.039502 (seg: 0.033310, rec: 0.006192)
2025-10-10 15:09:53,954 - INFO - Rank 3: Epoch 100/200 | Avg Train Loss: 0.043017 (seg: 0.035948, rec: 0.007069)
2025-10-10 15:10:04,219 - INFO - Rank 3: Epoch 100/200 | Avg Val Loss: 0.044014 (seg: 0.040351, rec: 0.003663)
2025-10-10 15:10:08,615 - DEBUG - Rank 3: Epoch 101/200 | Batch 0/65 | Loss: 0.040028 (seg: 0.033881, rec: 0.006147)
2025-10-10 15:10:26,515 - DEBUG - Rank 3: Epoch 101/200 | Batch 10/65 | Loss: 0.046531 (seg: 0.039391, rec: 0.007140)
2025-10-10 15:10:44,784 - DEBUG - Rank 3: Epoch 101/200 | Batch 20/65 | Loss: 0.038288 (seg: 0.031881, rec: 0.006407)
2025-10-10 15:11:03,150 - DEBUG - Rank 3: Epoch 101/200 | Batch 30/65 | Loss: 0.032599 (seg: 0.025529, rec: 0.007070)
2025-10-10 15:11:21,430 - DEBUG - Rank 3: Epoch 101/200 | Batch 40/65 | Loss: 0.044878 (seg: 0.038562, rec: 0.006316)
2025-10-10 15:11:39,819 - DEBUG - Rank 3: Epoch 101/200 | Batch 50/65 | Loss: 0.061324 (seg: 0.054381, rec: 0.006942)
2025-10-10 15:11:58,059 - DEBUG - Rank 3: Epoch 101/200 | Batch 60/65 | Loss: 0.043712 (seg: 0.036756, rec: 0.006956)
2025-10-10 15:12:05,474 - INFO - Rank 3: Epoch 101/200 | Avg Train Loss: 0.042163 (seg: 0.035195, rec: 0.006967)
2025-10-10 15:12:15,883 - INFO - Rank 3: Epoch 101/200 | Avg Val Loss: 0.043667 (seg: 0.039985, rec: 0.003682)
2025-10-10 15:12:20,289 - DEBUG - Rank 3: Epoch 102/200 | Batch 0/65 | Loss: 0.034525 (seg: 0.027612, rec: 0.006913)
2025-10-10 15:12:38,969 - DEBUG - Rank 3: Epoch 102/200 | Batch 10/65 | Loss: 0.037660 (seg: 0.031349, rec: 0.006311)
2025-10-10 15:12:58,254 - DEBUG - Rank 3: Epoch 102/200 | Batch 20/65 | Loss: 0.037633 (seg: 0.030743, rec: 0.006890)
2025-10-10 15:13:16,436 - DEBUG - Rank 3: Epoch 102/200 | Batch 30/65 | Loss: 0.044929 (seg: 0.038330, rec: 0.006599)
2025-10-10 15:13:35,942 - DEBUG - Rank 3: Epoch 102/200 | Batch 40/65 | Loss: 0.039394 (seg: 0.033023, rec: 0.006371)
2025-10-10 15:13:54,284 - DEBUG - Rank 3: Epoch 102/200 | Batch 50/65 | Loss: 0.032632 (seg: 0.026119, rec: 0.006513)
2025-10-10 15:14:12,734 - DEBUG - Rank 3: Epoch 102/200 | Batch 60/65 | Loss: 0.033532 (seg: 0.027174, rec: 0.006358)
2025-10-10 15:14:20,229 - INFO - Rank 3: Epoch 102/200 | Avg Train Loss: 0.042510 (seg: 0.035522, rec: 0.006988)
2025-10-10 15:14:30,861 - INFO - Rank 3: Epoch 102/200 | Avg Val Loss: 0.043916 (seg: 0.040292, rec: 0.003625)
2025-10-10 15:14:35,640 - DEBUG - Rank 3: Epoch 103/200 | Batch 0/65 | Loss: 0.047365 (seg: 0.040808, rec: 0.006557)
2025-10-10 15:14:53,453 - DEBUG - Rank 3: Epoch 103/200 | Batch 10/65 | Loss: 0.040609 (seg: 0.032762, rec: 0.007847)
2025-10-10 15:15:11,656 - DEBUG - Rank 3: Epoch 103/200 | Batch 20/65 | Loss: 0.045892 (seg: 0.039092, rec: 0.006800)
2025-10-10 15:15:29,927 - DEBUG - Rank 3: Epoch 103/200 | Batch 30/65 | Loss: 0.029968 (seg: 0.023200, rec: 0.006768)
2025-10-10 15:15:48,451 - DEBUG - Rank 3: Epoch 103/200 | Batch 40/65 | Loss: 0.046859 (seg: 0.039364, rec: 0.007496)
2025-10-10 15:16:06,772 - DEBUG - Rank 3: Epoch 103/200 | Batch 50/65 | Loss: 0.039567 (seg: 0.033798, rec: 0.005769)
2025-10-10 15:16:25,163 - DEBUG - Rank 3: Epoch 103/200 | Batch 60/65 | Loss: 0.032368 (seg: 0.025701, rec: 0.006667)
2025-10-10 15:16:32,602 - INFO - Rank 3: Epoch 103/200 | Avg Train Loss: 0.042549 (seg: 0.035501, rec: 0.007048)
2025-10-10 15:16:44,175 - INFO - Rank 3: Epoch 103/200 | Avg Val Loss: 0.044446 (seg: 0.040405, rec: 0.004040)
2025-10-10 15:16:50,778 - DEBUG - Rank 3: Epoch 104/200 | Batch 0/65 | Loss: 0.045802 (seg: 0.039887, rec: 0.005916)
2025-10-10 15:17:08,445 - DEBUG - Rank 3: Epoch 104/200 | Batch 10/65 | Loss: 0.040984 (seg: 0.033942, rec: 0.007042)
2025-10-10 15:17:26,987 - DEBUG - Rank 3: Epoch 104/200 | Batch 20/65 | Loss: 0.046432 (seg: 0.039898, rec: 0.006534)
2025-10-10 15:17:45,512 - DEBUG - Rank 3: Epoch 104/200 | Batch 30/65 | Loss: 0.038072 (seg: 0.031583, rec: 0.006489)
2025-10-10 15:18:04,048 - DEBUG - Rank 3: Epoch 104/200 | Batch 40/65 | Loss: 0.038445 (seg: 0.030980, rec: 0.007465)
2025-10-10 15:18:22,741 - DEBUG - Rank 3: Epoch 104/200 | Batch 50/65 | Loss: 0.058062 (seg: 0.051188, rec: 0.006874)
2025-10-10 15:18:41,384 - DEBUG - Rank 3: Epoch 104/200 | Batch 60/65 | Loss: 0.041274 (seg: 0.034093, rec: 0.007181)
2025-10-10 15:18:48,944 - INFO - Rank 3: Epoch 104/200 | Avg Train Loss: 0.041362 (seg: 0.034524, rec: 0.006838)
2025-10-10 15:18:59,920 - INFO - Rank 3: Epoch 104/200 | Avg Val Loss: 0.042790 (seg: 0.039259, rec: 0.003531)
2025-10-10 15:19:04,845 - DEBUG - Rank 3: Epoch 105/200 | Batch 0/65 | Loss: 0.040303 (seg: 0.032448, rec: 0.007855)
2025-10-10 15:19:23,251 - DEBUG - Rank 3: Epoch 105/200 | Batch 10/65 | Loss: 0.036924 (seg: 0.029880, rec: 0.007044)
2025-10-10 15:19:41,805 - DEBUG - Rank 3: Epoch 105/200 | Batch 20/65 | Loss: 0.037292 (seg: 0.030405, rec: 0.006887)
2025-10-10 15:20:00,438 - DEBUG - Rank 3: Epoch 105/200 | Batch 30/65 | Loss: 0.034672 (seg: 0.028090, rec: 0.006583)
2025-10-10 15:20:19,169 - DEBUG - Rank 3: Epoch 105/200 | Batch 40/65 | Loss: 0.036892 (seg: 0.030220, rec: 0.006671)
2025-10-10 15:20:37,744 - DEBUG - Rank 3: Epoch 105/200 | Batch 50/65 | Loss: 0.047401 (seg: 0.040409, rec: 0.006992)
2025-10-10 15:20:56,447 - DEBUG - Rank 3: Epoch 105/200 | Batch 60/65 | Loss: 0.063277 (seg: 0.054097, rec: 0.009180)
2025-10-10 15:21:04,024 - INFO - Rank 3: Epoch 105/200 | Avg Train Loss: 0.044476 (seg: 0.037580, rec: 0.006895)
2025-10-10 15:21:14,220 - INFO - Rank 3: Epoch 105/200 | Avg Val Loss: 0.042533 (seg: 0.039353, rec: 0.003180)
2025-10-10 15:21:18,502 - DEBUG - Rank 3: Epoch 106/200 | Batch 0/65 | Loss: 0.041837 (seg: 0.033558, rec: 0.008279)
2025-10-10 15:21:36,630 - DEBUG - Rank 3: Epoch 106/200 | Batch 10/65 | Loss: 0.037696 (seg: 0.031090, rec: 0.006605)
2025-10-10 15:21:55,029 - DEBUG - Rank 3: Epoch 106/200 | Batch 20/65 | Loss: 0.042822 (seg: 0.035274, rec: 0.007548)
2025-10-10 15:22:13,528 - DEBUG - Rank 3: Epoch 106/200 | Batch 30/65 | Loss: 0.037312 (seg: 0.030371, rec: 0.006942)
2025-10-10 15:22:31,927 - DEBUG - Rank 3: Epoch 106/200 | Batch 40/65 | Loss: 0.054051 (seg: 0.047390, rec: 0.006661)
2025-10-10 15:22:50,375 - DEBUG - Rank 3: Epoch 106/200 | Batch 50/65 | Loss: 0.050331 (seg: 0.043426, rec: 0.006906)
2025-10-10 15:23:08,729 - DEBUG - Rank 3: Epoch 106/200 | Batch 60/65 | Loss: 0.054744 (seg: 0.046071, rec: 0.008674)
2025-10-10 15:23:16,207 - INFO - Rank 3: Epoch 106/200 | Avg Train Loss: 0.042621 (seg: 0.035569, rec: 0.007052)
2025-10-10 15:23:26,153 - INFO - Rank 3: Epoch 106/200 | Avg Val Loss: 0.042007 (seg: 0.038722, rec: 0.003285)
2025-10-10 15:23:30,772 - DEBUG - Rank 3: Epoch 107/200 | Batch 0/65 | Loss: 0.046158 (seg: 0.039590, rec: 0.006568)
2025-10-10 15:23:48,531 - DEBUG - Rank 3: Epoch 107/200 | Batch 10/65 | Loss: 0.036041 (seg: 0.027789, rec: 0.008253)
2025-10-10 15:24:06,766 - DEBUG - Rank 3: Epoch 107/200 | Batch 20/65 | Loss: 0.043580 (seg: 0.036764, rec: 0.006816)
2025-10-10 15:24:25,118 - DEBUG - Rank 3: Epoch 107/200 | Batch 30/65 | Loss: 0.035316 (seg: 0.029009, rec: 0.006307)
2025-10-10 15:24:43,500 - DEBUG - Rank 3: Epoch 107/200 | Batch 40/65 | Loss: 0.032697 (seg: 0.025129, rec: 0.007568)
2025-10-10 15:25:01,884 - DEBUG - Rank 3: Epoch 107/200 | Batch 50/65 | Loss: 0.035606 (seg: 0.029325, rec: 0.006281)
2025-10-10 15:25:20,677 - DEBUG - Rank 3: Epoch 107/200 | Batch 60/65 | Loss: 0.037609 (seg: 0.030923, rec: 0.006685)
2025-10-10 15:25:28,133 - INFO - Rank 3: Epoch 107/200 | Avg Train Loss: 0.041722 (seg: 0.034764, rec: 0.006958)
2025-10-10 15:25:38,730 - INFO - Rank 3: Epoch 107/200 | Avg Val Loss: 0.043617 (seg: 0.039579, rec: 0.004038)
2025-10-10 15:25:44,231 - DEBUG - Rank 3: Epoch 108/200 | Batch 0/65 | Loss: 0.036975 (seg: 0.030659, rec: 0.006316)
2025-10-10 15:26:02,260 - DEBUG - Rank 3: Epoch 108/200 | Batch 10/65 | Loss: 0.038294 (seg: 0.031968, rec: 0.006326)
2025-10-10 15:26:20,428 - DEBUG - Rank 3: Epoch 108/200 | Batch 20/65 | Loss: 0.037513 (seg: 0.030430, rec: 0.007083)
2025-10-10 15:26:38,762 - DEBUG - Rank 3: Epoch 108/200 | Batch 30/65 | Loss: 0.044603 (seg: 0.036970, rec: 0.007632)
2025-10-10 15:26:57,067 - DEBUG - Rank 3: Epoch 108/200 | Batch 40/65 | Loss: 0.041842 (seg: 0.035423, rec: 0.006419)
2025-10-10 15:27:15,445 - DEBUG - Rank 3: Epoch 108/200 | Batch 50/65 | Loss: 0.040357 (seg: 0.033646, rec: 0.006711)
2025-10-10 15:27:33,859 - DEBUG - Rank 3: Epoch 108/200 | Batch 60/65 | Loss: 0.045249 (seg: 0.038057, rec: 0.007192)
2025-10-10 15:27:41,383 - INFO - Rank 3: Epoch 108/200 | Avg Train Loss: 0.038940 (seg: 0.031944, rec: 0.006996)
2025-10-10 15:27:52,358 - INFO - Rank 3: Epoch 108/200 | Avg Val Loss: 0.042795 (seg: 0.039377, rec: 0.003418)
2025-10-10 15:27:57,098 - DEBUG - Rank 3: Epoch 109/200 | Batch 0/65 | Loss: 0.047125 (seg: 0.040161, rec: 0.006965)
2025-10-10 15:28:15,011 - DEBUG - Rank 3: Epoch 109/200 | Batch 10/65 | Loss: 0.043995 (seg: 0.037016, rec: 0.006978)
2025-10-10 15:28:33,249 - DEBUG - Rank 3: Epoch 109/200 | Batch 20/65 | Loss: 0.033652 (seg: 0.027221, rec: 0.006431)
2025-10-10 15:28:51,550 - DEBUG - Rank 3: Epoch 109/200 | Batch 30/65 | Loss: 0.031430 (seg: 0.024371, rec: 0.007060)
2025-10-10 15:29:09,921 - DEBUG - Rank 3: Epoch 109/200 | Batch 40/65 | Loss: 0.028575 (seg: 0.022132, rec: 0.006443)
2025-10-10 15:29:28,366 - DEBUG - Rank 3: Epoch 109/200 | Batch 50/65 | Loss: 0.039197 (seg: 0.032821, rec: 0.006376)
2025-10-10 15:29:46,770 - DEBUG - Rank 3: Epoch 109/200 | Batch 60/65 | Loss: 0.040287 (seg: 0.033631, rec: 0.006655)
2025-10-10 15:29:54,231 - INFO - Rank 3: Epoch 109/200 | Avg Train Loss: 0.041004 (seg: 0.034267, rec: 0.006737)
2025-10-10 15:30:05,450 - INFO - Rank 3: Epoch 109/200 | Avg Val Loss: 0.041895 (seg: 0.038571, rec: 0.003324)
2025-10-10 15:30:05,451 - INFO - Rank 3: Received early stop signal
2025-10-10 15:30:05,451 - INFO - Rank 3: Early stopping triggered. Exiting training at epoch 109.
2025-10-10 15:30:05,451 - INFO - Rank 3: Training process completed
2025-10-10 15:30:05,666 - INFO - Rank 3: Process group destroyed
