2025-10-10 11:19:10,176 - INFO - Rank 0: Process group initialized by torchrun, world_size=5
2025-10-10 11:19:10,200 - INFO - Rank 0/5 using device: cuda:0 (local_rank=0)
2025-10-10 11:19:32,100 - INFO - Rank 0: Data loaders created | Train batches: 65, Val batches: 13
2025-10-10 11:19:32,101 - INFO - Hyperparameters saved to: train_record/voting_202510101118/hyperparameters.txt
2025-10-10 11:20:09,332 - DEBUG - Rank 0: Epoch 1/200 | Batch 0/65 | Loss: 1.130857 (seg: 0.717542, rec: 0.413314)
2025-10-10 11:21:10,822 - DEBUG - Rank 0: Epoch 1/200 | Batch 10/65 | Loss: 0.900687 (seg: 0.713077, rec: 0.187610)
2025-10-10 11:22:33,760 - DEBUG - Rank 0: Epoch 1/200 | Batch 20/65 | Loss: 0.794421 (seg: 0.709497, rec: 0.084925)
2025-10-10 11:23:31,760 - DEBUG - Rank 0: Epoch 1/200 | Batch 30/65 | Loss: 0.760732 (seg: 0.708499, rec: 0.052233)
2025-10-10 11:24:56,566 - DEBUG - Rank 0: Epoch 1/200 | Batch 40/65 | Loss: 0.759744 (seg: 0.708037, rec: 0.051707)
2025-10-10 11:25:52,807 - DEBUG - Rank 0: Epoch 1/200 | Batch 50/65 | Loss: 0.748750 (seg: 0.707328, rec: 0.041423)
2025-10-10 11:27:07,114 - DEBUG - Rank 0: Epoch 1/200 | Batch 60/65 | Loss: 0.743572 (seg: 0.707317, rec: 0.036254)
2025-10-10 11:27:14,092 - INFO - Rank 0: Epoch 1/200 | Avg Train Loss: 0.809683 (seg: 0.709646, rec: 0.100036)
2025-10-10 11:28:52,620 - INFO - Rank 0: Epoch 1/200 | Avg Val Loss: 0.749615 (seg: 0.706792, rec: 0.042823)
2025-10-10 11:28:52,690 - INFO - New best model saved! Val loss improved to 0.749615
2025-10-10 11:28:57,857 - DEBUG - Rank 0: Epoch 2/200 | Batch 0/65 | Loss: 0.745673 (seg: 0.706999, rec: 0.038674)
2025-10-10 11:29:15,279 - DEBUG - Rank 0: Epoch 2/200 | Batch 10/65 | Loss: 0.741761 (seg: 0.706643, rec: 0.035118)
2025-10-10 11:29:33,098 - DEBUG - Rank 0: Epoch 2/200 | Batch 20/65 | Loss: 0.741315 (seg: 0.706305, rec: 0.035010)
2025-10-10 11:29:51,220 - DEBUG - Rank 0: Epoch 2/200 | Batch 30/65 | Loss: 0.740119 (seg: 0.706273, rec: 0.033847)
2025-10-10 11:30:09,257 - DEBUG - Rank 0: Epoch 2/200 | Batch 40/65 | Loss: 0.735535 (seg: 0.705829, rec: 0.029706)
2025-10-10 11:30:27,270 - DEBUG - Rank 0: Epoch 2/200 | Batch 50/65 | Loss: 0.735735 (seg: 0.705818, rec: 0.029916)
2025-10-10 11:30:45,225 - DEBUG - Rank 0: Epoch 2/200 | Batch 60/65 | Loss: 0.736432 (seg: 0.705046, rec: 0.031386)
2025-10-10 11:30:52,631 - INFO - Rank 0: Epoch 2/200 | Avg Train Loss: 0.739713 (seg: 0.705981, rec: 0.033733)
2025-10-10 11:31:03,333 - INFO - Rank 0: Epoch 2/200 | Avg Val Loss: 0.721189 (seg: 0.704910, rec: 0.016279)
2025-10-10 11:31:03,500 - INFO - New best model saved! Val loss improved to 0.721189
2025-10-10 11:31:08,107 - DEBUG - Rank 0: Epoch 3/200 | Batch 0/65 | Loss: 0.736411 (seg: 0.704762, rec: 0.031649)
2025-10-10 11:31:25,895 - DEBUG - Rank 0: Epoch 3/200 | Batch 10/65 | Loss: 0.732342 (seg: 0.705010, rec: 0.027332)
2025-10-10 11:31:43,860 - DEBUG - Rank 0: Epoch 3/200 | Batch 20/65 | Loss: 0.730489 (seg: 0.704446, rec: 0.026043)
2025-10-10 11:32:01,931 - DEBUG - Rank 0: Epoch 3/200 | Batch 30/65 | Loss: 0.731214 (seg: 0.704211, rec: 0.027004)
2025-10-10 11:32:19,912 - DEBUG - Rank 0: Epoch 3/200 | Batch 40/65 | Loss: 0.731598 (seg: 0.704166, rec: 0.027432)
2025-10-10 11:32:37,953 - DEBUG - Rank 0: Epoch 3/200 | Batch 50/65 | Loss: 0.727771 (seg: 0.703985, rec: 0.023785)
2025-10-10 11:32:55,908 - DEBUG - Rank 0: Epoch 3/200 | Batch 60/65 | Loss: 0.732136 (seg: 0.704054, rec: 0.028082)
2025-10-10 11:33:03,231 - INFO - Rank 0: Epoch 3/200 | Avg Train Loss: 0.732163 (seg: 0.704287, rec: 0.027875)
2025-10-10 11:33:14,005 - INFO - Rank 0: Epoch 3/200 | Avg Val Loss: 0.717769 (seg: 0.703461, rec: 0.014308)
2025-10-10 11:33:14,153 - INFO - New best model saved! Val loss improved to 0.717769
2025-10-10 11:33:18,737 - DEBUG - Rank 0: Epoch 4/200 | Batch 0/65 | Loss: 0.732740 (seg: 0.703434, rec: 0.029306)
2025-10-10 11:33:36,541 - DEBUG - Rank 0: Epoch 4/200 | Batch 10/65 | Loss: 0.727700 (seg: 0.703424, rec: 0.024276)
2025-10-10 11:33:54,398 - DEBUG - Rank 0: Epoch 4/200 | Batch 20/65 | Loss: 0.727423 (seg: 0.703153, rec: 0.024270)
2025-10-10 11:34:12,195 - DEBUG - Rank 0: Epoch 4/200 | Batch 30/65 | Loss: 0.726095 (seg: 0.703385, rec: 0.022711)
2025-10-10 11:34:29,967 - DEBUG - Rank 0: Epoch 4/200 | Batch 40/65 | Loss: 0.733328 (seg: 0.702941, rec: 0.030387)
2025-10-10 11:34:47,880 - DEBUG - Rank 0: Epoch 4/200 | Batch 50/65 | Loss: 0.726129 (seg: 0.702316, rec: 0.023813)
2025-10-10 11:35:05,764 - DEBUG - Rank 0: Epoch 4/200 | Batch 60/65 | Loss: 0.726312 (seg: 0.702886, rec: 0.023425)
2025-10-10 11:35:13,101 - INFO - Rank 0: Epoch 4/200 | Avg Train Loss: 0.728826 (seg: 0.702954, rec: 0.025872)
2025-10-10 11:35:24,207 - INFO - Rank 0: Epoch 4/200 | Avg Val Loss: 0.715046 (seg: 0.702392, rec: 0.012654)
2025-10-10 11:35:24,382 - INFO - New best model saved! Val loss improved to 0.715046
2025-10-10 11:35:29,281 - DEBUG - Rank 0: Epoch 5/200 | Batch 0/65 | Loss: 0.725805 (seg: 0.701318, rec: 0.024487)
2025-10-10 11:35:46,989 - DEBUG - Rank 0: Epoch 5/200 | Batch 10/65 | Loss: 0.727673 (seg: 0.701532, rec: 0.026141)
2025-10-10 11:36:04,877 - DEBUG - Rank 0: Epoch 5/200 | Batch 20/65 | Loss: 0.723948 (seg: 0.702134, rec: 0.021814)
2025-10-10 11:36:22,804 - DEBUG - Rank 0: Epoch 5/200 | Batch 30/65 | Loss: 0.722126 (seg: 0.701392, rec: 0.020734)
2025-10-10 11:36:40,784 - DEBUG - Rank 0: Epoch 5/200 | Batch 40/65 | Loss: 0.726967 (seg: 0.701348, rec: 0.025619)
2025-10-10 11:36:58,718 - DEBUG - Rank 0: Epoch 5/200 | Batch 50/65 | Loss: 0.728199 (seg: 0.701998, rec: 0.026200)
2025-10-10 11:37:16,703 - DEBUG - Rank 0: Epoch 5/200 | Batch 60/65 | Loss: 0.722634 (seg: 0.699046, rec: 0.023589)
2025-10-10 11:37:24,047 - INFO - Rank 0: Epoch 5/200 | Avg Train Loss: 0.726264 (seg: 0.701871, rec: 0.024392)
2025-10-10 11:37:34,617 - INFO - Rank 0: Epoch 5/200 | Avg Val Loss: 0.714837 (seg: 0.701511, rec: 0.013326)
2025-10-10 11:37:34,618 - INFO - No improvement in validation loss for 1/15 epochs
2025-10-10 11:37:39,729 - DEBUG - Rank 0: Epoch 6/200 | Batch 0/65 | Loss: 0.724176 (seg: 0.701237, rec: 0.022939)
2025-10-10 11:37:57,376 - DEBUG - Rank 0: Epoch 6/200 | Batch 10/65 | Loss: 0.723339 (seg: 0.700866, rec: 0.022473)
2025-10-10 11:38:15,188 - DEBUG - Rank 0: Epoch 6/200 | Batch 20/65 | Loss: 0.725449 (seg: 0.701380, rec: 0.024068)
2025-10-10 11:38:33,172 - DEBUG - Rank 0: Epoch 6/200 | Batch 30/65 | Loss: 0.724391 (seg: 0.700755, rec: 0.023637)
2025-10-10 11:38:51,176 - DEBUG - Rank 0: Epoch 6/200 | Batch 40/65 | Loss: 0.721471 (seg: 0.700600, rec: 0.020871)
2025-10-10 11:39:08,937 - DEBUG - Rank 0: Epoch 6/200 | Batch 50/65 | Loss: 0.725524 (seg: 0.700909, rec: 0.024614)
2025-10-10 11:39:26,792 - DEBUG - Rank 0: Epoch 6/200 | Batch 60/65 | Loss: 0.721526 (seg: 0.701050, rec: 0.020476)
2025-10-10 11:39:34,036 - INFO - Rank 0: Epoch 6/200 | Avg Train Loss: 0.723264 (seg: 0.701021, rec: 0.022244)
2025-10-10 11:39:44,952 - INFO - Rank 0: Epoch 6/200 | Avg Val Loss: 0.710701 (seg: 0.700421, rec: 0.010280)
2025-10-10 11:39:45,106 - INFO - New best model saved! Val loss improved to 0.710701
2025-10-10 11:39:50,383 - DEBUG - Rank 0: Epoch 7/200 | Batch 0/65 | Loss: 0.723653 (seg: 0.700663, rec: 0.022991)
2025-10-10 11:40:08,197 - DEBUG - Rank 0: Epoch 7/200 | Batch 10/65 | Loss: 0.720959 (seg: 0.700561, rec: 0.020398)
2025-10-10 11:40:26,211 - DEBUG - Rank 0: Epoch 7/200 | Batch 20/65 | Loss: 0.720625 (seg: 0.699933, rec: 0.020693)
2025-10-10 11:40:44,353 - DEBUG - Rank 0: Epoch 7/200 | Batch 30/65 | Loss: 0.722389 (seg: 0.701138, rec: 0.021251)
2025-10-10 11:41:02,505 - DEBUG - Rank 0: Epoch 7/200 | Batch 40/65 | Loss: 0.720128 (seg: 0.699878, rec: 0.020250)
2025-10-10 11:41:20,608 - DEBUG - Rank 0: Epoch 7/200 | Batch 50/65 | Loss: 0.721847 (seg: 0.699870, rec: 0.021977)
2025-10-10 11:41:38,733 - DEBUG - Rank 0: Epoch 7/200 | Batch 60/65 | Loss: 0.719574 (seg: 0.700381, rec: 0.019193)
2025-10-10 11:41:46,054 - INFO - Rank 0: Epoch 7/200 | Avg Train Loss: 0.721333 (seg: 0.700171, rec: 0.021163)
2025-10-10 11:41:59,371 - INFO - Rank 0: Epoch 7/200 | Avg Val Loss: 0.708951 (seg: 0.699690, rec: 0.009260)
2025-10-10 11:41:59,528 - INFO - New best model saved! Val loss improved to 0.708951
2025-10-10 11:42:04,180 - DEBUG - Rank 0: Epoch 8/200 | Batch 0/65 | Loss: 0.721149 (seg: 0.700573, rec: 0.020576)
2025-10-10 11:42:21,730 - DEBUG - Rank 0: Epoch 8/200 | Batch 10/65 | Loss: 0.723592 (seg: 0.699959, rec: 0.023633)
2025-10-10 11:42:39,676 - DEBUG - Rank 0: Epoch 8/200 | Batch 20/65 | Loss: 0.722955 (seg: 0.700312, rec: 0.022644)
2025-10-10 11:42:57,652 - DEBUG - Rank 0: Epoch 8/200 | Batch 30/65 | Loss: 0.719219 (seg: 0.699467, rec: 0.019752)
2025-10-10 11:43:15,682 - DEBUG - Rank 0: Epoch 8/200 | Batch 40/65 | Loss: 0.716891 (seg: 0.699215, rec: 0.017676)
2025-10-10 11:43:33,667 - DEBUG - Rank 0: Epoch 8/200 | Batch 50/65 | Loss: 0.720688 (seg: 0.699203, rec: 0.021485)
2025-10-10 11:43:51,643 - DEBUG - Rank 0: Epoch 8/200 | Batch 60/65 | Loss: 0.719215 (seg: 0.700295, rec: 0.018920)
2025-10-10 11:43:58,928 - INFO - Rank 0: Epoch 8/200 | Avg Train Loss: 0.719379 (seg: 0.699443, rec: 0.019937)
2025-10-10 11:44:09,136 - INFO - Rank 0: Epoch 8/200 | Avg Val Loss: 0.708139 (seg: 0.698848, rec: 0.009291)
2025-10-10 11:44:09,136 - INFO - No improvement in validation loss for 1/15 epochs
2025-10-10 11:44:13,579 - DEBUG - Rank 0: Epoch 9/200 | Batch 0/65 | Loss: 0.718100 (seg: 0.699414, rec: 0.018686)
2025-10-10 11:44:31,248 - DEBUG - Rank 0: Epoch 9/200 | Batch 10/65 | Loss: 0.716587 (seg: 0.698789, rec: 0.017798)
2025-10-10 11:44:49,207 - DEBUG - Rank 0: Epoch 9/200 | Batch 20/65 | Loss: 0.717046 (seg: 0.699319, rec: 0.017727)
2025-10-10 11:45:07,261 - DEBUG - Rank 0: Epoch 9/200 | Batch 30/65 | Loss: 0.719113 (seg: 0.699672, rec: 0.019441)
2025-10-10 11:45:25,291 - DEBUG - Rank 0: Epoch 9/200 | Batch 40/65 | Loss: 0.718859 (seg: 0.699591, rec: 0.019268)
2025-10-10 11:45:43,355 - DEBUG - Rank 0: Epoch 9/200 | Batch 50/65 | Loss: 0.719471 (seg: 0.699005, rec: 0.020465)
2025-10-10 11:46:01,409 - DEBUG - Rank 0: Epoch 9/200 | Batch 60/65 | Loss: 0.715875 (seg: 0.697325, rec: 0.018550)
2025-10-10 11:46:08,743 - INFO - Rank 0: Epoch 9/200 | Avg Train Loss: 0.716957 (seg: 0.698625, rec: 0.018332)
2025-10-10 11:46:18,261 - INFO - Rank 0: Epoch 9/200 | Avg Val Loss: 0.707316 (seg: 0.698040, rec: 0.009277)
2025-10-10 11:46:18,431 - INFO - New best model saved! Val loss improved to 0.707316
2025-10-10 11:46:23,138 - DEBUG - Rank 0: Epoch 10/200 | Batch 0/65 | Loss: 0.714448 (seg: 0.697722, rec: 0.016726)
2025-10-10 11:46:40,838 - DEBUG - Rank 0: Epoch 10/200 | Batch 10/65 | Loss: 0.713392 (seg: 0.697022, rec: 0.016371)
2025-10-10 11:46:59,242 - DEBUG - Rank 0: Epoch 10/200 | Batch 20/65 | Loss: 0.717197 (seg: 0.698898, rec: 0.018299)
2025-10-10 11:47:17,465 - DEBUG - Rank 0: Epoch 10/200 | Batch 30/65 | Loss: 0.716520 (seg: 0.698302, rec: 0.018217)
2025-10-10 11:47:35,614 - DEBUG - Rank 0: Epoch 10/200 | Batch 40/65 | Loss: 0.715684 (seg: 0.696285, rec: 0.019399)
2025-10-10 11:47:53,760 - DEBUG - Rank 0: Epoch 10/200 | Batch 50/65 | Loss: 0.713743 (seg: 0.698238, rec: 0.015505)
2025-10-10 11:48:11,821 - DEBUG - Rank 0: Epoch 10/200 | Batch 60/65 | Loss: 0.714310 (seg: 0.694673, rec: 0.019637)
2025-10-10 11:48:19,173 - INFO - Rank 0: Epoch 10/200 | Avg Train Loss: 0.714948 (seg: 0.697893, rec: 0.017056)
2025-10-10 11:48:29,869 - INFO - Rank 0: Epoch 10/200 | Avg Val Loss: 0.703991 (seg: 0.697020, rec: 0.006971)
2025-10-10 11:48:30,054 - INFO - New best model saved! Val loss improved to 0.703991
2025-10-10 11:48:30,128 - INFO - Saved checkpoint to: train_record/voting_202510101118/model_epoch_10.pth
2025-10-10 11:48:34,690 - DEBUG - Rank 0: Epoch 11/200 | Batch 0/65 | Loss: 0.713397 (seg: 0.697777, rec: 0.015620)
2025-10-10 11:48:52,142 - DEBUG - Rank 0: Epoch 11/200 | Batch 10/65 | Loss: 0.714245 (seg: 0.697422, rec: 0.016823)
2025-10-10 11:49:10,092 - DEBUG - Rank 0: Epoch 11/200 | Batch 20/65 | Loss: 0.712650 (seg: 0.696574, rec: 0.016076)
2025-10-10 11:49:28,114 - DEBUG - Rank 0: Epoch 11/200 | Batch 30/65 | Loss: 0.707281 (seg: 0.692918, rec: 0.014363)
2025-10-10 11:49:46,155 - DEBUG - Rank 0: Epoch 11/200 | Batch 40/65 | Loss: 0.714542 (seg: 0.697524, rec: 0.017018)
2025-10-10 11:50:04,218 - DEBUG - Rank 0: Epoch 11/200 | Batch 50/65 | Loss: 0.713142 (seg: 0.697870, rec: 0.015272)
2025-10-10 11:50:22,294 - DEBUG - Rank 0: Epoch 11/200 | Batch 60/65 | Loss: 0.712632 (seg: 0.697663, rec: 0.014970)
2025-10-10 11:50:29,658 - INFO - Rank 0: Epoch 11/200 | Avg Train Loss: 0.712670 (seg: 0.696671, rec: 0.015999)
2025-10-10 11:50:40,239 - INFO - Rank 0: Epoch 11/200 | Avg Val Loss: 0.702102 (seg: 0.695693, rec: 0.006410)
2025-10-10 11:50:40,397 - INFO - New best model saved! Val loss improved to 0.702102
2025-10-10 11:50:44,996 - DEBUG - Rank 0: Epoch 12/200 | Batch 0/65 | Loss: 0.713722 (seg: 0.696816, rec: 0.016905)
2025-10-10 11:51:02,640 - DEBUG - Rank 0: Epoch 12/200 | Batch 10/65 | Loss: 0.707053 (seg: 0.691774, rec: 0.015279)
2025-10-10 11:51:20,612 - DEBUG - Rank 0: Epoch 12/200 | Batch 20/65 | Loss: 0.711273 (seg: 0.696997, rec: 0.014276)
2025-10-10 11:51:38,673 - DEBUG - Rank 0: Epoch 12/200 | Batch 30/65 | Loss: 0.710533 (seg: 0.694432, rec: 0.016101)
2025-10-10 11:51:56,761 - DEBUG - Rank 0: Epoch 12/200 | Batch 40/65 | Loss: 0.711456 (seg: 0.695829, rec: 0.015627)
2025-10-10 11:52:14,844 - DEBUG - Rank 0: Epoch 12/200 | Batch 50/65 | Loss: 0.710696 (seg: 0.695565, rec: 0.015130)
2025-10-10 11:52:32,907 - DEBUG - Rank 0: Epoch 12/200 | Batch 60/65 | Loss: 0.708214 (seg: 0.692679, rec: 0.015536)
2025-10-10 11:52:40,263 - INFO - Rank 0: Epoch 12/200 | Avg Train Loss: 0.710131 (seg: 0.694933, rec: 0.015198)
2025-10-10 11:52:50,124 - INFO - Rank 0: Epoch 12/200 | Avg Val Loss: 0.699964 (seg: 0.693018, rec: 0.006946)
2025-10-10 11:52:50,284 - INFO - New best model saved! Val loss improved to 0.699964
2025-10-10 11:52:54,638 - DEBUG - Rank 0: Epoch 13/200 | Batch 0/65 | Loss: 0.702664 (seg: 0.687698, rec: 0.014966)
2025-10-10 11:53:12,202 - DEBUG - Rank 0: Epoch 13/200 | Batch 10/65 | Loss: 0.710035 (seg: 0.693169, rec: 0.016867)
2025-10-10 11:53:30,805 - DEBUG - Rank 0: Epoch 13/200 | Batch 20/65 | Loss: 0.705375 (seg: 0.691109, rec: 0.014267)
2025-10-10 11:53:48,865 - DEBUG - Rank 0: Epoch 13/200 | Batch 30/65 | Loss: 0.703527 (seg: 0.689502, rec: 0.014026)
2025-10-10 11:54:06,981 - DEBUG - Rank 0: Epoch 13/200 | Batch 40/65 | Loss: 0.702705 (seg: 0.688659, rec: 0.014045)
2025-10-10 11:54:25,067 - DEBUG - Rank 0: Epoch 13/200 | Batch 50/65 | Loss: 0.697724 (seg: 0.685438, rec: 0.012286)
2025-10-10 11:54:43,252 - DEBUG - Rank 0: Epoch 13/200 | Batch 60/65 | Loss: 0.708087 (seg: 0.692836, rec: 0.015251)
2025-10-10 11:54:50,628 - INFO - Rank 0: Epoch 13/200 | Avg Train Loss: 0.705882 (seg: 0.691352, rec: 0.014530)
2025-10-10 11:55:00,593 - INFO - Rank 0: Epoch 13/200 | Avg Val Loss: 0.694826 (seg: 0.687621, rec: 0.007205)
2025-10-10 11:55:00,752 - INFO - New best model saved! Val loss improved to 0.694826
2025-10-10 11:55:05,882 - DEBUG - Rank 0: Epoch 14/200 | Batch 0/65 | Loss: 0.700436 (seg: 0.687334, rec: 0.013102)
2025-10-10 11:55:23,521 - DEBUG - Rank 0: Epoch 14/200 | Batch 10/65 | Loss: 0.701505 (seg: 0.688267, rec: 0.013239)
2025-10-10 11:55:41,845 - DEBUG - Rank 0: Epoch 14/200 | Batch 20/65 | Loss: 0.682137 (seg: 0.667850, rec: 0.014287)
2025-10-10 11:55:59,964 - DEBUG - Rank 0: Epoch 14/200 | Batch 30/65 | Loss: 0.698498 (seg: 0.684117, rec: 0.014381)
2025-10-10 11:56:18,102 - DEBUG - Rank 0: Epoch 14/200 | Batch 40/65 | Loss: 0.694925 (seg: 0.682647, rec: 0.012278)
2025-10-10 11:56:36,369 - DEBUG - Rank 0: Epoch 14/200 | Batch 50/65 | Loss: 0.689865 (seg: 0.675636, rec: 0.014228)
2025-10-10 11:56:54,774 - DEBUG - Rank 0: Epoch 14/200 | Batch 60/65 | Loss: 0.700763 (seg: 0.687614, rec: 0.013149)
2025-10-10 11:57:02,199 - INFO - Rank 0: Epoch 14/200 | Avg Train Loss: 0.699100 (seg: 0.685306, rec: 0.013794)
2025-10-10 11:57:13,513 - INFO - Rank 0: Epoch 14/200 | Avg Val Loss: 0.670793 (seg: 0.663344, rec: 0.007449)
2025-10-10 11:57:13,680 - INFO - New best model saved! Val loss improved to 0.670793
2025-10-10 11:57:18,384 - DEBUG - Rank 0: Epoch 15/200 | Batch 0/65 | Loss: 0.671575 (seg: 0.656919, rec: 0.014655)
2025-10-10 11:57:36,258 - DEBUG - Rank 0: Epoch 15/200 | Batch 10/65 | Loss: 0.690203 (seg: 0.677209, rec: 0.012994)
2025-10-10 11:57:54,546 - DEBUG - Rank 0: Epoch 15/200 | Batch 20/65 | Loss: 0.690333 (seg: 0.678019, rec: 0.012314)
2025-10-10 11:58:13,016 - DEBUG - Rank 0: Epoch 15/200 | Batch 30/65 | Loss: 0.683318 (seg: 0.670797, rec: 0.012521)
2025-10-10 11:58:31,547 - DEBUG - Rank 0: Epoch 15/200 | Batch 40/65 | Loss: 0.661647 (seg: 0.647362, rec: 0.014285)
2025-10-10 11:58:50,072 - DEBUG - Rank 0: Epoch 15/200 | Batch 50/65 | Loss: 0.677255 (seg: 0.664321, rec: 0.012935)
2025-10-10 11:59:08,406 - DEBUG - Rank 0: Epoch 15/200 | Batch 60/65 | Loss: 0.598387 (seg: 0.585954, rec: 0.012432)
2025-10-10 11:59:15,949 - INFO - Rank 0: Epoch 15/200 | Avg Train Loss: 0.666924 (seg: 0.653830, rec: 0.013094)
2025-10-10 11:59:26,499 - INFO - Rank 0: Epoch 15/200 | Avg Val Loss: 0.599073 (seg: 0.590969, rec: 0.008104)
2025-10-10 11:59:26,657 - INFO - New best model saved! Val loss improved to 0.599073
2025-10-10 11:59:31,584 - DEBUG - Rank 0: Epoch 16/200 | Batch 0/65 | Loss: 0.622519 (seg: 0.608849, rec: 0.013670)
2025-10-10 11:59:49,616 - DEBUG - Rank 0: Epoch 16/200 | Batch 10/65 | Loss: 0.662486 (seg: 0.648853, rec: 0.013632)
2025-10-10 12:00:07,946 - DEBUG - Rank 0: Epoch 16/200 | Batch 20/65 | Loss: 0.616620 (seg: 0.604372, rec: 0.012248)
2025-10-10 12:00:26,323 - DEBUG - Rank 0: Epoch 16/200 | Batch 30/65 | Loss: 0.561664 (seg: 0.549305, rec: 0.012359)
2025-10-10 12:00:44,744 - DEBUG - Rank 0: Epoch 16/200 | Batch 40/65 | Loss: 0.529104 (seg: 0.516495, rec: 0.012609)
2025-10-10 12:01:02,992 - DEBUG - Rank 0: Epoch 16/200 | Batch 50/65 | Loss: 0.528315 (seg: 0.516254, rec: 0.012061)
2025-10-10 12:01:21,255 - DEBUG - Rank 0: Epoch 16/200 | Batch 60/65 | Loss: 0.456986 (seg: 0.445169, rec: 0.011817)
2025-10-10 12:01:28,703 - INFO - Rank 0: Epoch 16/200 | Avg Train Loss: 0.560670 (seg: 0.547904, rec: 0.012767)
2025-10-10 12:01:38,693 - INFO - Rank 0: Epoch 16/200 | Avg Val Loss: 0.388434 (seg: 0.381689, rec: 0.006745)
2025-10-10 12:01:38,867 - INFO - New best model saved! Val loss improved to 0.388434
2025-10-10 12:01:43,536 - DEBUG - Rank 0: Epoch 17/200 | Batch 0/65 | Loss: 0.469700 (seg: 0.456885, rec: 0.012815)
2025-10-10 12:02:01,307 - DEBUG - Rank 0: Epoch 17/200 | Batch 10/65 | Loss: 0.454682 (seg: 0.440785, rec: 0.013897)
2025-10-10 12:02:19,472 - DEBUG - Rank 0: Epoch 17/200 | Batch 20/65 | Loss: 0.422693 (seg: 0.408181, rec: 0.014513)
2025-10-10 12:02:37,659 - DEBUG - Rank 0: Epoch 17/200 | Batch 30/65 | Loss: 0.370251 (seg: 0.356697, rec: 0.013553)
2025-10-10 12:02:55,840 - DEBUG - Rank 0: Epoch 17/200 | Batch 40/65 | Loss: 0.359469 (seg: 0.345178, rec: 0.014291)
2025-10-10 12:03:14,151 - DEBUG - Rank 0: Epoch 17/200 | Batch 50/65 | Loss: 0.369448 (seg: 0.356652, rec: 0.012795)
2025-10-10 12:03:33,392 - DEBUG - Rank 0: Epoch 17/200 | Batch 60/65 | Loss: 0.313935 (seg: 0.300830, rec: 0.013105)
2025-10-10 12:03:41,358 - INFO - Rank 0: Epoch 17/200 | Avg Train Loss: 0.381578 (seg: 0.368589, rec: 0.012989)
2025-10-10 12:03:51,944 - INFO - Rank 0: Epoch 17/200 | Avg Val Loss: 0.220723 (seg: 0.212836, rec: 0.007887)
2025-10-10 12:03:52,098 - INFO - New best model saved! Val loss improved to 0.220723
2025-10-10 12:03:56,780 - DEBUG - Rank 0: Epoch 18/200 | Batch 0/65 | Loss: 0.271173 (seg: 0.258340, rec: 0.012832)
2025-10-10 12:04:14,551 - DEBUG - Rank 0: Epoch 18/200 | Batch 10/65 | Loss: 0.256937 (seg: 0.240926, rec: 0.016011)
2025-10-10 12:04:32,823 - DEBUG - Rank 0: Epoch 18/200 | Batch 20/65 | Loss: 0.221156 (seg: 0.205767, rec: 0.015389)
2025-10-10 12:04:51,186 - DEBUG - Rank 0: Epoch 18/200 | Batch 30/65 | Loss: 0.179835 (seg: 0.168559, rec: 0.011276)
2025-10-10 12:05:09,372 - DEBUG - Rank 0: Epoch 18/200 | Batch 40/65 | Loss: 0.199488 (seg: 0.187592, rec: 0.011896)
2025-10-10 12:05:27,509 - DEBUG - Rank 0: Epoch 18/200 | Batch 50/65 | Loss: 0.290004 (seg: 0.277678, rec: 0.012326)
2025-10-10 12:05:45,612 - DEBUG - Rank 0: Epoch 18/200 | Batch 60/65 | Loss: 0.211858 (seg: 0.199434, rec: 0.012423)
2025-10-10 12:05:52,936 - INFO - Rank 0: Epoch 18/200 | Avg Train Loss: 0.247864 (seg: 0.235343, rec: 0.012522)
2025-10-10 12:06:03,377 - INFO - Rank 0: Epoch 18/200 | Avg Val Loss: 0.143759 (seg: 0.137350, rec: 0.006409)
2025-10-10 12:06:03,543 - INFO - New best model saved! Val loss improved to 0.143759
2025-10-10 12:06:08,224 - DEBUG - Rank 0: Epoch 19/200 | Batch 0/65 | Loss: 0.284642 (seg: 0.272183, rec: 0.012460)
2025-10-10 12:06:26,141 - DEBUG - Rank 0: Epoch 19/200 | Batch 10/65 | Loss: 0.223697 (seg: 0.212147, rec: 0.011551)
2025-10-10 12:06:44,575 - DEBUG - Rank 0: Epoch 19/200 | Batch 20/65 | Loss: 0.195038 (seg: 0.183443, rec: 0.011595)
2025-10-10 12:07:02,763 - DEBUG - Rank 0: Epoch 19/200 | Batch 30/65 | Loss: 0.198362 (seg: 0.184539, rec: 0.013823)
2025-10-10 12:07:21,079 - DEBUG - Rank 0: Epoch 19/200 | Batch 40/65 | Loss: 0.178623 (seg: 0.164295, rec: 0.014327)
2025-10-10 12:07:39,493 - DEBUG - Rank 0: Epoch 19/200 | Batch 50/65 | Loss: 0.126040 (seg: 0.114403, rec: 0.011637)
2025-10-10 12:07:57,783 - DEBUG - Rank 0: Epoch 19/200 | Batch 60/65 | Loss: 0.211095 (seg: 0.197709, rec: 0.013386)
2025-10-10 12:08:05,263 - INFO - Rank 0: Epoch 19/200 | Avg Train Loss: 0.184020 (seg: 0.172053, rec: 0.011966)
2025-10-10 12:08:16,172 - INFO - Rank 0: Epoch 19/200 | Avg Val Loss: 0.110116 (seg: 0.103622, rec: 0.006494)
2025-10-10 12:08:16,313 - INFO - New best model saved! Val loss improved to 0.110116
2025-10-10 12:08:21,152 - DEBUG - Rank 0: Epoch 20/200 | Batch 0/65 | Loss: 0.189096 (seg: 0.175961, rec: 0.013134)
2025-10-10 12:08:38,860 - DEBUG - Rank 0: Epoch 20/200 | Batch 10/65 | Loss: 0.195843 (seg: 0.183758, rec: 0.012085)
2025-10-10 12:08:57,021 - DEBUG - Rank 0: Epoch 20/200 | Batch 20/65 | Loss: 0.151806 (seg: 0.139375, rec: 0.012431)
2025-10-10 12:09:15,351 - DEBUG - Rank 0: Epoch 20/200 | Batch 30/65 | Loss: 0.176127 (seg: 0.163429, rec: 0.012698)
2025-10-10 12:09:33,687 - DEBUG - Rank 0: Epoch 20/200 | Batch 40/65 | Loss: 0.161989 (seg: 0.147877, rec: 0.014113)
2025-10-10 12:09:51,945 - DEBUG - Rank 0: Epoch 20/200 | Batch 50/65 | Loss: 0.121055 (seg: 0.110043, rec: 0.011012)
2025-10-10 12:10:10,249 - DEBUG - Rank 0: Epoch 20/200 | Batch 60/65 | Loss: 0.160223 (seg: 0.149652, rec: 0.010570)
2025-10-10 12:10:17,720 - INFO - Rank 0: Epoch 20/200 | Avg Train Loss: 0.156793 (seg: 0.144876, rec: 0.011917)
2025-10-10 12:10:28,526 - INFO - Rank 0: Epoch 20/200 | Avg Val Loss: 0.093316 (seg: 0.087439, rec: 0.005877)
2025-10-10 12:10:28,687 - INFO - New best model saved! Val loss improved to 0.093316
2025-10-10 12:10:28,795 - INFO - Saved checkpoint to: train_record/voting_202510101118/model_epoch_20.pth
2025-10-10 12:10:33,394 - DEBUG - Rank 0: Epoch 21/200 | Batch 0/65 | Loss: 0.130414 (seg: 0.119832, rec: 0.010581)
2025-10-10 12:10:51,917 - DEBUG - Rank 0: Epoch 21/200 | Batch 10/65 | Loss: 0.126038 (seg: 0.114948, rec: 0.011090)
2025-10-10 12:11:10,581 - DEBUG - Rank 0: Epoch 21/200 | Batch 20/65 | Loss: 0.085647 (seg: 0.073738, rec: 0.011908)
2025-10-10 12:11:28,870 - DEBUG - Rank 0: Epoch 21/200 | Batch 30/65 | Loss: 0.176696 (seg: 0.165567, rec: 0.011129)
2025-10-10 12:11:47,827 - DEBUG - Rank 0: Epoch 21/200 | Batch 40/65 | Loss: 0.118894 (seg: 0.109234, rec: 0.009660)
2025-10-10 12:12:06,166 - DEBUG - Rank 0: Epoch 21/200 | Batch 50/65 | Loss: 0.144221 (seg: 0.132776, rec: 0.011445)
2025-10-10 12:12:24,454 - DEBUG - Rank 0: Epoch 21/200 | Batch 60/65 | Loss: 0.100031 (seg: 0.089151, rec: 0.010881)
2025-10-10 12:12:31,902 - INFO - Rank 0: Epoch 21/200 | Avg Train Loss: 0.131378 (seg: 0.119918, rec: 0.011460)
2025-10-10 12:12:41,529 - INFO - Rank 0: Epoch 21/200 | Avg Val Loss: 0.086282 (seg: 0.079898, rec: 0.006384)
2025-10-10 12:12:41,692 - INFO - New best model saved! Val loss improved to 0.086282
2025-10-10 12:12:46,009 - DEBUG - Rank 0: Epoch 22/200 | Batch 0/65 | Loss: 0.108751 (seg: 0.097160, rec: 0.011590)
2025-10-10 12:13:03,780 - DEBUG - Rank 0: Epoch 22/200 | Batch 10/65 | Loss: 0.104599 (seg: 0.093532, rec: 0.011067)
2025-10-10 12:13:22,104 - DEBUG - Rank 0: Epoch 22/200 | Batch 20/65 | Loss: 0.105760 (seg: 0.093894, rec: 0.011866)
2025-10-10 12:13:40,538 - DEBUG - Rank 0: Epoch 22/200 | Batch 30/65 | Loss: 0.125201 (seg: 0.114950, rec: 0.010251)
2025-10-10 12:13:59,038 - DEBUG - Rank 0: Epoch 22/200 | Batch 40/65 | Loss: 0.087046 (seg: 0.076350, rec: 0.010696)
2025-10-10 12:14:17,481 - DEBUG - Rank 0: Epoch 22/200 | Batch 50/65 | Loss: 0.089448 (seg: 0.079011, rec: 0.010437)
2025-10-10 12:14:35,926 - DEBUG - Rank 0: Epoch 22/200 | Batch 60/65 | Loss: 0.148679 (seg: 0.137033, rec: 0.011646)
2025-10-10 12:14:43,415 - INFO - Rank 0: Epoch 22/200 | Avg Train Loss: 0.115716 (seg: 0.104073, rec: 0.011643)
2025-10-10 12:15:01,937 - INFO - Rank 0: Epoch 22/200 | Avg Val Loss: 0.077110 (seg: 0.071995, rec: 0.005115)
2025-10-10 12:15:02,080 - INFO - New best model saved! Val loss improved to 0.077110
2025-10-10 12:15:08,185 - DEBUG - Rank 0: Epoch 23/200 | Batch 0/65 | Loss: 0.089745 (seg: 0.079778, rec: 0.009967)
2025-10-10 12:15:25,926 - DEBUG - Rank 0: Epoch 23/200 | Batch 10/65 | Loss: 0.090692 (seg: 0.080095, rec: 0.010597)
2025-10-10 12:15:44,344 - DEBUG - Rank 0: Epoch 23/200 | Batch 20/65 | Loss: 0.125824 (seg: 0.115851, rec: 0.009973)
2025-10-10 12:16:02,715 - DEBUG - Rank 0: Epoch 23/200 | Batch 30/65 | Loss: 0.085467 (seg: 0.075778, rec: 0.009689)
2025-10-10 12:16:21,223 - DEBUG - Rank 0: Epoch 23/200 | Batch 40/65 | Loss: 0.098703 (seg: 0.086533, rec: 0.012169)
2025-10-10 12:16:39,560 - DEBUG - Rank 0: Epoch 23/200 | Batch 50/65 | Loss: 0.101877 (seg: 0.089768, rec: 0.012109)
2025-10-10 12:16:57,696 - DEBUG - Rank 0: Epoch 23/200 | Batch 60/65 | Loss: 0.072238 (seg: 0.062789, rec: 0.009449)
2025-10-10 12:17:05,114 - INFO - Rank 0: Epoch 23/200 | Avg Train Loss: 0.099560 (seg: 0.088265, rec: 0.011295)
2025-10-10 12:17:16,062 - INFO - Rank 0: Epoch 23/200 | Avg Val Loss: 0.072058 (seg: 0.067013, rec: 0.005045)
2025-10-10 12:17:16,234 - INFO - New best model saved! Val loss improved to 0.072058
2025-10-10 12:17:20,604 - DEBUG - Rank 0: Epoch 24/200 | Batch 0/65 | Loss: 0.078741 (seg: 0.065899, rec: 0.012843)
2025-10-10 12:17:38,211 - DEBUG - Rank 0: Epoch 24/200 | Batch 10/65 | Loss: 0.109850 (seg: 0.099233, rec: 0.010617)
2025-10-10 12:17:56,326 - DEBUG - Rank 0: Epoch 24/200 | Batch 20/65 | Loss: 0.081108 (seg: 0.070166, rec: 0.010942)
2025-10-10 12:18:14,501 - DEBUG - Rank 0: Epoch 24/200 | Batch 30/65 | Loss: 0.114276 (seg: 0.103888, rec: 0.010388)
2025-10-10 12:18:32,777 - DEBUG - Rank 0: Epoch 24/200 | Batch 40/65 | Loss: 0.098380 (seg: 0.088050, rec: 0.010331)
2025-10-10 12:18:50,973 - DEBUG - Rank 0: Epoch 24/200 | Batch 50/65 | Loss: 0.075871 (seg: 0.066531, rec: 0.009340)
2025-10-10 12:19:09,322 - DEBUG - Rank 0: Epoch 24/200 | Batch 60/65 | Loss: 0.080585 (seg: 0.071040, rec: 0.009546)
2025-10-10 12:19:16,687 - INFO - Rank 0: Epoch 24/200 | Avg Train Loss: 0.095056 (seg: 0.084080, rec: 0.010975)
2025-10-10 12:19:26,967 - INFO - Rank 0: Epoch 24/200 | Avg Val Loss: 0.074079 (seg: 0.068459, rec: 0.005620)
2025-10-10 12:19:26,967 - INFO - No improvement in validation loss for 1/15 epochs
2025-10-10 12:19:31,608 - DEBUG - Rank 0: Epoch 25/200 | Batch 0/65 | Loss: 0.075876 (seg: 0.064179, rec: 0.011697)
2025-10-10 12:19:49,362 - DEBUG - Rank 0: Epoch 25/200 | Batch 10/65 | Loss: 0.099627 (seg: 0.088283, rec: 0.011344)
2025-10-10 12:20:07,437 - DEBUG - Rank 0: Epoch 25/200 | Batch 20/65 | Loss: 0.096849 (seg: 0.082694, rec: 0.014155)
2025-10-10 12:20:25,757 - DEBUG - Rank 0: Epoch 25/200 | Batch 30/65 | Loss: 0.105472 (seg: 0.095235, rec: 0.010237)
2025-10-10 12:20:44,070 - DEBUG - Rank 0: Epoch 25/200 | Batch 40/65 | Loss: 0.099321 (seg: 0.089304, rec: 0.010017)
2025-10-10 12:21:02,247 - DEBUG - Rank 0: Epoch 25/200 | Batch 50/65 | Loss: 0.101646 (seg: 0.089431, rec: 0.012216)
2025-10-10 12:21:20,453 - DEBUG - Rank 0: Epoch 25/200 | Batch 60/65 | Loss: 0.101821 (seg: 0.091652, rec: 0.010170)
2025-10-10 12:21:27,883 - INFO - Rank 0: Epoch 25/200 | Avg Train Loss: 0.098715 (seg: 0.087975, rec: 0.010740)
2025-10-10 12:21:38,014 - INFO - Rank 0: Epoch 25/200 | Avg Val Loss: 0.070756 (seg: 0.065039, rec: 0.005717)
2025-10-10 12:21:38,176 - INFO - New best model saved! Val loss improved to 0.070756
2025-10-10 12:21:43,010 - DEBUG - Rank 0: Epoch 26/200 | Batch 0/65 | Loss: 0.103012 (seg: 0.092396, rec: 0.010616)
2025-10-10 12:22:00,558 - DEBUG - Rank 0: Epoch 26/200 | Batch 10/65 | Loss: 0.072430 (seg: 0.062261, rec: 0.010169)
2025-10-10 12:22:18,614 - DEBUG - Rank 0: Epoch 26/200 | Batch 20/65 | Loss: 0.064306 (seg: 0.054786, rec: 0.009520)
2025-10-10 12:22:36,818 - DEBUG - Rank 0: Epoch 26/200 | Batch 30/65 | Loss: 0.070050 (seg: 0.060012, rec: 0.010038)
2025-10-10 12:22:55,111 - DEBUG - Rank 0: Epoch 26/200 | Batch 40/65 | Loss: 0.082528 (seg: 0.073490, rec: 0.009038)
2025-10-10 12:23:13,464 - DEBUG - Rank 0: Epoch 26/200 | Batch 50/65 | Loss: 0.094691 (seg: 0.082603, rec: 0.012089)
2025-10-10 12:23:32,287 - DEBUG - Rank 0: Epoch 26/200 | Batch 60/65 | Loss: 0.078463 (seg: 0.066693, rec: 0.011770)
2025-10-10 12:23:39,686 - INFO - Rank 0: Epoch 26/200 | Avg Train Loss: 0.086287 (seg: 0.075695, rec: 0.010592)
2025-10-10 12:23:49,741 - INFO - Rank 0: Epoch 26/200 | Avg Val Loss: 0.066664 (seg: 0.061006, rec: 0.005658)
2025-10-10 12:23:49,908 - INFO - New best model saved! Val loss improved to 0.066664
2025-10-10 12:23:54,484 - DEBUG - Rank 0: Epoch 27/200 | Batch 0/65 | Loss: 0.073873 (seg: 0.064159, rec: 0.009714)
2025-10-10 12:24:12,218 - DEBUG - Rank 0: Epoch 27/200 | Batch 10/65 | Loss: 0.091993 (seg: 0.082642, rec: 0.009351)
2025-10-10 12:24:30,503 - DEBUG - Rank 0: Epoch 27/200 | Batch 20/65 | Loss: 0.065668 (seg: 0.055996, rec: 0.009673)
2025-10-10 12:24:48,962 - DEBUG - Rank 0: Epoch 27/200 | Batch 30/65 | Loss: 0.084373 (seg: 0.074823, rec: 0.009550)
2025-10-10 12:25:07,457 - DEBUG - Rank 0: Epoch 27/200 | Batch 40/65 | Loss: 0.060694 (seg: 0.050910, rec: 0.009785)
2025-10-10 12:25:25,953 - DEBUG - Rank 0: Epoch 27/200 | Batch 50/65 | Loss: 0.088442 (seg: 0.078198, rec: 0.010244)
2025-10-10 12:25:44,485 - DEBUG - Rank 0: Epoch 27/200 | Batch 60/65 | Loss: 0.107583 (seg: 0.096792, rec: 0.010791)
2025-10-10 12:25:52,004 - INFO - Rank 0: Epoch 27/200 | Avg Train Loss: 0.082689 (seg: 0.072382, rec: 0.010307)
2025-10-10 12:26:02,866 - INFO - Rank 0: Epoch 27/200 | Avg Val Loss: 0.064401 (seg: 0.059676, rec: 0.004726)
2025-10-10 12:26:03,026 - INFO - New best model saved! Val loss improved to 0.064401
2025-10-10 12:26:07,628 - DEBUG - Rank 0: Epoch 28/200 | Batch 0/65 | Loss: 0.089305 (seg: 0.078355, rec: 0.010950)
2025-10-10 12:26:25,611 - DEBUG - Rank 0: Epoch 28/200 | Batch 10/65 | Loss: 0.092229 (seg: 0.082973, rec: 0.009256)
2025-10-10 12:26:44,060 - DEBUG - Rank 0: Epoch 28/200 | Batch 20/65 | Loss: 0.074474 (seg: 0.064169, rec: 0.010305)
2025-10-10 12:27:02,737 - DEBUG - Rank 0: Epoch 28/200 | Batch 30/65 | Loss: 0.082653 (seg: 0.071647, rec: 0.011006)
2025-10-10 12:27:21,236 - DEBUG - Rank 0: Epoch 28/200 | Batch 40/65 | Loss: 0.093065 (seg: 0.082876, rec: 0.010189)
2025-10-10 12:27:39,792 - DEBUG - Rank 0: Epoch 28/200 | Batch 50/65 | Loss: 0.061338 (seg: 0.051985, rec: 0.009352)
2025-10-10 12:27:58,279 - DEBUG - Rank 0: Epoch 28/200 | Batch 60/65 | Loss: 0.083424 (seg: 0.074339, rec: 0.009085)
2025-10-10 12:28:05,733 - INFO - Rank 0: Epoch 28/200 | Avg Train Loss: 0.081568 (seg: 0.071407, rec: 0.010161)
2025-10-10 12:28:16,546 - INFO - Rank 0: Epoch 28/200 | Avg Val Loss: 0.062786 (seg: 0.058184, rec: 0.004602)
2025-10-10 12:28:16,716 - INFO - New best model saved! Val loss improved to 0.062786
2025-10-10 12:28:21,940 - DEBUG - Rank 0: Epoch 29/200 | Batch 0/65 | Loss: 0.080804 (seg: 0.069502, rec: 0.011302)
2025-10-10 12:28:39,789 - DEBUG - Rank 0: Epoch 29/200 | Batch 10/65 | Loss: 0.064690 (seg: 0.055888, rec: 0.008802)
2025-10-10 12:28:58,075 - DEBUG - Rank 0: Epoch 29/200 | Batch 20/65 | Loss: 0.067436 (seg: 0.058201, rec: 0.009235)
2025-10-10 12:29:16,550 - DEBUG - Rank 0: Epoch 29/200 | Batch 30/65 | Loss: 0.079442 (seg: 0.070187, rec: 0.009255)
2025-10-10 12:29:34,852 - DEBUG - Rank 0: Epoch 29/200 | Batch 40/65 | Loss: 0.062529 (seg: 0.052564, rec: 0.009965)
2025-10-10 12:29:53,118 - DEBUG - Rank 0: Epoch 29/200 | Batch 50/65 | Loss: 0.073668 (seg: 0.063751, rec: 0.009917)
2025-10-10 12:30:11,375 - DEBUG - Rank 0: Epoch 29/200 | Batch 60/65 | Loss: 0.065277 (seg: 0.055381, rec: 0.009897)
2025-10-10 12:30:18,785 - INFO - Rank 0: Epoch 29/200 | Avg Train Loss: 0.078166 (seg: 0.068180, rec: 0.009986)
2025-10-10 12:30:28,653 - INFO - Rank 0: Epoch 29/200 | Avg Val Loss: 0.060984 (seg: 0.056095, rec: 0.004889)
2025-10-10 12:30:28,818 - INFO - New best model saved! Val loss improved to 0.060984
2025-10-10 12:30:33,334 - DEBUG - Rank 0: Epoch 30/200 | Batch 0/65 | Loss: 0.087607 (seg: 0.074525, rec: 0.013082)
2025-10-10 12:30:50,986 - DEBUG - Rank 0: Epoch 30/200 | Batch 10/65 | Loss: 0.081426 (seg: 0.071870, rec: 0.009557)
2025-10-10 12:31:09,077 - DEBUG - Rank 0: Epoch 30/200 | Batch 20/65 | Loss: 0.081174 (seg: 0.071569, rec: 0.009604)
2025-10-10 12:31:27,243 - DEBUG - Rank 0: Epoch 30/200 | Batch 30/65 | Loss: 0.073561 (seg: 0.064095, rec: 0.009466)
2025-10-10 12:31:45,379 - DEBUG - Rank 0: Epoch 30/200 | Batch 40/65 | Loss: 0.097460 (seg: 0.088700, rec: 0.008759)
2025-10-10 12:32:03,677 - DEBUG - Rank 0: Epoch 30/200 | Batch 50/65 | Loss: 0.077853 (seg: 0.067667, rec: 0.010186)
2025-10-10 12:32:21,797 - DEBUG - Rank 0: Epoch 30/200 | Batch 60/65 | Loss: 0.064301 (seg: 0.055247, rec: 0.009054)
2025-10-10 12:32:29,173 - INFO - Rank 0: Epoch 30/200 | Avg Train Loss: 0.076386 (seg: 0.066544, rec: 0.009842)
2025-10-10 12:32:39,768 - INFO - Rank 0: Epoch 30/200 | Avg Val Loss: 0.060000 (seg: 0.054674, rec: 0.005326)
2025-10-10 12:32:39,769 - INFO - No improvement in validation loss for 1/15 epochs
2025-10-10 12:32:39,946 - INFO - Saved checkpoint to: train_record/voting_202510101118/model_epoch_30.pth
2025-10-10 12:32:44,364 - DEBUG - Rank 0: Epoch 31/200 | Batch 0/65 | Loss: 0.062271 (seg: 0.052636, rec: 0.009634)
2025-10-10 12:33:02,142 - DEBUG - Rank 0: Epoch 31/200 | Batch 10/65 | Loss: 0.083341 (seg: 0.074930, rec: 0.008411)
2025-10-10 12:33:20,348 - DEBUG - Rank 0: Epoch 31/200 | Batch 20/65 | Loss: 0.069500 (seg: 0.059184, rec: 0.010316)
2025-10-10 12:33:38,645 - DEBUG - Rank 0: Epoch 31/200 | Batch 30/65 | Loss: 0.092467 (seg: 0.083985, rec: 0.008482)
2025-10-10 12:33:57,003 - DEBUG - Rank 0: Epoch 31/200 | Batch 40/65 | Loss: 0.072401 (seg: 0.063271, rec: 0.009130)
2025-10-10 12:34:15,388 - DEBUG - Rank 0: Epoch 31/200 | Batch 50/65 | Loss: 0.080310 (seg: 0.071659, rec: 0.008651)
2025-10-10 12:34:33,713 - DEBUG - Rank 0: Epoch 31/200 | Batch 60/65 | Loss: 0.065409 (seg: 0.053971, rec: 0.011439)
2025-10-10 12:34:41,179 - INFO - Rank 0: Epoch 31/200 | Avg Train Loss: 0.072553 (seg: 0.062823, rec: 0.009729)
2025-10-10 12:34:51,286 - INFO - Rank 0: Epoch 31/200 | Avg Val Loss: 0.059768 (seg: 0.054022, rec: 0.005747)
2025-10-10 12:34:51,444 - INFO - New best model saved! Val loss improved to 0.059768
2025-10-10 12:34:55,925 - DEBUG - Rank 0: Epoch 32/200 | Batch 0/65 | Loss: 0.074792 (seg: 0.065891, rec: 0.008901)
2025-10-10 12:35:13,706 - DEBUG - Rank 0: Epoch 32/200 | Batch 10/65 | Loss: 0.078816 (seg: 0.069640, rec: 0.009176)
2025-10-10 12:35:31,811 - DEBUG - Rank 0: Epoch 32/200 | Batch 20/65 | Loss: 0.070030 (seg: 0.060296, rec: 0.009734)
2025-10-10 12:35:50,130 - DEBUG - Rank 0: Epoch 32/200 | Batch 30/65 | Loss: 0.068628 (seg: 0.058454, rec: 0.010174)
2025-10-10 12:36:08,704 - DEBUG - Rank 0: Epoch 32/200 | Batch 40/65 | Loss: 0.072791 (seg: 0.062278, rec: 0.010514)
2025-10-10 12:36:27,075 - DEBUG - Rank 0: Epoch 32/200 | Batch 50/65 | Loss: 0.083401 (seg: 0.073803, rec: 0.009597)
2025-10-10 12:36:45,469 - DEBUG - Rank 0: Epoch 32/200 | Batch 60/65 | Loss: 0.066903 (seg: 0.056228, rec: 0.010674)
2025-10-10 12:36:52,914 - INFO - Rank 0: Epoch 32/200 | Avg Train Loss: 0.074048 (seg: 0.064583, rec: 0.009465)
2025-10-10 12:37:04,482 - INFO - Rank 0: Epoch 32/200 | Avg Val Loss: 0.059066 (seg: 0.053377, rec: 0.005689)
2025-10-10 12:37:04,483 - INFO - No improvement in validation loss for 1/15 epochs
2025-10-10 12:37:09,073 - DEBUG - Rank 0: Epoch 33/200 | Batch 0/65 | Loss: 0.046071 (seg: 0.037868, rec: 0.008204)
2025-10-10 12:37:26,873 - DEBUG - Rank 0: Epoch 33/200 | Batch 10/65 | Loss: 0.065897 (seg: 0.056894, rec: 0.009002)
2025-10-10 12:37:45,139 - DEBUG - Rank 0: Epoch 33/200 | Batch 20/65 | Loss: 0.069921 (seg: 0.058905, rec: 0.011016)
2025-10-10 12:38:03,679 - DEBUG - Rank 0: Epoch 33/200 | Batch 30/65 | Loss: 0.072889 (seg: 0.061621, rec: 0.011268)
2025-10-10 12:38:22,263 - DEBUG - Rank 0: Epoch 33/200 | Batch 40/65 | Loss: 0.081401 (seg: 0.071257, rec: 0.010144)
2025-10-10 12:38:40,827 - DEBUG - Rank 0: Epoch 33/200 | Batch 50/65 | Loss: 0.056311 (seg: 0.046831, rec: 0.009479)
2025-10-10 12:38:59,283 - DEBUG - Rank 0: Epoch 33/200 | Batch 60/65 | Loss: 0.067044 (seg: 0.058225, rec: 0.008818)
2025-10-10 12:39:06,830 - INFO - Rank 0: Epoch 33/200 | Avg Train Loss: 0.070649 (seg: 0.061303, rec: 0.009346)
2025-10-10 12:39:16,840 - INFO - Rank 0: Epoch 33/200 | Avg Val Loss: 0.057736 (seg: 0.053469, rec: 0.004267)
2025-10-10 12:39:17,002 - INFO - New best model saved! Val loss improved to 0.057736
2025-10-10 12:39:21,669 - DEBUG - Rank 0: Epoch 34/200 | Batch 0/65 | Loss: 0.062816 (seg: 0.053315, rec: 0.009501)
2025-10-10 12:39:39,693 - DEBUG - Rank 0: Epoch 34/200 | Batch 10/65 | Loss: 0.058658 (seg: 0.050403, rec: 0.008255)
2025-10-10 12:39:58,129 - DEBUG - Rank 0: Epoch 34/200 | Batch 20/65 | Loss: 0.065860 (seg: 0.054911, rec: 0.010949)
2025-10-10 12:40:16,646 - DEBUG - Rank 0: Epoch 34/200 | Batch 30/65 | Loss: 0.076076 (seg: 0.067621, rec: 0.008455)
2025-10-10 12:40:35,307 - DEBUG - Rank 0: Epoch 34/200 | Batch 40/65 | Loss: 0.077181 (seg: 0.068302, rec: 0.008878)
2025-10-10 12:40:53,771 - DEBUG - Rank 0: Epoch 34/200 | Batch 50/65 | Loss: 0.081254 (seg: 0.072297, rec: 0.008956)
2025-10-10 12:41:12,282 - DEBUG - Rank 0: Epoch 34/200 | Batch 60/65 | Loss: 0.051131 (seg: 0.042775, rec: 0.008356)
2025-10-10 12:41:19,809 - INFO - Rank 0: Epoch 34/200 | Avg Train Loss: 0.065627 (seg: 0.056609, rec: 0.009018)
2025-10-10 12:41:30,441 - INFO - Rank 0: Epoch 34/200 | Avg Val Loss: 0.058624 (seg: 0.052583, rec: 0.006041)
2025-10-10 12:41:30,441 - INFO - No improvement in validation loss for 1/15 epochs
2025-10-10 12:41:34,796 - DEBUG - Rank 0: Epoch 35/200 | Batch 0/65 | Loss: 0.055575 (seg: 0.047207, rec: 0.008368)
2025-10-10 12:41:52,642 - DEBUG - Rank 0: Epoch 35/200 | Batch 10/65 | Loss: 0.079362 (seg: 0.070517, rec: 0.008845)
2025-10-10 12:42:11,011 - DEBUG - Rank 0: Epoch 35/200 | Batch 20/65 | Loss: 0.105651 (seg: 0.097309, rec: 0.008342)
2025-10-10 12:42:29,374 - DEBUG - Rank 0: Epoch 35/200 | Batch 30/65 | Loss: 0.074856 (seg: 0.065750, rec: 0.009106)
2025-10-10 12:42:47,791 - DEBUG - Rank 0: Epoch 35/200 | Batch 40/65 | Loss: 0.080924 (seg: 0.072234, rec: 0.008691)
2025-10-10 12:43:06,237 - DEBUG - Rank 0: Epoch 35/200 | Batch 50/65 | Loss: 0.053179 (seg: 0.044262, rec: 0.008917)
2025-10-10 12:43:24,632 - DEBUG - Rank 0: Epoch 35/200 | Batch 60/65 | Loss: 0.070796 (seg: 0.062337, rec: 0.008459)
2025-10-10 12:43:32,073 - INFO - Rank 0: Epoch 35/200 | Avg Train Loss: 0.070782 (seg: 0.061268, rec: 0.009514)
2025-10-10 12:43:42,802 - INFO - Rank 0: Epoch 35/200 | Avg Val Loss: 0.055921 (seg: 0.051169, rec: 0.004752)
2025-10-10 12:43:42,979 - INFO - New best model saved! Val loss improved to 0.055921
2025-10-10 12:43:48,018 - DEBUG - Rank 0: Epoch 36/200 | Batch 0/65 | Loss: 0.070490 (seg: 0.061781, rec: 0.008710)
2025-10-10 12:44:06,017 - DEBUG - Rank 0: Epoch 36/200 | Batch 10/65 | Loss: 0.094522 (seg: 0.086292, rec: 0.008230)
2025-10-10 12:44:24,359 - DEBUG - Rank 0: Epoch 36/200 | Batch 20/65 | Loss: 0.059339 (seg: 0.048774, rec: 0.010565)
2025-10-10 12:44:42,821 - DEBUG - Rank 0: Epoch 36/200 | Batch 30/65 | Loss: 0.061211 (seg: 0.051513, rec: 0.009698)
2025-10-10 12:45:01,350 - DEBUG - Rank 0: Epoch 36/200 | Batch 40/65 | Loss: 0.068321 (seg: 0.059008, rec: 0.009312)
2025-10-10 12:45:19,651 - DEBUG - Rank 0: Epoch 36/200 | Batch 50/65 | Loss: 0.061394 (seg: 0.052652, rec: 0.008742)
2025-10-10 12:45:37,938 - DEBUG - Rank 0: Epoch 36/200 | Batch 60/65 | Loss: 0.058192 (seg: 0.049333, rec: 0.008859)
2025-10-10 12:45:45,360 - INFO - Rank 0: Epoch 36/200 | Avg Train Loss: 0.069646 (seg: 0.059323, rec: 0.010323)
2025-10-10 12:45:55,851 - INFO - Rank 0: Epoch 36/200 | Avg Val Loss: 0.055397 (seg: 0.050705, rec: 0.004692)
2025-10-10 12:45:55,851 - INFO - No improvement in validation loss for 1/15 epochs
2025-10-10 12:46:00,361 - DEBUG - Rank 0: Epoch 37/200 | Batch 0/65 | Loss: 0.068974 (seg: 0.060341, rec: 0.008633)
2025-10-10 12:46:18,110 - DEBUG - Rank 0: Epoch 37/200 | Batch 10/65 | Loss: 0.067081 (seg: 0.058416, rec: 0.008665)
2025-10-10 12:46:36,158 - DEBUG - Rank 0: Epoch 37/200 | Batch 20/65 | Loss: 0.042607 (seg: 0.033387, rec: 0.009220)
2025-10-10 12:46:54,351 - DEBUG - Rank 0: Epoch 37/200 | Batch 30/65 | Loss: 0.049210 (seg: 0.040668, rec: 0.008542)
2025-10-10 12:47:13,450 - DEBUG - Rank 0: Epoch 37/200 | Batch 40/65 | Loss: 0.056336 (seg: 0.047149, rec: 0.009188)
2025-10-10 12:47:31,783 - DEBUG - Rank 0: Epoch 37/200 | Batch 50/65 | Loss: 0.066441 (seg: 0.058605, rec: 0.007836)
2025-10-10 12:47:51,097 - DEBUG - Rank 0: Epoch 37/200 | Batch 60/65 | Loss: 0.061827 (seg: 0.051278, rec: 0.010550)
2025-10-10 12:47:58,542 - INFO - Rank 0: Epoch 37/200 | Avg Train Loss: 0.066629 (seg: 0.056966, rec: 0.009664)
2025-10-10 12:48:09,049 - INFO - Rank 0: Epoch 37/200 | Avg Val Loss: 0.058245 (seg: 0.053315, rec: 0.004930)
2025-10-10 12:48:09,049 - INFO - No improvement in validation loss for 2/15 epochs
2025-10-10 12:48:13,916 - DEBUG - Rank 0: Epoch 38/200 | Batch 0/65 | Loss: 0.051895 (seg: 0.043041, rec: 0.008854)
2025-10-10 12:48:32,781 - DEBUG - Rank 0: Epoch 38/200 | Batch 10/65 | Loss: 0.048231 (seg: 0.039529, rec: 0.008703)
2025-10-10 12:48:50,988 - DEBUG - Rank 0: Epoch 38/200 | Batch 20/65 | Loss: 0.050261 (seg: 0.041110, rec: 0.009151)
2025-10-10 12:49:09,343 - DEBUG - Rank 0: Epoch 38/200 | Batch 30/65 | Loss: 0.058835 (seg: 0.050366, rec: 0.008469)
2025-10-10 12:49:27,789 - DEBUG - Rank 0: Epoch 38/200 | Batch 40/65 | Loss: 0.060555 (seg: 0.050482, rec: 0.010073)
2025-10-10 12:49:46,529 - DEBUG - Rank 0: Epoch 38/200 | Batch 50/65 | Loss: 0.059308 (seg: 0.051538, rec: 0.007770)
2025-10-10 12:50:04,968 - DEBUG - Rank 0: Epoch 38/200 | Batch 60/65 | Loss: 0.055219 (seg: 0.044797, rec: 0.010422)
2025-10-10 12:50:12,478 - INFO - Rank 0: Epoch 38/200 | Avg Train Loss: 0.063089 (seg: 0.053848, rec: 0.009241)
2025-10-10 12:50:22,859 - INFO - Rank 0: Epoch 38/200 | Avg Val Loss: 0.054709 (seg: 0.049981, rec: 0.004728)
2025-10-10 12:50:23,045 - INFO - New best model saved! Val loss improved to 0.054709
2025-10-10 12:50:27,967 - DEBUG - Rank 0: Epoch 39/200 | Batch 0/65 | Loss: 0.069366 (seg: 0.059092, rec: 0.010274)
2025-10-10 12:50:45,875 - DEBUG - Rank 0: Epoch 39/200 | Batch 10/65 | Loss: 0.065669 (seg: 0.057567, rec: 0.008102)
2025-10-10 12:51:04,308 - DEBUG - Rank 0: Epoch 39/200 | Batch 20/65 | Loss: 0.060370 (seg: 0.050787, rec: 0.009583)
2025-10-10 12:51:23,322 - DEBUG - Rank 0: Epoch 39/200 | Batch 30/65 | Loss: 0.040937 (seg: 0.032781, rec: 0.008156)
2025-10-10 12:51:41,910 - DEBUG - Rank 0: Epoch 39/200 | Batch 40/65 | Loss: 0.062940 (seg: 0.054622, rec: 0.008319)
2025-10-10 12:52:00,485 - DEBUG - Rank 0: Epoch 39/200 | Batch 50/65 | Loss: 0.054626 (seg: 0.046762, rec: 0.007864)
2025-10-10 12:52:18,974 - DEBUG - Rank 0: Epoch 39/200 | Batch 60/65 | Loss: 0.054578 (seg: 0.045690, rec: 0.008888)
2025-10-10 12:52:26,506 - INFO - Rank 0: Epoch 39/200 | Avg Train Loss: 0.063565 (seg: 0.054641, rec: 0.008924)
2025-10-10 12:52:37,451 - INFO - Rank 0: Epoch 39/200 | Avg Val Loss: 0.060960 (seg: 0.056515, rec: 0.004446)
2025-10-10 12:52:37,451 - INFO - No improvement in validation loss for 1/15 epochs
2025-10-10 12:52:42,206 - DEBUG - Rank 0: Epoch 40/200 | Batch 0/65 | Loss: 0.056323 (seg: 0.048676, rec: 0.007647)
2025-10-10 12:53:00,261 - DEBUG - Rank 0: Epoch 40/200 | Batch 10/65 | Loss: 0.074583 (seg: 0.064744, rec: 0.009839)
2025-10-10 12:53:18,721 - DEBUG - Rank 0: Epoch 40/200 | Batch 20/65 | Loss: 0.086923 (seg: 0.079401, rec: 0.007523)
2025-10-10 12:53:37,273 - DEBUG - Rank 0: Epoch 40/200 | Batch 30/65 | Loss: 0.051461 (seg: 0.043247, rec: 0.008214)
2025-10-10 12:53:55,894 - DEBUG - Rank 0: Epoch 40/200 | Batch 40/65 | Loss: 0.064283 (seg: 0.056765, rec: 0.007519)
2025-10-10 12:54:14,464 - DEBUG - Rank 0: Epoch 40/200 | Batch 50/65 | Loss: 0.088967 (seg: 0.079553, rec: 0.009414)
2025-10-10 12:54:32,998 - DEBUG - Rank 0: Epoch 40/200 | Batch 60/65 | Loss: 0.057197 (seg: 0.048690, rec: 0.008507)
2025-10-10 12:54:40,526 - INFO - Rank 0: Epoch 40/200 | Avg Train Loss: 0.063235 (seg: 0.054423, rec: 0.008812)
2025-10-10 12:54:50,594 - INFO - Rank 0: Epoch 40/200 | Avg Val Loss: 0.055779 (seg: 0.049972, rec: 0.005808)
2025-10-10 12:54:50,594 - INFO - No improvement in validation loss for 2/15 epochs
2025-10-10 12:54:50,713 - INFO - Saved checkpoint to: train_record/voting_202510101118/model_epoch_40.pth
2025-10-10 12:54:54,982 - DEBUG - Rank 0: Epoch 41/200 | Batch 0/65 | Loss: 0.062400 (seg: 0.053410, rec: 0.008990)
2025-10-10 12:55:12,833 - DEBUG - Rank 0: Epoch 41/200 | Batch 10/65 | Loss: 0.067508 (seg: 0.056231, rec: 0.011277)
2025-10-10 12:55:31,079 - DEBUG - Rank 0: Epoch 41/200 | Batch 20/65 | Loss: 0.054834 (seg: 0.045803, rec: 0.009031)
2025-10-10 12:55:49,441 - DEBUG - Rank 0: Epoch 41/200 | Batch 30/65 | Loss: 0.049647 (seg: 0.039848, rec: 0.009799)
2025-10-10 12:56:07,801 - DEBUG - Rank 0: Epoch 41/200 | Batch 40/65 | Loss: 0.050771 (seg: 0.041246, rec: 0.009525)
2025-10-10 12:56:26,079 - DEBUG - Rank 0: Epoch 41/200 | Batch 50/65 | Loss: 0.055663 (seg: 0.047054, rec: 0.008609)
2025-10-10 12:56:44,378 - DEBUG - Rank 0: Epoch 41/200 | Batch 60/65 | Loss: 0.064917 (seg: 0.056733, rec: 0.008184)
2025-10-10 12:56:51,748 - INFO - Rank 0: Epoch 41/200 | Avg Train Loss: 0.065487 (seg: 0.056639, rec: 0.008848)
2025-10-10 12:57:01,417 - INFO - Rank 0: Epoch 41/200 | Avg Val Loss: 0.056007 (seg: 0.049845, rec: 0.006162)
2025-10-10 12:57:01,417 - INFO - No improvement in validation loss for 3/15 epochs
2025-10-10 12:57:05,820 - DEBUG - Rank 0: Epoch 42/200 | Batch 0/65 | Loss: 0.068843 (seg: 0.061661, rec: 0.007182)
2025-10-10 12:57:23,746 - DEBUG - Rank 0: Epoch 42/200 | Batch 10/65 | Loss: 0.051383 (seg: 0.043618, rec: 0.007765)
2025-10-10 12:57:42,031 - DEBUG - Rank 0: Epoch 42/200 | Batch 20/65 | Loss: 0.085401 (seg: 0.076913, rec: 0.008489)
2025-10-10 12:58:00,836 - DEBUG - Rank 0: Epoch 42/200 | Batch 30/65 | Loss: 0.057654 (seg: 0.049171, rec: 0.008483)
2025-10-10 12:58:19,207 - DEBUG - Rank 0: Epoch 42/200 | Batch 40/65 | Loss: 0.054861 (seg: 0.047224, rec: 0.007637)
2025-10-10 12:58:37,550 - DEBUG - Rank 0: Epoch 42/200 | Batch 50/65 | Loss: 0.056101 (seg: 0.048399, rec: 0.007702)
2025-10-10 12:58:55,850 - DEBUG - Rank 0: Epoch 42/200 | Batch 60/65 | Loss: 0.063999 (seg: 0.054811, rec: 0.009188)
2025-10-10 12:59:03,282 - INFO - Rank 0: Epoch 42/200 | Avg Train Loss: 0.062762 (seg: 0.054106, rec: 0.008655)
2025-10-10 12:59:13,891 - INFO - Rank 0: Epoch 42/200 | Avg Val Loss: 0.053092 (seg: 0.048758, rec: 0.004335)
2025-10-10 12:59:14,062 - INFO - New best model saved! Val loss improved to 0.053092
2025-10-10 12:59:19,096 - DEBUG - Rank 0: Epoch 43/200 | Batch 0/65 | Loss: 0.066476 (seg: 0.058863, rec: 0.007613)
2025-10-10 12:59:36,989 - DEBUG - Rank 0: Epoch 43/200 | Batch 10/65 | Loss: 0.065968 (seg: 0.056534, rec: 0.009433)
2025-10-10 12:59:55,175 - DEBUG - Rank 0: Epoch 43/200 | Batch 20/65 | Loss: 0.058205 (seg: 0.049988, rec: 0.008216)
2025-10-10 13:00:13,493 - DEBUG - Rank 0: Epoch 43/200 | Batch 30/65 | Loss: 0.065892 (seg: 0.056913, rec: 0.008979)
2025-10-10 13:00:31,956 - DEBUG - Rank 0: Epoch 43/200 | Batch 40/65 | Loss: 0.067545 (seg: 0.059308, rec: 0.008237)
2025-10-10 13:00:50,368 - DEBUG - Rank 0: Epoch 43/200 | Batch 50/65 | Loss: 0.052007 (seg: 0.043633, rec: 0.008374)
2025-10-10 13:01:08,811 - DEBUG - Rank 0: Epoch 43/200 | Batch 60/65 | Loss: 0.076762 (seg: 0.068966, rec: 0.007796)
2025-10-10 13:01:16,211 - INFO - Rank 0: Epoch 43/200 | Avg Train Loss: 0.062906 (seg: 0.054424, rec: 0.008482)
2025-10-10 13:01:27,424 - INFO - Rank 0: Epoch 43/200 | Avg Val Loss: 0.053598 (seg: 0.048946, rec: 0.004652)
2025-10-10 13:01:27,425 - INFO - No improvement in validation loss for 1/15 epochs
2025-10-10 13:01:32,350 - DEBUG - Rank 0: Epoch 44/200 | Batch 0/65 | Loss: 0.058548 (seg: 0.050057, rec: 0.008491)
2025-10-10 13:01:50,186 - DEBUG - Rank 0: Epoch 44/200 | Batch 10/65 | Loss: 0.049667 (seg: 0.039863, rec: 0.009804)
2025-10-10 13:02:08,420 - DEBUG - Rank 0: Epoch 44/200 | Batch 20/65 | Loss: 0.057798 (seg: 0.049322, rec: 0.008476)
2025-10-10 13:02:26,763 - DEBUG - Rank 0: Epoch 44/200 | Batch 30/65 | Loss: 0.052641 (seg: 0.044932, rec: 0.007709)
2025-10-10 13:02:45,274 - DEBUG - Rank 0: Epoch 44/200 | Batch 40/65 | Loss: 0.074373 (seg: 0.065922, rec: 0.008451)
2025-10-10 13:03:03,663 - DEBUG - Rank 0: Epoch 44/200 | Batch 50/65 | Loss: 0.059419 (seg: 0.049168, rec: 0.010251)
2025-10-10 13:03:22,014 - DEBUG - Rank 0: Epoch 44/200 | Batch 60/65 | Loss: 0.047985 (seg: 0.040072, rec: 0.007913)
2025-10-10 13:03:29,493 - INFO - Rank 0: Epoch 44/200 | Avg Train Loss: 0.059584 (seg: 0.051010, rec: 0.008574)
2025-10-10 13:03:40,049 - INFO - Rank 0: Epoch 44/200 | Avg Val Loss: 0.053533 (seg: 0.048957, rec: 0.004576)
2025-10-10 13:03:40,049 - INFO - No improvement in validation loss for 2/15 epochs
2025-10-10 13:03:45,143 - DEBUG - Rank 0: Epoch 45/200 | Batch 0/65 | Loss: 0.054585 (seg: 0.045021, rec: 0.009564)
2025-10-10 13:04:03,042 - DEBUG - Rank 0: Epoch 45/200 | Batch 10/65 | Loss: 0.050099 (seg: 0.041004, rec: 0.009095)
2025-10-10 13:04:21,394 - DEBUG - Rank 0: Epoch 45/200 | Batch 20/65 | Loss: 0.078290 (seg: 0.069510, rec: 0.008780)
2025-10-10 13:04:41,223 - DEBUG - Rank 0: Epoch 45/200 | Batch 30/65 | Loss: 0.045930 (seg: 0.037395, rec: 0.008535)
2025-10-10 13:04:59,645 - DEBUG - Rank 0: Epoch 45/200 | Batch 40/65 | Loss: 0.059552 (seg: 0.051695, rec: 0.007857)
2025-10-10 13:05:18,106 - DEBUG - Rank 0: Epoch 45/200 | Batch 50/65 | Loss: 0.073955 (seg: 0.066027, rec: 0.007928)
2025-10-10 13:05:36,717 - DEBUG - Rank 0: Epoch 45/200 | Batch 60/65 | Loss: 0.071152 (seg: 0.062981, rec: 0.008171)
2025-10-10 13:05:44,273 - INFO - Rank 0: Epoch 45/200 | Avg Train Loss: 0.058945 (seg: 0.050379, rec: 0.008566)
2025-10-10 13:05:53,952 - INFO - Rank 0: Epoch 45/200 | Avg Val Loss: 0.051064 (seg: 0.046744, rec: 0.004321)
2025-10-10 13:05:54,128 - INFO - New best model saved! Val loss improved to 0.051064
2025-10-10 13:05:58,659 - DEBUG - Rank 0: Epoch 46/200 | Batch 0/65 | Loss: 0.060727 (seg: 0.052735, rec: 0.007992)
2025-10-10 13:06:16,779 - DEBUG - Rank 0: Epoch 46/200 | Batch 10/65 | Loss: 0.052174 (seg: 0.044949, rec: 0.007225)
2025-10-10 13:06:35,411 - DEBUG - Rank 0: Epoch 46/200 | Batch 20/65 | Loss: 0.061447 (seg: 0.052159, rec: 0.009288)
2025-10-10 13:06:54,066 - DEBUG - Rank 0: Epoch 46/200 | Batch 30/65 | Loss: 0.051564 (seg: 0.043486, rec: 0.008078)
2025-10-10 13:07:12,868 - DEBUG - Rank 0: Epoch 46/200 | Batch 40/65 | Loss: 0.083168 (seg: 0.075614, rec: 0.007553)
2025-10-10 13:07:31,448 - DEBUG - Rank 0: Epoch 46/200 | Batch 50/65 | Loss: 0.058794 (seg: 0.050637, rec: 0.008157)
2025-10-10 13:07:50,111 - DEBUG - Rank 0: Epoch 46/200 | Batch 60/65 | Loss: 0.061420 (seg: 0.053677, rec: 0.007743)
2025-10-10 13:07:57,684 - INFO - Rank 0: Epoch 46/200 | Avg Train Loss: 0.059417 (seg: 0.050578, rec: 0.008839)
2025-10-10 13:08:07,193 - INFO - Rank 0: Epoch 46/200 | Avg Val Loss: 0.056113 (seg: 0.049597, rec: 0.006516)
2025-10-10 13:08:07,193 - INFO - No improvement in validation loss for 1/15 epochs
2025-10-10 13:08:11,518 - DEBUG - Rank 0: Epoch 47/200 | Batch 0/65 | Loss: 0.062080 (seg: 0.053178, rec: 0.008902)
2025-10-10 13:08:29,484 - DEBUG - Rank 0: Epoch 47/200 | Batch 10/65 | Loss: 0.061625 (seg: 0.048323, rec: 0.013302)
2025-10-10 13:08:47,913 - DEBUG - Rank 0: Epoch 47/200 | Batch 20/65 | Loss: 0.067794 (seg: 0.059800, rec: 0.007994)
2025-10-10 13:09:06,301 - DEBUG - Rank 0: Epoch 47/200 | Batch 30/65 | Loss: 0.046474 (seg: 0.038719, rec: 0.007755)
2025-10-10 13:09:24,739 - DEBUG - Rank 0: Epoch 47/200 | Batch 40/65 | Loss: 0.046259 (seg: 0.036893, rec: 0.009366)
2025-10-10 13:09:43,156 - DEBUG - Rank 0: Epoch 47/200 | Batch 50/65 | Loss: 0.073889 (seg: 0.065359, rec: 0.008530)
2025-10-10 13:10:01,628 - DEBUG - Rank 0: Epoch 47/200 | Batch 60/65 | Loss: 0.057144 (seg: 0.049237, rec: 0.007908)
2025-10-10 13:10:09,075 - INFO - Rank 0: Epoch 47/200 | Avg Train Loss: 0.058988 (seg: 0.050296, rec: 0.008691)
2025-10-10 13:10:19,997 - INFO - Rank 0: Epoch 47/200 | Avg Val Loss: 0.052542 (seg: 0.048779, rec: 0.003763)
2025-10-10 13:10:19,997 - INFO - No improvement in validation loss for 2/15 epochs
2025-10-10 13:10:24,712 - DEBUG - Rank 0: Epoch 48/200 | Batch 0/65 | Loss: 0.039834 (seg: 0.032142, rec: 0.007692)
2025-10-10 13:10:42,543 - DEBUG - Rank 0: Epoch 48/200 | Batch 10/65 | Loss: 0.049781 (seg: 0.042246, rec: 0.007535)
2025-10-10 13:11:01,095 - DEBUG - Rank 0: Epoch 48/200 | Batch 20/65 | Loss: 0.046351 (seg: 0.038227, rec: 0.008125)
2025-10-10 13:11:19,516 - DEBUG - Rank 0: Epoch 48/200 | Batch 30/65 | Loss: 0.043106 (seg: 0.034473, rec: 0.008633)
2025-10-10 13:11:37,842 - DEBUG - Rank 0: Epoch 48/200 | Batch 40/65 | Loss: 0.059260 (seg: 0.050985, rec: 0.008275)
2025-10-10 13:11:56,226 - DEBUG - Rank 0: Epoch 48/200 | Batch 50/65 | Loss: 0.095795 (seg: 0.087288, rec: 0.008507)
2025-10-10 13:12:14,458 - DEBUG - Rank 0: Epoch 48/200 | Batch 60/65 | Loss: 0.059617 (seg: 0.051732, rec: 0.007885)
2025-10-10 13:12:21,903 - INFO - Rank 0: Epoch 48/200 | Avg Train Loss: 0.058301 (seg: 0.050075, rec: 0.008226)
2025-10-10 13:12:32,309 - INFO - Rank 0: Epoch 48/200 | Avg Val Loss: 0.053592 (seg: 0.047633, rec: 0.005959)
2025-10-10 13:12:32,310 - INFO - No improvement in validation loss for 3/15 epochs
2025-10-10 13:12:36,975 - DEBUG - Rank 0: Epoch 49/200 | Batch 0/65 | Loss: 0.058454 (seg: 0.049015, rec: 0.009439)
2025-10-10 13:12:54,775 - DEBUG - Rank 0: Epoch 49/200 | Batch 10/65 | Loss: 0.065894 (seg: 0.057502, rec: 0.008391)
2025-10-10 13:13:12,954 - DEBUG - Rank 0: Epoch 49/200 | Batch 20/65 | Loss: 0.048363 (seg: 0.041294, rec: 0.007069)
2025-10-10 13:13:31,290 - DEBUG - Rank 0: Epoch 49/200 | Batch 30/65 | Loss: 0.255585 (seg: 0.246827, rec: 0.008758)
2025-10-10 13:13:49,861 - DEBUG - Rank 0: Epoch 49/200 | Batch 40/65 | Loss: 0.055907 (seg: 0.045436, rec: 0.010471)
2025-10-10 13:14:08,250 - DEBUG - Rank 0: Epoch 49/200 | Batch 50/65 | Loss: 0.057039 (seg: 0.049146, rec: 0.007893)
2025-10-10 13:14:26,630 - DEBUG - Rank 0: Epoch 49/200 | Batch 60/65 | Loss: 0.059380 (seg: 0.051576, rec: 0.007804)
2025-10-10 13:14:34,097 - INFO - Rank 0: Epoch 49/200 | Avg Train Loss: 0.061871 (seg: 0.053650, rec: 0.008221)
2025-10-10 13:14:44,178 - INFO - Rank 0: Epoch 49/200 | Avg Val Loss: 0.052323 (seg: 0.048209, rec: 0.004114)
2025-10-10 13:14:44,178 - INFO - No improvement in validation loss for 4/15 epochs
2025-10-10 13:14:49,352 - DEBUG - Rank 0: Epoch 50/200 | Batch 0/65 | Loss: 0.051775 (seg: 0.043725, rec: 0.008050)
2025-10-10 13:15:06,979 - DEBUG - Rank 0: Epoch 50/200 | Batch 10/65 | Loss: 0.058174 (seg: 0.048707, rec: 0.009467)
2025-10-10 13:15:25,093 - DEBUG - Rank 0: Epoch 50/200 | Batch 20/65 | Loss: 0.048186 (seg: 0.040179, rec: 0.008007)
2025-10-10 13:15:43,447 - DEBUG - Rank 0: Epoch 50/200 | Batch 30/65 | Loss: 0.060516 (seg: 0.051847, rec: 0.008669)
2025-10-10 13:16:01,704 - DEBUG - Rank 0: Epoch 50/200 | Batch 40/65 | Loss: 0.055683 (seg: 0.047097, rec: 0.008586)
2025-10-10 13:16:19,984 - DEBUG - Rank 0: Epoch 50/200 | Batch 50/65 | Loss: 0.046974 (seg: 0.037849, rec: 0.009126)
2025-10-10 13:16:38,251 - DEBUG - Rank 0: Epoch 50/200 | Batch 60/65 | Loss: 0.075422 (seg: 0.067838, rec: 0.007584)
2025-10-10 13:16:45,697 - INFO - Rank 0: Epoch 50/200 | Avg Train Loss: 0.056304 (seg: 0.048210, rec: 0.008094)
2025-10-10 13:16:55,907 - INFO - Rank 0: Epoch 50/200 | Avg Val Loss: 0.051405 (seg: 0.046990, rec: 0.004415)
2025-10-10 13:16:55,907 - INFO - No improvement in validation loss for 5/15 epochs
2025-10-10 13:16:55,982 - INFO - Saved checkpoint to: train_record/voting_202510101118/model_epoch_50.pth
2025-10-10 13:17:00,523 - DEBUG - Rank 0: Epoch 51/200 | Batch 0/65 | Loss: 0.056057 (seg: 0.049035, rec: 0.007022)
2025-10-10 13:17:18,465 - DEBUG - Rank 0: Epoch 51/200 | Batch 10/65 | Loss: 0.045338 (seg: 0.038414, rec: 0.006924)
2025-10-10 13:17:37,039 - DEBUG - Rank 0: Epoch 51/200 | Batch 20/65 | Loss: 0.053328 (seg: 0.043971, rec: 0.009357)
2025-10-10 13:17:55,453 - DEBUG - Rank 0: Epoch 51/200 | Batch 30/65 | Loss: 0.048317 (seg: 0.040866, rec: 0.007451)
2025-10-10 13:18:13,861 - DEBUG - Rank 0: Epoch 51/200 | Batch 40/65 | Loss: 0.065742 (seg: 0.057650, rec: 0.008092)
2025-10-10 13:18:32,311 - DEBUG - Rank 0: Epoch 51/200 | Batch 50/65 | Loss: 0.052368 (seg: 0.044507, rec: 0.007861)
2025-10-10 13:18:50,829 - DEBUG - Rank 0: Epoch 51/200 | Batch 60/65 | Loss: 0.081232 (seg: 0.073134, rec: 0.008098)
2025-10-10 13:18:58,323 - INFO - Rank 0: Epoch 51/200 | Avg Train Loss: 0.056658 (seg: 0.048240, rec: 0.008419)
2025-10-10 13:19:08,950 - INFO - Rank 0: Epoch 51/200 | Avg Val Loss: 0.050031 (seg: 0.045430, rec: 0.004601)
2025-10-10 13:19:09,132 - INFO - New best model saved! Val loss improved to 0.050031
2025-10-10 13:19:14,411 - DEBUG - Rank 0: Epoch 52/200 | Batch 0/65 | Loss: 0.050482 (seg: 0.042334, rec: 0.008148)
2025-10-10 13:19:32,379 - DEBUG - Rank 0: Epoch 52/200 | Batch 10/65 | Loss: 0.062084 (seg: 0.053709, rec: 0.008375)
2025-10-10 13:19:50,819 - DEBUG - Rank 0: Epoch 52/200 | Batch 20/65 | Loss: 0.065367 (seg: 0.057278, rec: 0.008089)
2025-10-10 13:20:09,353 - DEBUG - Rank 0: Epoch 52/200 | Batch 30/65 | Loss: 0.050963 (seg: 0.043312, rec: 0.007651)
2025-10-10 13:20:27,947 - DEBUG - Rank 0: Epoch 52/200 | Batch 40/65 | Loss: 0.059078 (seg: 0.050959, rec: 0.008119)
2025-10-10 13:20:46,557 - DEBUG - Rank 0: Epoch 52/200 | Batch 50/65 | Loss: 0.048672 (seg: 0.041779, rec: 0.006893)
2025-10-10 13:21:05,186 - DEBUG - Rank 0: Epoch 52/200 | Batch 60/65 | Loss: 0.060465 (seg: 0.052190, rec: 0.008276)
2025-10-10 13:21:12,775 - INFO - Rank 0: Epoch 52/200 | Avg Train Loss: 0.054437 (seg: 0.046357, rec: 0.008081)
2025-10-10 13:21:23,633 - INFO - Rank 0: Epoch 52/200 | Avg Val Loss: 0.049260 (seg: 0.045340, rec: 0.003919)
2025-10-10 13:21:23,633 - INFO - No improvement in validation loss for 1/15 epochs
2025-10-10 13:21:28,515 - DEBUG - Rank 0: Epoch 53/200 | Batch 0/65 | Loss: 0.056089 (seg: 0.047608, rec: 0.008481)
2025-10-10 13:21:46,677 - DEBUG - Rank 0: Epoch 53/200 | Batch 10/65 | Loss: 0.078599 (seg: 0.070401, rec: 0.008198)
2025-10-10 13:22:05,130 - DEBUG - Rank 0: Epoch 53/200 | Batch 20/65 | Loss: 0.047963 (seg: 0.040567, rec: 0.007396)
2025-10-10 13:22:23,654 - DEBUG - Rank 0: Epoch 53/200 | Batch 30/65 | Loss: 0.060398 (seg: 0.051789, rec: 0.008609)
2025-10-10 13:22:42,174 - DEBUG - Rank 0: Epoch 53/200 | Batch 40/65 | Loss: 0.054367 (seg: 0.046718, rec: 0.007649)
2025-10-10 13:23:00,662 - DEBUG - Rank 0: Epoch 53/200 | Batch 50/65 | Loss: 0.055302 (seg: 0.046200, rec: 0.009103)
2025-10-10 13:23:19,135 - DEBUG - Rank 0: Epoch 53/200 | Batch 60/65 | Loss: 0.067898 (seg: 0.059582, rec: 0.008317)
2025-10-10 13:23:26,662 - INFO - Rank 0: Epoch 53/200 | Avg Train Loss: 0.056218 (seg: 0.047836, rec: 0.008382)
2025-10-10 13:23:37,495 - INFO - Rank 0: Epoch 53/200 | Avg Val Loss: 0.055022 (seg: 0.050902, rec: 0.004120)
2025-10-10 13:23:37,495 - INFO - No improvement in validation loss for 2/15 epochs
2025-10-10 13:23:42,119 - DEBUG - Rank 0: Epoch 54/200 | Batch 0/65 | Loss: 0.051099 (seg: 0.042590, rec: 0.008510)
2025-10-10 13:24:00,258 - DEBUG - Rank 0: Epoch 54/200 | Batch 10/65 | Loss: 0.045903 (seg: 0.038697, rec: 0.007206)
2025-10-10 13:24:18,596 - DEBUG - Rank 0: Epoch 54/200 | Batch 20/65 | Loss: 0.047909 (seg: 0.040881, rec: 0.007027)
2025-10-10 13:24:37,061 - DEBUG - Rank 0: Epoch 54/200 | Batch 30/65 | Loss: 0.064376 (seg: 0.056739, rec: 0.007637)
2025-10-10 13:24:55,370 - DEBUG - Rank 0: Epoch 54/200 | Batch 40/65 | Loss: 0.055574 (seg: 0.043688, rec: 0.011885)
2025-10-10 13:25:13,749 - DEBUG - Rank 0: Epoch 54/200 | Batch 50/65 | Loss: 0.058324 (seg: 0.048689, rec: 0.009635)
2025-10-10 13:25:32,112 - DEBUG - Rank 0: Epoch 54/200 | Batch 60/65 | Loss: 0.039183 (seg: 0.030678, rec: 0.008505)
2025-10-10 13:25:39,566 - INFO - Rank 0: Epoch 54/200 | Avg Train Loss: 0.054015 (seg: 0.045848, rec: 0.008167)
2025-10-10 13:25:49,505 - INFO - Rank 0: Epoch 54/200 | Avg Val Loss: 0.049349 (seg: 0.044647, rec: 0.004702)
2025-10-10 13:25:49,505 - INFO - No improvement in validation loss for 3/15 epochs
2025-10-10 13:25:54,185 - DEBUG - Rank 0: Epoch 55/200 | Batch 0/65 | Loss: 0.054586 (seg: 0.045586, rec: 0.009000)
2025-10-10 13:26:12,046 - DEBUG - Rank 0: Epoch 55/200 | Batch 10/65 | Loss: 0.046500 (seg: 0.038305, rec: 0.008195)
2025-10-10 13:26:30,380 - DEBUG - Rank 0: Epoch 55/200 | Batch 20/65 | Loss: 0.053907 (seg: 0.045958, rec: 0.007949)
2025-10-10 13:26:48,705 - DEBUG - Rank 0: Epoch 55/200 | Batch 30/65 | Loss: 0.053023 (seg: 0.044679, rec: 0.008343)
2025-10-10 13:27:07,170 - DEBUG - Rank 0: Epoch 55/200 | Batch 40/65 | Loss: 0.060120 (seg: 0.052697, rec: 0.007423)
2025-10-10 13:27:25,553 - DEBUG - Rank 0: Epoch 55/200 | Batch 50/65 | Loss: 0.057086 (seg: 0.049489, rec: 0.007597)
2025-10-10 13:27:43,862 - DEBUG - Rank 0: Epoch 55/200 | Batch 60/65 | Loss: 0.049329 (seg: 0.041014, rec: 0.008314)
2025-10-10 13:27:51,278 - INFO - Rank 0: Epoch 55/200 | Avg Train Loss: 0.053045 (seg: 0.044973, rec: 0.008072)
2025-10-10 13:28:01,583 - INFO - Rank 0: Epoch 55/200 | Avg Val Loss: 0.050499 (seg: 0.045523, rec: 0.004976)
2025-10-10 13:28:01,583 - INFO - No improvement in validation loss for 4/15 epochs
2025-10-10 13:28:06,210 - DEBUG - Rank 0: Epoch 56/200 | Batch 0/65 | Loss: 0.044934 (seg: 0.034992, rec: 0.009942)
2025-10-10 13:28:24,194 - DEBUG - Rank 0: Epoch 56/200 | Batch 10/65 | Loss: 0.040466 (seg: 0.032424, rec: 0.008042)
2025-10-10 13:28:42,665 - DEBUG - Rank 0: Epoch 56/200 | Batch 20/65 | Loss: 0.044327 (seg: 0.037122, rec: 0.007205)
2025-10-10 13:29:01,122 - DEBUG - Rank 0: Epoch 56/200 | Batch 30/65 | Loss: 0.062754 (seg: 0.054897, rec: 0.007857)
2025-10-10 13:29:19,569 - DEBUG - Rank 0: Epoch 56/200 | Batch 40/65 | Loss: 0.044954 (seg: 0.037533, rec: 0.007421)
2025-10-10 13:29:37,989 - DEBUG - Rank 0: Epoch 56/200 | Batch 50/65 | Loss: 0.046874 (seg: 0.039583, rec: 0.007291)
2025-10-10 13:29:56,456 - DEBUG - Rank 0: Epoch 56/200 | Batch 60/65 | Loss: 0.045308 (seg: 0.037604, rec: 0.007705)
2025-10-10 13:30:03,924 - INFO - Rank 0: Epoch 56/200 | Avg Train Loss: 0.051435 (seg: 0.043338, rec: 0.008097)
2025-10-10 13:30:15,093 - INFO - Rank 0: Epoch 56/200 | Avg Val Loss: 0.048763 (seg: 0.044464, rec: 0.004299)
2025-10-10 13:30:15,281 - INFO - New best model saved! Val loss improved to 0.048763
2025-10-10 13:30:19,603 - DEBUG - Rank 0: Epoch 57/200 | Batch 0/65 | Loss: 0.047576 (seg: 0.038787, rec: 0.008788)
2025-10-10 13:30:37,459 - DEBUG - Rank 0: Epoch 57/200 | Batch 10/65 | Loss: 0.060520 (seg: 0.053164, rec: 0.007356)
2025-10-10 13:30:55,804 - DEBUG - Rank 0: Epoch 57/200 | Batch 20/65 | Loss: 0.046760 (seg: 0.040128, rec: 0.006632)
2025-10-10 13:31:14,269 - DEBUG - Rank 0: Epoch 57/200 | Batch 30/65 | Loss: 0.056639 (seg: 0.046069, rec: 0.010570)
2025-10-10 13:31:32,807 - DEBUG - Rank 0: Epoch 57/200 | Batch 40/65 | Loss: 0.052986 (seg: 0.045290, rec: 0.007696)
2025-10-10 13:31:51,599 - DEBUG - Rank 0: Epoch 57/200 | Batch 50/65 | Loss: 0.047909 (seg: 0.039265, rec: 0.008643)
2025-10-10 13:32:10,273 - DEBUG - Rank 0: Epoch 57/200 | Batch 60/65 | Loss: 0.051348 (seg: 0.043242, rec: 0.008106)
2025-10-10 13:32:17,797 - INFO - Rank 0: Epoch 57/200 | Avg Train Loss: 0.053440 (seg: 0.045241, rec: 0.008199)
2025-10-10 13:32:29,108 - INFO - Rank 0: Epoch 57/200 | Avg Val Loss: 0.048225 (seg: 0.044229, rec: 0.003996)
2025-10-10 13:32:29,109 - INFO - No improvement in validation loss for 1/15 epochs
2025-10-10 13:32:33,734 - DEBUG - Rank 0: Epoch 58/200 | Batch 0/65 | Loss: 0.086351 (seg: 0.078213, rec: 0.008138)
2025-10-10 13:32:51,959 - DEBUG - Rank 0: Epoch 58/200 | Batch 10/65 | Loss: 0.039588 (seg: 0.032702, rec: 0.006886)
2025-10-10 13:33:10,646 - DEBUG - Rank 0: Epoch 58/200 | Batch 20/65 | Loss: 0.045782 (seg: 0.038702, rec: 0.007080)
2025-10-10 13:33:29,782 - DEBUG - Rank 0: Epoch 58/200 | Batch 30/65 | Loss: 0.057582 (seg: 0.049682, rec: 0.007899)
2025-10-10 13:33:48,538 - DEBUG - Rank 0: Epoch 58/200 | Batch 40/65 | Loss: 0.049662 (seg: 0.042347, rec: 0.007315)
2025-10-10 13:34:07,304 - DEBUG - Rank 0: Epoch 58/200 | Batch 50/65 | Loss: 0.060662 (seg: 0.053951, rec: 0.006710)
2025-10-10 13:34:26,155 - DEBUG - Rank 0: Epoch 58/200 | Batch 60/65 | Loss: 0.044530 (seg: 0.036830, rec: 0.007701)
2025-10-10 13:34:33,800 - INFO - Rank 0: Epoch 58/200 | Avg Train Loss: 0.053304 (seg: 0.045468, rec: 0.007836)
2025-10-10 13:34:44,391 - INFO - Rank 0: Epoch 58/200 | Avg Val Loss: 0.048845 (seg: 0.044884, rec: 0.003961)
2025-10-10 13:34:44,391 - INFO - No improvement in validation loss for 2/15 epochs
2025-10-10 13:34:48,817 - DEBUG - Rank 0: Epoch 59/200 | Batch 0/65 | Loss: 0.051230 (seg: 0.043684, rec: 0.007546)
2025-10-10 13:35:06,940 - DEBUG - Rank 0: Epoch 59/200 | Batch 10/65 | Loss: 0.050156 (seg: 0.043149, rec: 0.007007)
2025-10-10 13:35:25,458 - DEBUG - Rank 0: Epoch 59/200 | Batch 20/65 | Loss: 0.041392 (seg: 0.033651, rec: 0.007742)
2025-10-10 13:35:44,087 - DEBUG - Rank 0: Epoch 59/200 | Batch 30/65 | Loss: 0.038671 (seg: 0.032105, rec: 0.006566)
2025-10-10 13:36:02,610 - DEBUG - Rank 0: Epoch 59/200 | Batch 40/65 | Loss: 0.058481 (seg: 0.050816, rec: 0.007664)
2025-10-10 13:36:21,173 - DEBUG - Rank 0: Epoch 59/200 | Batch 50/65 | Loss: 0.049668 (seg: 0.042328, rec: 0.007340)
2025-10-10 13:36:39,664 - DEBUG - Rank 0: Epoch 59/200 | Batch 60/65 | Loss: 0.044480 (seg: 0.038028, rec: 0.006452)
2025-10-10 13:36:47,186 - INFO - Rank 0: Epoch 59/200 | Avg Train Loss: 0.052639 (seg: 0.044770, rec: 0.007869)
2025-10-10 13:36:57,034 - INFO - Rank 0: Epoch 59/200 | Avg Val Loss: 0.048795 (seg: 0.044665, rec: 0.004130)
2025-10-10 13:36:57,034 - INFO - No improvement in validation loss for 3/15 epochs
2025-10-10 13:37:01,772 - DEBUG - Rank 0: Epoch 60/200 | Batch 0/65 | Loss: 0.056060 (seg: 0.049218, rec: 0.006842)
2025-10-10 13:37:19,693 - DEBUG - Rank 0: Epoch 60/200 | Batch 10/65 | Loss: 0.042457 (seg: 0.034913, rec: 0.007545)
2025-10-10 13:37:38,097 - DEBUG - Rank 0: Epoch 60/200 | Batch 20/65 | Loss: 0.062348 (seg: 0.053396, rec: 0.008952)
2025-10-10 13:37:56,410 - DEBUG - Rank 0: Epoch 60/200 | Batch 30/65 | Loss: 0.045892 (seg: 0.037602, rec: 0.008290)
2025-10-10 13:38:14,831 - DEBUG - Rank 0: Epoch 60/200 | Batch 40/65 | Loss: 0.054371 (seg: 0.044618, rec: 0.009753)
2025-10-10 13:38:33,167 - DEBUG - Rank 0: Epoch 60/200 | Batch 50/65 | Loss: 0.064874 (seg: 0.054657, rec: 0.010217)
2025-10-10 13:38:51,459 - DEBUG - Rank 0: Epoch 60/200 | Batch 60/65 | Loss: 0.065638 (seg: 0.058222, rec: 0.007416)
2025-10-10 13:38:58,871 - INFO - Rank 0: Epoch 60/200 | Avg Train Loss: 0.052177 (seg: 0.044200, rec: 0.007978)
2025-10-10 13:39:08,692 - INFO - Rank 0: Epoch 60/200 | Avg Val Loss: 0.049579 (seg: 0.045424, rec: 0.004155)
2025-10-10 13:39:08,692 - INFO - No improvement in validation loss for 4/15 epochs
2025-10-10 13:39:08,825 - INFO - Saved checkpoint to: train_record/voting_202510101118/model_epoch_60.pth
2025-10-10 13:39:12,988 - DEBUG - Rank 0: Epoch 61/200 | Batch 0/65 | Loss: 0.054554 (seg: 0.047432, rec: 0.007122)
2025-10-10 13:39:30,860 - DEBUG - Rank 0: Epoch 61/200 | Batch 10/65 | Loss: 0.050060 (seg: 0.043300, rec: 0.006760)
2025-10-10 13:39:49,045 - DEBUG - Rank 0: Epoch 61/200 | Batch 20/65 | Loss: 0.063580 (seg: 0.055500, rec: 0.008079)
2025-10-10 13:40:07,405 - DEBUG - Rank 0: Epoch 61/200 | Batch 30/65 | Loss: 0.041382 (seg: 0.034206, rec: 0.007177)
2025-10-10 13:40:25,671 - DEBUG - Rank 0: Epoch 61/200 | Batch 40/65 | Loss: 0.050213 (seg: 0.042832, rec: 0.007381)
2025-10-10 13:40:43,955 - DEBUG - Rank 0: Epoch 61/200 | Batch 50/65 | Loss: 0.050204 (seg: 0.042952, rec: 0.007252)
2025-10-10 13:41:02,202 - DEBUG - Rank 0: Epoch 61/200 | Batch 60/65 | Loss: 0.053680 (seg: 0.044846, rec: 0.008834)
2025-10-10 13:41:09,608 - INFO - Rank 0: Epoch 61/200 | Avg Train Loss: 0.052433 (seg: 0.044799, rec: 0.007634)
2025-10-10 13:41:19,894 - INFO - Rank 0: Epoch 61/200 | Avg Val Loss: 0.048630 (seg: 0.044555, rec: 0.004075)
2025-10-10 13:41:19,895 - INFO - No improvement in validation loss for 5/15 epochs
2025-10-10 13:41:24,212 - DEBUG - Rank 0: Epoch 62/200 | Batch 0/65 | Loss: 0.054300 (seg: 0.046796, rec: 0.007504)
2025-10-10 13:41:41,816 - DEBUG - Rank 0: Epoch 62/200 | Batch 10/65 | Loss: 0.061580 (seg: 0.052605, rec: 0.008975)
2025-10-10 13:41:59,868 - DEBUG - Rank 0: Epoch 62/200 | Batch 20/65 | Loss: 0.053937 (seg: 0.041795, rec: 0.012141)
2025-10-10 13:42:18,033 - DEBUG - Rank 0: Epoch 62/200 | Batch 30/65 | Loss: 0.083233 (seg: 0.076705, rec: 0.006528)
2025-10-10 13:42:36,547 - DEBUG - Rank 0: Epoch 62/200 | Batch 40/65 | Loss: 0.050811 (seg: 0.043796, rec: 0.007015)
2025-10-10 13:42:55,243 - DEBUG - Rank 0: Epoch 62/200 | Batch 50/65 | Loss: 0.052277 (seg: 0.044596, rec: 0.007681)
2025-10-10 13:43:13,534 - DEBUG - Rank 0: Epoch 62/200 | Batch 60/65 | Loss: 0.052171 (seg: 0.040866, rec: 0.011304)
2025-10-10 13:43:21,015 - INFO - Rank 0: Epoch 62/200 | Avg Train Loss: 0.052719 (seg: 0.044565, rec: 0.008153)
2025-10-10 13:43:32,370 - INFO - Rank 0: Epoch 62/200 | Avg Val Loss: 0.050582 (seg: 0.044820, rec: 0.005762)
2025-10-10 13:43:32,371 - INFO - No improvement in validation loss for 6/15 epochs
2025-10-10 13:43:36,964 - DEBUG - Rank 0: Epoch 63/200 | Batch 0/65 | Loss: 0.053524 (seg: 0.044010, rec: 0.009514)
2025-10-10 13:43:54,641 - DEBUG - Rank 0: Epoch 63/200 | Batch 10/65 | Loss: 0.106632 (seg: 0.096357, rec: 0.010276)
2025-10-10 13:44:12,744 - DEBUG - Rank 0: Epoch 63/200 | Batch 20/65 | Loss: 0.064835 (seg: 0.056485, rec: 0.008350)
2025-10-10 13:44:30,961 - DEBUG - Rank 0: Epoch 63/200 | Batch 30/65 | Loss: 0.052778 (seg: 0.045594, rec: 0.007183)
2025-10-10 13:44:49,343 - DEBUG - Rank 0: Epoch 63/200 | Batch 40/65 | Loss: 0.051968 (seg: 0.044646, rec: 0.007322)
2025-10-10 13:45:07,561 - DEBUG - Rank 0: Epoch 63/200 | Batch 50/65 | Loss: 0.045081 (seg: 0.037372, rec: 0.007709)
2025-10-10 13:45:25,769 - DEBUG - Rank 0: Epoch 63/200 | Batch 60/65 | Loss: 0.050510 (seg: 0.042802, rec: 0.007708)
2025-10-10 13:45:33,193 - INFO - Rank 0: Epoch 63/200 | Avg Train Loss: 0.053773 (seg: 0.045422, rec: 0.008351)
2025-10-10 13:45:44,050 - INFO - Rank 0: Epoch 63/200 | Avg Val Loss: 0.048075 (seg: 0.043747, rec: 0.004328)
2025-10-10 13:45:44,050 - INFO - No improvement in validation loss for 7/15 epochs
2025-10-10 13:45:48,552 - DEBUG - Rank 0: Epoch 64/200 | Batch 0/65 | Loss: 0.051899 (seg: 0.043654, rec: 0.008245)
2025-10-10 13:46:06,245 - DEBUG - Rank 0: Epoch 64/200 | Batch 10/65 | Loss: 0.050157 (seg: 0.042506, rec: 0.007651)
2025-10-10 13:46:24,302 - DEBUG - Rank 0: Epoch 64/200 | Batch 20/65 | Loss: 0.074027 (seg: 0.066183, rec: 0.007844)
2025-10-10 13:46:42,862 - DEBUG - Rank 0: Epoch 64/200 | Batch 30/65 | Loss: 0.038739 (seg: 0.031591, rec: 0.007148)
2025-10-10 13:47:01,148 - DEBUG - Rank 0: Epoch 64/200 | Batch 40/65 | Loss: 0.053810 (seg: 0.045047, rec: 0.008763)
2025-10-10 13:47:19,594 - DEBUG - Rank 0: Epoch 64/200 | Batch 50/65 | Loss: 0.058650 (seg: 0.050778, rec: 0.007872)
2025-10-10 13:47:37,982 - DEBUG - Rank 0: Epoch 64/200 | Batch 60/65 | Loss: 0.052611 (seg: 0.044605, rec: 0.008007)
2025-10-10 13:47:45,455 - INFO - Rank 0: Epoch 64/200 | Avg Train Loss: 0.050425 (seg: 0.042512, rec: 0.007913)
2025-10-10 13:47:56,222 - INFO - Rank 0: Epoch 64/200 | Avg Val Loss: 0.045885 (seg: 0.042161, rec: 0.003725)
2025-10-10 13:47:56,382 - INFO - New best model saved! Val loss improved to 0.045885
2025-10-10 13:48:01,031 - DEBUG - Rank 0: Epoch 65/200 | Batch 0/65 | Loss: 0.067663 (seg: 0.059990, rec: 0.007673)
2025-10-10 13:48:18,904 - DEBUG - Rank 0: Epoch 65/200 | Batch 10/65 | Loss: 0.050555 (seg: 0.043227, rec: 0.007328)
2025-10-10 13:48:37,214 - DEBUG - Rank 0: Epoch 65/200 | Batch 20/65 | Loss: 0.046913 (seg: 0.038822, rec: 0.008091)
2025-10-10 13:48:55,733 - DEBUG - Rank 0: Epoch 65/200 | Batch 30/65 | Loss: 0.048843 (seg: 0.041911, rec: 0.006932)
2025-10-10 13:49:14,221 - DEBUG - Rank 0: Epoch 65/200 | Batch 40/65 | Loss: 0.043727 (seg: 0.035572, rec: 0.008155)
2025-10-10 13:49:32,634 - DEBUG - Rank 0: Epoch 65/200 | Batch 50/65 | Loss: 0.051615 (seg: 0.043529, rec: 0.008086)
2025-10-10 13:49:51,011 - DEBUG - Rank 0: Epoch 65/200 | Batch 60/65 | Loss: 0.051827 (seg: 0.043937, rec: 0.007890)
2025-10-10 13:49:58,522 - INFO - Rank 0: Epoch 65/200 | Avg Train Loss: 0.052181 (seg: 0.044390, rec: 0.007791)
2025-10-10 13:50:10,085 - INFO - Rank 0: Epoch 65/200 | Avg Val Loss: 0.047046 (seg: 0.042774, rec: 0.004272)
2025-10-10 13:50:10,086 - INFO - No improvement in validation loss for 1/15 epochs
2025-10-10 13:50:14,681 - DEBUG - Rank 0: Epoch 66/200 | Batch 0/65 | Loss: 0.060924 (seg: 0.053410, rec: 0.007513)
2025-10-10 13:50:32,773 - DEBUG - Rank 0: Epoch 66/200 | Batch 10/65 | Loss: 0.049202 (seg: 0.041175, rec: 0.008027)
2025-10-10 13:50:51,299 - DEBUG - Rank 0: Epoch 66/200 | Batch 20/65 | Loss: 0.051651 (seg: 0.042455, rec: 0.009196)
2025-10-10 13:51:10,070 - DEBUG - Rank 0: Epoch 66/200 | Batch 30/65 | Loss: 0.049483 (seg: 0.041816, rec: 0.007667)
2025-10-10 13:51:29,137 - DEBUG - Rank 0: Epoch 66/200 | Batch 40/65 | Loss: 0.033983 (seg: 0.025896, rec: 0.008088)
2025-10-10 13:51:47,658 - DEBUG - Rank 0: Epoch 66/200 | Batch 50/65 | Loss: 0.046291 (seg: 0.038111, rec: 0.008179)
2025-10-10 13:52:06,186 - DEBUG - Rank 0: Epoch 66/200 | Batch 60/65 | Loss: 0.056683 (seg: 0.049003, rec: 0.007680)
2025-10-10 13:52:13,763 - INFO - Rank 0: Epoch 66/200 | Avg Train Loss: 0.052450 (seg: 0.044618, rec: 0.007832)
2025-10-10 13:52:24,325 - INFO - Rank 0: Epoch 66/200 | Avg Val Loss: 0.047359 (seg: 0.042842, rec: 0.004516)
2025-10-10 13:52:24,326 - INFO - No improvement in validation loss for 2/15 epochs
2025-10-10 13:52:28,971 - DEBUG - Rank 0: Epoch 67/200 | Batch 0/65 | Loss: 0.039424 (seg: 0.032875, rec: 0.006549)
2025-10-10 13:52:47,219 - DEBUG - Rank 0: Epoch 67/200 | Batch 10/65 | Loss: 0.059618 (seg: 0.051851, rec: 0.007767)
2025-10-10 13:53:05,628 - DEBUG - Rank 0: Epoch 67/200 | Batch 20/65 | Loss: 0.099175 (seg: 0.091133, rec: 0.008043)
2025-10-10 13:53:24,295 - DEBUG - Rank 0: Epoch 67/200 | Batch 30/65 | Loss: 0.042498 (seg: 0.035142, rec: 0.007356)
2025-10-10 13:53:43,544 - DEBUG - Rank 0: Epoch 67/200 | Batch 40/65 | Loss: 0.058167 (seg: 0.048505, rec: 0.009663)
2025-10-10 13:54:02,029 - DEBUG - Rank 0: Epoch 67/200 | Batch 50/65 | Loss: 0.054812 (seg: 0.047078, rec: 0.007734)
2025-10-10 13:54:20,549 - DEBUG - Rank 0: Epoch 67/200 | Batch 60/65 | Loss: 0.039400 (seg: 0.031324, rec: 0.008075)
2025-10-10 13:54:28,072 - INFO - Rank 0: Epoch 67/200 | Avg Train Loss: 0.051833 (seg: 0.043995, rec: 0.007838)
2025-10-10 13:54:38,984 - INFO - Rank 0: Epoch 67/200 | Avg Val Loss: 0.049880 (seg: 0.045985, rec: 0.003895)
2025-10-10 13:54:38,985 - INFO - No improvement in validation loss for 3/15 epochs
2025-10-10 13:54:43,743 - DEBUG - Rank 0: Epoch 68/200 | Batch 0/65 | Loss: 0.055011 (seg: 0.046892, rec: 0.008118)
2025-10-10 13:55:01,675 - DEBUG - Rank 0: Epoch 68/200 | Batch 10/65 | Loss: 0.054944 (seg: 0.046734, rec: 0.008209)
2025-10-10 13:55:20,104 - DEBUG - Rank 0: Epoch 68/200 | Batch 20/65 | Loss: 0.059185 (seg: 0.052222, rec: 0.006963)
2025-10-10 13:55:38,622 - DEBUG - Rank 0: Epoch 68/200 | Batch 30/65 | Loss: 0.039773 (seg: 0.032163, rec: 0.007610)
2025-10-10 13:55:57,033 - DEBUG - Rank 0: Epoch 68/200 | Batch 40/65 | Loss: 0.048069 (seg: 0.041416, rec: 0.006653)
2025-10-10 13:56:15,475 - DEBUG - Rank 0: Epoch 68/200 | Batch 50/65 | Loss: 0.039526 (seg: 0.032466, rec: 0.007059)
2025-10-10 13:56:33,902 - DEBUG - Rank 0: Epoch 68/200 | Batch 60/65 | Loss: 0.036866 (seg: 0.029715, rec: 0.007151)
2025-10-10 13:56:41,455 - INFO - Rank 0: Epoch 68/200 | Avg Train Loss: 0.052485 (seg: 0.044721, rec: 0.007764)
2025-10-10 13:56:51,948 - INFO - Rank 0: Epoch 68/200 | Avg Val Loss: 0.047256 (seg: 0.043521, rec: 0.003735)
2025-10-10 13:56:51,948 - INFO - No improvement in validation loss for 4/15 epochs
2025-10-10 13:56:56,373 - DEBUG - Rank 0: Epoch 69/200 | Batch 0/65 | Loss: 0.046764 (seg: 0.037772, rec: 0.008992)
2025-10-10 13:57:14,447 - DEBUG - Rank 0: Epoch 69/200 | Batch 10/65 | Loss: 0.047539 (seg: 0.040197, rec: 0.007342)
2025-10-10 13:57:32,824 - DEBUG - Rank 0: Epoch 69/200 | Batch 20/65 | Loss: 0.043584 (seg: 0.036035, rec: 0.007549)
2025-10-10 13:57:51,273 - DEBUG - Rank 0: Epoch 69/200 | Batch 30/65 | Loss: 0.058640 (seg: 0.048825, rec: 0.009815)
2025-10-10 13:58:09,639 - DEBUG - Rank 0: Epoch 69/200 | Batch 40/65 | Loss: 0.052742 (seg: 0.043573, rec: 0.009169)
2025-10-10 13:58:28,011 - DEBUG - Rank 0: Epoch 69/200 | Batch 50/65 | Loss: 0.062769 (seg: 0.054781, rec: 0.007987)
2025-10-10 13:58:46,496 - DEBUG - Rank 0: Epoch 69/200 | Batch 60/65 | Loss: 0.051942 (seg: 0.045164, rec: 0.006778)
2025-10-10 13:58:53,924 - INFO - Rank 0: Epoch 69/200 | Avg Train Loss: 0.049427 (seg: 0.041712, rec: 0.007716)
2025-10-10 13:59:04,281 - INFO - Rank 0: Epoch 69/200 | Avg Val Loss: 0.046310 (seg: 0.042675, rec: 0.003635)
2025-10-10 13:59:04,282 - INFO - No improvement in validation loss for 5/15 epochs
2025-10-10 13:59:09,029 - DEBUG - Rank 0: Epoch 70/200 | Batch 0/65 | Loss: 0.053388 (seg: 0.046509, rec: 0.006879)
2025-10-10 13:59:27,015 - DEBUG - Rank 0: Epoch 70/200 | Batch 10/65 | Loss: 0.042739 (seg: 0.035373, rec: 0.007366)
2025-10-10 13:59:45,206 - DEBUG - Rank 0: Epoch 70/200 | Batch 20/65 | Loss: 0.050050 (seg: 0.042656, rec: 0.007394)
2025-10-10 14:00:03,467 - DEBUG - Rank 0: Epoch 70/200 | Batch 30/65 | Loss: 0.058235 (seg: 0.049953, rec: 0.008282)
2025-10-10 14:00:21,750 - DEBUG - Rank 0: Epoch 70/200 | Batch 40/65 | Loss: 0.063773 (seg: 0.056778, rec: 0.006995)
2025-10-10 14:00:40,061 - DEBUG - Rank 0: Epoch 70/200 | Batch 50/65 | Loss: 0.033976 (seg: 0.027149, rec: 0.006826)
2025-10-10 14:00:58,384 - DEBUG - Rank 0: Epoch 70/200 | Batch 60/65 | Loss: 0.061495 (seg: 0.053028, rec: 0.008467)
2025-10-10 14:01:05,852 - INFO - Rank 0: Epoch 70/200 | Avg Train Loss: 0.050036 (seg: 0.042332, rec: 0.007704)
2025-10-10 14:01:16,673 - INFO - Rank 0: Epoch 70/200 | Avg Val Loss: 0.049651 (seg: 0.045196, rec: 0.004455)
2025-10-10 14:01:16,673 - INFO - No improvement in validation loss for 6/15 epochs
2025-10-10 14:01:16,772 - INFO - Saved checkpoint to: train_record/voting_202510101118/model_epoch_70.pth
2025-10-10 14:01:21,481 - DEBUG - Rank 0: Epoch 71/200 | Batch 0/65 | Loss: 0.042482 (seg: 0.034006, rec: 0.008476)
2025-10-10 14:01:39,104 - DEBUG - Rank 0: Epoch 71/200 | Batch 10/65 | Loss: 0.048538 (seg: 0.041694, rec: 0.006844)
2025-10-10 14:01:57,137 - DEBUG - Rank 0: Epoch 71/200 | Batch 20/65 | Loss: 0.039622 (seg: 0.032800, rec: 0.006822)
2025-10-10 14:02:15,616 - DEBUG - Rank 0: Epoch 71/200 | Batch 30/65 | Loss: 0.038071 (seg: 0.029045, rec: 0.009027)
2025-10-10 14:02:33,833 - DEBUG - Rank 0: Epoch 71/200 | Batch 40/65 | Loss: 0.049241 (seg: 0.041014, rec: 0.008227)
2025-10-10 14:02:52,102 - DEBUG - Rank 0: Epoch 71/200 | Batch 50/65 | Loss: 0.046790 (seg: 0.037999, rec: 0.008790)
2025-10-10 14:03:10,465 - DEBUG - Rank 0: Epoch 71/200 | Batch 60/65 | Loss: 0.052605 (seg: 0.045486, rec: 0.007119)
2025-10-10 14:03:17,959 - INFO - Rank 0: Epoch 71/200 | Avg Train Loss: 0.048082 (seg: 0.040558, rec: 0.007524)
2025-10-10 14:03:29,043 - INFO - Rank 0: Epoch 71/200 | Avg Val Loss: 0.047376 (seg: 0.043058, rec: 0.004318)
2025-10-10 14:03:29,044 - INFO - No improvement in validation loss for 7/15 epochs
2025-10-10 14:03:34,061 - DEBUG - Rank 0: Epoch 72/200 | Batch 0/65 | Loss: 0.043761 (seg: 0.036581, rec: 0.007179)
2025-10-10 14:03:52,007 - DEBUG - Rank 0: Epoch 72/200 | Batch 10/65 | Loss: 0.044978 (seg: 0.036546, rec: 0.008432)
2025-10-10 14:04:10,464 - DEBUG - Rank 0: Epoch 72/200 | Batch 20/65 | Loss: 0.048996 (seg: 0.041662, rec: 0.007334)
2025-10-10 14:04:28,888 - DEBUG - Rank 0: Epoch 72/200 | Batch 30/65 | Loss: 0.059614 (seg: 0.052334, rec: 0.007280)
2025-10-10 14:04:47,388 - DEBUG - Rank 0: Epoch 72/200 | Batch 40/65 | Loss: 0.044394 (seg: 0.037187, rec: 0.007207)
2025-10-10 14:05:05,947 - DEBUG - Rank 0: Epoch 72/200 | Batch 50/65 | Loss: 0.061059 (seg: 0.053792, rec: 0.007267)
2025-10-10 14:05:25,142 - DEBUG - Rank 0: Epoch 72/200 | Batch 60/65 | Loss: 0.048494 (seg: 0.040764, rec: 0.007730)
2025-10-10 14:05:32,674 - INFO - Rank 0: Epoch 72/200 | Avg Train Loss: 0.049098 (seg: 0.041531, rec: 0.007567)
2025-10-10 14:05:42,270 - INFO - Rank 0: Epoch 72/200 | Avg Val Loss: 0.049027 (seg: 0.044997, rec: 0.004030)
2025-10-10 14:05:42,270 - INFO - No improvement in validation loss for 8/15 epochs
2025-10-10 14:05:46,878 - DEBUG - Rank 0: Epoch 73/200 | Batch 0/65 | Loss: 0.045321 (seg: 0.037890, rec: 0.007431)
2025-10-10 14:06:04,884 - DEBUG - Rank 0: Epoch 73/200 | Batch 10/65 | Loss: 0.044065 (seg: 0.035864, rec: 0.008201)
2025-10-10 14:06:23,306 - DEBUG - Rank 0: Epoch 73/200 | Batch 20/65 | Loss: 0.039471 (seg: 0.032237, rec: 0.007235)
2025-10-10 14:06:41,795 - DEBUG - Rank 0: Epoch 73/200 | Batch 30/65 | Loss: 0.058220 (seg: 0.051178, rec: 0.007042)
2025-10-10 14:07:00,301 - DEBUG - Rank 0: Epoch 73/200 | Batch 40/65 | Loss: 0.053457 (seg: 0.044689, rec: 0.008768)
2025-10-10 14:07:18,885 - DEBUG - Rank 0: Epoch 73/200 | Batch 50/65 | Loss: 0.067242 (seg: 0.059801, rec: 0.007441)
2025-10-10 14:07:37,528 - DEBUG - Rank 0: Epoch 73/200 | Batch 60/65 | Loss: 0.042015 (seg: 0.035220, rec: 0.006795)
2025-10-10 14:07:45,115 - INFO - Rank 0: Epoch 73/200 | Avg Train Loss: 0.048715 (seg: 0.041217, rec: 0.007498)
2025-10-10 14:07:55,674 - INFO - Rank 0: Epoch 73/200 | Avg Val Loss: 0.047676 (seg: 0.043695, rec: 0.003981)
2025-10-10 14:07:55,675 - INFO - No improvement in validation loss for 9/15 epochs
2025-10-10 14:08:00,427 - DEBUG - Rank 0: Epoch 74/200 | Batch 0/65 | Loss: 0.045226 (seg: 0.037726, rec: 0.007500)
2025-10-10 14:08:18,531 - DEBUG - Rank 0: Epoch 74/200 | Batch 10/65 | Loss: 0.044228 (seg: 0.035519, rec: 0.008709)
2025-10-10 14:08:36,969 - DEBUG - Rank 0: Epoch 74/200 | Batch 20/65 | Loss: 0.045360 (seg: 0.035978, rec: 0.009382)
2025-10-10 14:08:55,499 - DEBUG - Rank 0: Epoch 74/200 | Batch 30/65 | Loss: 0.049804 (seg: 0.041651, rec: 0.008153)
2025-10-10 14:09:13,963 - DEBUG - Rank 0: Epoch 74/200 | Batch 40/65 | Loss: 0.046840 (seg: 0.035030, rec: 0.011811)
2025-10-10 14:09:32,414 - DEBUG - Rank 0: Epoch 74/200 | Batch 50/65 | Loss: 0.069915 (seg: 0.061232, rec: 0.008683)
2025-10-10 14:09:50,856 - DEBUG - Rank 0: Epoch 74/200 | Batch 60/65 | Loss: 0.046530 (seg: 0.038717, rec: 0.007813)
2025-10-10 14:09:58,373 - INFO - Rank 0: Epoch 74/200 | Avg Train Loss: 0.049983 (seg: 0.042277, rec: 0.007706)
2025-10-10 14:10:09,930 - INFO - Rank 0: Epoch 74/200 | Avg Val Loss: 0.045352 (seg: 0.041431, rec: 0.003921)
2025-10-10 14:10:09,930 - INFO - No improvement in validation loss for 10/15 epochs
2025-10-10 14:10:14,749 - DEBUG - Rank 0: Epoch 75/200 | Batch 0/65 | Loss: 0.037910 (seg: 0.028643, rec: 0.009267)
2025-10-10 14:10:32,776 - DEBUG - Rank 0: Epoch 75/200 | Batch 10/65 | Loss: 0.048979 (seg: 0.041526, rec: 0.007454)
2025-10-10 14:10:51,084 - DEBUG - Rank 0: Epoch 75/200 | Batch 20/65 | Loss: 0.043399 (seg: 0.036815, rec: 0.006584)
2025-10-10 14:11:09,464 - DEBUG - Rank 0: Epoch 75/200 | Batch 30/65 | Loss: 0.036953 (seg: 0.029809, rec: 0.007144)
2025-10-10 14:11:27,731 - DEBUG - Rank 0: Epoch 75/200 | Batch 40/65 | Loss: 0.053157 (seg: 0.046234, rec: 0.006923)
2025-10-10 14:11:46,114 - DEBUG - Rank 0: Epoch 75/200 | Batch 50/65 | Loss: 0.047029 (seg: 0.039628, rec: 0.007400)
2025-10-10 14:12:04,369 - DEBUG - Rank 0: Epoch 75/200 | Batch 60/65 | Loss: 0.066217 (seg: 0.059021, rec: 0.007196)
2025-10-10 14:12:11,758 - INFO - Rank 0: Epoch 75/200 | Avg Train Loss: 0.047714 (seg: 0.040458, rec: 0.007256)
2025-10-10 14:12:22,401 - INFO - Rank 0: Epoch 75/200 | Avg Val Loss: 0.044994 (seg: 0.041534, rec: 0.003460)
2025-10-10 14:12:22,401 - INFO - No improvement in validation loss for 11/15 epochs
2025-10-10 14:12:26,974 - DEBUG - Rank 0: Epoch 76/200 | Batch 0/65 | Loss: 0.043119 (seg: 0.035851, rec: 0.007268)
2025-10-10 14:12:46,431 - DEBUG - Rank 0: Epoch 76/200 | Batch 10/65 | Loss: 0.051828 (seg: 0.045320, rec: 0.006507)
2025-10-10 14:13:04,415 - DEBUG - Rank 0: Epoch 76/200 | Batch 20/65 | Loss: 0.050938 (seg: 0.042259, rec: 0.008679)
2025-10-10 14:13:23,336 - DEBUG - Rank 0: Epoch 76/200 | Batch 30/65 | Loss: 0.102897 (seg: 0.095522, rec: 0.007375)
2025-10-10 14:13:41,670 - DEBUG - Rank 0: Epoch 76/200 | Batch 40/65 | Loss: 0.070822 (seg: 0.062099, rec: 0.008722)
2025-10-10 14:14:00,062 - DEBUG - Rank 0: Epoch 76/200 | Batch 50/65 | Loss: 0.051564 (seg: 0.044424, rec: 0.007140)
2025-10-10 14:14:18,307 - DEBUG - Rank 0: Epoch 76/200 | Batch 60/65 | Loss: 0.042154 (seg: 0.034511, rec: 0.007643)
2025-10-10 14:14:25,791 - INFO - Rank 0: Epoch 76/200 | Avg Train Loss: 0.048809 (seg: 0.041318, rec: 0.007491)
2025-10-10 14:14:36,593 - INFO - Rank 0: Epoch 76/200 | Avg Val Loss: 0.045222 (seg: 0.041202, rec: 0.004020)
2025-10-10 14:14:36,593 - INFO - No improvement in validation loss for 12/15 epochs
2025-10-10 14:14:41,165 - DEBUG - Rank 0: Epoch 77/200 | Batch 0/65 | Loss: 0.048175 (seg: 0.041291, rec: 0.006884)
2025-10-10 14:14:59,107 - DEBUG - Rank 0: Epoch 77/200 | Batch 10/65 | Loss: 0.044428 (seg: 0.037904, rec: 0.006524)
2025-10-10 14:15:17,382 - DEBUG - Rank 0: Epoch 77/200 | Batch 20/65 | Loss: 0.042413 (seg: 0.035465, rec: 0.006948)
2025-10-10 14:15:35,734 - DEBUG - Rank 0: Epoch 77/200 | Batch 30/65 | Loss: 0.046873 (seg: 0.040046, rec: 0.006827)
2025-10-10 14:15:54,054 - DEBUG - Rank 0: Epoch 77/200 | Batch 40/65 | Loss: 0.057942 (seg: 0.049769, rec: 0.008173)
2025-10-10 14:16:12,378 - DEBUG - Rank 0: Epoch 77/200 | Batch 50/65 | Loss: 0.038380 (seg: 0.031091, rec: 0.007289)
2025-10-10 14:16:30,581 - DEBUG - Rank 0: Epoch 77/200 | Batch 60/65 | Loss: 0.043260 (seg: 0.036426, rec: 0.006835)
2025-10-10 14:16:38,024 - INFO - Rank 0: Epoch 77/200 | Avg Train Loss: 0.047806 (seg: 0.040419, rec: 0.007386)
2025-10-10 14:16:48,437 - INFO - Rank 0: Epoch 77/200 | Avg Val Loss: 0.044859 (seg: 0.040890, rec: 0.003969)
2025-10-10 14:16:48,607 - INFO - New best model saved! Val loss improved to 0.044859
2025-10-10 14:16:53,133 - DEBUG - Rank 0: Epoch 78/200 | Batch 0/65 | Loss: 0.048810 (seg: 0.041775, rec: 0.007034)
2025-10-10 14:17:10,869 - DEBUG - Rank 0: Epoch 78/200 | Batch 10/65 | Loss: 0.061155 (seg: 0.053584, rec: 0.007571)
2025-10-10 14:17:28,993 - DEBUG - Rank 0: Epoch 78/200 | Batch 20/65 | Loss: 0.042781 (seg: 0.034903, rec: 0.007878)
2025-10-10 14:17:47,530 - DEBUG - Rank 0: Epoch 78/200 | Batch 30/65 | Loss: 0.048841 (seg: 0.041379, rec: 0.007462)
2025-10-10 14:18:05,801 - DEBUG - Rank 0: Epoch 78/200 | Batch 40/65 | Loss: 0.055012 (seg: 0.047166, rec: 0.007846)
2025-10-10 14:18:24,074 - DEBUG - Rank 0: Epoch 78/200 | Batch 50/65 | Loss: 0.057810 (seg: 0.049026, rec: 0.008783)
2025-10-10 14:18:42,307 - DEBUG - Rank 0: Epoch 78/200 | Batch 60/65 | Loss: 0.037532 (seg: 0.030855, rec: 0.006677)
2025-10-10 14:18:49,718 - INFO - Rank 0: Epoch 78/200 | Avg Train Loss: 0.047534 (seg: 0.039833, rec: 0.007701)
2025-10-10 14:19:00,484 - INFO - Rank 0: Epoch 78/200 | Avg Val Loss: 0.044573 (seg: 0.040709, rec: 0.003864)
2025-10-10 14:19:00,484 - INFO - No improvement in validation loss for 1/15 epochs
2025-10-10 14:19:05,567 - DEBUG - Rank 0: Epoch 79/200 | Batch 0/65 | Loss: 0.049132 (seg: 0.040273, rec: 0.008858)
2025-10-10 14:19:23,460 - DEBUG - Rank 0: Epoch 79/200 | Batch 10/65 | Loss: 0.042727 (seg: 0.035854, rec: 0.006873)
2025-10-10 14:19:41,766 - DEBUG - Rank 0: Epoch 79/200 | Batch 20/65 | Loss: 0.053434 (seg: 0.044803, rec: 0.008631)
2025-10-10 14:20:00,055 - DEBUG - Rank 0: Epoch 79/200 | Batch 30/65 | Loss: 0.043652 (seg: 0.036121, rec: 0.007531)
2025-10-10 14:20:18,269 - DEBUG - Rank 0: Epoch 79/200 | Batch 40/65 | Loss: 0.048791 (seg: 0.041769, rec: 0.007022)
2025-10-10 14:20:36,576 - DEBUG - Rank 0: Epoch 79/200 | Batch 50/65 | Loss: 0.039935 (seg: 0.033522, rec: 0.006413)
2025-10-10 14:20:54,824 - DEBUG - Rank 0: Epoch 79/200 | Batch 60/65 | Loss: 0.033930 (seg: 0.026627, rec: 0.007303)
2025-10-10 14:21:02,218 - INFO - Rank 0: Epoch 79/200 | Avg Train Loss: 0.046042 (seg: 0.038672, rec: 0.007370)
2025-10-10 14:21:13,276 - INFO - Rank 0: Epoch 79/200 | Avg Val Loss: 0.045924 (seg: 0.041553, rec: 0.004372)
2025-10-10 14:21:13,276 - INFO - No improvement in validation loss for 2/15 epochs
2025-10-10 14:21:18,181 - DEBUG - Rank 0: Epoch 80/200 | Batch 0/65 | Loss: 0.059018 (seg: 0.051650, rec: 0.007368)
2025-10-10 14:21:36,052 - DEBUG - Rank 0: Epoch 80/200 | Batch 10/65 | Loss: 0.039041 (seg: 0.031336, rec: 0.007705)
2025-10-10 14:21:54,287 - DEBUG - Rank 0: Epoch 80/200 | Batch 20/65 | Loss: 0.039084 (seg: 0.031052, rec: 0.008031)
2025-10-10 14:22:12,580 - DEBUG - Rank 0: Epoch 80/200 | Batch 30/65 | Loss: 0.045477 (seg: 0.039182, rec: 0.006295)
2025-10-10 14:22:31,104 - DEBUG - Rank 0: Epoch 80/200 | Batch 40/65 | Loss: 0.051116 (seg: 0.043006, rec: 0.008110)
2025-10-10 14:22:49,468 - DEBUG - Rank 0: Epoch 80/200 | Batch 50/65 | Loss: 0.037861 (seg: 0.031373, rec: 0.006487)
2025-10-10 14:23:07,863 - DEBUG - Rank 0: Epoch 80/200 | Batch 60/65 | Loss: 0.050536 (seg: 0.043264, rec: 0.007272)
2025-10-10 14:23:15,279 - INFO - Rank 0: Epoch 80/200 | Avg Train Loss: 0.049254 (seg: 0.041849, rec: 0.007404)
2025-10-10 14:23:25,800 - INFO - Rank 0: Epoch 80/200 | Avg Val Loss: 0.043797 (seg: 0.040468, rec: 0.003329)
2025-10-10 14:23:25,959 - INFO - New best model saved! Val loss improved to 0.043797
2025-10-10 14:23:26,023 - INFO - Saved checkpoint to: train_record/voting_202510101118/model_epoch_80.pth
2025-10-10 14:23:30,844 - DEBUG - Rank 0: Epoch 81/200 | Batch 0/65 | Loss: 0.049612 (seg: 0.042616, rec: 0.006996)
2025-10-10 14:23:48,649 - DEBUG - Rank 0: Epoch 81/200 | Batch 10/65 | Loss: 0.039807 (seg: 0.033397, rec: 0.006409)
2025-10-10 14:24:06,824 - DEBUG - Rank 0: Epoch 81/200 | Batch 20/65 | Loss: 0.050662 (seg: 0.043642, rec: 0.007020)
2025-10-10 14:24:25,296 - DEBUG - Rank 0: Epoch 81/200 | Batch 30/65 | Loss: 0.047798 (seg: 0.039775, rec: 0.008023)
2025-10-10 14:24:43,750 - DEBUG - Rank 0: Epoch 81/200 | Batch 40/65 | Loss: 0.044653 (seg: 0.037816, rec: 0.006837)
2025-10-10 14:25:02,219 - DEBUG - Rank 0: Epoch 81/200 | Batch 50/65 | Loss: 0.042037 (seg: 0.035002, rec: 0.007035)
2025-10-10 14:25:20,580 - DEBUG - Rank 0: Epoch 81/200 | Batch 60/65 | Loss: 0.045383 (seg: 0.038538, rec: 0.006845)
2025-10-10 14:25:28,048 - INFO - Rank 0: Epoch 81/200 | Avg Train Loss: 0.045825 (seg: 0.038545, rec: 0.007280)
2025-10-10 14:25:38,264 - INFO - Rank 0: Epoch 81/200 | Avg Val Loss: 0.045033 (seg: 0.040891, rec: 0.004143)
2025-10-10 14:25:38,264 - INFO - No improvement in validation loss for 1/15 epochs
2025-10-10 14:25:42,727 - DEBUG - Rank 0: Epoch 82/200 | Batch 0/65 | Loss: 0.037939 (seg: 0.031271, rec: 0.006668)
2025-10-10 14:26:00,686 - DEBUG - Rank 0: Epoch 82/200 | Batch 10/65 | Loss: 0.043756 (seg: 0.036612, rec: 0.007144)
2025-10-10 14:26:19,089 - DEBUG - Rank 0: Epoch 82/200 | Batch 20/65 | Loss: 0.041570 (seg: 0.034339, rec: 0.007231)
2025-10-10 14:26:37,499 - DEBUG - Rank 0: Epoch 82/200 | Batch 30/65 | Loss: 0.043634 (seg: 0.037176, rec: 0.006458)
2025-10-10 14:26:55,962 - DEBUG - Rank 0: Epoch 82/200 | Batch 40/65 | Loss: 0.043366 (seg: 0.036254, rec: 0.007111)
2025-10-10 14:27:14,391 - DEBUG - Rank 0: Epoch 82/200 | Batch 50/65 | Loss: 0.042388 (seg: 0.034858, rec: 0.007530)
2025-10-10 14:27:35,838 - DEBUG - Rank 0: Epoch 82/200 | Batch 60/65 | Loss: 0.046519 (seg: 0.039189, rec: 0.007330)
2025-10-10 14:27:43,474 - INFO - Rank 0: Epoch 82/200 | Avg Train Loss: 0.049225 (seg: 0.041928, rec: 0.007297)
2025-10-10 14:27:53,220 - INFO - Rank 0: Epoch 82/200 | Avg Val Loss: 0.043824 (seg: 0.040076, rec: 0.003748)
2025-10-10 14:27:53,220 - INFO - No improvement in validation loss for 2/15 epochs
2025-10-10 14:27:57,731 - DEBUG - Rank 0: Epoch 83/200 | Batch 0/65 | Loss: 0.037354 (seg: 0.030429, rec: 0.006926)
2025-10-10 14:28:15,553 - DEBUG - Rank 0: Epoch 83/200 | Batch 10/65 | Loss: 0.046212 (seg: 0.038850, rec: 0.007361)
2025-10-10 14:28:33,916 - DEBUG - Rank 0: Epoch 83/200 | Batch 20/65 | Loss: 0.052935 (seg: 0.045037, rec: 0.007898)
2025-10-10 14:28:52,290 - DEBUG - Rank 0: Epoch 83/200 | Batch 30/65 | Loss: 0.035857 (seg: 0.029292, rec: 0.006566)
2025-10-10 14:29:10,709 - DEBUG - Rank 0: Epoch 83/200 | Batch 40/65 | Loss: 0.036418 (seg: 0.029639, rec: 0.006779)
2025-10-10 14:29:29,161 - DEBUG - Rank 0: Epoch 83/200 | Batch 50/65 | Loss: 0.054812 (seg: 0.046973, rec: 0.007839)
2025-10-10 14:29:47,586 - DEBUG - Rank 0: Epoch 83/200 | Batch 60/65 | Loss: 0.041356 (seg: 0.033998, rec: 0.007359)
2025-10-10 14:29:55,062 - INFO - Rank 0: Epoch 83/200 | Avg Train Loss: 0.045743 (seg: 0.038382, rec: 0.007361)
2025-10-10 14:30:05,146 - INFO - Rank 0: Epoch 83/200 | Avg Val Loss: 0.044756 (seg: 0.040702, rec: 0.004054)
2025-10-10 14:30:05,146 - INFO - No improvement in validation loss for 3/15 epochs
2025-10-10 14:30:09,610 - DEBUG - Rank 0: Epoch 84/200 | Batch 0/65 | Loss: 0.048192 (seg: 0.041303, rec: 0.006888)
2025-10-10 14:30:27,545 - DEBUG - Rank 0: Epoch 84/200 | Batch 10/65 | Loss: 0.050111 (seg: 0.043476, rec: 0.006635)
2025-10-10 14:30:45,984 - DEBUG - Rank 0: Epoch 84/200 | Batch 20/65 | Loss: 0.040128 (seg: 0.032947, rec: 0.007181)
2025-10-10 14:31:04,611 - DEBUG - Rank 0: Epoch 84/200 | Batch 30/65 | Loss: 0.052715 (seg: 0.046204, rec: 0.006511)
2025-10-10 14:31:23,287 - DEBUG - Rank 0: Epoch 84/200 | Batch 40/65 | Loss: 0.041167 (seg: 0.033512, rec: 0.007655)
2025-10-10 14:31:41,790 - DEBUG - Rank 0: Epoch 84/200 | Batch 50/65 | Loss: 0.078973 (seg: 0.071947, rec: 0.007026)
2025-10-10 14:32:00,192 - DEBUG - Rank 0: Epoch 84/200 | Batch 60/65 | Loss: 0.054021 (seg: 0.047540, rec: 0.006481)
2025-10-10 14:32:07,719 - INFO - Rank 0: Epoch 84/200 | Avg Train Loss: 0.048256 (seg: 0.041141, rec: 0.007115)
2025-10-10 14:32:18,686 - INFO - Rank 0: Epoch 84/200 | Avg Val Loss: 0.044909 (seg: 0.041054, rec: 0.003855)
2025-10-10 14:32:18,686 - INFO - No improvement in validation loss for 4/15 epochs
2025-10-10 14:32:23,592 - DEBUG - Rank 0: Epoch 85/200 | Batch 0/65 | Loss: 0.043481 (seg: 0.037008, rec: 0.006473)
2025-10-10 14:32:41,633 - DEBUG - Rank 0: Epoch 85/200 | Batch 10/65 | Loss: 0.039871 (seg: 0.033267, rec: 0.006604)
2025-10-10 14:32:59,999 - DEBUG - Rank 0: Epoch 85/200 | Batch 20/65 | Loss: 0.033103 (seg: 0.026785, rec: 0.006317)
2025-10-10 14:33:18,345 - DEBUG - Rank 0: Epoch 85/200 | Batch 30/65 | Loss: 0.038550 (seg: 0.032129, rec: 0.006421)
2025-10-10 14:33:36,759 - DEBUG - Rank 0: Epoch 85/200 | Batch 40/65 | Loss: 0.054534 (seg: 0.047168, rec: 0.007366)
2025-10-10 14:33:55,209 - DEBUG - Rank 0: Epoch 85/200 | Batch 50/65 | Loss: 0.041681 (seg: 0.033924, rec: 0.007758)
2025-10-10 14:34:13,545 - DEBUG - Rank 0: Epoch 85/200 | Batch 60/65 | Loss: 0.055453 (seg: 0.048406, rec: 0.007047)
2025-10-10 14:34:21,020 - INFO - Rank 0: Epoch 85/200 | Avg Train Loss: 0.045765 (seg: 0.038548, rec: 0.007217)
2025-10-10 14:34:32,568 - INFO - Rank 0: Epoch 85/200 | Avg Val Loss: 0.044458 (seg: 0.040393, rec: 0.004065)
2025-10-10 14:34:32,569 - INFO - No improvement in validation loss for 5/15 epochs
2025-10-10 14:34:37,529 - DEBUG - Rank 0: Epoch 86/200 | Batch 0/65 | Loss: 0.049242 (seg: 0.042817, rec: 0.006426)
2025-10-10 14:34:55,450 - DEBUG - Rank 0: Epoch 86/200 | Batch 10/65 | Loss: 0.042737 (seg: 0.034272, rec: 0.008466)
2025-10-10 14:35:13,566 - DEBUG - Rank 0: Epoch 86/200 | Batch 20/65 | Loss: 0.047592 (seg: 0.040355, rec: 0.007236)
2025-10-10 14:35:31,770 - DEBUG - Rank 0: Epoch 86/200 | Batch 30/65 | Loss: 0.057226 (seg: 0.051017, rec: 0.006209)
2025-10-10 14:35:50,130 - DEBUG - Rank 0: Epoch 86/200 | Batch 40/65 | Loss: 0.044508 (seg: 0.036527, rec: 0.007981)
2025-10-10 14:36:08,494 - DEBUG - Rank 0: Epoch 86/200 | Batch 50/65 | Loss: 0.053022 (seg: 0.044473, rec: 0.008548)
2025-10-10 14:36:26,784 - DEBUG - Rank 0: Epoch 86/200 | Batch 60/65 | Loss: 0.059375 (seg: 0.053126, rec: 0.006249)
2025-10-10 14:36:34,195 - INFO - Rank 0: Epoch 86/200 | Avg Train Loss: 0.047431 (seg: 0.040076, rec: 0.007355)
2025-10-10 14:36:45,454 - INFO - Rank 0: Epoch 86/200 | Avg Val Loss: 0.045257 (seg: 0.041953, rec: 0.003304)
2025-10-10 14:36:45,454 - INFO - No improvement in validation loss for 6/15 epochs
2025-10-10 14:36:51,282 - DEBUG - Rank 0: Epoch 87/200 | Batch 0/65 | Loss: 0.047536 (seg: 0.040645, rec: 0.006891)
2025-10-10 14:37:08,989 - DEBUG - Rank 0: Epoch 87/200 | Batch 10/65 | Loss: 0.051411 (seg: 0.043670, rec: 0.007741)
2025-10-10 14:37:27,082 - DEBUG - Rank 0: Epoch 87/200 | Batch 20/65 | Loss: 0.044910 (seg: 0.037287, rec: 0.007623)
2025-10-10 14:37:45,221 - DEBUG - Rank 0: Epoch 87/200 | Batch 30/65 | Loss: 0.047933 (seg: 0.036365, rec: 0.011568)
2025-10-10 14:38:03,426 - DEBUG - Rank 0: Epoch 87/200 | Batch 40/65 | Loss: 0.047609 (seg: 0.040349, rec: 0.007260)
2025-10-10 14:38:21,562 - DEBUG - Rank 0: Epoch 87/200 | Batch 50/65 | Loss: 0.039753 (seg: 0.032386, rec: 0.007368)
2025-10-10 14:38:39,705 - DEBUG - Rank 0: Epoch 87/200 | Batch 60/65 | Loss: 0.052388 (seg: 0.044851, rec: 0.007536)
2025-10-10 14:38:47,103 - INFO - Rank 0: Epoch 87/200 | Avg Train Loss: 0.043627 (seg: 0.036252, rec: 0.007376)
2025-10-10 14:38:57,249 - INFO - Rank 0: Epoch 87/200 | Avg Val Loss: 0.044175 (seg: 0.040978, rec: 0.003197)
2025-10-10 14:38:57,249 - INFO - No improvement in validation loss for 7/15 epochs
2025-10-10 14:39:01,992 - DEBUG - Rank 0: Epoch 88/200 | Batch 0/65 | Loss: 0.042474 (seg: 0.035745, rec: 0.006729)
2025-10-10 14:39:19,706 - DEBUG - Rank 0: Epoch 88/200 | Batch 10/65 | Loss: 0.066171 (seg: 0.057650, rec: 0.008521)
2025-10-10 14:39:37,823 - DEBUG - Rank 0: Epoch 88/200 | Batch 20/65 | Loss: 0.043738 (seg: 0.037243, rec: 0.006495)
2025-10-10 14:39:56,736 - DEBUG - Rank 0: Epoch 88/200 | Batch 30/65 | Loss: 0.039915 (seg: 0.033701, rec: 0.006215)
2025-10-10 14:40:14,933 - DEBUG - Rank 0: Epoch 88/200 | Batch 40/65 | Loss: 0.035244 (seg: 0.028441, rec: 0.006803)
2025-10-10 14:40:33,263 - DEBUG - Rank 0: Epoch 88/200 | Batch 50/65 | Loss: 0.034964 (seg: 0.027731, rec: 0.007233)
2025-10-10 14:40:51,577 - DEBUG - Rank 0: Epoch 88/200 | Batch 60/65 | Loss: 0.041399 (seg: 0.034067, rec: 0.007332)
2025-10-10 14:40:59,034 - INFO - Rank 0: Epoch 88/200 | Avg Train Loss: 0.044842 (seg: 0.037794, rec: 0.007048)
2025-10-10 14:41:09,917 - INFO - Rank 0: Epoch 88/200 | Avg Val Loss: 0.044407 (seg: 0.040453, rec: 0.003955)
2025-10-10 14:41:09,917 - INFO - No improvement in validation loss for 8/15 epochs
2025-10-10 14:41:15,015 - DEBUG - Rank 0: Epoch 89/200 | Batch 0/65 | Loss: 0.043059 (seg: 0.035768, rec: 0.007290)
2025-10-10 14:41:32,772 - DEBUG - Rank 0: Epoch 89/200 | Batch 10/65 | Loss: 0.041096 (seg: 0.034232, rec: 0.006864)
2025-10-10 14:41:50,969 - DEBUG - Rank 0: Epoch 89/200 | Batch 20/65 | Loss: 0.046863 (seg: 0.039714, rec: 0.007150)
2025-10-10 14:42:09,311 - DEBUG - Rank 0: Epoch 89/200 | Batch 30/65 | Loss: 0.028224 (seg: 0.021578, rec: 0.006646)
2025-10-10 14:42:27,778 - DEBUG - Rank 0: Epoch 89/200 | Batch 40/65 | Loss: 0.047524 (seg: 0.040425, rec: 0.007099)
2025-10-10 14:42:46,384 - DEBUG - Rank 0: Epoch 89/200 | Batch 50/65 | Loss: 0.043923 (seg: 0.037153, rec: 0.006770)
2025-10-10 14:43:04,981 - DEBUG - Rank 0: Epoch 89/200 | Batch 60/65 | Loss: 0.037057 (seg: 0.027338, rec: 0.009719)
2025-10-10 14:43:12,585 - INFO - Rank 0: Epoch 89/200 | Avg Train Loss: 0.045159 (seg: 0.038088, rec: 0.007071)
2025-10-10 14:43:23,692 - INFO - Rank 0: Epoch 89/200 | Avg Val Loss: 0.044578 (seg: 0.040644, rec: 0.003934)
2025-10-10 14:43:23,692 - INFO - No improvement in validation loss for 9/15 epochs
2025-10-10 14:43:28,544 - DEBUG - Rank 0: Epoch 90/200 | Batch 0/65 | Loss: 0.042835 (seg: 0.035850, rec: 0.006985)
2025-10-10 14:43:46,573 - DEBUG - Rank 0: Epoch 90/200 | Batch 10/65 | Loss: 0.035630 (seg: 0.028578, rec: 0.007052)
2025-10-10 14:44:05,004 - DEBUG - Rank 0: Epoch 90/200 | Batch 20/65 | Loss: 0.039301 (seg: 0.032898, rec: 0.006402)
2025-10-10 14:44:23,647 - DEBUG - Rank 0: Epoch 90/200 | Batch 30/65 | Loss: 0.050459 (seg: 0.043237, rec: 0.007221)
2025-10-10 14:44:42,554 - DEBUG - Rank 0: Epoch 90/200 | Batch 40/65 | Loss: 0.043162 (seg: 0.034581, rec: 0.008581)
2025-10-10 14:45:01,124 - DEBUG - Rank 0: Epoch 90/200 | Batch 50/65 | Loss: 0.048193 (seg: 0.040203, rec: 0.007990)
2025-10-10 14:45:19,669 - DEBUG - Rank 0: Epoch 90/200 | Batch 60/65 | Loss: 0.044033 (seg: 0.037708, rec: 0.006326)
2025-10-10 14:45:27,210 - INFO - Rank 0: Epoch 90/200 | Avg Train Loss: 0.045330 (seg: 0.038106, rec: 0.007224)
2025-10-10 14:45:37,826 - INFO - Rank 0: Epoch 90/200 | Avg Val Loss: 0.043608 (seg: 0.040536, rec: 0.003073)
2025-10-10 14:45:37,826 - INFO - No improvement in validation loss for 10/15 epochs
2025-10-10 14:45:37,948 - INFO - Saved checkpoint to: train_record/voting_202510101118/model_epoch_90.pth
2025-10-10 14:45:42,539 - DEBUG - Rank 0: Epoch 91/200 | Batch 0/65 | Loss: 0.043910 (seg: 0.037198, rec: 0.006712)
2025-10-10 14:46:00,721 - DEBUG - Rank 0: Epoch 91/200 | Batch 10/65 | Loss: 0.041499 (seg: 0.033577, rec: 0.007922)
2025-10-10 14:46:19,232 - DEBUG - Rank 0: Epoch 91/200 | Batch 20/65 | Loss: 0.048934 (seg: 0.041837, rec: 0.007097)
2025-10-10 14:46:38,081 - DEBUG - Rank 0: Epoch 91/200 | Batch 30/65 | Loss: 0.048449 (seg: 0.040079, rec: 0.008370)
2025-10-10 14:46:56,765 - DEBUG - Rank 0: Epoch 91/200 | Batch 40/65 | Loss: 0.053815 (seg: 0.046626, rec: 0.007189)
2025-10-10 14:47:15,407 - DEBUG - Rank 0: Epoch 91/200 | Batch 50/65 | Loss: 0.045261 (seg: 0.038926, rec: 0.006335)
2025-10-10 14:47:34,248 - DEBUG - Rank 0: Epoch 91/200 | Batch 60/65 | Loss: 0.052902 (seg: 0.045724, rec: 0.007178)
2025-10-10 14:47:41,955 - INFO - Rank 0: Epoch 91/200 | Avg Train Loss: 0.043183 (seg: 0.036098, rec: 0.007085)
2025-10-10 14:47:52,622 - INFO - Rank 0: Epoch 91/200 | Avg Val Loss: 0.043618 (seg: 0.039887, rec: 0.003731)
2025-10-10 14:47:52,623 - INFO - No improvement in validation loss for 11/15 epochs
2025-10-10 14:47:57,465 - DEBUG - Rank 0: Epoch 92/200 | Batch 0/65 | Loss: 0.037193 (seg: 0.030571, rec: 0.006622)
2025-10-10 14:48:15,524 - DEBUG - Rank 0: Epoch 92/200 | Batch 10/65 | Loss: 0.047624 (seg: 0.039606, rec: 0.008018)
2025-10-10 14:48:34,089 - DEBUG - Rank 0: Epoch 92/200 | Batch 20/65 | Loss: 0.040421 (seg: 0.033932, rec: 0.006489)
2025-10-10 14:48:52,612 - DEBUG - Rank 0: Epoch 92/200 | Batch 30/65 | Loss: 0.028071 (seg: 0.021817, rec: 0.006254)
2025-10-10 14:49:11,242 - DEBUG - Rank 0: Epoch 92/200 | Batch 40/65 | Loss: 0.037912 (seg: 0.031449, rec: 0.006463)
2025-10-10 14:49:29,746 - DEBUG - Rank 0: Epoch 92/200 | Batch 50/65 | Loss: 0.036785 (seg: 0.029110, rec: 0.007675)
2025-10-10 14:49:48,280 - DEBUG - Rank 0: Epoch 92/200 | Batch 60/65 | Loss: 0.035621 (seg: 0.029099, rec: 0.006522)
2025-10-10 14:49:55,753 - INFO - Rank 0: Epoch 92/200 | Avg Train Loss: 0.044006 (seg: 0.036916, rec: 0.007090)
2025-10-10 14:50:06,589 - INFO - Rank 0: Epoch 92/200 | Avg Val Loss: 0.043911 (seg: 0.039785, rec: 0.004127)
2025-10-10 14:50:06,590 - INFO - No improvement in validation loss for 12/15 epochs
2025-10-10 14:50:11,455 - DEBUG - Rank 0: Epoch 93/200 | Batch 0/65 | Loss: 0.040022 (seg: 0.033197, rec: 0.006825)
2025-10-10 14:50:29,213 - DEBUG - Rank 0: Epoch 93/200 | Batch 10/65 | Loss: 0.042101 (seg: 0.035762, rec: 0.006339)
2025-10-10 14:50:48,776 - DEBUG - Rank 0: Epoch 93/200 | Batch 20/65 | Loss: 0.040185 (seg: 0.033698, rec: 0.006487)
2025-10-10 14:51:06,936 - DEBUG - Rank 0: Epoch 93/200 | Batch 30/65 | Loss: 0.051118 (seg: 0.043543, rec: 0.007575)
2025-10-10 14:51:25,275 - DEBUG - Rank 0: Epoch 93/200 | Batch 40/65 | Loss: 0.043875 (seg: 0.037244, rec: 0.006632)
2025-10-10 14:51:43,574 - DEBUG - Rank 0: Epoch 93/200 | Batch 50/65 | Loss: 0.049757 (seg: 0.042535, rec: 0.007222)
2025-10-10 14:52:01,842 - DEBUG - Rank 0: Epoch 93/200 | Batch 60/65 | Loss: 0.045422 (seg: 0.038670, rec: 0.006752)
2025-10-10 14:52:09,229 - INFO - Rank 0: Epoch 93/200 | Avg Train Loss: 0.042918 (seg: 0.035888, rec: 0.007030)
2025-10-10 14:52:18,695 - INFO - Rank 0: Epoch 93/200 | Avg Val Loss: 0.043625 (seg: 0.040067, rec: 0.003558)
2025-10-10 14:52:18,695 - INFO - No improvement in validation loss for 13/15 epochs
2025-10-10 14:52:23,106 - DEBUG - Rank 0: Epoch 94/200 | Batch 0/65 | Loss: 0.050144 (seg: 0.042946, rec: 0.007198)
2025-10-10 14:52:41,041 - DEBUG - Rank 0: Epoch 94/200 | Batch 10/65 | Loss: 0.044053 (seg: 0.036685, rec: 0.007368)
2025-10-10 14:52:59,195 - DEBUG - Rank 0: Epoch 94/200 | Batch 20/65 | Loss: 0.054922 (seg: 0.046881, rec: 0.008040)
2025-10-10 14:53:17,358 - DEBUG - Rank 0: Epoch 94/200 | Batch 30/65 | Loss: 0.032183 (seg: 0.025619, rec: 0.006564)
2025-10-10 14:53:35,630 - DEBUG - Rank 0: Epoch 94/200 | Batch 40/65 | Loss: 0.043281 (seg: 0.036849, rec: 0.006433)
2025-10-10 14:53:53,824 - DEBUG - Rank 0: Epoch 94/200 | Batch 50/65 | Loss: 0.048689 (seg: 0.041653, rec: 0.007036)
2025-10-10 14:54:11,945 - DEBUG - Rank 0: Epoch 94/200 | Batch 60/65 | Loss: 0.042301 (seg: 0.035296, rec: 0.007005)
2025-10-10 14:54:19,311 - INFO - Rank 0: Epoch 94/200 | Avg Train Loss: 0.044521 (seg: 0.037356, rec: 0.007165)
2025-10-10 14:55:06,228 - INFO - Rank 0: Epoch 94/200 | Avg Val Loss: 0.042644 (seg: 0.039493, rec: 0.003151)
2025-10-10 14:55:06,392 - INFO - New best model saved! Val loss improved to 0.042644
2025-10-10 14:55:21,805 - DEBUG - Rank 0: Epoch 95/200 | Batch 0/65 | Loss: 0.044656 (seg: 0.037913, rec: 0.006743)
2025-10-10 14:55:52,133 - DEBUG - Rank 0: Epoch 95/200 | Batch 10/65 | Loss: 0.053980 (seg: 0.048043, rec: 0.005937)
2025-10-10 14:56:32,368 - DEBUG - Rank 0: Epoch 95/200 | Batch 20/65 | Loss: 0.046992 (seg: 0.039898, rec: 0.007094)
2025-10-10 14:57:01,188 - DEBUG - Rank 0: Epoch 95/200 | Batch 30/65 | Loss: 0.032026 (seg: 0.025454, rec: 0.006572)
2025-10-10 14:57:38,538 - DEBUG - Rank 0: Epoch 95/200 | Batch 40/65 | Loss: 0.041710 (seg: 0.034705, rec: 0.007004)
2025-10-10 14:58:09,704 - DEBUG - Rank 0: Epoch 95/200 | Batch 50/65 | Loss: 0.037355 (seg: 0.030562, rec: 0.006793)
2025-10-10 14:58:42,198 - DEBUG - Rank 0: Epoch 95/200 | Batch 60/65 | Loss: 0.054495 (seg: 0.047586, rec: 0.006910)
2025-10-10 14:58:49,526 - INFO - Rank 0: Epoch 95/200 | Avg Train Loss: 0.042350 (seg: 0.035342, rec: 0.007008)
2025-10-10 14:59:03,531 - INFO - Rank 0: Epoch 95/200 | Avg Val Loss: 0.042757 (seg: 0.039338, rec: 0.003419)
2025-10-10 14:59:03,531 - INFO - No improvement in validation loss for 1/15 epochs
2025-10-10 14:59:08,293 - DEBUG - Rank 0: Epoch 96/200 | Batch 0/65 | Loss: 0.053105 (seg: 0.046506, rec: 0.006599)
2025-10-10 14:59:26,457 - DEBUG - Rank 0: Epoch 96/200 | Batch 10/65 | Loss: 0.044321 (seg: 0.037083, rec: 0.007238)
2025-10-10 14:59:44,694 - DEBUG - Rank 0: Epoch 96/200 | Batch 20/65 | Loss: 0.041437 (seg: 0.035321, rec: 0.006117)
2025-10-10 15:00:03,156 - DEBUG - Rank 0: Epoch 96/200 | Batch 30/65 | Loss: 0.035861 (seg: 0.029097, rec: 0.006764)
2025-10-10 15:00:21,467 - DEBUG - Rank 0: Epoch 96/200 | Batch 40/65 | Loss: 0.034219 (seg: 0.026746, rec: 0.007473)
2025-10-10 15:00:39,617 - DEBUG - Rank 0: Epoch 96/200 | Batch 50/65 | Loss: 0.050195 (seg: 0.044079, rec: 0.006116)
2025-10-10 15:00:57,766 - DEBUG - Rank 0: Epoch 96/200 | Batch 60/65 | Loss: 0.055941 (seg: 0.047795, rec: 0.008146)
2025-10-10 15:01:05,179 - INFO - Rank 0: Epoch 96/200 | Avg Train Loss: 0.044193 (seg: 0.037225, rec: 0.006968)
2025-10-10 15:01:15,443 - INFO - Rank 0: Epoch 96/200 | Avg Val Loss: 0.044268 (seg: 0.040436, rec: 0.003832)
2025-10-10 15:01:15,444 - INFO - No improvement in validation loss for 2/15 epochs
2025-10-10 15:01:20,066 - DEBUG - Rank 0: Epoch 97/200 | Batch 0/65 | Loss: 0.032501 (seg: 0.025593, rec: 0.006908)
2025-10-10 15:01:37,695 - DEBUG - Rank 0: Epoch 97/200 | Batch 10/65 | Loss: 0.038932 (seg: 0.032730, rec: 0.006202)
2025-10-10 15:01:55,681 - DEBUG - Rank 0: Epoch 97/200 | Batch 20/65 | Loss: 0.043859 (seg: 0.037066, rec: 0.006793)
2025-10-10 15:02:13,849 - DEBUG - Rank 0: Epoch 97/200 | Batch 30/65 | Loss: 0.039865 (seg: 0.033892, rec: 0.005973)
2025-10-10 15:02:32,081 - DEBUG - Rank 0: Epoch 97/200 | Batch 40/65 | Loss: 0.041021 (seg: 0.034740, rec: 0.006282)
2025-10-10 15:02:50,375 - DEBUG - Rank 0: Epoch 97/200 | Batch 50/65 | Loss: 0.043259 (seg: 0.036461, rec: 0.006799)
2025-10-10 15:03:08,709 - DEBUG - Rank 0: Epoch 97/200 | Batch 60/65 | Loss: 0.050792 (seg: 0.042995, rec: 0.007798)
2025-10-10 15:03:16,092 - INFO - Rank 0: Epoch 97/200 | Avg Train Loss: 0.044369 (seg: 0.037347, rec: 0.007022)
2025-10-10 15:03:26,170 - INFO - Rank 0: Epoch 97/200 | Avg Val Loss: 0.043025 (seg: 0.040004, rec: 0.003021)
2025-10-10 15:03:26,171 - INFO - No improvement in validation loss for 3/15 epochs
2025-10-10 15:03:30,531 - DEBUG - Rank 0: Epoch 98/200 | Batch 0/65 | Loss: 0.034567 (seg: 0.027538, rec: 0.007029)
2025-10-10 15:03:48,322 - DEBUG - Rank 0: Epoch 98/200 | Batch 10/65 | Loss: 0.039573 (seg: 0.032176, rec: 0.007397)
2025-10-10 15:04:06,410 - DEBUG - Rank 0: Epoch 98/200 | Batch 20/65 | Loss: 0.040358 (seg: 0.032927, rec: 0.007431)
2025-10-10 15:04:24,732 - DEBUG - Rank 0: Epoch 98/200 | Batch 30/65 | Loss: 0.042504 (seg: 0.036102, rec: 0.006402)
2025-10-10 15:04:43,038 - DEBUG - Rank 0: Epoch 98/200 | Batch 40/65 | Loss: 0.046280 (seg: 0.038615, rec: 0.007665)
2025-10-10 15:05:01,316 - DEBUG - Rank 0: Epoch 98/200 | Batch 50/65 | Loss: 0.030636 (seg: 0.024555, rec: 0.006080)
2025-10-10 15:05:19,566 - DEBUG - Rank 0: Epoch 98/200 | Batch 60/65 | Loss: 0.042229 (seg: 0.035812, rec: 0.006417)
2025-10-10 15:05:26,965 - INFO - Rank 0: Epoch 98/200 | Avg Train Loss: 0.043251 (seg: 0.035977, rec: 0.007275)
2025-10-10 15:05:37,566 - INFO - Rank 0: Epoch 98/200 | Avg Val Loss: 0.043784 (seg: 0.039909, rec: 0.003875)
2025-10-10 15:05:37,566 - INFO - No improvement in validation loss for 4/15 epochs
2025-10-10 15:05:42,561 - DEBUG - Rank 0: Epoch 99/200 | Batch 0/65 | Loss: 0.048330 (seg: 0.040560, rec: 0.007769)
2025-10-10 15:06:00,722 - DEBUG - Rank 0: Epoch 99/200 | Batch 10/65 | Loss: 0.040551 (seg: 0.032851, rec: 0.007700)
2025-10-10 15:06:19,136 - DEBUG - Rank 0: Epoch 99/200 | Batch 20/65 | Loss: 0.036524 (seg: 0.029741, rec: 0.006784)
2025-10-10 15:06:37,594 - DEBUG - Rank 0: Epoch 99/200 | Batch 30/65 | Loss: 0.039352 (seg: 0.032796, rec: 0.006556)
2025-10-10 15:06:56,082 - DEBUG - Rank 0: Epoch 99/200 | Batch 40/65 | Loss: 0.038266 (seg: 0.031872, rec: 0.006395)
2025-10-10 15:07:14,620 - DEBUG - Rank 0: Epoch 99/200 | Batch 50/65 | Loss: 0.043680 (seg: 0.037031, rec: 0.006649)
2025-10-10 15:07:33,075 - DEBUG - Rank 0: Epoch 99/200 | Batch 60/65 | Loss: 0.058244 (seg: 0.050304, rec: 0.007940)
2025-10-10 15:07:40,584 - INFO - Rank 0: Epoch 99/200 | Avg Train Loss: 0.042533 (seg: 0.035324, rec: 0.007209)
2025-10-10 15:07:51,921 - INFO - Rank 0: Epoch 99/200 | Avg Val Loss: 0.043140 (seg: 0.039763, rec: 0.003377)
2025-10-10 15:07:51,922 - INFO - No improvement in validation loss for 5/15 epochs
2025-10-10 15:07:56,893 - DEBUG - Rank 0: Epoch 100/200 | Batch 0/65 | Loss: 0.036627 (seg: 0.030176, rec: 0.006451)
2025-10-10 15:08:14,686 - DEBUG - Rank 0: Epoch 100/200 | Batch 10/65 | Loss: 0.053989 (seg: 0.045709, rec: 0.008280)
2025-10-10 15:08:32,990 - DEBUG - Rank 0: Epoch 100/200 | Batch 20/65 | Loss: 0.029769 (seg: 0.023413, rec: 0.006357)
2025-10-10 15:08:51,461 - DEBUG - Rank 0: Epoch 100/200 | Batch 30/65 | Loss: 0.037080 (seg: 0.030115, rec: 0.006965)
2025-10-10 15:09:09,943 - DEBUG - Rank 0: Epoch 100/200 | Batch 40/65 | Loss: 0.038942 (seg: 0.032115, rec: 0.006828)
2025-10-10 15:09:28,214 - DEBUG - Rank 0: Epoch 100/200 | Batch 50/65 | Loss: 0.051034 (seg: 0.043530, rec: 0.007504)
2025-10-10 15:09:46,582 - DEBUG - Rank 0: Epoch 100/200 | Batch 60/65 | Loss: 0.053939 (seg: 0.047127, rec: 0.006812)
2025-10-10 15:09:53,932 - INFO - Rank 0: Epoch 100/200 | Avg Train Loss: 0.041674 (seg: 0.034638, rec: 0.007035)
2025-10-10 15:10:04,219 - INFO - Rank 0: Epoch 100/200 | Avg Val Loss: 0.044014 (seg: 0.040351, rec: 0.003663)
2025-10-10 15:10:04,220 - INFO - No improvement in validation loss for 6/15 epochs
2025-10-10 15:10:04,295 - INFO - Saved checkpoint to: train_record/voting_202510101118/model_epoch_100.pth
2025-10-10 15:10:08,616 - DEBUG - Rank 0: Epoch 101/200 | Batch 0/65 | Loss: 0.055737 (seg: 0.049122, rec: 0.006615)
2025-10-10 15:10:26,515 - DEBUG - Rank 0: Epoch 101/200 | Batch 10/65 | Loss: 0.038943 (seg: 0.031170, rec: 0.007773)
2025-10-10 15:10:44,783 - DEBUG - Rank 0: Epoch 101/200 | Batch 20/65 | Loss: 0.041440 (seg: 0.034913, rec: 0.006528)
2025-10-10 15:11:03,150 - DEBUG - Rank 0: Epoch 101/200 | Batch 30/65 | Loss: 0.036939 (seg: 0.030141, rec: 0.006799)
2025-10-10 15:11:21,430 - DEBUG - Rank 0: Epoch 101/200 | Batch 40/65 | Loss: 0.037887 (seg: 0.031044, rec: 0.006843)
2025-10-10 15:11:39,819 - DEBUG - Rank 0: Epoch 101/200 | Batch 50/65 | Loss: 0.045054 (seg: 0.038096, rec: 0.006958)
2025-10-10 15:11:58,060 - DEBUG - Rank 0: Epoch 101/200 | Batch 60/65 | Loss: 0.035683 (seg: 0.029161, rec: 0.006523)
2025-10-10 15:12:05,469 - INFO - Rank 0: Epoch 101/200 | Avg Train Loss: 0.042249 (seg: 0.035377, rec: 0.006872)
2025-10-10 15:12:15,883 - INFO - Rank 0: Epoch 101/200 | Avg Val Loss: 0.043667 (seg: 0.039985, rec: 0.003682)
2025-10-10 15:12:15,884 - INFO - No improvement in validation loss for 7/15 epochs
2025-10-10 15:12:20,284 - DEBUG - Rank 0: Epoch 102/200 | Batch 0/65 | Loss: 0.043728 (seg: 0.035739, rec: 0.007989)
2025-10-10 15:12:38,969 - DEBUG - Rank 0: Epoch 102/200 | Batch 10/65 | Loss: 0.034193 (seg: 0.027211, rec: 0.006982)
2025-10-10 15:12:58,254 - DEBUG - Rank 0: Epoch 102/200 | Batch 20/65 | Loss: 0.054345 (seg: 0.047253, rec: 0.007093)
2025-10-10 15:13:16,437 - DEBUG - Rank 0: Epoch 102/200 | Batch 30/65 | Loss: 0.029772 (seg: 0.022910, rec: 0.006862)
2025-10-10 15:13:35,942 - DEBUG - Rank 0: Epoch 102/200 | Batch 40/65 | Loss: 0.035363 (seg: 0.028882, rec: 0.006482)
2025-10-10 15:13:54,284 - DEBUG - Rank 0: Epoch 102/200 | Batch 50/65 | Loss: 0.037427 (seg: 0.030821, rec: 0.006606)
2025-10-10 15:14:12,734 - DEBUG - Rank 0: Epoch 102/200 | Batch 60/65 | Loss: 0.037620 (seg: 0.030916, rec: 0.006705)
2025-10-10 15:14:20,234 - INFO - Rank 0: Epoch 102/200 | Avg Train Loss: 0.045237 (seg: 0.038140, rec: 0.007097)
2025-10-10 15:14:30,861 - INFO - Rank 0: Epoch 102/200 | Avg Val Loss: 0.043916 (seg: 0.040292, rec: 0.003625)
2025-10-10 15:14:30,861 - INFO - No improvement in validation loss for 8/15 epochs
2025-10-10 15:14:35,641 - DEBUG - Rank 0: Epoch 103/200 | Batch 0/65 | Loss: 0.038308 (seg: 0.031297, rec: 0.007011)
2025-10-10 15:14:53,453 - DEBUG - Rank 0: Epoch 103/200 | Batch 10/65 | Loss: 0.042981 (seg: 0.036720, rec: 0.006261)
2025-10-10 15:15:11,656 - DEBUG - Rank 0: Epoch 103/200 | Batch 20/65 | Loss: 0.037109 (seg: 0.030793, rec: 0.006317)
2025-10-10 15:15:29,927 - DEBUG - Rank 0: Epoch 103/200 | Batch 30/65 | Loss: 0.033671 (seg: 0.027119, rec: 0.006552)
2025-10-10 15:15:48,451 - DEBUG - Rank 0: Epoch 103/200 | Batch 40/65 | Loss: 0.032426 (seg: 0.025851, rec: 0.006574)
2025-10-10 15:16:06,771 - DEBUG - Rank 0: Epoch 103/200 | Batch 50/65 | Loss: 0.042126 (seg: 0.035478, rec: 0.006648)
2025-10-10 15:16:25,163 - DEBUG - Rank 0: Epoch 103/200 | Batch 60/65 | Loss: 0.047447 (seg: 0.040081, rec: 0.007366)
2025-10-10 15:16:32,606 - INFO - Rank 0: Epoch 103/200 | Avg Train Loss: 0.041919 (seg: 0.034991, rec: 0.006928)
2025-10-10 15:16:44,175 - INFO - Rank 0: Epoch 103/200 | Avg Val Loss: 0.044446 (seg: 0.040405, rec: 0.004040)
2025-10-10 15:16:44,176 - INFO - No improvement in validation loss for 9/15 epochs
2025-10-10 15:16:50,778 - DEBUG - Rank 0: Epoch 104/200 | Batch 0/65 | Loss: 0.048574 (seg: 0.042480, rec: 0.006093)
2025-10-10 15:17:08,445 - DEBUG - Rank 0: Epoch 104/200 | Batch 10/65 | Loss: 0.042210 (seg: 0.034903, rec: 0.007307)
2025-10-10 15:17:26,982 - DEBUG - Rank 0: Epoch 104/200 | Batch 20/65 | Loss: 0.045093 (seg: 0.038308, rec: 0.006785)
2025-10-10 15:17:45,512 - DEBUG - Rank 0: Epoch 104/200 | Batch 30/65 | Loss: 0.029177 (seg: 0.022753, rec: 0.006425)
2025-10-10 15:18:04,047 - DEBUG - Rank 0: Epoch 104/200 | Batch 40/65 | Loss: 0.038321 (seg: 0.030828, rec: 0.007494)
2025-10-10 15:18:22,741 - DEBUG - Rank 0: Epoch 104/200 | Batch 50/65 | Loss: 0.047172 (seg: 0.041188, rec: 0.005983)
2025-10-10 15:18:41,384 - DEBUG - Rank 0: Epoch 104/200 | Batch 60/65 | Loss: 0.038567 (seg: 0.030532, rec: 0.008035)
2025-10-10 15:18:49,126 - INFO - Rank 0: Epoch 104/200 | Avg Train Loss: 0.042649 (seg: 0.035780, rec: 0.006869)
2025-10-10 15:18:59,920 - INFO - Rank 0: Epoch 104/200 | Avg Val Loss: 0.042790 (seg: 0.039259, rec: 0.003531)
2025-10-10 15:18:59,921 - INFO - No improvement in validation loss for 10/15 epochs
2025-10-10 15:19:04,820 - DEBUG - Rank 0: Epoch 105/200 | Batch 0/65 | Loss: 0.036370 (seg: 0.029547, rec: 0.006822)
2025-10-10 15:19:23,251 - DEBUG - Rank 0: Epoch 105/200 | Batch 10/65 | Loss: 0.044647 (seg: 0.037187, rec: 0.007460)
2025-10-10 15:19:41,805 - DEBUG - Rank 0: Epoch 105/200 | Batch 20/65 | Loss: 0.051141 (seg: 0.044584, rec: 0.006557)
2025-10-10 15:20:00,438 - DEBUG - Rank 0: Epoch 105/200 | Batch 30/65 | Loss: 0.035778 (seg: 0.029568, rec: 0.006209)
2025-10-10 15:20:19,168 - DEBUG - Rank 0: Epoch 105/200 | Batch 40/65 | Loss: 0.037989 (seg: 0.030712, rec: 0.007277)
2025-10-10 15:20:37,744 - DEBUG - Rank 0: Epoch 105/200 | Batch 50/65 | Loss: 0.035402 (seg: 0.028983, rec: 0.006419)
2025-10-10 15:20:56,446 - DEBUG - Rank 0: Epoch 105/200 | Batch 60/65 | Loss: 0.063537 (seg: 0.054935, rec: 0.008602)
2025-10-10 15:21:04,025 - INFO - Rank 0: Epoch 105/200 | Avg Train Loss: 0.043804 (seg: 0.036879, rec: 0.006925)
2025-10-10 15:21:14,220 - INFO - Rank 0: Epoch 105/200 | Avg Val Loss: 0.042533 (seg: 0.039353, rec: 0.003180)
2025-10-10 15:21:14,220 - INFO - No improvement in validation loss for 11/15 epochs
2025-10-10 15:21:18,502 - DEBUG - Rank 0: Epoch 106/200 | Batch 0/65 | Loss: 0.042552 (seg: 0.035482, rec: 0.007070)
2025-10-10 15:21:36,630 - DEBUG - Rank 0: Epoch 106/200 | Batch 10/65 | Loss: 0.049393 (seg: 0.042131, rec: 0.007262)
2025-10-10 15:21:55,030 - DEBUG - Rank 0: Epoch 106/200 | Batch 20/65 | Loss: 0.035026 (seg: 0.029002, rec: 0.006024)
2025-10-10 15:22:13,528 - DEBUG - Rank 0: Epoch 106/200 | Batch 30/65 | Loss: 0.036739 (seg: 0.030299, rec: 0.006440)
2025-10-10 15:22:31,927 - DEBUG - Rank 0: Epoch 106/200 | Batch 40/65 | Loss: 0.046119 (seg: 0.039644, rec: 0.006475)
2025-10-10 15:22:50,375 - DEBUG - Rank 0: Epoch 106/200 | Batch 50/65 | Loss: 0.045495 (seg: 0.039052, rec: 0.006442)
2025-10-10 15:23:08,729 - DEBUG - Rank 0: Epoch 106/200 | Batch 60/65 | Loss: 0.033426 (seg: 0.026228, rec: 0.007199)
2025-10-10 15:23:16,206 - INFO - Rank 0: Epoch 106/200 | Avg Train Loss: 0.040396 (seg: 0.033430, rec: 0.006966)
2025-10-10 15:23:26,153 - INFO - Rank 0: Epoch 106/200 | Avg Val Loss: 0.042007 (seg: 0.038722, rec: 0.003285)
2025-10-10 15:23:26,153 - INFO - No improvement in validation loss for 12/15 epochs
2025-10-10 15:23:30,772 - DEBUG - Rank 0: Epoch 107/200 | Batch 0/65 | Loss: 0.044154 (seg: 0.037064, rec: 0.007090)
2025-10-10 15:23:48,531 - DEBUG - Rank 0: Epoch 107/200 | Batch 10/65 | Loss: 0.044387 (seg: 0.037934, rec: 0.006453)
2025-10-10 15:24:06,766 - DEBUG - Rank 0: Epoch 107/200 | Batch 20/65 | Loss: 0.038105 (seg: 0.032060, rec: 0.006044)
2025-10-10 15:24:25,118 - DEBUG - Rank 0: Epoch 107/200 | Batch 30/65 | Loss: 0.032887 (seg: 0.026450, rec: 0.006438)
2025-10-10 15:24:43,500 - DEBUG - Rank 0: Epoch 107/200 | Batch 40/65 | Loss: 0.043844 (seg: 0.037428, rec: 0.006417)
2025-10-10 15:25:01,885 - DEBUG - Rank 0: Epoch 107/200 | Batch 50/65 | Loss: 0.037422 (seg: 0.031104, rec: 0.006318)
2025-10-10 15:25:20,677 - DEBUG - Rank 0: Epoch 107/200 | Batch 60/65 | Loss: 0.037266 (seg: 0.030098, rec: 0.007168)
2025-10-10 15:25:28,145 - INFO - Rank 0: Epoch 107/200 | Avg Train Loss: 0.041469 (seg: 0.034470, rec: 0.006999)
2025-10-10 15:25:38,730 - INFO - Rank 0: Epoch 107/200 | Avg Val Loss: 0.043617 (seg: 0.039579, rec: 0.004038)
2025-10-10 15:25:38,730 - INFO - No improvement in validation loss for 13/15 epochs
2025-10-10 15:25:44,235 - DEBUG - Rank 0: Epoch 108/200 | Batch 0/65 | Loss: 0.039135 (seg: 0.029834, rec: 0.009301)
2025-10-10 15:26:02,260 - DEBUG - Rank 0: Epoch 108/200 | Batch 10/65 | Loss: 0.042424 (seg: 0.035838, rec: 0.006586)
2025-10-10 15:26:20,428 - DEBUG - Rank 0: Epoch 108/200 | Batch 20/65 | Loss: 0.040612 (seg: 0.034698, rec: 0.005914)
2025-10-10 15:26:38,762 - DEBUG - Rank 0: Epoch 108/200 | Batch 30/65 | Loss: 0.047427 (seg: 0.040498, rec: 0.006929)
2025-10-10 15:26:57,066 - DEBUG - Rank 0: Epoch 108/200 | Batch 40/65 | Loss: 0.045757 (seg: 0.036837, rec: 0.008920)
2025-10-10 15:27:15,445 - DEBUG - Rank 0: Epoch 108/200 | Batch 50/65 | Loss: 0.032292 (seg: 0.026142, rec: 0.006150)
2025-10-10 15:27:33,859 - DEBUG - Rank 0: Epoch 108/200 | Batch 60/65 | Loss: 0.037592 (seg: 0.029512, rec: 0.008080)
2025-10-10 15:27:41,384 - INFO - Rank 0: Epoch 108/200 | Avg Train Loss: 0.041325 (seg: 0.034381, rec: 0.006944)
2025-10-10 15:27:52,358 - INFO - Rank 0: Epoch 108/200 | Avg Val Loss: 0.042795 (seg: 0.039377, rec: 0.003418)
2025-10-10 15:27:52,358 - INFO - No improvement in validation loss for 14/15 epochs
2025-10-10 15:27:57,098 - DEBUG - Rank 0: Epoch 109/200 | Batch 0/65 | Loss: 0.035731 (seg: 0.029089, rec: 0.006642)
2025-10-10 15:28:15,005 - DEBUG - Rank 0: Epoch 109/200 | Batch 10/65 | Loss: 0.041408 (seg: 0.034338, rec: 0.007070)
2025-10-10 15:28:33,249 - DEBUG - Rank 0: Epoch 109/200 | Batch 20/65 | Loss: 0.039517 (seg: 0.030787, rec: 0.008730)
2025-10-10 15:28:51,550 - DEBUG - Rank 0: Epoch 109/200 | Batch 30/65 | Loss: 0.044394 (seg: 0.035287, rec: 0.009107)
2025-10-10 15:29:09,921 - DEBUG - Rank 0: Epoch 109/200 | Batch 40/65 | Loss: 0.036578 (seg: 0.029873, rec: 0.006706)
2025-10-10 15:29:28,356 - DEBUG - Rank 0: Epoch 109/200 | Batch 50/65 | Loss: 0.027358 (seg: 0.020477, rec: 0.006881)
2025-10-10 15:29:46,770 - DEBUG - Rank 0: Epoch 109/200 | Batch 60/65 | Loss: 0.043292 (seg: 0.036721, rec: 0.006570)
2025-10-10 15:29:54,259 - INFO - Rank 0: Epoch 109/200 | Avg Train Loss: 0.042325 (seg: 0.035482, rec: 0.006843)
2025-10-10 15:30:05,450 - INFO - Rank 0: Epoch 109/200 | Avg Val Loss: 0.041895 (seg: 0.038571, rec: 0.003324)
2025-10-10 15:30:05,451 - INFO - No improvement in validation loss for 15/15 epochs
2025-10-10 15:30:05,451 - INFO - Early stopping triggered! No improvement for 15 consecutive epochs
2025-10-10 15:30:05,451 - INFO - Rank 0: Early stopping triggered. Exiting training at epoch 109.
2025-10-10 15:30:05,529 - INFO - Final model saved to: train_record/voting_202510101118/model_final.pth
2025-10-10 15:30:05,665 - INFO - Training plot saved to: train_record/voting_202510101118/loss_curves.png
2025-10-10 15:30:05,665 - INFO - Training completed. Results saved to: train_record/voting_202510101118
2025-10-10 15:30:05,666 - INFO - Final Training Loss: 0.042325
2025-10-10 15:30:05,666 - INFO - Final Validation Loss: 0.041895
2025-10-10 15:30:05,666 - INFO - Rank 0: Training process completed
2025-10-10 15:30:05,666 - INFO - Rank 0: Process group destroyed
